════════════════════════════════════════════════════
  Shard 4 started at 14:40:49
  Modules:
    tests/admin_portal/employees
    tests/admin_portal/performance_metrics
    tests/admin_portal/wash_books
    tests/admin_portal/discounts
    tests/admin_portal/users
    tests/admin_portal/coupon_packages
    tests/admin_portal/gift_cards
════════════════════════════════════════════════════

2026-07-28 14:40:50,003 INFO nxtwash: Test run starting against 'staging' environment
============================= test session starts ==============================
platform darwin -- Python 3.11.2, pytest-9.0.3, pluggy-1.6.0 -- /Users/vk/Documents/NxtWash Automation/nxtwash-automation/venv/bin/python3.11
cachedir: .pytest_cache
metadata: {'Python': '3.11.2', 'Platform': 'macOS-26.2-arm64-arm-64bit', 'Packages': {'pytest': '9.0.3', 'pluggy': '1.6.0'}, 'Plugins': {'html': '4.1.1', 'allure-pytest': '2.16.0', 'xdist': '3.8.0', 'Faker': '40.19.1', 'timeout': '2.4.0', 'metadata': '3.1.1', 'rerunfailures': '15.1'}}
rootdir: /Users/vk/Documents/NxtWash Automation/nxtwash-automation
configfile: pytest.ini
plugins: html-4.1.1, allure-pytest-2.16.0, xdist-3.8.0, Faker-40.19.1, timeout-2.4.0, metadata-3.1.1, rerunfailures-15.1
timeout: 420.0s
timeout method: signal
timeout func_only: False
collecting ... collected 487 items

tests/admin_portal/employees/test_employees_create.py::test_add_employee_form_opens PASSED [  0%]
tests/admin_portal/employees/test_employees_create.py::test_create_active_employee XFAIL [  0%]
tests/admin_portal/employees/test_employees_create.py::test_create_inactive_employee XFAIL [  0%]
tests/admin_portal/employees/test_employees_create.py::test_create_employee_first_name_required 
-------------------------------- live log call ---------------------------------
WARNING  nxtwash:employees_page.py:521 Employee save did not navigate away. Page text: Employees
Add new employee
Cancel
Save employee
User settings
First Name
Last Name
Locations
Select locations
Hire date
Employee code
Hourly wage, $
Active employee
Contact info
Email
Phone number
Address
ZIP code
State
Select state
City
Select city
PASSED                                                                   [  0%]
tests/admin_portal/employees/test_employees_create.py::test_create_employee_last_name_required 
-------------------------------- live log call ---------------------------------
WARNING  nxtwash:employees_page.py:521 Employee save did not navigate away. Page text: Employees
Add new employee
Cancel
Save employee
User settings
First Name
Last Name
Locations
Select locations
Hire date
Employee code
Hourly wage, $
Active employee
Contact info
Email
Phone number
Address
ZIP code
State
Select state
City
Select city
PASSED                                                                   [  1%]
tests/admin_portal/employees/test_employees_create.py::test_create_employee_locations_required 
-------------------------------- live log call ---------------------------------
WARNING  nxtwash:employees_page.py:521 Employee save did not navigate away. Page text: Employees
Add new employee
Cancel
Save employee
User settings
First Name
Last Name
Locations
Select locations
Hire date
Employee code
Hourly wage, $
Active employee
Contact info
Email
Phone number
Address
ZIP code
State
Select state
City
Select city
XPASS (Location multi-select combobox locator uses label heuristics....) [  1%]
tests/admin_portal/employees/test_employees_create.py::test_create_employee_email_required 
-------------------------------- live log call ---------------------------------
WARNING  nxtwash:employees_page.py:521 Employee save did not navigate away. Page text: Employees
Add new employee
Cancel
Save employee
User settings
First Name
Last Name
Locations
Select locations
Hire date
Employee code
Hourly wage, $
Active employee
Contact info
Email
Phone number
Address
ZIP code
State
Select state
City
Select city
PASSED                                                                   [  1%]
tests/admin_portal/employees/test_employees_create.py::test_create_employee_phone_required 
-------------------------------- live log call ---------------------------------
WARNING  nxtwash:employees_page.py:521 Employee save did not navigate away. Page text: Employees
Add new employee
Cancel
Save employee
User settings
First Name
Last Name
Locations
Select locations
Hire date
Employee code
Hourly wage, $
Active employee
Contact info
Email
Phone number
Address
ZIP code
State
Select state
City
Select city
PASSED                                                                   [  1%]
tests/admin_portal/employees/test_employees_create.py::test_create_employee_invalid_email_rejected 
-------------------------------- live log call ---------------------------------
WARNING  nxtwash:employees_page.py:521 Employee save did not navigate away. Page text: Employees
Add new employee
Cancel
Save employee
User settings
First Name
Last Name
Locations
Select locations
Hire date
Employee code
Hourly wage, $
Active employee
Contact info
Email
Phone number
Address
ZIP code
State
Select state
City
Select city
PASSED                                                                   [  1%]
tests/admin_portal/employees/test_employees_create.py::test_create_employee_duplicate_email_rejected 
-------------------------------- live log call ---------------------------------
WARNING  nxtwash:employees_page.py:521 Employee save did not navigate away. Page text: Employees
Add new employee
Cancel
Save employee
User settings
First Name
Last Name
Locations
VK Test carwash 2
+ 2
VK AL92
VK AL33
VK AL32
VK AL31
VK ZT c6d556
VK AL30
VK AL29
VK ZT 9e7bdf
VK AL28
VK AL27
VK ZT 4e248f
VK AL26
VK ZT 8f811b
VK AL25
VK AL24
VK ZT 46d34b
VK AL23
VK ZT c4a124
VK ZT d4ccd8
VK ZT 71c6f6
VK ZT 9eaa54
VK ZT ae9b9c
test 12
VK AL22
VK AL21
VK AL20
VK ZT c26508
VK AL19
VK AL18
VK ZT c54675
VK AL17
VK AL16
VK ZT 2b4279
VK AL15
VK AL14
VK ZT 146465
VK AL13
VK AL12
VK AL11
VK AL10
VK AL09
VK AL08
VK AL01
vkauto1
VK AL07
VK AL06
VK AL05
VK AL04
VK AL03
VK AL02
test123 udpated
VK Test carwash 2
VK Test Wash 01
Hire date
Employee code
Hourly wage, $
Active employee
Contact info
Email
Phone number
Address
ZIP code
State
Alaska
City
Wales
WARNING  nxtwash:conftest.py:175 Employee create did not navigate away — assuming duplicate; searching list with extended timeout
XFAIL (Location multi-select combobox locator uses label heuristics....) [  2%]
tests/admin_portal/employees/test_employees_create.py::test_create_employee_single_location_persists PASSED [  2%]
tests/admin_portal/employees/test_employees_create.py::test_create_employee_multiple_locations PASSED [  2%]
tests/admin_portal/employees/test_employees_create.py::test_create_employee_hire_date_persists XFAIL [  2%]
tests/admin_portal/employees/test_employees_create.py::test_create_employee_hire_date_optional PASSED [  2%]
tests/admin_portal/employees/test_employees_create.py::test_create_employee_future_hire_date XFAIL [  3%]
tests/admin_portal/employees/test_employees_create.py::test_create_employee_code_optional PASSED [  3%]
tests/admin_portal/employees/test_employees_create.py::test_create_employee_duplicate_code_behavior SKIPPED [  3%]
tests/admin_portal/employees/test_employees_create.py::test_create_employee_hourly_wage_decimal PASSED [  3%]
tests/admin_portal/employees/test_employees_create.py::test_create_employee_hourly_wage_optional PASSED [  3%]
tests/admin_portal/employees/test_employees_create.py::test_create_employee_negative_wage_rejected 
-------------------------------- live log call ---------------------------------
WARNING  nxtwash:employees_page.py:521 Employee save did not navigate away. Page text: Employees
Add new employee
Cancel
Save employee
User settings
First Name
Last Name
Locations
Select locations
Hire date
Employee code
Hourly wage, $
Active employee
Contact info
Email
Phone number
Address
ZIP code
State
Select state
City
Select city
XPASS (EMP-CRT-020: Browser checkValidity() on the wage input depend...) [  4%]
tests/admin_portal/employees/test_employees_create.py::test_create_employee_state_dropdown_has_options XFAIL [  4%]
tests/admin_portal/employees/test_employees_create.py::test_create_employee_city_populates_after_state XFAIL [  4%]
tests/admin_portal/employees/test_employees_create.py::test_create_employee_state_change_clears_city XFAIL [  4%]
tests/admin_portal/employees/test_employees_create.py::test_create_employee_address_fields_optional PASSED [  4%]
tests/admin_portal/employees/test_employees_create.py::test_create_employee_cancel_discards_form PASSED [  5%]
tests/admin_portal/employees/test_employees_create.py::test_newly_created_employee_appears_immediately SKIPPED [  5%]
tests/admin_portal/employees/test_employees_edge_cases.py::test_employee_name_with_special_characters 
-------------------------------- live log call ---------------------------------
WARNING  nxtwash:employees_page.py:521 Employee save did not navigate away. Page text: Employees
Add new employee
Cancel
Save employee
User settings
First Name
Last Name
Locations
Select locations
Hire date
Employee code
Hourly wage, $
Active employee
Contact info
Email
Phone number
Address
ZIP code
State
Select state
City
Select city
PASSED                                                                   [  5%]
tests/admin_portal/employees/test_employees_edge_cases.py::test_employee_data_persists_after_relogin 
-------------------------------- live log setup --------------------------------
WARNING  nxtwash:employees_page.py:521 Employee save did not navigate away. Page text: Employees
Add new employee
Cancel
Save employee
User settings
First Name
Last Name
Locations
VK Test carwash 2
+ 2
VK AL92
VK AL33
VK AL32
VK AL31
VK ZT c6d556
VK AL30
VK AL29
VK ZT 9e7bdf
VK AL28
VK AL27
VK ZT 4e248f
VK AL26
VK ZT 8f811b
VK AL25
VK AL24
VK ZT 46d34b
VK AL23
VK ZT c4a124
VK ZT d4ccd8
VK ZT 71c6f6
VK ZT 9eaa54
VK ZT ae9b9c
test 12
VK AL22
VK AL21
VK AL20
VK ZT c26508
VK AL19
VK AL18
VK ZT c54675
VK AL17
VK AL16
VK ZT 2b4279
VK AL15
VK AL14
VK ZT 146465
VK AL13
VK AL12
VK AL11
VK AL10
VK AL09
VK AL08
VK AL01
vkauto1
VK AL07
VK AL06
VK AL05
VK AL04
VK AL03
VK AL02
test123 udpated
VK Test carwash 2
VK Test Wash 01
Hire date
Employee code
Hourly wage, $
Active employee
Contact info
Email
Phone number
Address
ZIP code
State
Alaska
City
Wales
WARNING  nxtwash:conftest.py:175 Employee create did not navigate away — assuming duplicate; searching list with extended timeout
ERROR                                                                    [  5%]
tests/admin_portal/employees/test_employees_edge_cases.py::test_deactivated_employee_in_inactive_filter 
-------------------------------- live log setup --------------------------------
WARNING  nxtwash:employees_page.py:521 Employee save did not navigate away. Page text: Employees
Add new employee
Cancel
Save employee
User settings
First Name
Last Name
Locations
VK Test carwash 2
+ 2
VK AL92
VK AL33
VK AL32
VK AL31
VK ZT c6d556
VK AL30
VK AL29
VK ZT 9e7bdf
VK AL28
VK AL27
VK ZT 4e248f
VK AL26
VK ZT 8f811b
VK AL25
VK AL24
VK ZT 46d34b
VK AL23
VK ZT c4a124
VK ZT d4ccd8
VK ZT 71c6f6
VK ZT 9eaa54
VK ZT ae9b9c
test 12
VK AL22
VK AL21
VK AL20
VK ZT c26508
VK AL19
VK AL18
VK ZT c54675
VK AL17
VK AL16
VK ZT 2b4279
VK AL15
VK AL14
VK ZT 146465
VK AL13
VK AL12
VK AL11
VK AL10
VK AL09
VK AL08
VK AL01
vkauto1
VK AL07
VK AL06
VK AL05
VK AL04
VK AL03
VK AL02
test123 udpated
VK Test carwash 2
VK Test Wash 01
Hire date
Employee code
Hourly wage, $
Active employee
Contact info
Email
Phone number
Address
ZIP code
State
Alaska
City
Wales
WARNING  nxtwash:conftest.py:175 Employee create did not navigate away — assuming duplicate; searching list with extended timeout
XFAIL (EMP-EC-004: Inactive filter combo locator uses label heuristi...) [  5%]
tests/admin_portal/employees/test_employees_edge_cases.py::test_edit_locations_required 
-------------------------------- live log setup --------------------------------
WARNING  nxtwash:employees_page.py:521 Employee save did not navigate away. Page text: Employees
Add new employee
Cancel
Save employee
User settings
First Name
Last Name
Locations
VK Test carwash 2
+ 2
VK AL92
VK AL33
VK AL32
VK AL31
VK ZT c6d556
VK AL30
VK AL29
VK ZT 9e7bdf
VK AL28
VK AL27
VK ZT 4e248f
VK AL26
VK ZT 8f811b
VK AL25
VK AL24
VK ZT 46d34b
VK AL23
VK ZT c4a124
VK ZT d4ccd8
VK ZT 71c6f6
VK ZT 9eaa54
VK ZT ae9b9c
test 12
VK AL22
VK AL21
VK AL20
VK ZT c26508
VK AL19
VK AL18
VK ZT c54675
VK AL17
VK AL16
VK ZT 2b4279
VK AL15
VK AL14
VK ZT 146465
VK AL13
VK AL12
VK AL11
VK AL10
VK AL09
VK AL08
VK AL01
vkauto1
VK AL07
VK AL06
VK AL05
VK AL04
VK AL03
VK AL02
test123 udpated
VK Test carwash 2
VK Test Wash 01
Hire date
Employee code
Hourly wage, $
Active employee
Contact info
Email
Phone number
Address
ZIP code
State
Alaska
City
Wales
WARNING  nxtwash:conftest.py:175 Employee create did not navigate away — assuming duplicate; searching list with extended timeout
XFAIL (EMP-EC-005: Location chip remove button uses class heuristics...) [  6%]
tests/admin_portal/employees/test_employees_edit.py::test_edit_form_opens_prepopulated 
-------------------------------- live log setup --------------------------------
WARNING  nxtwash:employees_page.py:521 Employee save did not navigate away. Page text: Employees
Add new employee
Cancel
Save employee
User settings
First Name
Last Name
Locations
VK Test carwash 2
+ 2
VK AL92
VK AL33
VK AL32
VK AL31
VK ZT c6d556
VK AL30
VK AL29
VK ZT 9e7bdf
VK AL28
VK AL27
VK ZT 4e248f
VK AL26
VK ZT 8f811b
VK AL25
VK AL24
VK ZT 46d34b
VK AL23
VK ZT c4a124
VK ZT d4ccd8
VK ZT 71c6f6
VK ZT 9eaa54
VK ZT ae9b9c
test 12
VK AL22
VK AL21
VK AL20
VK ZT c26508
VK AL19
VK AL18
VK ZT c54675
VK AL17
VK AL16
VK ZT 2b4279
VK AL15
VK AL14
VK ZT 146465
VK AL13
VK AL12
VK AL11
VK AL10
VK AL09
VK AL08
VK AL01
vkauto1
VK AL07
VK AL06
VK AL05
VK AL04
VK AL03
VK AL02
test123 udpated
VK Test carwash 2
VK Test Wash 01
Hire date
Employee code
Hourly wage, $
Active employee
Contact info
Email
Phone number
Address
ZIP code
State
Alaska
City
Wales
WARNING  nxtwash:conftest.py:175 Employee create did not navigate away — assuming duplicate; searching list with extended timeout
ERROR                                                                    [  6%]
tests/admin_portal/employees/test_employees_edit.py::test_edit_first_name_persists 
-------------------------------- live log setup --------------------------------
WARNING  nxtwash:employees_page.py:521 Employee save did not navigate away. Page text: Employees
Add new employee
Cancel
Save employee
User settings
First Name
Last Name
Locations
VK Test carwash 2
+ 2
VK AL92
VK AL33
VK AL32
VK AL31
VK ZT c6d556
VK AL30
VK AL29
VK ZT 9e7bdf
VK AL28
VK AL27
VK ZT 4e248f
VK AL26
VK ZT 8f811b
VK AL25
VK AL24
VK ZT 46d34b
VK AL23
VK ZT c4a124
VK ZT d4ccd8
VK ZT 71c6f6
VK ZT 9eaa54
VK ZT ae9b9c
test 12
VK AL22
VK AL21
VK AL20
VK ZT c26508
VK AL19
VK AL18
VK ZT c54675
VK AL17
VK AL16
VK ZT 2b4279
VK AL15
VK AL14
VK ZT 146465
VK AL13
VK AL12
VK AL11
VK AL10
VK AL09
VK AL08
VK AL01
vkauto1
VK AL07
VK AL06
VK AL05
VK AL04
VK AL03
VK AL02
test123 udpated
VK Test carwash 2
VK Test Wash 01
Hire date
Employee code
Hourly wage, $
Active employee
Contact info
Email
Phone number
Address
ZIP code
State
Alaska
City
Wales
WARNING  nxtwash:conftest.py:175 Employee create did not navigate away — assuming duplicate; searching list with extended timeout
ERROR                                                                    [  6%]
tests/admin_portal/employees/test_employees_edit.py::test_edit_last_name_persists 
-------------------------------- live log setup --------------------------------
WARNING  nxtwash:employees_page.py:521 Employee save did not navigate away. Page text: Employees
Add new employee
Cancel
Save employee
User settings
First Name
Last Name
Locations
VK Test carwash 2
+ 2
VK AL92
VK AL33
VK AL32
VK AL31
VK ZT c6d556
VK AL30
VK AL29
VK ZT 9e7bdf
VK AL28
VK AL27
VK ZT 4e248f
VK AL26
VK ZT 8f811b
VK AL25
VK AL24
VK ZT 46d34b
VK AL23
VK ZT c4a124
VK ZT d4ccd8
VK ZT 71c6f6
VK ZT 9eaa54
VK ZT ae9b9c
test 12
VK AL22
VK AL21
VK AL20
VK ZT c26508
VK AL19
VK AL18
VK ZT c54675
VK AL17
VK AL16
VK ZT 2b4279
VK AL15
VK AL14
VK ZT 146465
VK AL13
VK AL12
VK AL11
VK AL10
VK AL09
VK AL08
VK AL01
vkauto1
VK AL07
VK AL06
VK AL05
VK AL04
VK AL03
VK AL02
test123 udpated
VK Test carwash 2
VK Test Wash 01
Hire date
Employee code
Hourly wage, $
Active employee
Contact info
Email
Phone number
Address
ZIP code
State
Alaska
City
Wales
WARNING  nxtwash:conftest.py:175 Employee create did not navigate away — assuming duplicate; searching list with extended timeout
ERROR                                                                    [  6%]
tests/admin_portal/employees/test_employees_edit.py::test_edit_locations_persists 
-------------------------------- live log setup --------------------------------
WARNING  nxtwash:employees_page.py:521 Employee save did not navigate away. Page text: Employees
Add new employee
Cancel
Save employee
User settings
First Name
Last Name
Locations
VK Test carwash 2
+ 2
VK AL92
VK AL33
VK AL32
VK AL31
VK ZT c6d556
VK AL30
VK AL29
VK ZT 9e7bdf
VK AL28
VK AL27
VK ZT 4e248f
VK AL26
VK ZT 8f811b
VK AL25
VK AL24
VK ZT 46d34b
VK AL23
VK ZT c4a124
VK ZT d4ccd8
VK ZT 71c6f6
VK ZT 9eaa54
VK ZT ae9b9c
test 12
VK AL22
VK AL21
VK AL20
VK ZT c26508
VK AL19
VK AL18
VK ZT c54675
VK AL17
VK AL16
VK ZT 2b4279
VK AL15
VK AL14
VK ZT 146465
VK AL13
VK AL12
VK AL11
VK AL10
VK AL09
VK AL08
VK AL01
vkauto1
VK AL07
VK AL06
VK AL05
VK AL04
VK AL03
VK AL02
test123 udpated
VK Test carwash 2
VK Test Wash 01
Hire date
Employee code
Hourly wage, $
Active employee
Contact info
Email
Phone number
Address
ZIP code
State
Alaska
City
Wales
WARNING  nxtwash:conftest.py:175 Employee create did not navigate away — assuming duplicate; searching list with extended timeout
XFAIL (EMP-EDT-004: Location multi-select combobox locator uses labe...) [  6%]
tests/admin_portal/employees/test_employees_edit.py::test_edit_email_persists 
-------------------------------- live log setup --------------------------------
WARNING  nxtwash:employees_page.py:521 Employee save did not navigate away. Page text: Employees
Add new employee
Cancel
Save employee
User settings
First Name
Last Name
Locations
VK Test carwash 2
+ 2
VK AL92
VK AL33
VK AL32
VK AL31
VK ZT c6d556
VK AL30
VK AL29
VK ZT 9e7bdf
VK AL28
VK AL27
VK ZT 4e248f
VK AL26
VK ZT 8f811b
VK AL25
VK AL24
VK ZT 46d34b
VK AL23
VK ZT c4a124
VK ZT d4ccd8
VK ZT 71c6f6
VK ZT 9eaa54
VK ZT ae9b9c
test 12
VK AL22
VK AL21
VK AL20
VK ZT c26508
VK AL19
VK AL18
VK ZT c54675
VK AL17
VK AL16
VK ZT 2b4279
VK AL15
VK AL14
VK ZT 146465
VK AL13
VK AL12
VK AL11
VK AL10
VK AL09
VK AL08
VK AL01
vkauto1
VK AL07
VK AL06
VK AL05
VK AL04
VK AL03
VK AL02
test123 udpated
VK Test carwash 2
VK Test Wash 01
Hire date
Employee code
Hourly wage, $
Active employee
Contact info
Email
Phone number
Address
ZIP code
State
Alaska
City
Wales
WARNING  nxtwash:conftest.py:175 Employee create did not navigate away — assuming duplicate; searching list with extended timeout
ERROR                                                                    [  7%]
tests/admin_portal/employees/test_employees_edit.py::test_edit_phone_persists 
-------------------------------- live log setup --------------------------------
WARNING  nxtwash:employees_page.py:521 Employee save did not navigate away. Page text: Employees
Add new employee
Cancel
Save employee
User settings
First Name
Last Name
Locations
VK Test carwash 2
+ 2
VK AL92
VK AL33
VK AL32
VK AL31
VK ZT c6d556
VK AL30
VK AL29
VK ZT 9e7bdf
VK AL28
VK AL27
VK ZT 4e248f
VK AL26
VK ZT 8f811b
VK AL25
VK AL24
VK ZT 46d34b
VK AL23
VK ZT c4a124
VK ZT d4ccd8
VK ZT 71c6f6
VK ZT 9eaa54
VK ZT ae9b9c
test 12
VK AL22
VK AL21
VK AL20
VK ZT c26508
VK AL19
VK AL18
VK ZT c54675
VK AL17
VK AL16
VK ZT 2b4279
VK AL15
VK AL14
VK ZT 146465
VK AL13
VK AL12
VK AL11
VK AL10
VK AL09
VK AL08
VK AL01
vkauto1
VK AL07
VK AL06
VK AL05
VK AL04
VK AL03
VK AL02
test123 udpated
VK Test carwash 2
VK Test Wash 01
Hire date
Employee code
Hourly wage, $
Active employee
Contact info
Email
Phone number
Address
ZIP code
State
Alaska
City
Wales
WARNING  nxtwash:conftest.py:175 Employee create did not navigate away — assuming duplicate; searching list with extended timeout
ERROR                                                                    [  7%]
tests/admin_portal/employees/test_employees_edit.py::test_edit_hourly_wage_persists XFAIL [  7%]
tests/admin_portal/employees/test_employees_edit.py::test_edit_hire_date_persists 
-------------------------------- live log setup --------------------------------
WARNING  nxtwash:employees_page.py:521 Employee save did not navigate away. Page text: Employees
Add new employee
Cancel
Save employee
User settings
First Name
Last Name
Locations
VK Test carwash 2
+ 2
VK AL92
VK AL33
VK AL32
VK AL31
VK ZT c6d556
VK AL30
VK AL29
VK ZT 9e7bdf
VK AL28
VK AL27
VK ZT 4e248f
VK AL26
VK ZT 8f811b
VK AL25
VK AL24
VK ZT 46d34b
VK AL23
VK ZT c4a124
VK ZT d4ccd8
VK ZT 71c6f6
VK ZT 9eaa54
VK ZT ae9b9c
test 12
VK AL22
VK AL21
VK AL20
VK ZT c26508
VK AL19
VK AL18
VK ZT c54675
VK AL17
VK AL16
VK ZT 2b4279
VK AL15
VK AL14
VK ZT 146465
VK AL13
VK AL12
VK AL11
VK AL10
VK AL09
VK AL08
VK AL01
vkauto1
VK AL07
VK AL06
VK AL05
VK AL04
VK AL03
VK AL02
test123 udpated
VK Test carwash 2
VK Test Wash 01
Hire date
Employee code
Hourly wage, $
Active employee
Contact info
Email
Phone number
Address
ZIP code
State
Alaska
City
Wales
WARNING  nxtwash:conftest.py:175 Employee create did not navigate away — assuming duplicate; searching list with extended timeout
XFAIL (EMP-EDT-008: Hire date calendar picker interaction not yet mo...) [  7%]
tests/admin_portal/employees/test_employees_edit.py::test_edit_employee_code_persists 
-------------------------------- live log setup --------------------------------
WARNING  nxtwash:employees_page.py:521 Employee save did not navigate away. Page text: Employees
Add new employee
Cancel
Save employee
User settings
First Name
Last Name
Locations
VK Test carwash 2
+ 2
VK AL92
VK AL33
VK AL32
VK AL31
VK ZT c6d556
VK AL30
VK AL29
VK ZT 9e7bdf
VK AL28
VK AL27
VK ZT 4e248f
VK AL26
VK ZT 8f811b
VK AL25
VK AL24
VK ZT 46d34b
VK AL23
VK ZT c4a124
VK ZT d4ccd8
VK ZT 71c6f6
VK ZT 9eaa54
VK ZT ae9b9c
test 12
VK AL22
VK AL21
VK AL20
VK ZT c26508
VK AL19
VK AL18
VK ZT c54675
VK AL17
VK AL16
VK ZT 2b4279
VK AL15
VK AL14
VK ZT 146465
VK AL13
VK AL12
VK AL11
VK AL10
VK AL09
VK AL08
VK AL01
vkauto1
VK AL07
VK AL06
VK AL05
VK AL04
VK AL03
VK AL02
test123 udpated
VK Test carwash 2
VK Test Wash 01
Hire date
Employee code
Hourly wage, $
Active employee
Contact info
Email
Phone number
Address
ZIP code
State
Alaska
City
Wales
WARNING  nxtwash:conftest.py:175 Employee create did not navigate away — assuming duplicate; searching list with extended timeout
XFAIL (EMP-EDT-009: Employee code input locator uses name heuristics...) [  8%]
tests/admin_portal/employees/test_employees_edit.py::test_activate_inactive_employee SKIPPED [  8%]
tests/admin_portal/employees/test_employees_edit.py::test_deactivate_active_employee 
-------------------------------- live log setup --------------------------------
WARNING  nxtwash:employees_page.py:521 Employee save did not navigate away. Page text: Employees
Add new employee
Cancel
Save employee
User settings
First Name
Last Name
Locations
VK Test carwash 2
+ 2
VK AL92
VK AL33
VK AL32
VK AL31
VK ZT c6d556
VK AL30
VK AL29
VK ZT 9e7bdf
VK AL28
VK AL27
VK ZT 4e248f
VK AL26
VK ZT 8f811b
VK AL25
VK AL24
VK ZT 46d34b
VK AL23
VK ZT c4a124
VK ZT d4ccd8
VK ZT 71c6f6
VK ZT 9eaa54
VK ZT ae9b9c
test 12
VK AL22
VK AL21
VK AL20
VK ZT c26508
VK AL19
VK AL18
VK ZT c54675
VK AL17
VK AL16
VK ZT 2b4279
VK AL15
VK AL14
VK ZT 146465
VK AL13
VK AL12
VK AL11
VK AL10
VK AL09
VK AL08
VK AL01
vkauto1
VK AL07
VK AL06
VK AL05
VK AL04
VK AL03
VK AL02
test123 udpated
VK Test carwash 2
VK Test Wash 01
Hire date
Employee code
Hourly wage, $
Active employee
Contact info
Email
Phone number
Address
ZIP code
State
Alaska
City
Wales
WARNING  nxtwash:conftest.py:175 Employee create did not navigate away — assuming duplicate; searching list with extended timeout
ERROR                                                                    [  8%]
tests/admin_portal/employees/test_employees_edit.py::test_edit_clear_first_name_blocked ERROR [  8%]
tests/admin_portal/employees/test_employees_edit.py::test_edit_clear_last_name_blocked ERROR [  8%]
tests/admin_portal/employees/test_employees_edit.py::test_edit_invalid_email_blocked 
-------------------------------- live log setup --------------------------------
WARNING  nxtwash:employees_page.py:521 Employee save did not navigate away. Page text: Employees
Add new employee
Cancel
Save employee
User settings
First Name
Last Name
Locations
VK Test carwash 2
+ 2
VK AL92
VK AL33
VK AL32
VK AL31
VK ZT c6d556
VK AL30
VK AL29
VK ZT 9e7bdf
VK AL28
VK AL27
VK ZT 4e248f
VK AL26
VK ZT 8f811b
VK AL25
VK AL24
VK ZT 46d34b
VK AL23
VK ZT c4a124
VK ZT d4ccd8
VK ZT 71c6f6
VK ZT 9eaa54
VK ZT ae9b9c
test 12
VK AL22
VK AL21
VK AL20
VK ZT c26508
VK AL19
VK AL18
VK ZT c54675
VK AL17
VK AL16
VK ZT 2b4279
VK AL15
VK AL14
VK ZT 146465
VK AL13
VK AL12
VK AL11
VK AL10
VK AL09
VK AL08
VK AL01
vkauto1
VK AL07
VK AL06
VK AL05
VK AL04
VK AL03
VK AL02
test123 udpated
VK Test carwash 2
VK Test Wash 01
Hire date
Employee code
Hourly wage, $
Active employee
Contact info
Email
Phone number
Address
ZIP code
State
Alaska
City
Wales
WARNING  nxtwash:conftest.py:175 Employee create did not navigate away — assuming duplicate; searching list with extended timeout
ERROR                                                                    [  9%]
tests/admin_portal/employees/test_employees_edit.py::test_edit_cancel_discards_changes 
-------------------------------- live log setup --------------------------------
WARNING  nxtwash:employees_page.py:521 Employee save did not navigate away. Page text: Employees
Add new employee
Cancel
Save employee
User settings
First Name
Last Name
Locations
VK Test carwash 2
+ 2
VK AL92
VK AL33
VK AL32
VK AL31
VK ZT c6d556
VK AL30
VK AL29
VK ZT 9e7bdf
VK AL28
VK AL27
VK ZT 4e248f
VK AL26
VK ZT 8f811b
VK AL25
VK AL24
VK ZT 46d34b
VK AL23
VK ZT c4a124
VK ZT d4ccd8
VK ZT 71c6f6
VK ZT 9eaa54
VK ZT ae9b9c
test 12
VK AL22
VK AL21
VK AL20
VK ZT c26508
VK AL19
VK AL18
VK ZT c54675
VK AL17
VK AL16
VK ZT 2b4279
VK AL15
VK AL14
VK ZT 146465
VK AL13
VK AL12
VK AL11
VK AL10
VK AL09
VK AL08
VK AL01
vkauto1
VK AL07
VK AL06
VK AL05
VK AL04
VK AL03
VK AL02
test123 udpated
VK Test carwash 2
VK Test Wash 01
Hire date
Employee code
Hourly wage, $
Active employee
Contact info
Email
Phone number
Address
ZIP code
State
Alaska
City
Wales
WARNING  nxtwash:conftest.py:175 Employee create did not navigate away — assuming duplicate; searching list with extended timeout
ERROR                                                                    [  9%]
tests/admin_portal/employees/test_employees_export.py::test_export_button_clickable PASSED [  9%]
tests/admin_portal/employees/test_employees_filter.py::test_filter_panel_opens PASSED [  9%]
tests/admin_portal/employees/test_employees_filter.py::test_filter_by_active_status 
-------------------------------- live log setup --------------------------------
WARNING  nxtwash:employees_page.py:521 Employee save did not navigate away. Page text: Employees
Add new employee
Cancel
Save employee
User settings
First Name
Last Name
Locations
VK Test carwash 2
+ 2
VK AL92
VK AL33
VK AL32
VK AL31
VK ZT c6d556
VK AL30
VK AL29
VK ZT 9e7bdf
VK AL28
VK AL27
VK ZT 4e248f
VK AL26
VK ZT 8f811b
VK AL25
VK AL24
VK ZT 46d34b
VK AL23
VK ZT c4a124
VK ZT d4ccd8
VK ZT 71c6f6
VK ZT 9eaa54
VK ZT ae9b9c
test 12
VK AL22
VK AL21
VK AL20
VK ZT c26508
VK AL19
VK AL18
VK ZT c54675
VK AL17
VK AL16
VK ZT 2b4279
VK AL15
VK AL14
VK ZT 146465
VK AL13
VK AL12
VK AL11
VK AL10
VK AL09
VK AL08
VK AL01
vkauto1
VK AL07
VK AL06
VK AL05
VK AL04
VK AL03
VK AL02
test123 udpated
VK Test carwash 2
VK Test Wash 01
Hire date
Employee code
Hourly wage, $
Active employee
Contact info
Email
Phone number
Address
ZIP code
State
Alaska
City
Wales
WARNING  nxtwash:conftest.py:175 Employee create did not navigate away — assuming duplicate; searching list with extended timeout
XFAIL (Filter panel locators (status combobox, apply button) use lab...) [  9%]
tests/admin_portal/employees/test_employees_filter.py::test_filter_by_inactive_status XPASS [ 10%]
tests/admin_portal/employees/test_employees_filter.py::test_filter_result_count_matches_rows 
-------------------------------- live log setup --------------------------------
WARNING  nxtwash:employees_page.py:521 Employee save did not navigate away. Page text: Employees
Add new employee
Cancel
Save employee
User settings
First Name
Last Name
Locations
VK Test carwash 2
+ 2
VK AL92
VK AL33
VK AL32
VK AL31
VK ZT c6d556
VK AL30
VK AL29
VK ZT 9e7bdf
VK AL28
VK AL27
VK ZT 4e248f
VK AL26
VK ZT 8f811b
VK AL25
VK AL24
VK ZT 46d34b
VK AL23
VK ZT c4a124
VK ZT d4ccd8
VK ZT 71c6f6
VK ZT 9eaa54
VK ZT ae9b9c
test 12
VK AL22
VK AL21
VK AL20
VK ZT c26508
VK AL19
VK AL18
VK ZT c54675
VK AL17
VK AL16
VK ZT 2b4279
VK AL15
VK AL14
VK ZT 146465
VK AL13
VK AL12
VK AL11
VK AL10
VK AL09
VK AL08
VK AL01
vkauto1
VK AL07
VK AL06
VK AL05
VK AL04
VK AL03
VK AL02
test123 udpated
VK Test carwash 2
VK Test Wash 01
Hire date
Employee code
Hourly wage, $
Active employee
Contact info
Email
Phone number
Address
ZIP code
State
Alaska
City
Wales
WARNING  nxtwash:conftest.py:175 Employee create did not navigate away — assuming duplicate; searching list with extended timeout
XFAIL (Filter panel locators (status combobox, apply button) use lab...) [ 10%]
tests/admin_portal/employees/test_employees_filter.py::test_reset_all_clears_filters XFAIL [ 10%]
tests/admin_portal/employees/test_employees_list.py::test_employees_page_loads PASSED [ 10%]
tests/admin_portal/employees/test_employees_list.py::test_employees_list_displays_correct_columns PASSED [ 10%]
tests/admin_portal/employees/test_employees_list.py::test_shift_status_inactive_when_no_active_shift 
-------------------------------- live log setup --------------------------------
WARNING  nxtwash:employees_page.py:521 Employee save did not navigate away. Page text: Employees
Add new employee
Cancel
Save employee
User settings
First Name
Last Name
Locations
VK Test carwash 2
+ 2
VK AL92
VK AL33
VK AL32
VK AL31
VK ZT c6d556
VK AL30
VK AL29
VK ZT 9e7bdf
VK AL28
VK AL27
VK ZT 4e248f
VK AL26
VK ZT 8f811b
VK AL25
VK AL24
VK ZT 46d34b
VK AL23
VK ZT c4a124
VK ZT d4ccd8
VK ZT 71c6f6
VK ZT 9eaa54
VK ZT ae9b9c
test 12
VK AL22
VK AL21
VK AL20
VK ZT c26508
VK AL19
VK AL18
VK ZT c54675
VK AL17
VK AL16
VK ZT 2b4279
VK AL15
VK AL14
VK ZT 146465
VK AL13
VK AL12
VK AL11
VK AL10
VK AL09
VK AL08
VK AL01
vkauto1
VK AL07
VK AL06
VK AL05
VK AL04
VK AL03
VK AL02
test123 udpated
VK Test carwash 2
VK Test Wash 01
Hire date
Employee code
Hourly wage, $
Active employee
Contact info
Email
Phone number
Address
ZIP code
State
Alaska
City
Wales
WARNING  nxtwash:conftest.py:175 Employee create did not navigate away — assuming duplicate; searching list with extended timeout
ERROR                                                                    [ 11%]
tests/admin_portal/employees/test_employees_list.py::test_status_column_shows_badge 
-------------------------------- live log setup --------------------------------
WARNING  nxtwash:employees_page.py:521 Employee save did not navigate away. Page text: Employees
Add new employee
Cancel
Save employee
User settings
First Name
Last Name
Locations
VK Test carwash 2
+ 2
VK AL92
VK AL33
VK AL32
VK AL31
VK ZT c6d556
VK AL30
VK AL29
VK ZT 9e7bdf
VK AL28
VK AL27
VK ZT 4e248f
VK AL26
VK ZT 8f811b
VK AL25
VK AL24
VK ZT 46d34b
VK AL23
VK ZT c4a124
VK ZT d4ccd8
VK ZT 71c6f6
VK ZT 9eaa54
VK ZT ae9b9c
test 12
VK AL22
VK AL21
VK AL20
VK ZT c26508
VK AL19
VK AL18
VK ZT c54675
VK AL17
VK AL16
VK ZT 2b4279
VK AL15
VK AL14
VK ZT 146465
VK AL13
VK AL12
VK AL11
VK AL10
VK AL09
VK AL08
VK AL01
vkauto1
VK AL07
VK AL06
VK AL05
VK AL04
VK AL03
VK AL02
test123 udpated
VK Test carwash 2
VK Test Wash 01
Hire date
Employee code
Hourly wage, $
Active employee
Contact info
Email
Phone number
Address
ZIP code
State
Alaska
City
Wales
WARNING  nxtwash:conftest.py:175 Employee create did not navigate away — assuming duplicate; searching list with extended timeout
ERROR                                                                    [ 11%]
tests/admin_portal/employees/test_employees_list.py::test_employees_pagination_shows_count PASSED [ 11%]
tests/admin_portal/employees/test_employees_list.py::test_results_per_page_updates_rows XFAIL [ 11%]
tests/admin_portal/employees/test_employees_list.py::test_search_by_exact_last_name 
-------------------------------- live log setup --------------------------------
WARNING  nxtwash:employees_page.py:521 Employee save did not navigate away. Page text: Employees
Add new employee
Cancel
Save employee
User settings
First Name
Last Name
Locations
VK Test carwash 2
+ 2
VK AL35
VK ZT 9344b0
VK AL34
VK AL92
VK AL33
VK AL32
VK AL31
VK ZT c6d556
VK AL30
VK AL29
VK ZT 9e7bdf
VK AL28
VK AL27
VK ZT 4e248f
VK AL26
VK ZT 8f811b
VK AL25
VK AL24
VK ZT 46d34b
VK AL23
VK ZT c4a124
VK ZT d4ccd8
VK ZT 71c6f6
VK ZT 9eaa54
VK ZT ae9b9c
test 12
VK AL22
VK AL21
VK AL20
VK ZT c26508
VK AL19
VK AL18
VK ZT c54675
VK AL17
VK AL16
VK ZT 2b4279
VK AL15
VK AL14
VK ZT 146465
VK AL13
VK AL12
VK AL11
VK AL10
VK AL09
VK AL08
VK AL01
vkauto1
VK AL07
VK AL06
VK AL05
VK AL04
VK AL03
VK AL02
test123 udpated
VK Test carwash 2
VK Test Wash 01
Hire date
Employee code
Hourly wage, $
Active employee
Contact info
Email
Phone number
Address
ZIP code
State
Alaska
City
Wales
WARNING  nxtwash:conftest.py:175 Employee create did not navigate away — assuming duplicate; searching list with extended timeout
ERROR                                                                    [ 11%]
tests/admin_portal/employees/test_employees_list.py::test_search_by_partial_last_name 
-------------------------------- live log setup --------------------------------
WARNING  nxtwash:employees_page.py:521 Employee save did not navigate away. Page text: Employees
Add new employee
Cancel
Save employee
User settings
First Name
Last Name
Locations
VK Test carwash 2
+ 2
VK AL35
VK ZT 9344b0
VK AL34
VK AL92
VK AL33
VK AL32
VK AL31
VK ZT c6d556
VK AL30
VK AL29
VK ZT 9e7bdf
VK AL28
VK AL27
VK ZT 4e248f
VK AL26
VK ZT 8f811b
VK AL25
VK AL24
VK ZT 46d34b
VK AL23
VK ZT c4a124
VK ZT d4ccd8
VK ZT 71c6f6
VK ZT 9eaa54
VK ZT ae9b9c
test 12
VK AL22
VK AL21
VK AL20
VK ZT c26508
VK AL19
VK AL18
VK ZT c54675
VK AL17
VK AL16
VK ZT 2b4279
VK AL15
VK AL14
VK ZT 146465
VK AL13
VK AL12
VK AL11
VK AL10
VK AL09
VK AL08
VK AL01
vkauto1
VK AL07
VK AL06
VK AL05
VK AL04
VK AL03
VK AL02
test123 udpated
VK Test carwash 2
VK Test Wash 01
Hire date
Employee code
Hourly wage, $
Active employee
Contact info
Email
Phone number
Address
ZIP code
State
Alaska
City
Wales
WARNING  nxtwash:conftest.py:175 Employee create did not navigate away — assuming duplicate; searching list with extended timeout
ERROR                                                                    [ 12%]
tests/admin_portal/employees/test_employees_list.py::test_search_nonexistent_shows_empty_state SKIPPED [ 12%]
tests/admin_portal/employees/test_employees_list.py::test_clear_search_restores_full_list 
-------------------------------- live log setup --------------------------------
WARNING  nxtwash:employees_page.py:521 Employee save did not navigate away. Page text: Employees
Add new employee
Cancel
Save employee
User settings
First Name
Last Name
Locations
VK Test carwash 2
+ 2
VK AL35
VK ZT 9344b0
VK AL34
VK AL92
VK AL33
VK AL32
VK AL31
VK ZT c6d556
VK AL30
VK AL29
VK ZT 9e7bdf
VK AL28
VK AL27
VK ZT 4e248f
VK AL26
VK ZT 8f811b
VK AL25
VK AL24
VK ZT 46d34b
VK AL23
VK ZT c4a124
VK ZT d4ccd8
VK ZT 71c6f6
VK ZT 9eaa54
VK ZT ae9b9c
test 12
VK AL22
VK AL21
VK AL20
VK ZT c26508
VK AL19
VK AL18
VK ZT c54675
VK AL17
VK AL16
VK ZT 2b4279
VK AL15
VK AL14
VK ZT 146465
VK AL13
VK AL12
VK AL11
VK AL10
VK AL09
VK AL08
VK AL01
vkauto1
VK AL07
VK AL06
VK AL05
VK AL04
VK AL03
VK AL02
test123 udpated
VK Test carwash 2
VK Test Wash 01
Hire date
Employee code
Hourly wage, $
Active employee
Contact info
Email
Phone number
Address
ZIP code
State
Alaska
City
Wales
WARNING  nxtwash:conftest.py:175 Employee create did not navigate away — assuming duplicate; searching list with extended timeout
ERROR                                                                    [ 12%]
tests/admin_portal/employees/test_employees_shift_create.py::test_add_shift_form_opens PASSED [ 12%]
tests/admin_portal/employees/test_employees_shift_create.py::test_create_active_shift 
-------------------------------- live log setup --------------------------------
WARNING  nxtwash:employees_page.py:521 Employee save did not navigate away. Page text: Employees
Add new employee
Cancel
Save employee
User settings
First Name
Last Name
Locations
VK Test carwash 2
+ 2
VK AL35
VK ZT 9344b0
VK AL34
VK AL92
VK AL33
VK AL32
VK AL31
VK ZT c6d556
VK AL30
VK AL29
VK ZT 9e7bdf
VK AL28
VK AL27
VK ZT 4e248f
VK AL26
VK ZT 8f811b
VK AL25
VK AL24
VK ZT 46d34b
VK AL23
VK ZT c4a124
VK ZT d4ccd8
VK ZT 71c6f6
VK ZT 9eaa54
VK ZT ae9b9c
test 12
VK AL22
VK AL21
VK AL20
VK ZT c26508
VK AL19
VK AL18
VK ZT c54675
VK AL17
VK AL16
VK ZT 2b4279
VK AL15
VK AL14
VK ZT 146465
VK AL13
VK AL12
VK AL11
VK AL10
VK AL09
VK AL08
VK AL01
vkauto1
VK AL07
VK AL06
VK AL05
VK AL04
VK AL03
VK AL02
test123 udpated
VK Test carwash 2
VK Test Wash 01
Hire date
Employee code
Hourly wage, $
Active employee
Contact info
Email
Phone number
Address
ZIP code
State
Alaska
City
Wales
WARNING  nxtwash:conftest.py:175 Employee create did not navigate away — assuming duplicate; searching list with extended timeout
XFAIL (Shift form locators (Employee combobox, Site combobox, start/...) [ 12%]
tests/admin_portal/employees/test_employees_shift_create.py::test_create_inactive_shift 
-------------------------------- live log setup --------------------------------
WARNING  nxtwash:employees_page.py:521 Employee save did not navigate away. Page text: Employees
Add new employee
Cancel
Save employee
User settings
First Name
Last Name
Locations
VK Test carwash 2
+ 2
VK AL35
VK ZT 9344b0
VK AL34
VK AL92
VK AL33
VK AL32
VK AL31
VK ZT c6d556
VK AL30
VK AL29
VK ZT 9e7bdf
VK AL28
VK AL27
VK ZT 4e248f
VK AL26
VK ZT 8f811b
VK AL25
VK AL24
VK ZT 46d34b
VK AL23
VK ZT c4a124
VK ZT d4ccd8
VK ZT 71c6f6
VK ZT 9eaa54
VK ZT ae9b9c
test 12
VK AL22
VK AL21
VK AL20
VK ZT c26508
VK AL19
VK AL18
VK ZT c54675
VK AL17
VK AL16
VK ZT 2b4279
VK AL15
VK AL14
VK ZT 146465
VK AL13
VK AL12
VK AL11
VK AL10
VK AL09
VK AL08
VK AL01
vkauto1
VK AL07
VK AL06
VK AL05
VK AL04
VK AL03
VK AL02
test123 udpated
VK Test carwash 2
VK Test Wash 01
Hire date
Employee code
Hourly wage, $
Active employee
Contact info
Email
Phone number
Address
ZIP code
State
Alaska
City
Wales
WARNING  nxtwash:conftest.py:175 Employee create did not navigate away — assuming duplicate; searching list with extended timeout
XFAIL (Shift form locators (Employee combobox, Site combobox, start/...) [ 13%]
tests/admin_portal/employees/test_employees_shift_create.py::test_create_shift_employee_required XFAIL [ 13%]
tests/admin_portal/employees/test_employees_shift_create.py::test_create_shift_site_required 
-------------------------------- live log setup --------------------------------
WARNING  nxtwash:employees_page.py:521 Employee save did not navigate away. Page text: Employees
Add new employee
Cancel
Save employee
User settings
First Name
Last Name
Locations
VK Test carwash 2
+ 2
VK AL35
VK ZT 9344b0
VK AL34
VK AL92
VK AL33
VK AL32
VK AL31
VK ZT c6d556
VK AL30
VK AL29
VK ZT 9e7bdf
VK AL28
VK AL27
VK ZT 4e248f
VK AL26
VK ZT 8f811b
VK AL25
VK AL24
VK ZT 46d34b
VK AL23
VK ZT c4a124
VK ZT d4ccd8
VK ZT 71c6f6
VK ZT 9eaa54
VK ZT ae9b9c
test 12
VK AL22
VK AL21
VK AL20
VK ZT c26508
VK AL19
VK AL18
VK ZT c54675
VK AL17
VK AL16
VK ZT 2b4279
VK AL15
VK AL14
VK ZT 146465
VK AL13
VK AL12
VK AL11
VK AL10
VK AL09
VK AL08
VK AL01
vkauto1
VK AL07
VK AL06
VK AL05
VK AL04
VK AL03
VK AL02
test123 udpated
VK Test carwash 2
VK Test Wash 01
Hire date
Employee code
Hourly wage, $
Active employee
Contact info
Email
Phone number
Address
ZIP code
State
Alaska
City
Wales
WARNING  nxtwash:conftest.py:175 Employee create did not navigate away — assuming duplicate; searching list with extended timeout
XFAIL (Shift form locators (Employee combobox, Site combobox, start/...) [ 13%]
tests/admin_portal/employees/test_employees_shift_create.py::test_create_shift_time_required XFAIL [ 13%]
tests/admin_portal/employees/test_employees_shift_create.py::test_create_shift_employee_dropdown_lists_active_employees 
-------------------------------- live log setup --------------------------------
WARNING  nxtwash:employees_page.py:521 Employee save did not navigate away. Page text: Employees
Add new employee
Cancel
Save employee
User settings
First Name
Last Name
Locations
VK Test carwash 2
+ 2
VK AL35
VK ZT 9344b0
VK AL34
VK AL92
VK AL33
VK AL32
VK AL31
VK ZT c6d556
VK AL30
VK AL29
VK ZT 9e7bdf
VK AL28
VK AL27
VK ZT 4e248f
VK AL26
VK ZT 8f811b
VK AL25
VK AL24
VK ZT 46d34b
VK AL23
VK ZT c4a124
VK ZT d4ccd8
VK ZT 71c6f6
VK ZT 9eaa54
VK ZT ae9b9c
test 12
VK AL22
VK AL21
VK AL20
VK ZT c26508
VK AL19
VK AL18
VK ZT c54675
VK AL17
VK AL16
VK ZT 2b4279
VK AL15
VK AL14
VK ZT 146465
VK AL13
VK AL12
VK AL11
VK AL10
VK AL09
VK AL08
VK AL01
vkauto1
VK AL07
VK AL06
VK AL05
VK AL04
VK AL03
VK AL02
test123 udpated
VK Test carwash 2
VK Test Wash 01
Hire date
Employee code
Hourly wage, $
Active employee
Contact info
Email
Phone number
Address
ZIP code
State
Alaska
City
Wales
WARNING  nxtwash:conftest.py:175 Employee create did not navigate away — assuming duplicate; searching list with extended timeout
XFAIL (Shift form locators (Employee combobox, Site combobox, start/...) [ 13%]
tests/admin_portal/employees/test_employees_shift_create.py::test_create_shift_site_dropdown_lists_sites XFAIL [ 14%]
tests/admin_portal/employees/test_employees_shift_create.py::test_create_shift_datetime_picker_present XFAIL [ 14%]
tests/admin_portal/employees/test_employees_shift_create.py::test_create_shift_end_before_start 
-------------------------------- live log setup --------------------------------
WARNING  nxtwash:employees_page.py:521 Employee save did not navigate away. Page text: Employees
Add new employee
Cancel
Save employee
User settings
First Name
Last Name
Locations
VK Test carwash 2
+ 2
VK AL35
VK ZT 9344b0
VK AL34
VK AL92
VK AL33
VK AL32
VK AL31
VK ZT c6d556
VK AL30
VK AL29
VK ZT 9e7bdf
VK AL28
VK AL27
VK ZT 4e248f
VK AL26
VK ZT 8f811b
VK AL25
VK AL24
VK ZT 46d34b
VK AL23
VK ZT c4a124
VK ZT d4ccd8
VK ZT 71c6f6
VK ZT 9eaa54
VK ZT ae9b9c
test 12
VK AL22
VK AL21
VK AL20
VK ZT c26508
VK AL19
VK AL18
VK ZT c54675
VK AL17
VK AL16
VK ZT 2b4279
VK AL15
VK AL14
VK ZT 146465
VK AL13
VK AL12
VK AL11
VK AL10
VK AL09
VK AL08
VK AL01
vkauto1
VK AL07
VK AL06
VK AL05
VK AL04
VK AL03
VK AL02
test123 udpated
VK Test carwash 2
VK Test Wash 01
Hire date
Employee code
Hourly wage, $
Active employee
Contact info
Email
Phone number
Address
ZIP code
State
Alaska
City
Wales
WARNING  nxtwash:conftest.py:175 Employee create did not navigate away — assuming duplicate; searching list with extended timeout
XFAIL (EMP-SH-CRT-010: Whether end-before-start is rejected depends ...) [ 14%]
tests/admin_portal/employees/test_employees_shift_create.py::test_create_shift_midnight_spanning 
-------------------------------- live log setup --------------------------------
WARNING  nxtwash:employees_page.py:521 Employee save did not navigate away. Page text: Employees
Add new employee
Cancel
Save employee
User settings
First Name
Last Name
Locations
VK Test carwash 2
+ 2
VK AL35
VK ZT 9344b0
VK AL34
VK AL92
VK AL33
VK AL32
VK AL31
VK ZT c6d556
VK AL30
VK AL29
VK ZT 9e7bdf
VK AL28
VK AL27
VK ZT 4e248f
VK AL26
VK ZT 8f811b
VK AL25
VK AL24
VK ZT 46d34b
VK AL23
VK ZT c4a124
VK ZT d4ccd8
VK ZT 71c6f6
VK ZT 9eaa54
VK ZT ae9b9c
test 12
VK AL22
VK AL21
VK AL20
VK ZT c26508
VK AL19
VK AL18
VK ZT c54675
VK AL17
VK AL16
VK ZT 2b4279
VK AL15
VK AL14
VK ZT 146465
VK AL13
VK AL12
VK AL11
VK AL10
VK AL09
VK AL08
VK AL01
vkauto1
VK AL07
VK AL06
VK AL05
VK AL04
VK AL03
VK AL02
test123 udpated
VK Test carwash 2
VK Test Wash 01
Hire date
Employee code
Hourly wage, $
Active employee
Contact info
Email
Phone number
Address
ZIP code
State
Alaska
City
Wales
WARNING  nxtwash:conftest.py:175 Employee create did not navigate away — assuming duplicate; searching list with extended timeout
XFAIL (Shift form locators (Employee combobox, Site combobox, start/...) [ 14%]
tests/admin_portal/employees/test_employees_shift_create.py::test_create_shift_overlapping_shifts 
-------------------------------- live log setup --------------------------------
WARNING  nxtwash:employees_page.py:521 Employee save did not navigate away. Page text: Employees
Add new employee
Cancel
Save employee
User settings
First Name
Last Name
Locations
VK Test carwash 2
+ 2
VK AL35
VK ZT 9344b0
VK AL34
VK AL92
VK AL33
VK AL32
VK AL31
VK ZT c6d556
VK AL30
VK AL29
VK ZT 9e7bdf
VK AL28
VK AL27
VK ZT 4e248f
VK AL26
VK ZT 8f811b
VK AL25
VK AL24
VK ZT 46d34b
VK AL23
VK ZT c4a124
VK ZT d4ccd8
VK ZT 71c6f6
VK ZT 9eaa54
VK ZT ae9b9c
test 12
VK AL22
VK AL21
VK AL20
VK ZT c26508
VK AL19
VK AL18
VK ZT c54675
VK AL17
VK AL16
VK ZT 2b4279
VK AL15
VK AL14
VK ZT 146465
VK AL13
VK AL12
VK AL11
VK AL10
VK AL09
VK AL08
VK AL01
vkauto1
VK AL07
VK AL06
VK AL05
VK AL04
VK AL03
VK AL02
test123 udpated
VK Test carwash 2
VK Test Wash 01
Hire date
Employee code
Hourly wage, $
Active employee
Contact info
Email
Phone number
Address
ZIP code
State
Alaska
City
Wales
WARNING  nxtwash:conftest.py:175 Employee create did not navigate away — assuming duplicate; searching list with extended timeout
XFAIL (EMP-SH-CRT-012: Whether overlapping shifts are blocked is a p...) [ 14%]
tests/admin_portal/employees/test_employees_shift_create.py::test_create_shift_cancel_discards_form PASSED [ 15%]
tests/admin_portal/employees/test_employees_shift_create.py::test_newly_created_shift_appears_immediately 
-------------------------------- live log setup --------------------------------
WARNING  nxtwash:employees_page.py:521 Employee save did not navigate away. Page text: Employees
Add new employee
Cancel
Save employee
User settings
First Name
Last Name
Locations
VK Test carwash 2
+ 2
VK AL35
VK ZT 9344b0
VK AL34
VK AL92
VK AL33
VK AL32
VK AL31
VK ZT c6d556
VK AL30
VK AL29
VK ZT 9e7bdf
VK AL28
VK AL27
VK ZT 4e248f
VK AL26
VK ZT 8f811b
VK AL25
VK AL24
VK ZT 46d34b
VK AL23
VK ZT c4a124
VK ZT d4ccd8
VK ZT 71c6f6
VK ZT 9eaa54
VK ZT ae9b9c
test 12
VK AL22
VK AL21
VK AL20
VK ZT c26508
VK AL19
VK AL18
VK ZT c54675
VK AL17
VK AL16
VK ZT 2b4279
VK AL15
VK AL14
VK ZT 146465
VK AL13
VK AL12
VK AL11
VK AL10
VK AL09
VK AL08
VK AL01
vkauto1
VK AL07
VK AL06
VK AL05
VK AL04
VK AL03
VK AL02
test123 udpated
VK Test carwash 2
VK Test Wash 01
Hire date
Employee code
Hourly wage, $
Active employee
Contact info
Email
Phone number
Address
ZIP code
State
Alaska
City
Wales
WARNING  nxtwash:conftest.py:175 Employee create did not navigate away — assuming duplicate; searching list with extended timeout
XFAIL (Shift form locators (Employee combobox, Site combobox, start/...) [ 15%]
tests/admin_portal/employees/test_employees_shift_edit.py::test_shift_edit_form_opens_prepopulated 
-------------------------------- live log setup --------------------------------
WARNING  nxtwash:employees_page.py:521 Employee save did not navigate away. Page text: Employees
Add new employee
Cancel
Save employee
User settings
First Name
Last Name
Locations
VK Test carwash 2
+ 2
VK AL35
VK ZT 9344b0
VK AL34
VK AL92
VK AL33
VK AL32
VK AL31
VK ZT c6d556
VK AL30
VK AL29
VK ZT 9e7bdf
VK AL28
VK AL27
VK ZT 4e248f
VK AL26
VK ZT 8f811b
VK AL25
VK AL24
VK ZT 46d34b
VK AL23
VK ZT c4a124
VK ZT d4ccd8
VK ZT 71c6f6
VK ZT 9eaa54
VK ZT ae9b9c
test 12
VK AL22
VK AL21
VK AL20
VK ZT c26508
VK AL19
VK AL18
VK ZT c54675
VK AL17
VK AL16
VK ZT 2b4279
VK AL15
VK AL14
VK ZT 146465
VK AL13
VK AL12
VK AL11
VK AL10
VK AL09
VK AL08
VK AL01
vkauto1
VK AL07
VK AL06
VK AL05
VK AL04
VK AL03
VK AL02
test123 udpated
VK Test carwash 2
VK Test Wash 01
Hire date
Employee code
Hourly wage, $
Active employee
Contact info
Email
Phone number
Address
ZIP code
State
Alaska
City
Wales
WARNING  nxtwash:conftest.py:175 Employee create did not navigate away — assuming duplicate; searching list with extended timeout
XFAIL (Shift edit tests require an existing shift record in staging....) [ 15%]
tests/admin_portal/employees/test_employees_shift_edit.py::test_shift_edit_employee_persists 
-------------------------------- live log setup --------------------------------
WARNING  nxtwash:employees_page.py:521 Employee save did not navigate away. Page text: Employees
Add new employee
Cancel
Save employee
User settings
First Name
Last Name
Locations
VK Test carwash 2
+ 2
VK AL35
VK ZT 9344b0
VK AL34
VK AL92
VK AL33
VK AL32
VK AL31
VK ZT c6d556
VK AL30
VK AL29
VK ZT 9e7bdf
VK AL28
VK AL27
VK ZT 4e248f
VK AL26
VK ZT 8f811b
VK AL25
VK AL24
VK ZT 46d34b
VK AL23
VK ZT c4a124
VK ZT d4ccd8
VK ZT 71c6f6
VK ZT 9eaa54
VK ZT ae9b9c
test 12
VK AL22
VK AL21
VK AL20
VK ZT c26508
VK AL19
VK AL18
VK ZT c54675
VK AL17
VK AL16
VK ZT 2b4279
VK AL15
VK AL14
VK ZT 146465
VK AL13
VK AL12
VK AL11
VK AL10
VK AL09
VK AL08
VK AL01
vkauto1
VK AL07
VK AL06
VK AL05
VK AL04
VK AL03
VK AL02
test123 udpated
VK Test carwash 2
VK Test Wash 01
Hire date
Employee code
Hourly wage, $
Active employee
Contact info
Email
Phone number
Address
ZIP code
State
Alaska
City
Wales
WARNING  nxtwash:conftest.py:175 Employee create did not navigate away — assuming duplicate; searching list with extended timeout
XFAIL (Shift edit tests require an existing shift record in staging....) [ 15%]
tests/admin_portal/employees/test_employees_shift_edit.py::test_shift_edit_site_persists 
-------------------------------- live log setup --------------------------------
WARNING  nxtwash:employees_page.py:521 Employee save did not navigate away. Page text: Employees
Add new employee
Cancel
Save employee
User settings
First Name
Last Name
Locations
VK Test carwash 2
+ 2
VK ZT ab24bb
VK AL36
VK AL35
VK ZT 9344b0
VK AL34
VK AL92
VK AL33
VK AL32
VK AL31
VK ZT c6d556
VK AL30
VK AL29
VK ZT 9e7bdf
VK AL28
VK AL27
VK ZT 4e248f
VK AL26
VK ZT 8f811b
VK AL25
VK AL24
VK ZT 46d34b
VK AL23
VK ZT c4a124
VK ZT d4ccd8
VK ZT 71c6f6
VK ZT 9eaa54
VK ZT ae9b9c
test 12
VK AL22
VK AL21
VK AL20
VK ZT c26508
VK AL19
VK AL18
VK ZT c54675
VK AL17
VK AL16
VK ZT 2b4279
VK AL15
VK AL14
VK ZT 146465
VK AL13
VK AL12
VK AL11
VK AL10
VK AL09
VK AL08
VK AL01
vkauto1
VK AL07
VK AL06
VK AL05
VK AL04
VK AL03
VK AL02
test123 udpated
VK Test carwash 2
VK Test Wash 01
Hire date
Employee code
Hourly wage, $
Active employee
Contact info
Email
Phone number
Address
ZIP code
State
Alaska
City
Wales
WARNING  nxtwash:conftest.py:175 Employee create did not navigate away — assuming duplicate; searching list with extended timeout
XFAIL (Shift edit tests require an existing shift record in staging....) [ 16%]
tests/admin_portal/employees/test_employees_shift_edit.py::test_shift_edit_time_recalculates_hours 
-------------------------------- live log setup --------------------------------
WARNING  nxtwash:employees_page.py:521 Employee save did not navigate away. Page text: Employees
Add new employee
Cancel
Save employee
User settings
First Name
Last Name
Locations
VK Test carwash 2
+ 2
VK AL37
VK ZT ab24bb
VK AL36
VK AL35
VK ZT 9344b0
VK AL34
VK AL92
VK AL33
VK AL32
VK AL31
VK ZT c6d556
VK AL30
VK AL29
VK ZT 9e7bdf
VK AL28
VK AL27
VK ZT 4e248f
VK AL26
VK ZT 8f811b
VK AL25
VK AL24
VK ZT 46d34b
VK AL23
VK ZT c4a124
VK ZT d4ccd8
VK ZT 71c6f6
VK ZT 9eaa54
VK ZT ae9b9c
test 12
VK AL22
VK AL21
VK AL20
VK ZT c26508
VK AL19
VK AL18
VK ZT c54675
VK AL17
VK AL16
VK ZT 2b4279
VK AL15
VK AL14
VK ZT 146465
VK AL13
VK AL12
VK AL11
VK AL10
VK AL09
VK AL08
VK AL01
vkauto1
VK AL07
VK AL06
VK AL05
VK AL04
VK AL03
VK AL02
test123 udpated
VK Test carwash 2
VK Test Wash 01
Hire date
Employee code
Hourly wage, $
Active employee
Contact info
Email
Phone number
Address
ZIP code
State
Alaska
City
Wales
WARNING  nxtwash:conftest.py:175 Employee create did not navigate away — assuming duplicate; searching list with extended timeout
XFAIL (Shift edit tests require an existing shift record in staging....) [ 16%]
tests/admin_portal/employees/test_employees_shift_edit.py::test_shift_edit_activate_inactive_shift 
-------------------------------- live log setup --------------------------------
WARNING  nxtwash:employees_page.py:521 Employee save did not navigate away. Page text: Employees
Add new employee
Cancel
Save employee
User settings
First Name
Last Name
Locations
VK Test carwash 2
+ 2
VK AL37
VK ZT ab24bb
VK AL36
VK AL35
VK ZT 9344b0
VK AL34
VK AL92
VK AL33
VK AL32
VK AL31
VK ZT c6d556
VK AL30
VK AL29
VK ZT 9e7bdf
VK AL28
VK AL27
VK ZT 4e248f
VK AL26
VK ZT 8f811b
VK AL25
VK AL24
VK ZT 46d34b
VK AL23
VK ZT c4a124
VK ZT d4ccd8
VK ZT 71c6f6
VK ZT 9eaa54
VK ZT ae9b9c
test 12
VK AL22
VK AL21
VK AL20
VK ZT c26508
VK AL19
VK AL18
VK ZT c54675
VK AL17
VK AL16
VK ZT 2b4279
VK AL15
VK AL14
VK ZT 146465
VK AL13
VK AL12
VK AL11
VK AL10
VK AL09
VK AL08
VK AL01
vkauto1
VK AL07
VK AL06
VK AL05
VK AL04
VK AL03
VK AL02
test123 udpated
VK Test carwash 2
VK Test Wash 01
Hire date
Employee code
Hourly wage, $
Active employee
Contact info
Email
Phone number
Address
ZIP code
State
Alaska
City
Wales
WARNING  nxtwash:conftest.py:175 Employee create did not navigate away — assuming duplicate; searching list with extended timeout
XFAIL (Shift edit tests require an existing shift record in staging....) [ 16%]
tests/admin_portal/employees/test_employees_shift_export.py::test_shift_export_button_clickable PASSED [ 16%]
tests/admin_portal/employees/test_employees_shift_filter.py::test_shift_filter_panel_opens_with_controls PASSED [ 16%]
tests/admin_portal/employees/test_employees_shift_filter.py::test_shift_filter_by_first_name 
-------------------------------- live log setup --------------------------------
WARNING  nxtwash:employees_page.py:521 Employee save did not navigate away. Page text: Employees
Add new employee
Cancel
Save employee
User settings
First Name
Last Name
Locations
VK Test carwash 2
+ 2
VK AL37
VK ZT ab24bb
VK AL36
VK AL35
VK ZT 9344b0
VK AL34
VK AL92
VK AL33
VK AL32
VK AL31
VK ZT c6d556
VK AL30
VK AL29
VK ZT 9e7bdf
VK AL28
VK AL27
VK ZT 4e248f
VK AL26
VK ZT 8f811b
VK AL25
VK AL24
VK ZT 46d34b
VK AL23
VK ZT c4a124
VK ZT d4ccd8
VK ZT 71c6f6
VK ZT 9eaa54
VK ZT ae9b9c
test 12
VK AL22
VK AL21
VK AL20
VK ZT c26508
VK AL19
VK AL18
VK ZT c54675
VK AL17
VK AL16
VK ZT 2b4279
VK AL15
VK AL14
VK ZT 146465
VK AL13
VK AL12
VK AL11
VK AL10
VK AL09
VK AL08
VK AL01
vkauto1
VK AL07
VK AL06
VK AL05
VK AL04
VK AL03
VK AL02
test123 udpated
VK Test carwash 2
VK Test Wash 01
Hire date
Employee code
Hourly wage, $
Active employee
Contact info
Email
Phone number
Address
ZIP code
State
Alaska
City
Wales
WARNING  nxtwash:conftest.py:175 Employee create did not navigate away — assuming duplicate; searching list with extended timeout
XFAIL (Shift filter panel locators (First Name input, site combobox,...) [ 17%]
tests/admin_portal/employees/test_employees_shift_filter.py::test_shift_filter_by_site PASSED [ 17%]
tests/admin_portal/employees/test_employees_shift_filter.py::test_shift_filter_by_date_range XFAIL [ 17%]
tests/admin_portal/employees/test_employees_shift_filter.py::test_shift_filter_active_on PASSED [ 17%]
tests/admin_portal/employees/test_employees_shift_filter.py::test_shift_filter_active_off PASSED [ 17%]
tests/admin_portal/employees/test_employees_shift_filter.py::test_shift_filter_invalid_date_range XFAIL [ 18%]
tests/admin_portal/employees/test_employees_shift_filter.py::test_shift_filter_result_count_matches_rows 
-------------------------------- live log setup --------------------------------
WARNING  nxtwash:employees_page.py:521 Employee save did not navigate away. Page text: Employees
Add new employee
Cancel
Save employee
User settings
First Name
Last Name
Locations
VK Test carwash 2
+ 2
VK AL37
VK ZT ab24bb
VK AL36
VK AL35
VK ZT 9344b0
VK AL34
VK AL92
VK AL33
VK AL32
VK AL31
VK ZT c6d556
VK AL30
VK AL29
VK ZT 9e7bdf
VK AL28
VK AL27
VK ZT 4e248f
VK AL26
VK ZT 8f811b
VK AL25
VK AL24
VK ZT 46d34b
VK AL23
VK ZT c4a124
VK ZT d4ccd8
VK ZT 71c6f6
VK ZT 9eaa54
VK ZT ae9b9c
test 12
VK AL22
VK AL21
VK AL20
VK ZT c26508
VK AL19
VK AL18
VK ZT c54675
VK AL17
VK AL16
VK ZT 2b4279
VK AL15
VK AL14
VK ZT 146465
VK AL13
VK AL12
VK AL11
VK AL10
VK AL09
VK AL08
VK AL01
vkauto1
VK AL07
VK AL06
VK AL05
VK AL04
VK AL03
VK AL02
test123 udpated
VK Test carwash 2
VK Test Wash 01
Hire date
Employee code
Hourly wage, $
Active employee
Contact info
Email
Phone number
Address
ZIP code
State
Alaska
City
Wales
WARNING  nxtwash:conftest.py:175 Employee create did not navigate away — assuming duplicate; searching list with extended timeout
XFAIL (Shift filter panel locators (First Name input, site combobox,...) [ 18%]
tests/admin_portal/employees/test_employees_shift_filter.py::test_shift_reset_all_clears_filters 
-------------------------------- live log setup --------------------------------
WARNING  nxtwash:employees_page.py:521 Employee save did not navigate away. Page text: Employees
Add new employee
Cancel
Save employee
User settings
First Name
Last Name
Locations
VK Test carwash 2
+ 2
VK AL37
VK ZT ab24bb
VK AL36
VK AL35
VK ZT 9344b0
VK AL34
VK AL92
VK AL33
VK AL32
VK AL31
VK ZT c6d556
VK AL30
VK AL29
VK ZT 9e7bdf
VK AL28
VK AL27
VK ZT 4e248f
VK AL26
VK ZT 8f811b
VK AL25
VK AL24
VK ZT 46d34b
VK AL23
VK ZT c4a124
VK ZT d4ccd8
VK ZT 71c6f6
VK ZT 9eaa54
VK ZT ae9b9c
test 12
VK AL22
VK AL21
VK AL20
VK ZT c26508
VK AL19
VK AL18
VK ZT c54675
VK AL17
VK AL16
VK ZT 2b4279
VK AL15
VK AL14
VK ZT 146465
VK AL13
VK AL12
VK AL11
VK AL10
VK AL09
VK AL08
VK AL01
vkauto1
VK AL07
VK AL06
VK AL05
VK AL04
VK AL03
VK AL02
test123 udpated
VK Test carwash 2
VK Test Wash 01
Hire date
Employee code
Hourly wage, $
Active employee
Contact info
Email
Phone number
Address
ZIP code
State
Alaska
City
Wales
WARNING  nxtwash:conftest.py:175 Employee create did not navigate away — assuming duplicate; searching list with extended timeout
XFAIL (Shift filter panel locators (First Name input, site combobox,...) [ 18%]
tests/admin_portal/employees/test_employees_shift_list.py::test_shift_tab_loads PASSED [ 18%]
tests/admin_portal/employees/test_employees_shift_list.py::test_shift_list_displays_correct_columns XPASS [ 18%]
tests/admin_portal/employees/test_employees_shift_list.py::test_shift_empty_state_when_no_records PASSED [ 19%]
tests/admin_portal/employees/test_employees_shift_list.py::test_shift_pagination_no_negative_numbers SKIPPED [ 19%]
tests/admin_portal/employees/test_employees_shift_list.py::test_shift_search_by_exact_last_name 
-------------------------------- live log setup --------------------------------
WARNING  nxtwash:employees_page.py:521 Employee save did not navigate away. Page text: Employees
Add new employee
Cancel
Save employee
User settings
First Name
Last Name
Locations
VK Test carwash 2
+ 2
VK AL37
VK ZT ab24bb
VK AL36
VK AL35
VK ZT 9344b0
VK AL34
VK AL92
VK AL33
VK AL32
VK AL31
VK ZT c6d556
VK AL30
VK AL29
VK ZT 9e7bdf
VK AL28
VK AL27
VK ZT 4e248f
VK AL26
VK ZT 8f811b
VK AL25
VK AL24
VK ZT 46d34b
VK AL23
VK ZT c4a124
VK ZT d4ccd8
VK ZT 71c6f6
VK ZT 9eaa54
VK ZT ae9b9c
test 12
VK AL22
VK AL21
VK AL20
VK ZT c26508
VK AL19
VK AL18
VK ZT c54675
VK AL17
VK AL16
VK ZT 2b4279
VK AL15
VK AL14
VK ZT 146465
VK AL13
VK AL12
VK AL11
VK AL10
VK AL09
VK AL08
VK AL01
vkauto1
VK AL07
VK AL06
VK AL05
VK AL04
VK AL03
VK AL02
test123 udpated
VK Test carwash 2
VK Test Wash 01
Hire date
Employee code
Hourly wage, $
Active employee
Contact info
Email
Phone number
Address
ZIP code
State
Alaska
City
Wales
WARNING  nxtwash:conftest.py:175 Employee create did not navigate away — assuming duplicate; searching list with extended timeout
ERROR                                                                    [ 19%]
tests/admin_portal/employees/test_employees_shift_list.py::test_shift_search_by_partial_last_name 
-------------------------------- live log setup --------------------------------
WARNING  nxtwash:employees_page.py:521 Employee save did not navigate away. Page text: Employees
Add new employee
Cancel
Save employee
User settings
First Name
Last Name
Locations
VK Test carwash 2
+ 2
VK AL37
VK ZT ab24bb
VK AL36
VK AL35
VK ZT 9344b0
VK AL34
VK AL92
VK AL33
VK AL32
VK AL31
VK ZT c6d556
VK AL30
VK AL29
VK ZT 9e7bdf
VK AL28
VK AL27
VK ZT 4e248f
VK AL26
VK ZT 8f811b
VK AL25
VK AL24
VK ZT 46d34b
VK AL23
VK ZT c4a124
VK ZT d4ccd8
VK ZT 71c6f6
VK ZT 9eaa54
VK ZT ae9b9c
test 12
VK AL22
VK AL21
VK AL20
VK ZT c26508
VK AL19
VK AL18
VK ZT c54675
VK AL17
VK AL16
VK ZT 2b4279
VK AL15
VK AL14
VK ZT 146465
VK AL13
VK AL12
VK AL11
VK AL10
VK AL09
VK AL08
VK AL01
vkauto1
VK AL07
VK AL06
VK AL05
VK AL04
VK AL03
VK AL02
test123 udpated
VK Test carwash 2
VK Test Wash 01
Hire date
Employee code
Hourly wage, $
Active employee
Contact info
Email
Phone number
Address
ZIP code
State
Alaska
City
Wales
WARNING  nxtwash:conftest.py:175 Employee create did not navigate away — assuming duplicate; searching list with extended timeout
ERROR                                                                    [ 19%]
tests/admin_portal/employees/test_employees_shift_list.py::test_shift_search_nonexistent_shows_empty PASSED [ 19%]
tests/admin_portal/employees/test_employees_shift_list.py::test_shift_clear_search_restores_list PASSED [ 20%]
tests/admin_portal/performance_metrics/test_performance_metrics.py::test_page_loads_at_correct_url PASSED [ 20%]
tests/admin_portal/performance_metrics/test_performance_metrics.py::test_filter_modal_auto_opens PASSED [ 20%]
tests/admin_portal/performance_metrics/test_performance_metrics.py::test_filter_modal_contains_four_controls PASSED [ 20%]
tests/admin_portal/performance_metrics/test_performance_metrics.py::test_metrics_shell_renders_behind_modal PASSED [ 20%]
tests/admin_portal/performance_metrics/test_performance_metrics.py::test_page_renders_two_widgets PASSED [ 21%]
tests/admin_portal/performance_metrics/test_performance_metrics.py::test_sidebar_highlights_active_item XFAIL [ 21%]
tests/admin_portal/performance_metrics/test_performance_metrics.py::test_sites_dropdown_lists_all_active_sites PASSED [ 21%]
tests/admin_portal/performance_metrics/test_performance_metrics.py::test_modal_opens_with_default_state PASSED [ 21%]
tests/admin_portal/performance_metrics/test_performance_metrics.py::test_date_preset_dropdown_lists_six_options PASSED [ 21%]
tests/admin_portal/performance_metrics/test_performance_metrics.py::test_preset_auto_updates_date_range PASSED [ 22%]
tests/admin_portal/performance_metrics/test_performance_metrics.py::test_apply_closes_modal_and_renders_widgets PASSED [ 22%]
tests/admin_portal/performance_metrics/test_performance_metrics.py::test_filter_values_reflected_in_page_bar PASSED [ 22%]
tests/admin_portal/performance_metrics/test_performance_metrics.py::test_modal_does_not_reopen_from_page_bar PASSED [ 22%]
tests/admin_portal/performance_metrics/test_performance_metrics.py::test_sites_dropdown_uses_checkboxes PASSED [ 22%]
tests/admin_portal/performance_metrics/test_performance_metrics.py::test_all_sites_option_present_and_default PASSED [ 23%]
tests/admin_portal/performance_metrics/test_performance_metrics.py::test_all_sites_aggregates_data PASSED [ 23%]
tests/admin_portal/performance_metrics/test_performance_metrics.py::test_single_site_scopes_both_widgets PASSED [ 23%]
tests/admin_portal/performance_metrics/test_performance_metrics.py::test_multiple_sites_aggregate_data XFAIL [ 23%]
tests/admin_portal/performance_metrics/test_performance_metrics.py::test_membership_history_site_name_scoped XFAIL [ 24%]
tests/admin_portal/performance_metrics/test_performance_metrics.py::test_selected_sites_render_as_chips PASSED [ 24%]
tests/admin_portal/performance_metrics/test_performance_metrics.py::test_checkbox_state_reflects_selection PASSED [ 24%]
tests/admin_portal/performance_metrics/test_performance_metrics.py::test_unchecking_removes_site PASSED [ 24%]
tests/admin_portal/performance_metrics/test_performance_metrics.py::test_clear_all_removes_all_sites PASSED [ 24%]
tests/admin_portal/performance_metrics/test_performance_metrics.py::test_dropdown_scrolls_with_many_options PASSED [ 25%]
tests/admin_portal/performance_metrics/test_performance_metrics.py::test_page_level_site_change_auto_applies PASSED [ 25%]
tests/admin_portal/performance_metrics/test_performance_metrics.py::test_deactivated_sites_excluded PASSED [ 25%]
tests/admin_portal/performance_metrics/test_performance_metrics.py::test_page_level_preset_dropdown_has_six_options PASSED [ 25%]
tests/admin_portal/performance_metrics/test_performance_metrics.py::test_date_preset_sets_correct_range[Today] PASSED [ 25%]
tests/admin_portal/performance_metrics/test_performance_metrics.py::test_date_preset_sets_correct_range[Yesterday] PASSED [ 26%]
tests/admin_portal/performance_metrics/test_performance_metrics.py::test_date_preset_sets_correct_range[This week] PASSED [ 26%]
tests/admin_portal/performance_metrics/test_performance_metrics.py::test_date_preset_sets_correct_range[Last week] PASSED [ 26%]
tests/admin_portal/performance_metrics/test_performance_metrics.py::test_date_preset_sets_correct_range[This month] PASSED [ 26%]
tests/admin_portal/performance_metrics/test_performance_metrics.py::test_date_preset_sets_correct_range[Last month] PASSED [ 26%]
tests/admin_portal/performance_metrics/test_performance_metrics.py::test_custom_range_calendar_picker_opens PASSED [ 27%]
tests/admin_portal/performance_metrics/test_performance_metrics.py::test_today_highlighted_in_calendar PASSED [ 27%]
tests/admin_portal/performance_metrics/test_performance_metrics.py::test_future_dates_not_selectable PASSED [ 27%]
tests/admin_portal/performance_metrics/test_performance_metrics.py::test_custom_range_updates_and_refreshes PASSED [ 27%]
tests/admin_portal/performance_metrics/test_performance_metrics.py::test_clear_date_range_button XFAIL [ 27%]
tests/admin_portal/performance_metrics/test_performance_metrics.py::test_single_day_range_shows_cvr_constraint PASSED [ 28%]
tests/admin_portal/performance_metrics/test_performance_metrics.py::test_month_boundary_spanning_range PASSED [ 28%]
tests/admin_portal/performance_metrics/test_performance_metrics.py::test_multi_year_range_no_error PASSED [ 28%]
tests/admin_portal/performance_metrics/test_performance_metrics.py::test_preset_change_in_page_bar_auto_applies PASSED [ 28%]
tests/admin_portal/performance_metrics/test_performance_metrics.py::test_conversion_rate_chart_renders PASSED [ 28%]
tests/admin_portal/performance_metrics/test_performance_metrics.py::test_cvr_week_range_boundary[CVR-002-CVR-003-short_range] PASSED [ 29%]
tests/admin_portal/performance_metrics/test_performance_metrics.py::test_cvr_week_range_boundary[CVR-004-gte_7days] PASSED [ 29%]
tests/admin_portal/performance_metrics/test_performance_metrics.py::test_cvr_legend_shows_series_name PASSED [ 29%]
tests/admin_portal/performance_metrics/test_performance_metrics.py::test_cvr_y_axis_percentage_range PASSED [ 29%]
tests/admin_portal/performance_metrics/test_performance_metrics.py::test_cvr_rerenders_on_filter_change PASSED [ 29%]
tests/admin_portal/performance_metrics/test_performance_metrics.py::test_membership_history_table_renders PASSED [ 30%]
tests/admin_portal/performance_metrics/test_performance_metrics.py::test_default_column_headers[Date] PASSED [ 30%]
tests/admin_portal/performance_metrics/test_performance_metrics.py::test_default_column_headers[Site Name] PASSED [ 30%]
tests/admin_portal/performance_metrics/test_performance_metrics.py::test_default_column_headers[Total] PASSED [ 30%]
tests/admin_portal/performance_metrics/test_performance_metrics.py::test_default_column_headers[Recurring] PASSED [ 31%]
tests/admin_portal/performance_metrics/test_performance_metrics.py::test_default_column_headers[Prepaid] PASSED [ 31%]
tests/admin_portal/performance_metrics/test_performance_metrics.py::test_default_column_headers[New] PASSED [ 31%]
tests/admin_portal/performance_metrics/test_performance_metrics.py::test_default_column_headers[New Recurring] PASSED [ 31%]
tests/admin_portal/performance_metrics/test_performance_metrics.py::test_default_column_headers[New Prepaid] PASSED [ 31%]
tests/admin_portal/performance_metrics/test_performance_metrics.py::test_default_column_headers[Resignup] PASSED [ 32%]
tests/admin_portal/performance_metrics/test_performance_metrics.py::test_default_column_headers[Recharges] PASSED [ 32%]
tests/admin_portal/performance_metrics/test_performance_metrics.py::test_default_column_headers[Current day recharges] PASSED [ 32%]
tests/admin_portal/performance_metrics/test_performance_metrics.py::test_default_column_headers[Prev. day recharge] PASSED [ 32%]
tests/admin_portal/performance_metrics/test_performance_metrics.py::test_default_column_headers[Cancelled] PASSED [ 32%]
tests/admin_portal/performance_metrics/test_performance_metrics.py::test_default_column_headers[Declined] PASSED [ 33%]
tests/admin_portal/performance_metrics/test_performance_metrics.py::test_default_column_headers[Declined & Canceled] PASSED [ 33%]
tests/admin_portal/performance_metrics/test_performance_metrics.py::test_default_column_headers[Current day declines count] PASSED [ 33%]
tests/admin_portal/performance_metrics/test_performance_metrics.py::test_default_column_headers[Previous day declines count] PASSED [ 33%]
tests/admin_portal/performance_metrics/test_performance_metrics.py::test_default_column_headers[Net movement] PASSED [ 33%]
tests/admin_portal/performance_metrics/test_performance_metrics.py::test_no_data_message_when_empty PASSED [ 34%]
tests/admin_portal/performance_metrics/test_performance_metrics.py::test_rows_sorted_descending_by_date PASSED [ 34%]
tests/admin_portal/performance_metrics/test_performance_metrics.py::test_mht_includes_most_recent_rows PASSED [ 34%]
tests/admin_portal/performance_metrics/test_performance_metrics.py::test_date_cells_with_weekday_and_color PASSED [ 34%]
tests/admin_portal/performance_metrics/test_performance_metrics.py::test_column_headers_have_sort_controls XFAIL [ 34%]
tests/admin_portal/performance_metrics/test_performance_metrics.py::test_clicking_header_toggles_sort XFAIL [ 35%]
tests/admin_portal/performance_metrics/test_performance_metrics.py::test_horizontal_scrollbar_visible PASSED [ 35%]
tests/admin_portal/performance_metrics/test_performance_metrics.py::test_color_coded_semantics PASSED [ 35%]
tests/admin_portal/performance_metrics/test_performance_metrics.py::test_zero_values_render_as_zero PASSED [ 35%]
tests/admin_portal/performance_metrics/test_performance_metrics.py::test_cancelled_vs_canceled_spelling PASSED [ 35%]
tests/admin_portal/performance_metrics/test_performance_metrics.py::test_resignup_label_mismatch PASSED [ 36%]
tests/admin_portal/performance_metrics/test_performance_metrics.py::test_mht_updates_on_filter_change PASSED [ 36%]
tests/admin_portal/performance_metrics/test_performance_metrics.py::test_settings_icon_opens_modal PASSED [ 36%]
tests/admin_portal/performance_metrics/test_performance_metrics.py::test_modal_lists_17_column_toggles PASSED [ 36%]
tests/admin_portal/performance_metrics/test_performance_metrics.py::test_all_toggles_on_by_default PASSED [ 36%]
tests/admin_portal/performance_metrics/test_performance_metrics.py::TestColumnSettings::test_toggle_off_removes_column PASSED [ 37%]
tests/admin_portal/performance_metrics/test_performance_metrics.py::TestColumnSettings::test_toggle_on_restores_column PASSED [ 37%]
tests/admin_portal/performance_metrics/test_performance_metrics.py::TestColumnSettings::test_master_switch_toggles_all_off PASSED [ 37%]
tests/admin_portal/performance_metrics/test_performance_metrics.py::TestColumnSettings::test_date_column_always_visible PASSED [ 37%]
tests/admin_portal/wash_books/test_customer_wash_books_dependency.py::test_only_active_wash_books_in_cwb_dropdown PASSED [ 37%]
tests/admin_portal/wash_books/test_customer_wash_books_dependency.py::test_cwb_washes_reflect_template_wash_book 2026-07-28 20:17:18,642 ERROR nxtwash: Test FAILED: tests/admin_portal/wash_books/test_customer_wash_books_dependency.py::test_cwb_washes_reflect_template_wash_book (url: https://staging.nxtwash.com/services/customerWashBooks/new)

-------------------------------- live log call ---------------------------------
ERROR    nxtwash:conftest.py:241 Test FAILED: tests/admin_portal/wash_books/test_customer_wash_books_dependency.py::test_cwb_washes_reflect_template_wash_book (url: https://staging.nxtwash.com/services/customerWashBooks/new)
2026-07-28 20:17:19,280 ERROR nxtwash: Visible page text at failure:
Customer wash books
Add customer wash book
Cancel
Save customer wash book
Select site
Select site
Select wash book
No options
Select customer
Enter at least 2 letters to load customers
Wash book number
Number of washes
Expiration date
Active customer wash book
ERROR    nxtwash:conftest.py:256 Visible page text at failure:
Customer wash books
Add customer wash book
Cancel
Save customer wash book
Select site
Select site
Select wash book
No options
Select customer
Enter at least 2 letters to load customers
Wash book number
Number of washes
Expiration date
Active customer wash book
FAILED                                                                   [ 38%]
tests/admin_portal/wash_books/test_customer_wash_books_edge_cases.py::test_cwb_customer_search_requires_two_characters PASSED [ 38%]
tests/admin_portal/wash_books/test_customer_wash_books_edge_cases.py::test_cwb_past_expiration_date_behaviour SKIPPED [ 38%]
tests/admin_portal/wash_books/test_customer_wash_books_edit.py::test_edit_cwb_number_of_washes_persists 2026-07-28 20:18:27,460 ERROR nxtwash: Test FAILED: tests/admin_portal/wash_books/test_customer_wash_books_edit.py::test_edit_cwb_number_of_washes_persists (url: https://staging.nxtwash.com/services/customerWashBooks/new)

-------------------------------- live log call ---------------------------------
ERROR    nxtwash:conftest.py:241 Test FAILED: tests/admin_portal/wash_books/test_customer_wash_books_edit.py::test_edit_cwb_number_of_washes_persists (url: https://staging.nxtwash.com/services/customerWashBooks/new)
2026-07-28 20:18:28,071 ERROR nxtwash: Visible page text at failure:
Customer wash books
Add customer wash book
Cancel
Save customer wash book
Select site
Select site
Select wash book
No options
Select customer
Enter at least 2 letters to load customers
Wash book number
Number of washes
Expiration date
Active customer wash book
ERROR    nxtwash:conftest.py:256 Visible page text at failure:
Customer wash books
Add customer wash book
Cancel
Save customer wash book
Select site
Select site
Select wash book
No options
Select customer
Enter at least 2 letters to load customers
Wash book number
Number of washes
Expiration date
Active customer wash book
FAILED                                                                   [ 38%]
tests/admin_portal/wash_books/test_customer_wash_books_edit.py::test_edit_cwb_expiration_date_persists SKIPPED [ 39%]
tests/admin_portal/wash_books/test_customer_wash_books_edit.py::test_activate_customer_wash_book 2026-07-28 20:19:22,215 ERROR nxtwash: Test FAILED: tests/admin_portal/wash_books/test_customer_wash_books_edit.py::test_activate_customer_wash_book (url: https://staging.nxtwash.com/services/customerWashBooks/new)

-------------------------------- live log call ---------------------------------
ERROR    nxtwash:conftest.py:241 Test FAILED: tests/admin_portal/wash_books/test_customer_wash_books_edit.py::test_activate_customer_wash_book (url: https://staging.nxtwash.com/services/customerWashBooks/new)
2026-07-28 20:19:22,842 ERROR nxtwash: Visible page text at failure:
Customer wash books
Add customer wash book
Cancel
Save customer wash book
Select site
Select site
Select wash book
No options
Select customer
Enter at least 2 letters to load customers
Wash book number
Number of washes
Expiration date
Active customer wash book
ERROR    nxtwash:conftest.py:256 Visible page text at failure:
Customer wash books
Add customer wash book
Cancel
Save customer wash book
Select site
Select site
Select wash book
No options
Select customer
Enter at least 2 letters to load customers
Wash book number
Number of washes
Expiration date
Active customer wash book
FAILED                                                                   [ 39%]
tests/admin_portal/wash_books/test_customer_wash_books_edit.py::test_deactivate_customer_wash_book 2026-07-28 20:20:17,726 ERROR nxtwash: Test FAILED: tests/admin_portal/wash_books/test_customer_wash_books_edit.py::test_deactivate_customer_wash_book (url: https://staging.nxtwash.com/services/customerWashBooks/new)

-------------------------------- live log call ---------------------------------
ERROR    nxtwash:conftest.py:241 Test FAILED: tests/admin_portal/wash_books/test_customer_wash_books_edit.py::test_deactivate_customer_wash_book (url: https://staging.nxtwash.com/services/customerWashBooks/new)
2026-07-28 20:20:18,360 ERROR nxtwash: Visible page text at failure:
Customer wash books
Add customer wash book
Cancel
Save customer wash book
Select site
Select site
Select wash book
No options
Select customer
Enter at least 2 letters to load customers
Wash book number
Number of washes
Expiration date
Active customer wash book
ERROR    nxtwash:conftest.py:256 Visible page text at failure:
Customer wash books
Add customer wash book
Cancel
Save customer wash book
Select site
Select site
Select wash book
No options
Select customer
Enter at least 2 letters to load customers
Wash book number
Number of washes
Expiration date
Active customer wash book
FAILED                                                                   [ 39%]
tests/admin_portal/wash_books/test_customer_wash_books_negative.py::test_create_cwb_blank_wash_book_selection_blocked PASSED [ 39%]
tests/admin_portal/wash_books/test_customer_wash_books_negative.py::test_create_cwb_blank_wash_book_number_blocked PASSED [ 39%]
tests/admin_portal/wash_books/test_customer_wash_books_negative.py::test_create_cwb_blank_number_of_washes_blocked PASSED [ 40%]
tests/admin_portal/wash_books/test_customer_wash_books_negative.py::test_create_cwb_duplicate_number_rejected 2026-07-28 20:21:59,248 ERROR nxtwash: Test FAILED: tests/admin_portal/wash_books/test_customer_wash_books_negative.py::test_create_cwb_duplicate_number_rejected (url: https://staging.nxtwash.com/services/customerWashBooks/new)

-------------------------------- live log call ---------------------------------
ERROR    nxtwash:conftest.py:241 Test FAILED: tests/admin_portal/wash_books/test_customer_wash_books_negative.py::test_create_cwb_duplicate_number_rejected (url: https://staging.nxtwash.com/services/customerWashBooks/new)
2026-07-28 20:21:59,866 ERROR nxtwash: Visible page text at failure:
Customer wash books
Add customer wash book
Cancel
Save customer wash book
Select site
Select site
Select wash book
No options
Select customer
Enter at least 2 letters to load customers
Wash book number
Number of washes
Expiration date
Active customer wash book
ERROR    nxtwash:conftest.py:256 Visible page text at failure:
Customer wash books
Add customer wash book
Cancel
Save customer wash book
Select site
Select site
Select wash book
No options
Select customer
Enter at least 2 letters to load customers
Wash book number
Number of washes
Expiration date
Active customer wash book
FAILED                                                                   [ 40%]
tests/admin_portal/wash_books/test_customer_wash_books_positive.py::test_create_customer_wash_book 2026-07-28 20:22:54,984 ERROR nxtwash: Test FAILED: tests/admin_portal/wash_books/test_customer_wash_books_positive.py::test_create_customer_wash_book (url: https://staging.nxtwash.com/services/customerWashBooks/new)

-------------------------------- live log call ---------------------------------
ERROR    nxtwash:conftest.py:241 Test FAILED: tests/admin_portal/wash_books/test_customer_wash_books_positive.py::test_create_customer_wash_book (url: https://staging.nxtwash.com/services/customerWashBooks/new)
2026-07-28 20:22:55,615 ERROR nxtwash: Visible page text at failure:
Customer wash books
Add customer wash book
Cancel
Save customer wash book
Select site
Select site
Select wash book
No options
Select customer
Enter at least 2 letters to load customers
Wash book number
Number of washes
Expiration date
Active customer wash book
ERROR    nxtwash:conftest.py:256 Visible page text at failure:
Customer wash books
Add customer wash book
Cancel
Save customer wash book
Select site
Select site
Select wash book
No options
Select customer
Enter at least 2 letters to load customers
Wash book number
Number of washes
Expiration date
Active customer wash book
FAILED                                                                   [ 40%]
tests/admin_portal/wash_books/test_customer_wash_books_positive.py::test_create_cwb_with_site_selection SKIPPED [ 40%]
tests/admin_portal/wash_books/test_customer_wash_books_positive.py::test_create_cwb_with_expiration_date SKIPPED [ 40%]
tests/admin_portal/wash_books/test_customer_wash_books_positive.py::test_create_cwb_is_active_by_default SKIPPED [ 41%]
tests/admin_portal/wash_books/test_customer_wash_books_search_filter.py::test_cwb_search_by_exact_number 2026-07-28 20:23:49,861 ERROR nxtwash: Test FAILED: tests/admin_portal/wash_books/test_customer_wash_books_search_filter.py::test_cwb_search_by_exact_number (url: https://staging.nxtwash.com/services/customerWashBooks/new)

-------------------------------- live log call ---------------------------------
ERROR    nxtwash:conftest.py:241 Test FAILED: tests/admin_portal/wash_books/test_customer_wash_books_search_filter.py::test_cwb_search_by_exact_number (url: https://staging.nxtwash.com/services/customerWashBooks/new)
2026-07-28 20:23:50,463 ERROR nxtwash: Visible page text at failure:
Customer wash books
Add customer wash book
Cancel
Save customer wash book
Select site
Select site
Select wash book
No options
Select customer
Enter at least 2 letters to load customers
Wash book number
Number of washes
Expiration date
Active customer wash book
ERROR    nxtwash:conftest.py:256 Visible page text at failure:
Customer wash books
Add customer wash book
Cancel
Save customer wash book
Select site
Select site
Select wash book
No options
Select customer
Enter at least 2 letters to load customers
Wash book number
Number of washes
Expiration date
Active customer wash book
FAILED                                                                   [ 41%]
tests/admin_portal/wash_books/test_customer_wash_books_search_filter.py::test_cwb_search_by_partial_number 2026-07-28 20:24:53,603 ERROR nxtwash: Test FAILED: tests/admin_portal/wash_books/test_customer_wash_books_search_filter.py::test_cwb_search_by_partial_number (url: https://staging.nxtwash.com/services/customerWashBooks/new)

-------------------------------- live log call ---------------------------------
ERROR    nxtwash:conftest.py:241 Test FAILED: tests/admin_portal/wash_books/test_customer_wash_books_search_filter.py::test_cwb_search_by_partial_number (url: https://staging.nxtwash.com/services/customerWashBooks/new)
2026-07-28 20:24:54,262 ERROR nxtwash: Visible page text at failure:
Customer wash books
Add customer wash book
Cancel
Save customer wash book
Select site
Select site
Select wash book
No options
Select customer
Enter at least 2 letters to load customers
Wash book number
Number of washes
Expiration date
Active customer wash book
ERROR    nxtwash:conftest.py:256 Visible page text at failure:
Customer wash books
Add customer wash book
Cancel
Save customer wash book
Select site
Select site
Select wash book
No options
Select customer
Enter at least 2 letters to load customers
Wash book number
Number of washes
Expiration date
Active customer wash book
FAILED                                                                   [ 41%]
tests/admin_portal/wash_books/test_customer_wash_books_search_filter.py::test_cwb_search_non_existing_number_shows_empty_state PASSED [ 41%]
tests/admin_portal/wash_books/test_customer_wash_books_search_filter.py::test_cwb_filter_by_site_narrows_results PASSED [ 41%]
tests/admin_portal/wash_books/test_customer_wash_books_search_filter.py::test_cwb_filter_reset_all_restores_list PASSED [ 42%]
tests/admin_portal/wash_books/test_customer_wash_books_ui.py::test_customer_wash_books_tab_loads_with_controls PASSED [ 42%]
tests/admin_portal/wash_books/test_customer_wash_books_ui.py::test_customer_wash_books_grid_columns_are_visible PASSED [ 42%]
tests/admin_portal/wash_books/test_customer_wash_books_ui.py::test_customer_wash_books_export_file_validation XFAIL [ 42%]
tests/admin_portal/wash_books/test_wash_books_dependency.py::test_active_wash_book_available_for_cwb_creation SKIPPED [ 42%]
tests/admin_portal/wash_books/test_wash_books_dependency.py::test_deactivated_wash_book_not_available_for_cwb_creation SKIPPED [ 43%]
tests/admin_portal/wash_books/test_wash_books_dependency.py::test_valid_points_awarded_saves SKIPPED [ 43%]
tests/admin_portal/wash_books/test_wash_books_dependency.py::test_duplicate_barcode_rejected SKIPPED [ 43%]
tests/admin_portal/wash_books/test_wash_books_dependency.py::test_description_shows_on_customer_portal SKIPPED [ 43%]
tests/admin_portal/wash_books/test_wash_books_dependency.py::test_customer_portal_enabled_wash_book_visible SKIPPED [ 43%]
tests/admin_portal/wash_books/test_wash_books_edge_cases.py::test_wash_book_long_description_does_not_break_form 2026-07-28 20:28:23,096 ERROR nxtwash: Test FAILED: tests/admin_portal/wash_books/test_wash_books_edge_cases.py::test_wash_book_long_description_does_not_break_form (url: https://staging.nxtwash.com/services/washBooks)

-------------------------------- live log call ---------------------------------
ERROR    nxtwash:conftest.py:241 Test FAILED: tests/admin_portal/wash_books/test_wash_books_edge_cases.py::test_wash_book_long_description_does_not_break_form (url: https://staging.nxtwash.com/services/washBooks)
2026-07-28 20:28:23,690 ERROR nxtwash: Visible page text at failure:
Wash books
Filter by (1)
+ Add new wash book
Wash books
Customer wash books
ID
Wash book name
Washes number
Price
Status
No records available
Page
of
0
Results per page
100
Showing 0 - 0 of 0
ERROR    nxtwash:conftest.py:256 Visible page text at failure:
Wash books
Filter by (1)
+ Add new wash book
Wash books
Customer wash books
ID
Wash book name
Washes number
Price
Status
No records available
Page
of
0
Results per page
100
Showing 0 - 0 of 0
FAILED                                                                   [ 44%]
tests/admin_portal/wash_books/test_wash_books_edit.py::test_edit_wash_book_description 2026-07-28 20:30:40,552 ERROR nxtwash: Test FAILED: tests/admin_portal/wash_books/test_wash_books_edit.py::test_edit_wash_book_description (url: https://staging.nxtwash.com/services/washBooks)

-------------------------------- live log call ---------------------------------
ERROR    nxtwash:conftest.py:241 Test FAILED: tests/admin_portal/wash_books/test_wash_books_edit.py::test_edit_wash_book_description (url: https://staging.nxtwash.com/services/washBooks)
2026-07-28 20:30:41,189 ERROR nxtwash: Visible page text at failure:
Wash books
Filter by (1)
+ Add new wash book
Wash books
Customer wash books
ID
Wash book name
Washes number
Price
Status
No records available
Page
of
0
Results per page
100
Showing 0 - 0 of 0
ERROR    nxtwash:conftest.py:256 Visible page text at failure:
Wash books
Filter by (1)
+ Add new wash book
Wash books
Customer wash books
ID
Wash book name
Washes number
Price
Status
No records available
Page
of
0
Results per page
100
Showing 0 - 0 of 0
FAILED                                                                   [ 44%]
tests/admin_portal/wash_books/test_wash_books_edit.py::test_edit_wash_book_name_persists 2026-07-28 20:32:59,380 ERROR nxtwash: Test FAILED: tests/admin_portal/wash_books/test_wash_books_edit.py::test_edit_wash_book_name_persists (url: https://staging.nxtwash.com/services/washBooks)

-------------------------------- live log call ---------------------------------
ERROR    nxtwash:conftest.py:241 Test FAILED: tests/admin_portal/wash_books/test_wash_books_edit.py::test_edit_wash_book_name_persists (url: https://staging.nxtwash.com/services/washBooks)
2026-07-28 20:33:00,009 ERROR nxtwash: Visible page text at failure:
Wash books
Filter by (1)
+ Add new wash book
Wash books
Customer wash books
ID
Wash book name
Washes number
Price
Status
No records available
Page
of
0
Results per page
100
Showing 0 - 0 of 0
ERROR    nxtwash:conftest.py:256 Visible page text at failure:
Wash books
Filter by (1)
+ Add new wash book
Wash books
Customer wash books
ID
Wash book name
Washes number
Price
Status
No records available
Page
of
0
Results per page
100
Showing 0 - 0 of 0
FAILED                                                                   [ 44%]
tests/admin_portal/wash_books/test_wash_books_edit.py::test_edit_wash_book_global_price_persists 2026-07-28 20:35:30,233 ERROR nxtwash: Test FAILED: tests/admin_portal/wash_books/test_wash_books_edit.py::test_edit_wash_book_global_price_persists (url: https://staging.nxtwash.com/services/washBooks)

-------------------------------- live log call ---------------------------------
ERROR    nxtwash:conftest.py:241 Test FAILED: tests/admin_portal/wash_books/test_wash_books_edit.py::test_edit_wash_book_global_price_persists (url: https://staging.nxtwash.com/services/washBooks)
2026-07-28 20:35:30,839 ERROR nxtwash: Visible page text at failure:
Wash books
Filter by (1)
+ Add new wash book
Wash books
Customer wash books
ID
Wash book name
Washes number
Price
Status
No records available
Page
of
0
Results per page
100
Showing 0 - 0 of 0
ERROR    nxtwash:conftest.py:256 Visible page text at failure:
Wash books
Filter by (1)
+ Add new wash book
Wash books
Customer wash books
ID
Wash book name
Washes number
Price
Status
No records available
Page
of
0
Results per page
100
Showing 0 - 0 of 0
FAILED                                                                   [ 44%]
tests/admin_portal/wash_books/test_wash_books_edit.py::test_edit_wash_book_number_of_washes_persists 2026-07-28 20:37:49,683 ERROR nxtwash: Test FAILED: tests/admin_portal/wash_books/test_wash_books_edit.py::test_edit_wash_book_number_of_washes_persists (url: https://staging.nxtwash.com/services/washBooks)

-------------------------------- live log call ---------------------------------
ERROR    nxtwash:conftest.py:241 Test FAILED: tests/admin_portal/wash_books/test_wash_books_edit.py::test_edit_wash_book_number_of_washes_persists (url: https://staging.nxtwash.com/services/washBooks)
2026-07-28 20:37:50,371 ERROR nxtwash: Visible page text at failure:
Wash books
Filter by (1)
+ Add new wash book
Wash books
Customer wash books
ID
Wash book name
Washes number
Price
Status
No records available
Page
of
0
Results per page
100
Showing 0 - 0 of 0
ERROR    nxtwash:conftest.py:256 Visible page text at failure:
Wash books
Filter by (1)
+ Add new wash book
Wash books
Customer wash books
ID
Wash book name
Washes number
Price
Status
No records available
Page
of
0
Results per page
100
Showing 0 - 0 of 0
FAILED                                                                   [ 44%]
tests/admin_portal/wash_books/test_wash_books_edit.py::test_edit_wash_book_site_assignment_persists XFAIL [ 45%]
tests/admin_portal/wash_books/test_wash_books_edit.py::test_edit_wash_book_global_commission_persists 2026-07-28 20:42:33,010 ERROR nxtwash: Test FAILED: tests/admin_portal/wash_books/test_wash_books_edit.py::test_edit_wash_book_global_commission_persists (url: https://staging.nxtwash.com/services/washBooks)

-------------------------------- live log call ---------------------------------
ERROR    nxtwash:conftest.py:241 Test FAILED: tests/admin_portal/wash_books/test_wash_books_edit.py::test_edit_wash_book_global_commission_persists (url: https://staging.nxtwash.com/services/washBooks)
2026-07-28 20:42:33,645 ERROR nxtwash: Visible page text at failure:
Wash books
Filter by (1)
+ Add new wash book
Wash books
Customer wash books
ID
Wash book name
Washes number
Price
Status
No records available
Page
of
0
Results per page
100
Showing 0 - 0 of 0
ERROR    nxtwash:conftest.py:256 Visible page text at failure:
Wash books
Filter by (1)
+ Add new wash book
Wash books
Customer wash books
ID
Wash book name
Washes number
Price
Status
No records available
Page
of
0
Results per page
100
Showing 0 - 0 of 0
FAILED                                                                   [ 45%]
tests/admin_portal/wash_books/test_wash_books_edit.py::test_activate_wash_book 2026-07-28 20:44:51,364 ERROR nxtwash: Test FAILED: tests/admin_portal/wash_books/test_wash_books_edit.py::test_activate_wash_book (url: https://staging.nxtwash.com/services/washBooks)

-------------------------------- live log call ---------------------------------
ERROR    nxtwash:conftest.py:241 Test FAILED: tests/admin_portal/wash_books/test_wash_books_edit.py::test_activate_wash_book (url: https://staging.nxtwash.com/services/washBooks)
2026-07-28 20:44:51,961 ERROR nxtwash: Visible page text at failure:
Wash books
Filter by (1)
+ Add new wash book
Wash books
Customer wash books
ID
Wash book name
Washes number
Price
Status
No records available
Page
of
0
Results per page
100
Showing 0 - 0 of 0
ERROR    nxtwash:conftest.py:256 Visible page text at failure:
Wash books
Filter by (1)
+ Add new wash book
Wash books
Customer wash books
ID
Wash book name
Washes number
Price
Status
No records available
Page
of
0
Results per page
100
Showing 0 - 0 of 0
FAILED                                                                   [ 45%]
tests/admin_portal/wash_books/test_wash_books_edit.py::test_deactivate_wash_book 2026-07-28 20:47:07,366 ERROR nxtwash: Test FAILED: tests/admin_portal/wash_books/test_wash_books_edit.py::test_deactivate_wash_book (url: https://staging.nxtwash.com/services/washBooks)

-------------------------------- live log call ---------------------------------
ERROR    nxtwash:conftest.py:241 Test FAILED: tests/admin_portal/wash_books/test_wash_books_edit.py::test_deactivate_wash_book (url: https://staging.nxtwash.com/services/washBooks)
2026-07-28 20:47:07,990 ERROR nxtwash: Visible page text at failure:
Wash books
Filter by (1)
+ Add new wash book
Wash books
Customer wash books
ID
Wash book name
Washes number
Price
Status
No records available
Page
of
0
Results per page
100
Showing 0 - 0 of 0
ERROR    nxtwash:conftest.py:256 Visible page text at failure:
Wash books
Filter by (1)
+ Add new wash book
Wash books
Customer wash books
ID
Wash book name
Washes number
Price
Status
No records available
Page
of
0
Results per page
100
Showing 0 - 0 of 0
FAILED                                                                   [ 45%]
tests/admin_portal/wash_books/test_wash_books_negative.py::test_wash_books_special_character_search_stays_usable PASSED [ 45%]
tests/admin_portal/wash_books/test_wash_books_negative.py::test_duplicate_wash_book_name_is_blocked PASSED [ 46%]
tests/admin_portal/wash_books/test_wash_books_negative.py::test_whitespace_only_wash_book_name_is_rejected PASSED [ 46%]
tests/admin_portal/wash_books/test_wash_books_negative.py::test_negative_number_of_washes_is_rejected PASSED [ 46%]
tests/admin_portal/wash_books/test_wash_books_negative.py::test_negative_global_price_is_rejected PASSED [ 46%]
tests/admin_portal/wash_books/test_wash_books_negative.py::test_negative_global_commission_is_rejected PASSED [ 47%]
tests/admin_portal/wash_books/test_wash_books_positive.py::test_create_wash_book 2026-07-28 20:50:35,307 ERROR nxtwash: Test FAILED: tests/admin_portal/wash_books/test_wash_books_positive.py::test_create_wash_book (url: https://staging.nxtwash.com/services/washBooks)

-------------------------------- live log call ---------------------------------
ERROR    nxtwash:conftest.py:241 Test FAILED: tests/admin_portal/wash_books/test_wash_books_positive.py::test_create_wash_book (url: https://staging.nxtwash.com/services/washBooks)
2026-07-28 20:50:35,898 ERROR nxtwash: Visible page text at failure:
Wash books
Filter by (1)
+ Add new wash book
Wash books
Customer wash books
ID
Wash book name
Washes number
Price
Status
No records available
Page
of
0
Results per page
100
Showing 0 - 0 of 0
ERROR    nxtwash:conftest.py:256 Visible page text at failure:
Wash books
Filter by (1)
+ Add new wash book
Wash books
Customer wash books
ID
Wash book name
Washes number
Price
Status
No records available
Page
of
0
Results per page
100
Showing 0 - 0 of 0
FAILED                                                                   [ 47%]
tests/admin_portal/wash_books/test_wash_books_positive.py::test_wash_book_settings_persist 2026-07-28 20:52:54,689 ERROR nxtwash: Test FAILED: tests/admin_portal/wash_books/test_wash_books_positive.py::test_wash_book_settings_persist (url: https://staging.nxtwash.com/services/washBooks)

-------------------------------- live log call ---------------------------------
ERROR    nxtwash:conftest.py:241 Test FAILED: tests/admin_portal/wash_books/test_wash_books_positive.py::test_wash_book_settings_persist (url: https://staging.nxtwash.com/services/washBooks)
2026-07-28 20:52:55,318 ERROR nxtwash: Visible page text at failure:
Wash books
Filter by (1)
+ Add new wash book
Wash books
Customer wash books
ID
Wash book name
Washes number
Price
Status
No records available
Page
of
0
Results per page
100
Showing 0 - 0 of 0
ERROR    nxtwash:conftest.py:256 Visible page text at failure:
Wash books
Filter by (1)
+ Add new wash book
Wash books
Customer wash books
ID
Wash book name
Washes number
Price
Status
No records available
Page
of
0
Results per page
100
Showing 0 - 0 of 0
FAILED                                                                   [ 47%]
tests/admin_portal/wash_books/test_wash_books_positive.py::test_create_inactive_wash_book PASSED [ 47%]
tests/admin_portal/wash_books/test_wash_books_positive.py::test_wash_book_decimal_price_accepted PASSED [ 47%]
tests/admin_portal/wash_books/test_wash_books_positive.py::test_customer_portal_switch_is_off_by_default PASSED [ 48%]
tests/admin_portal/wash_books/test_wash_books_positive.py::test_wash_book_zero_loyalty_points_accepted PASSED [ 48%]
tests/admin_portal/wash_books/test_wash_books_positive.py::test_wash_book_save_without_loyalty_points_succeeds PASSED [ 48%]
tests/admin_portal/wash_books/test_wash_books_redemption.py::test_redemption_at_site_with_wash_package_persists 2026-07-28 20:56:15,132 ERROR nxtwash: Test FAILED: tests/admin_portal/wash_books/test_wash_books_redemption.py::test_redemption_at_site_with_wash_package_persists (url: https://staging.nxtwash.com/services/washBooks)

-------------------------------- live log call ---------------------------------
ERROR    nxtwash:conftest.py:241 Test FAILED: tests/admin_portal/wash_books/test_wash_books_redemption.py::test_redemption_at_site_with_wash_package_persists (url: https://staging.nxtwash.com/services/washBooks)
2026-07-28 20:56:15,750 ERROR nxtwash: Visible page text at failure:
Wash books
Filter by (1)
+ Add new wash book
Wash books
Customer wash books
ID
Wash book name
Washes number
Price
Status
No records available
Page
of
0
Results per page
100
Showing 0 - 0 of 0
ERROR    nxtwash:conftest.py:256 Visible page text at failure:
Wash books
Filter by (1)
+ Add new wash book
Wash books
Customer wash books
ID
Wash book name
Washes number
Price
Status
No records available
Page
of
0
Results per page
100
Showing 0 - 0 of 0
FAILED                                                                   [ 48%]
tests/admin_portal/wash_books/test_wash_books_redemption.py::test_redemption_site_without_wash_package_behaviour 2026-07-28 20:58:28,507 ERROR nxtwash: Test FAILED: tests/admin_portal/wash_books/test_wash_books_redemption.py::test_redemption_site_without_wash_package_behaviour (url: https://staging.nxtwash.com/services/washBooks)

-------------------------------- live log call ---------------------------------
ERROR    nxtwash:conftest.py:241 Test FAILED: tests/admin_portal/wash_books/test_wash_books_redemption.py::test_redemption_site_without_wash_package_behaviour (url: https://staging.nxtwash.com/services/washBooks)
2026-07-28 20:58:29,100 ERROR nxtwash: Visible page text at failure:
Wash books
Filter by (1)
+ Add new wash book
Wash books
Customer wash books
ID
Wash book name
Washes number
Price
Status
No records available
Page
of
0
Results per page
100
Showing 0 - 0 of 0
ERROR    nxtwash:conftest.py:256 Visible page text at failure:
Wash books
Filter by (1)
+ Add new wash book
Wash books
Customer wash books
ID
Wash book name
Washes number
Price
Status
No records available
Page
of
0
Results per page
100
Showing 0 - 0 of 0
FAILED                                                                   [ 48%]
tests/admin_portal/wash_books/test_wash_books_search_filter.py::test_wash_books_existing_search PASSED [ 49%]
tests/admin_portal/wash_books/test_wash_books_search_filter.py::test_wash_books_partial_search_returns_matches PASSED [ 49%]
tests/admin_portal/wash_books/test_wash_books_search_filter.py::test_wash_books_missing_search PASSED [ 49%]
tests/admin_portal/wash_books/test_wash_books_search_filter.py::test_wash_books_clear_search_restores_list PASSED [ 49%]
tests/admin_portal/wash_books/test_wash_books_search_filter.py::test_wash_books_filter_panel_shows_controls PASSED [ 49%]
tests/admin_portal/wash_books/test_wash_books_search_filter.py::test_wash_books_filter_by_site_narrows_results PASSED [ 50%]
tests/admin_portal/wash_books/test_wash_books_search_filter.py::test_wash_books_filter_reset_all_restores_list PASSED [ 50%]
tests/admin_portal/wash_books/test_wash_books_search_filter.py::test_wash_books_search_payloads_do_not_break_grid PASSED [ 50%]
tests/admin_portal/wash_books/test_wash_books_site_assignment.py::test_assign_single_site_persists XFAIL [ 50%]
tests/admin_portal/wash_books/test_wash_books_site_assignment.py::test_assign_multiple_sites_persists XFAIL [ 50%]
tests/admin_portal/wash_books/test_wash_books_site_assignment.py::test_location_price_override_persists 2026-07-28 21:06:23,773 ERROR nxtwash: Test FAILED: tests/admin_portal/wash_books/test_wash_books_site_assignment.py::test_location_price_override_persists (url: https://staging.nxtwash.com/services/washBooks)

-------------------------------- live log call ---------------------------------
ERROR    nxtwash:conftest.py:241 Test FAILED: tests/admin_portal/wash_books/test_wash_books_site_assignment.py::test_location_price_override_persists (url: https://staging.nxtwash.com/services/washBooks)
2026-07-28 21:06:24,394 ERROR nxtwash: Visible page text at failure:
Wash books
Filter by (1)
+ Add new wash book
Wash books
Customer wash books
ID
Wash book name
Washes number
Price
Status
No records available
Page
of
0
Results per page
100
Showing 0 - 0 of 0
ERROR    nxtwash:conftest.py:256 Visible page text at failure:
Wash books
Filter by (1)
+ Add new wash book
Wash books
Customer wash books
ID
Wash book name
Washes number
Price
Status
No records available
Page
of
0
Results per page
100
Showing 0 - 0 of 0
FAILED                                                                   [ 51%]
tests/admin_portal/wash_books/test_wash_books_site_assignment.py::test_save_wash_book_with_no_site_assigned PASSED [ 51%]
tests/admin_portal/wash_books/test_wash_books_site_assignment.py::test_per_site_customer_portal_toggle_persists SKIPPED [ 51%]
tests/admin_portal/wash_books/test_wash_books_ui.py::test_wash_books_page_loads_with_primary_controls PASSED [ 51%]
tests/admin_portal/wash_books/test_wash_books_ui.py::test_wash_books_grid_columns_are_visible PASSED [ 51%]
tests/admin_portal/wash_books/test_wash_books_ui.py::test_customer_wash_books_tab_is_accessible PASSED [ 52%]
tests/admin_portal/wash_books/test_wash_books_ui.py::test_add_wash_book_form_loads PASSED [ 52%]
tests/admin_portal/wash_books/test_wash_books_ui.py::test_wash_books_export_file_validation XFAIL [ 52%]
tests/admin_portal/wash_books/test_wash_books_validation.py::test_wash_book_required_name_validation PASSED [ 52%]
tests/admin_portal/wash_books/test_wash_books_validation.py::test_wash_book_blank_required_form_stays_on_form PASSED [ 52%]
tests/admin_portal/wash_books/test_wash_books_validation.py::test_wash_book_blank_global_price_is_blocked PASSED [ 53%]
tests/admin_portal/wash_books/test_wash_books_validation.py::test_wash_book_valid_number_of_washes_saves PASSED [ 53%]
tests/admin_portal/wash_books/test_wash_books_validation.py::test_wash_book_zero_washes_boundary_behaviour PASSED [ 53%]
tests/admin_portal/wash_books/test_wash_books_validation.py::test_wash_book_zero_price_boundary_behaviour PASSED [ 53%]
tests/admin_portal/wash_books/test_wash_books_validation.py::test_wash_book_valid_commission_saves PASSED [ 54%]
tests/admin_portal/wash_books/test_wash_books_validation.py::test_wash_book_save_without_commission_succeeds PASSED [ 54%]
tests/admin_portal/wash_books/test_wash_books_validation.py::test_wash_book_max_length_name_handled PASSED [ 54%]
tests/admin_portal/wash_books/test_wash_books_validation.py::test_wash_book_invalid_numeric_values_do_not_break_form PASSED [ 54%]
tests/admin_portal/discounts/test_discounts_combination.py::test_cmb_amount_all_locations_active XFAIL [ 54%]
tests/admin_portal/discounts/test_discounts_combination.py::test_cmb_amount_selected_locations_active PASSED [ 55%]
tests/admin_portal/discounts/test_discounts_combination.py::test_cmb_percentage_all_locations_active XFAIL [ 55%]
tests/admin_portal/discounts/test_discounts_combination.py::test_cmb_percentage_selected_locations_active PASSED [ 55%]
tests/admin_portal/discounts/test_discounts_combination.py::test_cmb_percentage_future_start_date XFAIL [ 55%]
tests/admin_portal/discounts/test_discounts_combination.py::test_cmb_amount_with_end_date XFAIL [ 55%]
tests/admin_portal/discounts/test_discounts_dependency.py::test_service_category_available_in_discount_creation PASSED [ 56%]
tests/admin_portal/discounts/test_discounts_dependency.py::test_rename_linked_category_reflects_in_discount SKIPPED [ 56%]
tests/admin_portal/discounts/test_discounts_dependency.py::test_deactivate_linked_category_blocks_discount SKIPPED [ 56%]
tests/admin_portal/discounts/test_discounts_dependency.py::test_deactivate_assigned_site_reflects_in_discount SKIPPED [ 56%]
tests/admin_portal/discounts/test_discounts_dependency.py::test_edit_site_assignment_reflects_in_discount SKIPPED [ 56%]
tests/admin_portal/discounts/test_discounts_edge_cases.py::test_discount_long_name_does_not_break_form PASSED [ 57%]
tests/admin_portal/discounts/test_discounts_edge_cases.py::test_discount_zero_percent_accepted PASSED [ 57%]
tests/admin_portal/discounts/test_discounts_edge_cases.py::test_discount_hundred_percent_accepted PASSED [ 57%]
tests/admin_portal/discounts/test_discounts_edge_cases.py::test_discount_future_start_date_accepted PASSED [ 57%]
tests/admin_portal/discounts/test_discounts_edge_cases.py::test_discount_expiring_today_accepted PASSED [ 57%]
tests/admin_portal/discounts/test_discounts_edge_cases.py::test_discount_type_change_amount_to_percentage PASSED [ 58%]
tests/admin_portal/discounts/test_discounts_edge_cases.py::test_discount_type_change_percentage_to_amount PASSED [ 58%]
tests/admin_portal/discounts/test_discounts_edge_cases.py::test_discount_remove_assigned_location PASSED [ 58%]
tests/admin_portal/discounts/test_discounts_edge_cases.py::test_discount_add_location_to_existing PASSED [ 58%]
tests/admin_portal/discounts/test_discounts_edit.py::test_edit_discount_reapplies_expected_settings PASSED [ 58%]
tests/admin_portal/discounts/test_discounts_edit.py::test_edit_discount_name_persists SKIPPED [ 59%]
tests/admin_portal/discounts/test_discounts_edit.py::test_edit_discount_start_date_persists PASSED [ 59%]
tests/admin_portal/discounts/test_discounts_edit.py::test_edit_discount_end_date_persists PASSED [ 59%]
tests/admin_portal/discounts/test_discounts_edit.py::test_edit_discount_category_assignment_persists PASSED [ 59%]
tests/admin_portal/discounts/test_discounts_edit.py::test_edit_discount_selected_to_all_locations XFAIL [ 59%]
tests/admin_portal/discounts/test_discounts_edit.py::test_edit_discount_all_to_selected_locations PASSED [ 60%]
tests/admin_portal/discounts/test_discounts_export.py::test_discounts_export_button_clickable PASSED [ 60%]
tests/admin_portal/discounts/test_discounts_export.py::test_discounts_export_after_filter PASSED [ 60%]
tests/admin_portal/discounts/test_discounts_export.py::test_discounts_export_record_count_matches_grid PASSED [ 60%]
tests/admin_portal/discounts/test_discounts_export.py::test_discounts_export_data_matches_grid PASSED [ 60%]
tests/admin_portal/discounts/test_discounts_future.py::test_future_category_to_service_config SKIPPED [ 61%]
tests/admin_portal/discounts/test_discounts_future.py::test_future_discount_visible_in_pos SKIPPED [ 61%]
tests/admin_portal/discounts/test_discounts_future.py::test_future_discount_visible_in_kiosk SKIPPED [ 61%]
tests/admin_portal/discounts/test_discounts_future.py::test_future_discount_reflected_in_reports SKIPPED [ 61%]
tests/admin_portal/discounts/test_discounts_future.py::test_future_discount_reflected_in_dashboard SKIPPED [ 62%]
tests/admin_portal/discounts/test_discounts_managed.py::test_managed_discount_provided_at_baseline PASSED [ 62%]
tests/admin_portal/discounts/test_discounts_managed.py::test_managed_discount_mutation_is_reset_on_teardown 
-------------------------------- live log call ---------------------------------
INFO     tests.admin_portal.discounts.test_discounts_managed:test_discounts_managed.py:39 Mutating managed discount amount to 8
PASSED                                                                   [ 62%]
tests/admin_portal/discounts/test_discounts_negative.py::test_missing_discount_is_not_returned PASSED [ 62%]
tests/admin_portal/discounts/test_discounts_negative.py::test_discounts_special_character_search_stays_usable PASSED [ 62%]
tests/admin_portal/discounts/test_discounts_negative.py::test_create_discount_without_category_blocked PASSED [ 63%]
tests/admin_portal/discounts/test_discounts_negative.py::test_create_discount_without_value_blocked PASSED [ 63%]
tests/admin_portal/discounts/test_discounts_negative.py::test_create_discount_start_after_end_blocked SKIPPED [ 63%]
tests/admin_portal/discounts/test_discounts_negative.py::test_create_discount_percentage_above_limit_blocked PASSED [ 63%]
tests/admin_portal/discounts/test_discounts_negative.py::test_create_discount_no_location_blocked PASSED [ 63%]
tests/admin_portal/discounts/test_discounts_persistence.py::test_discount_persists_after_relogin SKIPPED [ 64%]
tests/admin_portal/discounts/test_discounts_persistence.py::test_discount_edit_persists_after_refresh PASSED [ 64%]
tests/admin_portal/discounts/test_discounts_persistence.py::test_discount_deactivation_persists_after_refresh SKIPPED [ 64%]
tests/admin_portal/discounts/test_discounts_positive.py::test_create_amount_discount PASSED [ 64%]
tests/admin_portal/discounts/test_discounts_positive.py::test_discount_settings_persist PASSED [ 64%]
tests/admin_portal/discounts/test_discounts_positive.py::test_discount_create_is_idempotent PASSED [ 65%]
tests/admin_portal/discounts/test_discounts_positive.py::test_discount_first_location_settings_persist PASSED [ 65%]
tests/admin_portal/discounts/test_discounts_positive.py::test_create_percentage_discount PASSED [ 65%]
tests/admin_portal/discounts/test_discounts_positive.py::test_create_discount_assign_all_locations XFAIL [ 65%]
tests/admin_portal/discounts/test_discounts_positive.py::test_activate_discount SKIPPED [ 65%]
tests/admin_portal/discounts/test_discounts_positive.py::test_deactivate_discount SKIPPED [ 66%]
tests/admin_portal/discounts/test_discounts_search_filter.py::test_discounts_existing_search PASSED [ 66%]
tests/admin_portal/discounts/test_discounts_search_filter.py::test_discounts_partial_search PASSED [ 66%]
tests/admin_portal/discounts/test_discounts_search_filter.py::test_discounts_filter_active_shows_only_active PASSED [ 66%]
tests/admin_portal/discounts/test_discounts_search_filter.py::test_discounts_filter_by_site SKIPPED [ 66%]
tests/admin_portal/discounts/test_discounts_search_filter.py::test_discounts_search_payloads_do_not_break_grid PASSED [ 67%]
tests/admin_portal/discounts/test_discounts_search_filter.py::test_discounts_search_inactive_discount PASSED [ 67%]
tests/admin_portal/discounts/test_discounts_search_filter.py::test_discounts_search_finds_updated_name PASSED [ 67%]
tests/admin_portal/discounts/test_discounts_search_filter.py::test_discounts_filter_active_and_site SKIPPED [ 67%]
tests/admin_portal/discounts/test_discounts_search_filter.py::test_discounts_filter_inactive_and_site SKIPPED [ 67%]
tests/admin_portal/discounts/test_discounts_search_filter.py::test_discounts_clear_filters_restores_grid PASSED [ 68%]
tests/admin_portal/discounts/test_discounts_search_filter.py::test_discounts_search_and_filter_together PASSED [ 68%]
tests/admin_portal/discounts/test_discounts_ui.py::test_discounts_page_loads_with_primary_controls PASSED [ 68%]
tests/admin_portal/discounts/test_discounts_ui.py::test_discounts_grid_columns_are_visible PASSED [ 68%]
tests/admin_portal/discounts/test_discounts_ui.py::test_add_discount_form_loads PASSED [ 68%]
tests/admin_portal/discounts/test_discounts_validation.py::test_discount_required_name_validation PASSED [ 69%]
tests/admin_portal/discounts/test_discounts_validation.py::test_discount_blank_required_form_stays_on_form PASSED [ 69%]
tests/admin_portal/discounts/test_discounts_validation.py::test_discount_invalid_amount_does_not_break_form PASSED [ 69%]
tests/admin_portal/users/test_users_create.py::test_users_add_form_opens PASSED [ 69%]
tests/admin_portal/users/test_users_create.py::test_create_active_user SKIPPED [ 70%]
tests/admin_portal/users/test_users_create.py::test_create_inactive_user 2026-07-28 21:35:33,460 ERROR nxtwash: Test FAILED: tests/admin_portal/users/test_users_create.py::test_create_inactive_user (url: https://staging.nxtwash.com/users/users/new)

-------------------------------- live log call ---------------------------------
ERROR    nxtwash:conftest.py:241 Test FAILED: tests/admin_portal/users/test_users_create.py::test_create_inactive_user (url: https://staging.nxtwash.com/users/users/new)
2026-07-28 21:35:34,049 ERROR nxtwash: Visible page text at failure:
Users
Add new user
Cancel
Save user
User settings
Employee
No options
Password
Confirm password
Active employee
Contact info
Email
Phone number
User role
Select user role
ERROR    nxtwash:conftest.py:256 Visible page text at failure:
Users
Add new user
Cancel
Save user
User settings
Employee
No options
Password
Confirm password
Active employee
Contact info
Email
Phone number
User role
Select user role
FAILED                                                                   [ 70%]
tests/admin_portal/users/test_users_create.py::test_create_user_employee_required PASSED [ 70%]
tests/admin_portal/users/test_users_create.py::test_create_user_password_required 2026-07-28 21:36:21,304 ERROR nxtwash: Test FAILED: tests/admin_portal/users/test_users_create.py::test_create_user_password_required (url: https://staging.nxtwash.com/users/users/new)

-------------------------------- live log call ---------------------------------
ERROR    nxtwash:conftest.py:241 Test FAILED: tests/admin_portal/users/test_users_create.py::test_create_user_password_required (url: https://staging.nxtwash.com/users/users/new)
2026-07-28 21:36:21,919 ERROR nxtwash: Visible page text at failure:
Users
Add new user
Cancel
Save user
User settings
Employee
No options
Password
Confirm password
Active employee
Contact info
Email
Phone number
User role
Select user role
ERROR    nxtwash:conftest.py:256 Visible page text at failure:
Users
Add new user
Cancel
Save user
User settings
Employee
No options
Password
Confirm password
Active employee
Contact info
Email
Phone number
User role
Select user role
FAILED                                                                   [ 70%]
tests/admin_portal/users/test_users_create.py::test_create_user_confirm_password_required 2026-07-28 21:36:54,396 ERROR nxtwash: Test FAILED: tests/admin_portal/users/test_users_create.py::test_create_user_confirm_password_required (url: https://staging.nxtwash.com/users/users/new)

-------------------------------- live log call ---------------------------------
ERROR    nxtwash:conftest.py:241 Test FAILED: tests/admin_portal/users/test_users_create.py::test_create_user_confirm_password_required (url: https://staging.nxtwash.com/users/users/new)
2026-07-28 21:36:55,022 ERROR nxtwash: Visible page text at failure:
Users
Add new user
Cancel
Save user
User settings
Employee
No options
Password
Confirm password
Active employee
Contact info
Email
Phone number
User role
Select user role
ERROR    nxtwash:conftest.py:256 Visible page text at failure:
Users
Add new user
Cancel
Save user
User settings
Employee
No options
Password
Confirm password
Active employee
Contact info
Email
Phone number
User role
Select user role
FAILED                                                                   [ 70%]
tests/admin_portal/users/test_users_create.py::test_create_user_email_required 2026-07-28 21:37:27,386 ERROR nxtwash: Test FAILED: tests/admin_portal/users/test_users_create.py::test_create_user_email_required (url: https://staging.nxtwash.com/users/users/new)

-------------------------------- live log call ---------------------------------
ERROR    nxtwash:conftest.py:241 Test FAILED: tests/admin_portal/users/test_users_create.py::test_create_user_email_required (url: https://staging.nxtwash.com/users/users/new)
2026-07-28 21:37:28,058 ERROR nxtwash: Visible page text at failure:
Users
Add new user
Cancel
Save user
User settings
Employee
No options
Password
Confirm password
Active employee
Contact info
Email
Phone number
User role
Select user role
ERROR    nxtwash:conftest.py:256 Visible page text at failure:
Users
Add new user
Cancel
Save user
User settings
Employee
No options
Password
Confirm password
Active employee
Contact info
Email
Phone number
User role
Select user role
FAILED                                                                   [ 71%]
tests/admin_portal/users/test_users_create.py::test_create_user_phone_required 2026-07-28 21:38:01,908 ERROR nxtwash: Test FAILED: tests/admin_portal/users/test_users_create.py::test_create_user_phone_required (url: https://staging.nxtwash.com/users/users/new)

-------------------------------- live log call ---------------------------------
ERROR    nxtwash:conftest.py:241 Test FAILED: tests/admin_portal/users/test_users_create.py::test_create_user_phone_required (url: https://staging.nxtwash.com/users/users/new)
2026-07-28 21:38:02,532 ERROR nxtwash: Visible page text at failure:
Users
Add new user
Cancel
Save user
User settings
Employee
No options
Password
Confirm password
Active employee
Contact info
Email
Phone number
User role
Select user role
ERROR    nxtwash:conftest.py:256 Visible page text at failure:
Users
Add new user
Cancel
Save user
User settings
Employee
No options
Password
Confirm password
Active employee
Contact info
Email
Phone number
User role
Select user role
FAILED                                                                   [ 71%]
tests/admin_portal/users/test_users_create.py::test_create_user_role_required 2026-07-28 21:38:34,470 ERROR nxtwash: Test FAILED: tests/admin_portal/users/test_users_create.py::test_create_user_role_required (url: https://staging.nxtwash.com/users/users/new)

-------------------------------- live log call ---------------------------------
ERROR    nxtwash:conftest.py:241 Test FAILED: tests/admin_portal/users/test_users_create.py::test_create_user_role_required (url: https://staging.nxtwash.com/users/users/new)
2026-07-28 21:38:35,077 ERROR nxtwash: Visible page text at failure:
Users
Add new user
Cancel
Save user
User settings
Employee
No options
Password
Confirm password
Active employee
Contact info
Email
Phone number
User role
Select user role
ERROR    nxtwash:conftest.py:256 Visible page text at failure:
Users
Add new user
Cancel
Save user
User settings
Employee
No options
Password
Confirm password
Active employee
Contact info
Email
Phone number
User role
Select user role
FAILED                                                                   [ 71%]
tests/admin_portal/users/test_users_create.py::test_create_user_password_mismatch 2026-07-28 21:39:07,262 ERROR nxtwash: Test FAILED: tests/admin_portal/users/test_users_create.py::test_create_user_password_mismatch (url: https://staging.nxtwash.com/users/users/new)

-------------------------------- live log call ---------------------------------
ERROR    nxtwash:conftest.py:241 Test FAILED: tests/admin_portal/users/test_users_create.py::test_create_user_password_mismatch (url: https://staging.nxtwash.com/users/users/new)
2026-07-28 21:39:07,860 ERROR nxtwash: Visible page text at failure:
Users
Add new user
Cancel
Save user
User settings
Employee
No options
Password
Confirm password
Active employee
Contact info
Email
Phone number
User role
Select user role
ERROR    nxtwash:conftest.py:256 Visible page text at failure:
Users
Add new user
Cancel
Save user
User settings
Employee
No options
Password
Confirm password
Active employee
Contact info
Email
Phone number
User role
Select user role
FAILED                                                                   [ 71%]
tests/admin_portal/users/test_users_create.py::test_create_user_password_visibility_toggle XFAIL [ 71%]
tests/admin_portal/users/test_users_create.py::test_create_user_confirm_password_visibility_toggle XFAIL [ 72%]
tests/admin_portal/users/test_users_create.py::test_create_user_employee_dropdown_lists_employees XFAIL [ 72%]
tests/admin_portal/users/test_users_create.py::test_create_user_role_dropdown_lists_roles XFAIL [ 72%]
tests/admin_portal/users/test_users_create.py::test_create_user_invalid_email_rejected PASSED [ 72%]
tests/admin_portal/users/test_users_create.py::test_create_user_duplicate_email_rejected SKIPPED [ 72%]
tests/admin_portal/users/test_users_create.py::test_create_user_cancel_discards_form PASSED [ 73%]
tests/admin_portal/users/test_users_create.py::test_new_user_appears_immediately SKIPPED [ 73%]
tests/admin_portal/users/test_users_dependency.py::test_new_role_appears_in_users_dropdown XFAIL [ 73%]
tests/admin_portal/users/test_users_dependency.py::test_employee_dropdown_reflects_employees_module XFAIL [ 73%]
tests/admin_portal/users/test_users_dependency.py::test_filter_sites_match_sites_and_locations_module XFAIL [ 73%]
tests/admin_portal/users/test_users_edge_cases.py::test_only_active_roles_in_dropdown XFAIL [ 74%]
tests/admin_portal/users/test_users_edge_cases.py::test_only_active_employees_in_dropdown XFAIL [ 74%]
tests/admin_portal/users/test_users_edge_cases.py::test_email_whitespace_trimmed_or_rejected PASSED [ 74%]
tests/admin_portal/users/test_users_edge_cases.py::test_long_email_at_boundary PASSED [ 74%]
tests/admin_portal/users/test_users_edge_cases.py::test_user_data_persists_after_relogin SKIPPED [ 74%]
tests/admin_portal/users/test_users_edge_cases.py::test_filter_panel_accessible_for_name_email_lookup PASSED [ 75%]
tests/admin_portal/users/test_users_edit.py::test_users_edit_form_opens SKIPPED [ 75%]
tests/admin_portal/users/test_users_edit.py::test_edit_user_email_persists SKIPPED [ 75%]
tests/admin_portal/users/test_users_edit.py::test_edit_user_phone_persists SKIPPED [ 75%]
tests/admin_portal/users/test_users_edit.py::test_edit_user_role_persists SKIPPED [ 75%]
tests/admin_portal/users/test_users_edit.py::test_edit_user_employee_persists SKIPPED [ 76%]
tests/admin_portal/users/test_users_edit.py::test_activate_inactive_user SKIPPED [ 76%]
tests/admin_portal/users/test_users_edit.py::test_deactivate_active_user SKIPPED [ 76%]
tests/admin_portal/users/test_users_edit.py::test_edit_user_email_required SKIPPED [ 76%]
tests/admin_portal/users/test_users_edit.py::test_edit_user_phone_required SKIPPED [ 77%]
tests/admin_portal/users/test_users_edit.py::test_edit_user_invalid_email_blocked SKIPPED [ 77%]
tests/admin_portal/users/test_users_edit.py::test_edit_user_cancel_discards_changes SKIPPED [ 77%]
tests/admin_portal/users/test_users_edit.py::test_edit_user_no_password_fields SKIPPED [ 77%]
tests/admin_portal/users/test_users_export.py::test_users_export_button_clickable PASSED [ 77%]
tests/admin_portal/users/test_users_filter.py::test_users_filter_panel_opens PASSED [ 78%]
tests/admin_portal/users/test_users_filter.py::test_users_filter_by_first_name SKIPPED [ 78%]
tests/admin_portal/users/test_users_filter.py::test_users_filter_by_last_name SKIPPED [ 78%]
tests/admin_portal/users/test_users_filter.py::test_users_filter_by_email SKIPPED [ 78%]
tests/admin_portal/users/test_users_filter.py::test_users_filter_by_employee_code SKIPPED [ 78%]
tests/admin_portal/users/test_users_filter.py::test_users_filter_by_site SKIPPED [ 79%]
tests/admin_portal/users/test_users_filter.py::test_users_filter_active_only SKIPPED [ 79%]
tests/admin_portal/users/test_users_filter.py::test_users_filter_active_off_shows_all SKIPPED [ 79%]
tests/admin_portal/users/test_users_filter.py::test_users_filter_combined_name_and_site SKIPPED [ 79%]
tests/admin_portal/users/test_users_filter.py::test_users_filter_result_count_matches_rows SKIPPED [ 79%]
tests/admin_portal/users/test_users_filter.py::test_users_filter_reset_all SKIPPED [ 80%]
tests/admin_portal/users/test_users_filter.py::test_users_filter_site_dropdown_lists_sites XFAIL [ 80%]
tests/admin_portal/users/test_users_filter.py::test_users_filter_partial_name_matches SKIPPED [ 80%]
tests/admin_portal/users/test_users_list.py::test_users_list_page_loads PASSED [ 80%]
tests/admin_portal/users/test_users_list.py::test_users_list_required_columns PASSED [ 80%]
tests/admin_portal/users/test_users_list.py::test_users_list_pagination_count SKIPPED [ 81%]
tests/admin_portal/users/test_users_list.py::test_users_list_rows_per_page SKIPPED [ 81%]
tests/admin_portal/users/test_users_password.py::test_change_password_button_opens_flow SKIPPED [ 81%]
tests/admin_portal/users/test_users_password.py::test_change_password_matching_passwords_save SKIPPED [ 81%]
tests/admin_portal/users/test_users_password.py::test_change_password_mismatch_rejected SKIPPED [ 81%]
tests/admin_portal/users/test_users_password.py::test_change_password_blank_blocked SKIPPED [ 82%]
tests/admin_portal/users/test_users_password.py::test_change_password_visibility_toggles SKIPPED [ 82%]
tests/admin_portal/users/test_users_search.py::test_users_search_exact_phone SKIPPED [ 82%]
tests/admin_portal/users/test_users_search.py::test_users_search_partial_phone SKIPPED [ 82%]
tests/admin_portal/users/test_users_search.py::test_users_search_nonexistent_phone_shows_empty PASSED [ 82%]
tests/admin_portal/users/test_users_search.py::test_users_search_clear_restores_list SKIPPED [ 83%]
tests/admin_portal/coupon_packages/test_coupon_packages_customer_tab.py::test_customer_coupon_packages_tab_loads PASSED [ 83%]
tests/admin_portal/coupon_packages/test_coupon_packages_customer_tab.py::test_customer_coupon_packages_grid_columns_visible PASSED [ 83%]
tests/admin_portal/coupon_packages/test_coupon_packages_customer_tab.py::test_customer_coupon_exact_search SKIPPED [ 83%]
tests/admin_portal/coupon_packages/test_coupon_packages_customer_tab.py::test_customer_coupon_partial_search SKIPPED [ 83%]
tests/admin_portal/coupon_packages/test_coupon_packages_customer_tab.py::test_customer_coupon_missing_search SKIPPED [ 84%]
tests/admin_portal/coupon_packages/test_coupon_packages_customer_tab.py::test_customer_coupon_filter_used SKIPPED [ 84%]
tests/admin_portal/coupon_packages/test_coupon_packages_customer_tab.py::test_customer_coupon_filter_not_used SKIPPED [ 84%]
tests/admin_portal/coupon_packages/test_coupon_packages_customer_tab.py::test_customer_coupon_filter_all SKIPPED [ 84%]
tests/admin_portal/coupon_packages/test_coupon_packages_customer_tab.py::test_customer_coupon_filter_active SKIPPED [ 85%]
tests/admin_portal/coupon_packages/test_coupon_packages_customer_tab.py::test_customer_coupon_combined_filter SKIPPED [ 85%]
tests/admin_portal/coupon_packages/test_coupon_packages_customer_tab.py::test_customer_coupon_reset_filters SKIPPED [ 85%]
tests/admin_portal/coupon_packages/test_coupon_packages_customer_tab.py::test_customer_coupon_code_is_unique SKIPPED [ 85%]
tests/admin_portal/coupon_packages/test_coupon_packages_customer_tab.py::test_expired_coupon_code_is_inactive SKIPPED [ 85%]
tests/admin_portal/coupon_packages/test_coupon_packages_edge_cases.py::test_coupon_package_long_name_does_not_break_form PASSED [ 86%]
tests/admin_portal/coupon_packages/test_coupon_packages_edge_cases.py::test_coupon_package_valid_expiration_days PASSED [ 86%]
tests/admin_portal/coupon_packages/test_coupon_packages_edge_cases.py::test_coupon_package_zero_expiration_days PASSED [ 86%]
tests/admin_portal/coupon_packages/test_coupon_packages_edge_cases.py::test_coupon_package_negative_expiration_days_rejected SKIPPED [ 86%]
tests/admin_portal/coupon_packages/test_coupon_packages_edge_cases.py::test_coupon_package_save_without_giveaway PASSED [ 86%]
tests/admin_portal/coupon_packages/test_coupon_packages_edge_cases.py::test_coupon_package_remove_giveaway_service PASSED [ 87%]
tests/admin_portal/coupon_packages/test_coupon_packages_edit.py::test_edit_coupon_package_name PASSED [ 87%]
tests/admin_portal/coupon_packages/test_coupon_packages_edit.py::test_edit_coupon_package_discount PASSED [ 87%]
tests/admin_portal/coupon_packages/test_coupon_packages_edit.py::test_edit_coupon_package_expiration_days PASSED [ 87%]
tests/admin_portal/coupon_packages/test_coupon_packages_edit.py::test_edit_coupon_package_giveaway_services PASSED [ 87%]
tests/admin_portal/coupon_packages/test_coupon_packages_edit.py::test_activate_inactive_coupon_package SKIPPED [ 88%]
tests/admin_portal/coupon_packages/test_coupon_packages_edit.py::test_deactivate_active_coupon_package PASSED [ 88%]
tests/admin_portal/coupon_packages/test_coupon_packages_negative.py::test_coupon_package_duplicate_name_is_blocked PASSED [ 88%]
tests/admin_portal/coupon_packages/test_coupon_packages_negative.py::test_coupon_packages_special_character_search_stays_usable PASSED [ 88%]
tests/admin_portal/coupon_packages/test_coupon_packages_positive.py::test_create_coupon_package PASSED [ 88%]
tests/admin_portal/coupon_packages/test_coupon_packages_positive.py::test_coupon_package_settings_persist PASSED [ 89%]
tests/admin_portal/coupon_packages/test_coupon_packages_positive.py::test_create_inactive_coupon_package PASSED [ 89%]
tests/admin_portal/coupon_packages/test_coupon_packages_search_filter.py::test_coupon_packages_exact_search PASSED [ 89%]
tests/admin_portal/coupon_packages/test_coupon_packages_search_filter.py::test_coupon_packages_partial_search PASSED [ 89%]
tests/admin_portal/coupon_packages/test_coupon_packages_search_filter.py::test_coupon_packages_missing_search PASSED [ 89%]
tests/admin_portal/coupon_packages/test_coupon_packages_search_filter.py::test_coupon_packages_clear_search_restores_list PASSED [ 90%]
tests/admin_portal/coupon_packages/test_coupon_packages_search_filter.py::test_active_coupon_package_filter_shows_active_only PASSED [ 90%]
tests/admin_portal/coupon_packages/test_coupon_packages_search_filter.py::test_active_toggle_off_shows_all_packages PASSED [ 90%]
tests/admin_portal/coupon_packages/test_coupon_packages_search_filter.py::test_reset_all_restores_unfiltered_list PASSED [ 90%]
tests/admin_portal/coupon_packages/test_coupon_packages_search_filter.py::test_coupon_packages_search_payloads_do_not_break_grid PASSED [ 90%]
tests/admin_portal/coupon_packages/test_coupon_packages_ui.py::test_coupon_packages_page_loads_with_primary_controls PASSED [ 91%]
tests/admin_portal/coupon_packages/test_coupon_packages_ui.py::test_coupon_packages_grid_columns_are_visible PASSED [ 91%]
tests/admin_portal/coupon_packages/test_coupon_packages_ui.py::test_customer_coupon_packages_tab_is_accessible PASSED [ 91%]
tests/admin_portal/coupon_packages/test_coupon_packages_ui.py::test_add_coupon_package_form_loads PASSED [ 91%]
tests/admin_portal/coupon_packages/test_coupon_packages_validation.py::test_coupon_package_blank_name_is_blocked PASSED [ 91%]
tests/admin_portal/coupon_packages/test_coupon_packages_validation.py::test_coupon_package_whitespace_name_is_rejected PASSED [ 92%]
tests/admin_portal/coupon_packages/test_coupon_packages_validation.py::test_coupon_package_blank_discount_is_blocked PASSED [ 92%]
tests/admin_portal/gift_cards/test_gift_cards_dependency.py::test_gift_card_show_on_cp_persists SKIPPED [ 92%]
tests/admin_portal/gift_cards/test_gift_cards_edge_cases.py::test_create_gift_card_helper_is_idempotent PASSED [ 92%]
tests/admin_portal/gift_cards/test_gift_cards_edge_cases.py::test_gift_cards_page_recovers_after_no_result_search PASSED [ 93%]
tests/admin_portal/gift_cards/test_gift_cards_edit.py::test_edit_gift_card_name PASSED [ 93%]
tests/admin_portal/gift_cards/test_gift_cards_edit.py::test_edit_gift_card_updates_settings_without_duplicate PASSED [ 93%]
tests/admin_portal/gift_cards/test_gift_cards_edit.py::test_activate_inactive_gift_card PASSED [ 93%]
tests/admin_portal/gift_cards/test_gift_cards_edit.py::test_deactivate_active_gift_card PASSED [ 93%]
tests/admin_portal/gift_cards/test_gift_cards_edit.py::test_edit_customer_gift_card_amount PASSED [ 94%]
tests/admin_portal/gift_cards/test_gift_cards_edit.py::test_toggle_active_customer_gift_card PASSED [ 94%]
tests/admin_portal/gift_cards/test_gift_cards_filter.py::test_filter_by_site_narrows_gift_card_list PASSED [ 94%]
tests/admin_portal/gift_cards/test_gift_cards_filter.py::test_active_toggle_shows_active_gift_cards_only PASSED [ 94%]
tests/admin_portal/gift_cards/test_gift_cards_filter.py::test_reset_all_clears_gift_card_filters PASSED [ 94%]
tests/admin_portal/gift_cards/test_gift_cards_filter.py::test_filter_by_site_narrows_customer_gift_card_list PASSED [ 95%]
tests/admin_portal/gift_cards/test_gift_cards_negative.py::test_opening_missing_gift_card_does_not_show_edit_form PASSED [ 95%]
tests/admin_portal/gift_cards/test_gift_cards_negative.py::test_missing_customer_gift_card_search_does_not_show_match PASSED [ 95%]
tests/admin_portal/gift_cards/test_gift_cards_positive.py::test_create_gift_card_with_required_settings PASSED [ 95%]
tests/admin_portal/gift_cards/test_gift_cards_positive.py::test_create_inactive_gift_card PASSED [ 95%]
tests/admin_portal/gift_cards/test_gift_cards_positive.py::test_created_gift_card_settings_persist PASSED [ 96%]
tests/admin_portal/gift_cards/test_gift_cards_positive.py::test_gift_card_appears_in_customer_gift_card_dropdown PASSED [ 96%]
tests/admin_portal/gift_cards/test_gift_cards_positive.py::test_create_customer_gift_card_from_template PASSED [ 96%]
tests/admin_portal/gift_cards/test_gift_cards_positive.py::test_customer_gift_card_persists_after_page_reload PASSED [ 96%]
tests/admin_portal/gift_cards/test_gift_cards_positive.py::test_customer_gift_card_linked_to_correct_template PASSED [ 96%]
tests/admin_portal/gift_cards/test_gift_cards_search_filter.py::test_search_exact_gift_card_name_returns_match PASSED [ 97%]
tests/admin_portal/gift_cards/test_gift_cards_search_filter.py::test_gift_cards_search_accepts_partial_text_without_breaking_grid PASSED [ 97%]
tests/admin_portal/gift_cards/test_gift_cards_search_filter.py::test_customer_gift_card_search_partial_number PASSED [ 97%]
tests/admin_portal/gift_cards/test_gift_cards_ui.py::test_gift_cards_page_loads PASSED [ 97%]
tests/admin_portal/gift_cards/test_gift_cards_ui.py::test_gift_cards_primary_actions_are_available PASSED [ 97%]
tests/admin_portal/gift_cards/test_gift_cards_ui.py::test_customer_gift_cards_tab_loads PASSED [ 98%]
tests/admin_portal/gift_cards/test_gift_cards_validation.py::test_create_gift_card_requires_name PASSED [ 98%]
tests/admin_portal/gift_cards/test_gift_cards_validation.py::test_create_gift_card_requires_amount PASSED [ 98%]
tests/admin_portal/gift_cards/test_gift_cards_validation.py::test_negative_gift_card_amount_rejected PASSED [ 98%]
tests/admin_portal/gift_cards/test_gift_cards_validation.py::test_non_numeric_gift_card_amount_rejected SKIPPED [ 98%]
tests/admin_portal/gift_cards/test_gift_cards_validation.py::test_create_customer_gift_card_requires_gift_card_selection PASSED [ 99%]
tests/admin_portal/gift_cards/test_gift_cards_validation.py::test_create_customer_gift_card_requires_number PASSED [ 99%]
tests/admin_portal/gift_cards/test_gift_cards_validation.py::test_create_customer_gift_card_requires_amount PASSED [ 99%]
tests/admin_portal/gift_cards/test_gift_cards_validation.py::test_negative_customer_gift_card_amount_rejected PASSED [ 99%]
tests/admin_portal/gift_cards/test_gift_cards_validation.py::test_non_numeric_customer_gift_card_amount_rejected PASSED [100%]

==================================== ERRORS ====================================
_________ ERROR at setup of test_employee_data_persists_after_relogin __________
tests/admin_portal/employees/conftest.py:199: in managed_employee
    page = create_employee_if_missing(browser)
           ^^^^^^^^^^^^^^^^^^^^^^^^^^^^^^^^^^^
tests/admin_portal/employees/conftest.py:181: in create_employee_if_missing
    page.wait_for_employee_row(last_name, timeout=180)
pages/admin_portal/employees_page.py:127: in wait_for_employee_row
    return WebDriverWait(self.driver, timeout).until(
venv/lib/python3.11/site-packages/selenium/webdriver/support/wait.py:121: in until
    raise TimeoutException(message, screen, stacktrace)
E   selenium.common.exceptions.TimeoutException: Message: 
E   Stacktrace:
E   0   chromedriver                        0x0000000100f69a84 cxxbridge1$str$ptr + 3195292
E   1   chromedriver                        0x0000000100f61b4c cxxbridge1$str$ptr + 3162724
E   2   chromedriver                        0x0000000100a0b2a4 _RNvCs9NA52FrZ4pF_7___rustc35___rust_no_alloc_shim_is_unstable_v2 + 73836
E   3   chromedriver                        0x0000000100a53a44 _RNvCs9NA52FrZ4pF_7___rustc35___rust_no_alloc_shim_is_unstable_v2 + 370700
E   4   chromedriver                        0x0000000100a93030 _RNvCs9NA52FrZ4pF_7___rustc35___rust_no_alloc_shim_is_unstable_v2 + 630264
E   5   chromedriver                        0x0000000100a49434 _RNvCs9NA52FrZ4pF_7___rustc35___rust_no_alloc_shim_is_unstable_v2 + 328188
E   6   chromedriver                        0x0000000100f26c40 cxxbridge1$str$ptr + 2921304
E   7   chromedriver                        0x0000000100f2a3b8 cxxbridge1$str$ptr + 2935504
E   8   chromedriver                        0x0000000100f0d0f8 cxxbridge1$str$ptr + 2816016
E   9   chromedriver                        0x0000000100f2ac4c cxxbridge1$str$ptr + 2937700
E   10  chromedriver                        0x0000000100efe3b0 cxxbridge1$str$ptr + 2755272
E   11  chromedriver                        0x0000000100f501f4 cxxbridge1$str$ptr + 3090700
E   12  chromedriver                        0x0000000100f50354 cxxbridge1$str$ptr + 3091052
E   13  chromedriver                        0x0000000100f617a4 cxxbridge1$str$ptr + 3161788
E   14  libsystem_pthread.dylib             0x0000000199325c08 _pthread_start + 136
E   15  libsystem_pthread.dylib             0x0000000199320ba8 thread_start + 8
---------------------------- Captured stderr setup -----------------------------
2026-07-28 15:09:17,291 WARNING nxtwash: Employee save did not navigate away. Page text: Employees
Add new employee
Cancel
Save employee
User settings
First Name
Last Name
Locations
VK Test carwash 2
+ 2
VK AL92
VK AL33
VK AL32
VK AL31
VK ZT c6d556
VK AL30
VK AL29
VK ZT 9e7bdf
VK AL28
VK AL27
VK ZT 4e248f
VK AL26
VK ZT 8f811b
VK AL25
VK AL24
VK ZT 46d34b
VK AL23
VK ZT c4a124
VK ZT d4ccd8
VK ZT 71c6f6
VK ZT 9eaa54
VK ZT ae9b9c
test 12
VK AL22
VK AL21
VK AL20
VK ZT c26508
VK AL19
VK AL18
VK ZT c54675
VK AL17
VK AL16
VK ZT 2b4279
VK AL15
VK AL14
VK ZT 146465
VK AL13
VK AL12
VK AL11
VK AL10
VK AL09
VK AL08
VK AL01
vkauto1
VK AL07
VK AL06
VK AL05
VK AL04
VK AL03
VK AL02
test123 udpated
VK Test carwash 2
VK Test Wash 01
Hire date
Employee code
Hourly wage, $
Active employee
Contact info
Email
Phone number
Address
ZIP code
State
Alaska
City
Wales
2026-07-28 15:09:17,311 WARNING nxtwash: Employee create did not navigate away — assuming duplicate; searching list with extended timeout
------------------------------ Captured log setup ------------------------------
WARNING  nxtwash:employees_page.py:521 Employee save did not navigate away. Page text: Employees
Add new employee
Cancel
Save employee
User settings
First Name
Last Name
Locations
VK Test carwash 2
+ 2
VK AL92
VK AL33
VK AL32
VK AL31
VK ZT c6d556
VK AL30
VK AL29
VK ZT 9e7bdf
VK AL28
VK AL27
VK ZT 4e248f
VK AL26
VK ZT 8f811b
VK AL25
VK AL24
VK ZT 46d34b
VK AL23
VK ZT c4a124
VK ZT d4ccd8
VK ZT 71c6f6
VK ZT 9eaa54
VK ZT ae9b9c
test 12
VK AL22
VK AL21
VK AL20
VK ZT c26508
VK AL19
VK AL18
VK ZT c54675
VK AL17
VK AL16
VK ZT 2b4279
VK AL15
VK AL14
VK ZT 146465
VK AL13
VK AL12
VK AL11
VK AL10
VK AL09
VK AL08
VK AL01
vkauto1
VK AL07
VK AL06
VK AL05
VK AL04
VK AL03
VK AL02
test123 udpated
VK Test carwash 2
VK Test Wash 01
Hire date
Employee code
Hourly wage, $
Active employee
Contact info
Email
Phone number
Address
ZIP code
State
Alaska
City
Wales
WARNING  nxtwash:conftest.py:175 Employee create did not navigate away — assuming duplicate; searching list with extended timeout
_____________ ERROR at setup of test_edit_form_opens_prepopulated ______________
tests/admin_portal/employees/conftest.py:199: in managed_employee
    page = create_employee_if_missing(browser)
           ^^^^^^^^^^^^^^^^^^^^^^^^^^^^^^^^^^^
tests/admin_portal/employees/conftest.py:181: in create_employee_if_missing
    page.wait_for_employee_row(last_name, timeout=180)
pages/admin_portal/employees_page.py:127: in wait_for_employee_row
    return WebDriverWait(self.driver, timeout).until(
venv/lib/python3.11/site-packages/selenium/webdriver/support/wait.py:121: in until
    raise TimeoutException(message, screen, stacktrace)
E   selenium.common.exceptions.TimeoutException: Message: 
E   Stacktrace:
E   0   chromedriver                        0x0000000104671a84 cxxbridge1$str$ptr + 3195292
E   1   chromedriver                        0x0000000104669b4c cxxbridge1$str$ptr + 3162724
E   2   chromedriver                        0x00000001041132a4 _RNvCs9NA52FrZ4pF_7___rustc35___rust_no_alloc_shim_is_unstable_v2 + 73836
E   3   chromedriver                        0x000000010415ba44 _RNvCs9NA52FrZ4pF_7___rustc35___rust_no_alloc_shim_is_unstable_v2 + 370700
E   4   chromedriver                        0x000000010419b030 _RNvCs9NA52FrZ4pF_7___rustc35___rust_no_alloc_shim_is_unstable_v2 + 630264
E   5   chromedriver                        0x0000000104151434 _RNvCs9NA52FrZ4pF_7___rustc35___rust_no_alloc_shim_is_unstable_v2 + 328188
E   6   chromedriver                        0x000000010462ec40 cxxbridge1$str$ptr + 2921304
E   7   chromedriver                        0x00000001046323b8 cxxbridge1$str$ptr + 2935504
E   8   chromedriver                        0x00000001046150f8 cxxbridge1$str$ptr + 2816016
E   9   chromedriver                        0x0000000104632c4c cxxbridge1$str$ptr + 2937700
E   10  chromedriver                        0x00000001046063b0 cxxbridge1$str$ptr + 2755272
E   11  chromedriver                        0x00000001046581f4 cxxbridge1$str$ptr + 3090700
E   12  chromedriver                        0x0000000104658354 cxxbridge1$str$ptr + 3091052
E   13  chromedriver                        0x00000001046697a4 cxxbridge1$str$ptr + 3161788
E   14  libsystem_pthread.dylib             0x0000000199325c08 _pthread_start + 136
E   15  libsystem_pthread.dylib             0x0000000199320ba8 thread_start + 8
---------------------------- Captured stderr setup -----------------------------
2026-07-28 15:28:57,445 WARNING nxtwash: Employee save did not navigate away. Page text: Employees
Add new employee
Cancel
Save employee
User settings
First Name
Last Name
Locations
VK Test carwash 2
+ 2
VK AL92
VK AL33
VK AL32
VK AL31
VK ZT c6d556
VK AL30
VK AL29
VK ZT 9e7bdf
VK AL28
VK AL27
VK ZT 4e248f
VK AL26
VK ZT 8f811b
VK AL25
VK AL24
VK ZT 46d34b
VK AL23
VK ZT c4a124
VK ZT d4ccd8
VK ZT 71c6f6
VK ZT 9eaa54
VK ZT ae9b9c
test 12
VK AL22
VK AL21
VK AL20
VK ZT c26508
VK AL19
VK AL18
VK ZT c54675
VK AL17
VK AL16
VK ZT 2b4279
VK AL15
VK AL14
VK ZT 146465
VK AL13
VK AL12
VK AL11
VK AL10
VK AL09
VK AL08
VK AL01
vkauto1
VK AL07
VK AL06
VK AL05
VK AL04
VK AL03
VK AL02
test123 udpated
VK Test carwash 2
VK Test Wash 01
Hire date
Employee code
Hourly wage, $
Active employee
Contact info
Email
Phone number
Address
ZIP code
State
Alaska
City
Wales
2026-07-28 15:28:57,464 WARNING nxtwash: Employee create did not navigate away — assuming duplicate; searching list with extended timeout
------------------------------ Captured log setup ------------------------------
WARNING  nxtwash:employees_page.py:521 Employee save did not navigate away. Page text: Employees
Add new employee
Cancel
Save employee
User settings
First Name
Last Name
Locations
VK Test carwash 2
+ 2
VK AL92
VK AL33
VK AL32
VK AL31
VK ZT c6d556
VK AL30
VK AL29
VK ZT 9e7bdf
VK AL28
VK AL27
VK ZT 4e248f
VK AL26
VK ZT 8f811b
VK AL25
VK AL24
VK ZT 46d34b
VK AL23
VK ZT c4a124
VK ZT d4ccd8
VK ZT 71c6f6
VK ZT 9eaa54
VK ZT ae9b9c
test 12
VK AL22
VK AL21
VK AL20
VK ZT c26508
VK AL19
VK AL18
VK ZT c54675
VK AL17
VK AL16
VK ZT 2b4279
VK AL15
VK AL14
VK ZT 146465
VK AL13
VK AL12
VK AL11
VK AL10
VK AL09
VK AL08
VK AL01
vkauto1
VK AL07
VK AL06
VK AL05
VK AL04
VK AL03
VK AL02
test123 udpated
VK Test carwash 2
VK Test Wash 01
Hire date
Employee code
Hourly wage, $
Active employee
Contact info
Email
Phone number
Address
ZIP code
State
Alaska
City
Wales
WARNING  nxtwash:conftest.py:175 Employee create did not navigate away — assuming duplicate; searching list with extended timeout
_______________ ERROR at setup of test_edit_first_name_persists ________________
tests/admin_portal/employees/conftest.py:199: in managed_employee
    page = create_employee_if_missing(browser)
           ^^^^^^^^^^^^^^^^^^^^^^^^^^^^^^^^^^^
tests/admin_portal/employees/conftest.py:181: in create_employee_if_missing
    page.wait_for_employee_row(last_name, timeout=180)
pages/admin_portal/employees_page.py:127: in wait_for_employee_row
    return WebDriverWait(self.driver, timeout).until(
venv/lib/python3.11/site-packages/selenium/webdriver/support/wait.py:121: in until
    raise TimeoutException(message, screen, stacktrace)
E   selenium.common.exceptions.TimeoutException: Message: 
E   Stacktrace:
E   0   chromedriver                        0x0000000102ec9a84 cxxbridge1$str$ptr + 3195292
E   1   chromedriver                        0x0000000102ec1b4c cxxbridge1$str$ptr + 3162724
E   2   chromedriver                        0x000000010296b2a4 _RNvCs9NA52FrZ4pF_7___rustc35___rust_no_alloc_shim_is_unstable_v2 + 73836
E   3   chromedriver                        0x00000001029b3a44 _RNvCs9NA52FrZ4pF_7___rustc35___rust_no_alloc_shim_is_unstable_v2 + 370700
E   4   chromedriver                        0x00000001029f3030 _RNvCs9NA52FrZ4pF_7___rustc35___rust_no_alloc_shim_is_unstable_v2 + 630264
E   5   chromedriver                        0x00000001029a9434 _RNvCs9NA52FrZ4pF_7___rustc35___rust_no_alloc_shim_is_unstable_v2 + 328188
E   6   chromedriver                        0x0000000102e86c40 cxxbridge1$str$ptr + 2921304
E   7   chromedriver                        0x0000000102e8a3b8 cxxbridge1$str$ptr + 2935504
E   8   chromedriver                        0x0000000102e6d0f8 cxxbridge1$str$ptr + 2816016
E   9   chromedriver                        0x0000000102e8ac4c cxxbridge1$str$ptr + 2937700
E   10  chromedriver                        0x0000000102e5e3b0 cxxbridge1$str$ptr + 2755272
E   11  chromedriver                        0x0000000102eb01f4 cxxbridge1$str$ptr + 3090700
E   12  chromedriver                        0x0000000102eb0354 cxxbridge1$str$ptr + 3091052
E   13  chromedriver                        0x0000000102ec17a4 cxxbridge1$str$ptr + 3161788
E   14  libsystem_pthread.dylib             0x0000000199325c08 _pthread_start + 136
E   15  libsystem_pthread.dylib             0x0000000199320ba8 thread_start + 8
---------------------------- Captured stderr setup -----------------------------
2026-07-28 15:35:09,634 WARNING nxtwash: Employee save did not navigate away. Page text: Employees
Add new employee
Cancel
Save employee
User settings
First Name
Last Name
Locations
VK Test carwash 2
+ 2
VK AL92
VK AL33
VK AL32
VK AL31
VK ZT c6d556
VK AL30
VK AL29
VK ZT 9e7bdf
VK AL28
VK AL27
VK ZT 4e248f
VK AL26
VK ZT 8f811b
VK AL25
VK AL24
VK ZT 46d34b
VK AL23
VK ZT c4a124
VK ZT d4ccd8
VK ZT 71c6f6
VK ZT 9eaa54
VK ZT ae9b9c
test 12
VK AL22
VK AL21
VK AL20
VK ZT c26508
VK AL19
VK AL18
VK ZT c54675
VK AL17
VK AL16
VK ZT 2b4279
VK AL15
VK AL14
VK ZT 146465
VK AL13
VK AL12
VK AL11
VK AL10
VK AL09
VK AL08
VK AL01
vkauto1
VK AL07
VK AL06
VK AL05
VK AL04
VK AL03
VK AL02
test123 udpated
VK Test carwash 2
VK Test Wash 01
Hire date
Employee code
Hourly wage, $
Active employee
Contact info
Email
Phone number
Address
ZIP code
State
Alaska
City
Wales
2026-07-28 15:35:09,677 WARNING nxtwash: Employee create did not navigate away — assuming duplicate; searching list with extended timeout
------------------------------ Captured log setup ------------------------------
WARNING  nxtwash:employees_page.py:521 Employee save did not navigate away. Page text: Employees
Add new employee
Cancel
Save employee
User settings
First Name
Last Name
Locations
VK Test carwash 2
+ 2
VK AL92
VK AL33
VK AL32
VK AL31
VK ZT c6d556
VK AL30
VK AL29
VK ZT 9e7bdf
VK AL28
VK AL27
VK ZT 4e248f
VK AL26
VK ZT 8f811b
VK AL25
VK AL24
VK ZT 46d34b
VK AL23
VK ZT c4a124
VK ZT d4ccd8
VK ZT 71c6f6
VK ZT 9eaa54
VK ZT ae9b9c
test 12
VK AL22
VK AL21
VK AL20
VK ZT c26508
VK AL19
VK AL18
VK ZT c54675
VK AL17
VK AL16
VK ZT 2b4279
VK AL15
VK AL14
VK ZT 146465
VK AL13
VK AL12
VK AL11
VK AL10
VK AL09
VK AL08
VK AL01
vkauto1
VK AL07
VK AL06
VK AL05
VK AL04
VK AL03
VK AL02
test123 udpated
VK Test carwash 2
VK Test Wash 01
Hire date
Employee code
Hourly wage, $
Active employee
Contact info
Email
Phone number
Address
ZIP code
State
Alaska
City
Wales
WARNING  nxtwash:conftest.py:175 Employee create did not navigate away — assuming duplicate; searching list with extended timeout
________________ ERROR at setup of test_edit_last_name_persists ________________
tests/admin_portal/employees/conftest.py:199: in managed_employee
    page = create_employee_if_missing(browser)
           ^^^^^^^^^^^^^^^^^^^^^^^^^^^^^^^^^^^
tests/admin_portal/employees/conftest.py:181: in create_employee_if_missing
    page.wait_for_employee_row(last_name, timeout=180)
pages/admin_portal/employees_page.py:127: in wait_for_employee_row
    return WebDriverWait(self.driver, timeout).until(
venv/lib/python3.11/site-packages/selenium/webdriver/support/wait.py:121: in until
    raise TimeoutException(message, screen, stacktrace)
E   selenium.common.exceptions.TimeoutException: Message: 
E   Stacktrace:
E   0   chromedriver                        0x00000001011e5a84 cxxbridge1$str$ptr + 3195292
E   1   chromedriver                        0x00000001011ddb4c cxxbridge1$str$ptr + 3162724
E   2   chromedriver                        0x0000000100c872a4 _RNvCs9NA52FrZ4pF_7___rustc35___rust_no_alloc_shim_is_unstable_v2 + 73836
E   3   chromedriver                        0x0000000100ccfa44 _RNvCs9NA52FrZ4pF_7___rustc35___rust_no_alloc_shim_is_unstable_v2 + 370700
E   4   chromedriver                        0x0000000100d0f030 _RNvCs9NA52FrZ4pF_7___rustc35___rust_no_alloc_shim_is_unstable_v2 + 630264
E   5   chromedriver                        0x0000000100cc5434 _RNvCs9NA52FrZ4pF_7___rustc35___rust_no_alloc_shim_is_unstable_v2 + 328188
E   6   chromedriver                        0x00000001011a2c40 cxxbridge1$str$ptr + 2921304
E   7   chromedriver                        0x00000001011a63b8 cxxbridge1$str$ptr + 2935504
E   8   chromedriver                        0x00000001011890f8 cxxbridge1$str$ptr + 2816016
E   9   chromedriver                        0x00000001011a6c4c cxxbridge1$str$ptr + 2937700
E   10  chromedriver                        0x000000010117a3b0 cxxbridge1$str$ptr + 2755272
E   11  chromedriver                        0x00000001011cc1f4 cxxbridge1$str$ptr + 3090700
E   12  chromedriver                        0x00000001011cc354 cxxbridge1$str$ptr + 3091052
E   13  chromedriver                        0x00000001011dd7a4 cxxbridge1$str$ptr + 3161788
E   14  libsystem_pthread.dylib             0x0000000199325c08 _pthread_start + 136
E   15  libsystem_pthread.dylib             0x0000000199320ba8 thread_start + 8
---------------------------- Captured stderr setup -----------------------------
2026-07-28 15:41:32,614 WARNING nxtwash: Employee save did not navigate away. Page text: Employees
Add new employee
Cancel
Save employee
User settings
First Name
Last Name
Locations
VK Test carwash 2
+ 2
VK AL92
VK AL33
VK AL32
VK AL31
VK ZT c6d556
VK AL30
VK AL29
VK ZT 9e7bdf
VK AL28
VK AL27
VK ZT 4e248f
VK AL26
VK ZT 8f811b
VK AL25
VK AL24
VK ZT 46d34b
VK AL23
VK ZT c4a124
VK ZT d4ccd8
VK ZT 71c6f6
VK ZT 9eaa54
VK ZT ae9b9c
test 12
VK AL22
VK AL21
VK AL20
VK ZT c26508
VK AL19
VK AL18
VK ZT c54675
VK AL17
VK AL16
VK ZT 2b4279
VK AL15
VK AL14
VK ZT 146465
VK AL13
VK AL12
VK AL11
VK AL10
VK AL09
VK AL08
VK AL01
vkauto1
VK AL07
VK AL06
VK AL05
VK AL04
VK AL03
VK AL02
test123 udpated
VK Test carwash 2
VK Test Wash 01
Hire date
Employee code
Hourly wage, $
Active employee
Contact info
Email
Phone number
Address
ZIP code
State
Alaska
City
Wales
2026-07-28 15:41:32,625 WARNING nxtwash: Employee create did not navigate away — assuming duplicate; searching list with extended timeout
------------------------------ Captured log setup ------------------------------
WARNING  nxtwash:employees_page.py:521 Employee save did not navigate away. Page text: Employees
Add new employee
Cancel
Save employee
User settings
First Name
Last Name
Locations
VK Test carwash 2
+ 2
VK AL92
VK AL33
VK AL32
VK AL31
VK ZT c6d556
VK AL30
VK AL29
VK ZT 9e7bdf
VK AL28
VK AL27
VK ZT 4e248f
VK AL26
VK ZT 8f811b
VK AL25
VK AL24
VK ZT 46d34b
VK AL23
VK ZT c4a124
VK ZT d4ccd8
VK ZT 71c6f6
VK ZT 9eaa54
VK ZT ae9b9c
test 12
VK AL22
VK AL21
VK AL20
VK ZT c26508
VK AL19
VK AL18
VK ZT c54675
VK AL17
VK AL16
VK ZT 2b4279
VK AL15
VK AL14
VK ZT 146465
VK AL13
VK AL12
VK AL11
VK AL10
VK AL09
VK AL08
VK AL01
vkauto1
VK AL07
VK AL06
VK AL05
VK AL04
VK AL03
VK AL02
test123 udpated
VK Test carwash 2
VK Test Wash 01
Hire date
Employee code
Hourly wage, $
Active employee
Contact info
Email
Phone number
Address
ZIP code
State
Alaska
City
Wales
WARNING  nxtwash:conftest.py:175 Employee create did not navigate away — assuming duplicate; searching list with extended timeout
__________________ ERROR at setup of test_edit_email_persists __________________
tests/admin_portal/employees/conftest.py:199: in managed_employee
    page = create_employee_if_missing(browser)
           ^^^^^^^^^^^^^^^^^^^^^^^^^^^^^^^^^^^
tests/admin_portal/employees/conftest.py:181: in create_employee_if_missing
    page.wait_for_employee_row(last_name, timeout=180)
pages/admin_portal/employees_page.py:127: in wait_for_employee_row
    return WebDriverWait(self.driver, timeout).until(
venv/lib/python3.11/site-packages/selenium/webdriver/support/wait.py:121: in until
    raise TimeoutException(message, screen, stacktrace)
E   selenium.common.exceptions.TimeoutException: Message: 
E   Stacktrace:
E   0   chromedriver                        0x0000000101059a84 cxxbridge1$str$ptr + 3195292
E   1   chromedriver                        0x0000000101051b4c cxxbridge1$str$ptr + 3162724
E   2   chromedriver                        0x0000000100afb2a4 _RNvCs9NA52FrZ4pF_7___rustc35___rust_no_alloc_shim_is_unstable_v2 + 73836
E   3   chromedriver                        0x0000000100b43a44 _RNvCs9NA52FrZ4pF_7___rustc35___rust_no_alloc_shim_is_unstable_v2 + 370700
E   4   chromedriver                        0x0000000100b83030 _RNvCs9NA52FrZ4pF_7___rustc35___rust_no_alloc_shim_is_unstable_v2 + 630264
E   5   chromedriver                        0x0000000100b39434 _RNvCs9NA52FrZ4pF_7___rustc35___rust_no_alloc_shim_is_unstable_v2 + 328188
E   6   chromedriver                        0x0000000101016c40 cxxbridge1$str$ptr + 2921304
E   7   chromedriver                        0x000000010101a3b8 cxxbridge1$str$ptr + 2935504
E   8   chromedriver                        0x0000000100ffd0f8 cxxbridge1$str$ptr + 2816016
E   9   chromedriver                        0x000000010101ac4c cxxbridge1$str$ptr + 2937700
E   10  chromedriver                        0x0000000100fee3b0 cxxbridge1$str$ptr + 2755272
E   11  chromedriver                        0x00000001010401f4 cxxbridge1$str$ptr + 3090700
E   12  chromedriver                        0x0000000101040354 cxxbridge1$str$ptr + 3091052
E   13  chromedriver                        0x00000001010517a4 cxxbridge1$str$ptr + 3161788
E   14  libsystem_pthread.dylib             0x0000000199325c08 _pthread_start + 136
E   15  libsystem_pthread.dylib             0x0000000199320ba8 thread_start + 8
---------------------------- Captured stderr setup -----------------------------
2026-07-28 15:54:28,931 WARNING nxtwash: Employee save did not navigate away. Page text: Employees
Add new employee
Cancel
Save employee
User settings
First Name
Last Name
Locations
VK Test carwash 2
+ 2
VK AL92
VK AL33
VK AL32
VK AL31
VK ZT c6d556
VK AL30
VK AL29
VK ZT 9e7bdf
VK AL28
VK AL27
VK ZT 4e248f
VK AL26
VK ZT 8f811b
VK AL25
VK AL24
VK ZT 46d34b
VK AL23
VK ZT c4a124
VK ZT d4ccd8
VK ZT 71c6f6
VK ZT 9eaa54
VK ZT ae9b9c
test 12
VK AL22
VK AL21
VK AL20
VK ZT c26508
VK AL19
VK AL18
VK ZT c54675
VK AL17
VK AL16
VK ZT 2b4279
VK AL15
VK AL14
VK ZT 146465
VK AL13
VK AL12
VK AL11
VK AL10
VK AL09
VK AL08
VK AL01
vkauto1
VK AL07
VK AL06
VK AL05
VK AL04
VK AL03
VK AL02
test123 udpated
VK Test carwash 2
VK Test Wash 01
Hire date
Employee code
Hourly wage, $
Active employee
Contact info
Email
Phone number
Address
ZIP code
State
Alaska
City
Wales
2026-07-28 15:54:28,938 WARNING nxtwash: Employee create did not navigate away — assuming duplicate; searching list with extended timeout
------------------------------ Captured log setup ------------------------------
WARNING  nxtwash:employees_page.py:521 Employee save did not navigate away. Page text: Employees
Add new employee
Cancel
Save employee
User settings
First Name
Last Name
Locations
VK Test carwash 2
+ 2
VK AL92
VK AL33
VK AL32
VK AL31
VK ZT c6d556
VK AL30
VK AL29
VK ZT 9e7bdf
VK AL28
VK AL27
VK ZT 4e248f
VK AL26
VK ZT 8f811b
VK AL25
VK AL24
VK ZT 46d34b
VK AL23
VK ZT c4a124
VK ZT d4ccd8
VK ZT 71c6f6
VK ZT 9eaa54
VK ZT ae9b9c
test 12
VK AL22
VK AL21
VK AL20
VK ZT c26508
VK AL19
VK AL18
VK ZT c54675
VK AL17
VK AL16
VK ZT 2b4279
VK AL15
VK AL14
VK ZT 146465
VK AL13
VK AL12
VK AL11
VK AL10
VK AL09
VK AL08
VK AL01
vkauto1
VK AL07
VK AL06
VK AL05
VK AL04
VK AL03
VK AL02
test123 udpated
VK Test carwash 2
VK Test Wash 01
Hire date
Employee code
Hourly wage, $
Active employee
Contact info
Email
Phone number
Address
ZIP code
State
Alaska
City
Wales
WARNING  nxtwash:conftest.py:175 Employee create did not navigate away — assuming duplicate; searching list with extended timeout
__________________ ERROR at setup of test_edit_phone_persists __________________
tests/admin_portal/employees/conftest.py:199: in managed_employee
    page = create_employee_if_missing(browser)
           ^^^^^^^^^^^^^^^^^^^^^^^^^^^^^^^^^^^
tests/admin_portal/employees/conftest.py:181: in create_employee_if_missing
    page.wait_for_employee_row(last_name, timeout=180)
pages/admin_portal/employees_page.py:127: in wait_for_employee_row
    return WebDriverWait(self.driver, timeout).until(
venv/lib/python3.11/site-packages/selenium/webdriver/support/wait.py:121: in until
    raise TimeoutException(message, screen, stacktrace)
E   selenium.common.exceptions.TimeoutException: Message: 
E   Stacktrace:
E   0   chromedriver                        0x0000000104d51a84 cxxbridge1$str$ptr + 3195292
E   1   chromedriver                        0x0000000104d49b4c cxxbridge1$str$ptr + 3162724
E   2   chromedriver                        0x00000001047f32a4 _RNvCs9NA52FrZ4pF_7___rustc35___rust_no_alloc_shim_is_unstable_v2 + 73836
E   3   chromedriver                        0x000000010483ba44 _RNvCs9NA52FrZ4pF_7___rustc35___rust_no_alloc_shim_is_unstable_v2 + 370700
E   4   chromedriver                        0x000000010487b030 _RNvCs9NA52FrZ4pF_7___rustc35___rust_no_alloc_shim_is_unstable_v2 + 630264
E   5   chromedriver                        0x0000000104831434 _RNvCs9NA52FrZ4pF_7___rustc35___rust_no_alloc_shim_is_unstable_v2 + 328188
E   6   chromedriver                        0x0000000104d0ec40 cxxbridge1$str$ptr + 2921304
E   7   chromedriver                        0x0000000104d123b8 cxxbridge1$str$ptr + 2935504
E   8   chromedriver                        0x0000000104cf50f8 cxxbridge1$str$ptr + 2816016
E   9   chromedriver                        0x0000000104d12c4c cxxbridge1$str$ptr + 2937700
E   10  chromedriver                        0x0000000104ce63b0 cxxbridge1$str$ptr + 2755272
E   11  chromedriver                        0x0000000104d381f4 cxxbridge1$str$ptr + 3090700
E   12  chromedriver                        0x0000000104d38354 cxxbridge1$str$ptr + 3091052
E   13  chromedriver                        0x0000000104d497a4 cxxbridge1$str$ptr + 3161788
E   14  libsystem_pthread.dylib             0x0000000199325c08 _pthread_start + 136
E   15  libsystem_pthread.dylib             0x0000000199320ba8 thread_start + 8
---------------------------- Captured stderr setup -----------------------------
2026-07-28 16:00:46,986 WARNING nxtwash: Employee save did not navigate away. Page text: Employees
Add new employee
Cancel
Save employee
User settings
First Name
Last Name
Locations
VK Test carwash 2
+ 2
VK AL92
VK AL33
VK AL32
VK AL31
VK ZT c6d556
VK AL30
VK AL29
VK ZT 9e7bdf
VK AL28
VK AL27
VK ZT 4e248f
VK AL26
VK ZT 8f811b
VK AL25
VK AL24
VK ZT 46d34b
VK AL23
VK ZT c4a124
VK ZT d4ccd8
VK ZT 71c6f6
VK ZT 9eaa54
VK ZT ae9b9c
test 12
VK AL22
VK AL21
VK AL20
VK ZT c26508
VK AL19
VK AL18
VK ZT c54675
VK AL17
VK AL16
VK ZT 2b4279
VK AL15
VK AL14
VK ZT 146465
VK AL13
VK AL12
VK AL11
VK AL10
VK AL09
VK AL08
VK AL01
vkauto1
VK AL07
VK AL06
VK AL05
VK AL04
VK AL03
VK AL02
test123 udpated
VK Test carwash 2
VK Test Wash 01
Hire date
Employee code
Hourly wage, $
Active employee
Contact info
Email
Phone number
Address
ZIP code
State
Alaska
City
Wales
2026-07-28 16:00:46,999 WARNING nxtwash: Employee create did not navigate away — assuming duplicate; searching list with extended timeout
------------------------------ Captured log setup ------------------------------
WARNING  nxtwash:employees_page.py:521 Employee save did not navigate away. Page text: Employees
Add new employee
Cancel
Save employee
User settings
First Name
Last Name
Locations
VK Test carwash 2
+ 2
VK AL92
VK AL33
VK AL32
VK AL31
VK ZT c6d556
VK AL30
VK AL29
VK ZT 9e7bdf
VK AL28
VK AL27
VK ZT 4e248f
VK AL26
VK ZT 8f811b
VK AL25
VK AL24
VK ZT 46d34b
VK AL23
VK ZT c4a124
VK ZT d4ccd8
VK ZT 71c6f6
VK ZT 9eaa54
VK ZT ae9b9c
test 12
VK AL22
VK AL21
VK AL20
VK ZT c26508
VK AL19
VK AL18
VK ZT c54675
VK AL17
VK AL16
VK ZT 2b4279
VK AL15
VK AL14
VK ZT 146465
VK AL13
VK AL12
VK AL11
VK AL10
VK AL09
VK AL08
VK AL01
vkauto1
VK AL07
VK AL06
VK AL05
VK AL04
VK AL03
VK AL02
test123 udpated
VK Test carwash 2
VK Test Wash 01
Hire date
Employee code
Hourly wage, $
Active employee
Contact info
Email
Phone number
Address
ZIP code
State
Alaska
City
Wales
WARNING  nxtwash:conftest.py:175 Employee create did not navigate away — assuming duplicate; searching list with extended timeout
______________ ERROR at setup of test_deactivate_active_employee _______________
tests/admin_portal/employees/conftest.py:199: in managed_employee
    page = create_employee_if_missing(browser)
           ^^^^^^^^^^^^^^^^^^^^^^^^^^^^^^^^^^^
tests/admin_portal/employees/conftest.py:181: in create_employee_if_missing
    page.wait_for_employee_row(last_name, timeout=180)
pages/admin_portal/employees_page.py:127: in wait_for_employee_row
    return WebDriverWait(self.driver, timeout).until(
venv/lib/python3.11/site-packages/selenium/webdriver/support/wait.py:121: in until
    raise TimeoutException(message, screen, stacktrace)
E   selenium.common.exceptions.TimeoutException: Message: 
E   Stacktrace:
E   0   chromedriver                        0x00000001009ada84 cxxbridge1$str$ptr + 3195292
E   1   chromedriver                        0x00000001009a5b4c cxxbridge1$str$ptr + 3162724
E   2   chromedriver                        0x000000010044f2a4 _RNvCs9NA52FrZ4pF_7___rustc35___rust_no_alloc_shim_is_unstable_v2 + 73836
E   3   chromedriver                        0x0000000100497a44 _RNvCs9NA52FrZ4pF_7___rustc35___rust_no_alloc_shim_is_unstable_v2 + 370700
E   4   chromedriver                        0x00000001004d7030 _RNvCs9NA52FrZ4pF_7___rustc35___rust_no_alloc_shim_is_unstable_v2 + 630264
E   5   chromedriver                        0x000000010048d434 _RNvCs9NA52FrZ4pF_7___rustc35___rust_no_alloc_shim_is_unstable_v2 + 328188
E   6   chromedriver                        0x000000010096ac40 cxxbridge1$str$ptr + 2921304
E   7   chromedriver                        0x000000010096e3b8 cxxbridge1$str$ptr + 2935504
E   8   chromedriver                        0x00000001009510f8 cxxbridge1$str$ptr + 2816016
E   9   chromedriver                        0x000000010096ec4c cxxbridge1$str$ptr + 2937700
E   10  chromedriver                        0x00000001009423b0 cxxbridge1$str$ptr + 2755272
E   11  chromedriver                        0x00000001009941f4 cxxbridge1$str$ptr + 3090700
E   12  chromedriver                        0x0000000100994354 cxxbridge1$str$ptr + 3091052
E   13  chromedriver                        0x00000001009a57a4 cxxbridge1$str$ptr + 3161788
E   14  libsystem_pthread.dylib             0x0000000199325c08 _pthread_start + 136
E   15  libsystem_pthread.dylib             0x0000000199320ba8 thread_start + 8
---------------------------- Captured stderr setup -----------------------------
2026-07-28 16:21:58,000 WARNING nxtwash: Employee save did not navigate away. Page text: Employees
Add new employee
Cancel
Save employee
User settings
First Name
Last Name
Locations
VK Test carwash 2
+ 2
VK AL92
VK AL33
VK AL32
VK AL31
VK ZT c6d556
VK AL30
VK AL29
VK ZT 9e7bdf
VK AL28
VK AL27
VK ZT 4e248f
VK AL26
VK ZT 8f811b
VK AL25
VK AL24
VK ZT 46d34b
VK AL23
VK ZT c4a124
VK ZT d4ccd8
VK ZT 71c6f6
VK ZT 9eaa54
VK ZT ae9b9c
test 12
VK AL22
VK AL21
VK AL20
VK ZT c26508
VK AL19
VK AL18
VK ZT c54675
VK AL17
VK AL16
VK ZT 2b4279
VK AL15
VK AL14
VK ZT 146465
VK AL13
VK AL12
VK AL11
VK AL10
VK AL09
VK AL08
VK AL01
vkauto1
VK AL07
VK AL06
VK AL05
VK AL04
VK AL03
VK AL02
test123 udpated
VK Test carwash 2
VK Test Wash 01
Hire date
Employee code
Hourly wage, $
Active employee
Contact info
Email
Phone number
Address
ZIP code
State
Alaska
City
Wales
2026-07-28 16:21:58,006 WARNING nxtwash: Employee create did not navigate away — assuming duplicate; searching list with extended timeout
------------------------------ Captured log setup ------------------------------
WARNING  nxtwash:employees_page.py:521 Employee save did not navigate away. Page text: Employees
Add new employee
Cancel
Save employee
User settings
First Name
Last Name
Locations
VK Test carwash 2
+ 2
VK AL92
VK AL33
VK AL32
VK AL31
VK ZT c6d556
VK AL30
VK AL29
VK ZT 9e7bdf
VK AL28
VK AL27
VK ZT 4e248f
VK AL26
VK ZT 8f811b
VK AL25
VK AL24
VK ZT 46d34b
VK AL23
VK ZT c4a124
VK ZT d4ccd8
VK ZT 71c6f6
VK ZT 9eaa54
VK ZT ae9b9c
test 12
VK AL22
VK AL21
VK AL20
VK ZT c26508
VK AL19
VK AL18
VK ZT c54675
VK AL17
VK AL16
VK ZT 2b4279
VK AL15
VK AL14
VK ZT 146465
VK AL13
VK AL12
VK AL11
VK AL10
VK AL09
VK AL08
VK AL01
vkauto1
VK AL07
VK AL06
VK AL05
VK AL04
VK AL03
VK AL02
test123 udpated
VK Test carwash 2
VK Test Wash 01
Hire date
Employee code
Hourly wage, $
Active employee
Contact info
Email
Phone number
Address
ZIP code
State
Alaska
City
Wales
WARNING  nxtwash:conftest.py:175 Employee create did not navigate away — assuming duplicate; searching list with extended timeout
_____________ ERROR at setup of test_edit_clear_first_name_blocked _____________
tests/admin_portal/employees/conftest.py:199: in managed_employee
    page = create_employee_if_missing(browser)
           ^^^^^^^^^^^^^^^^^^^^^^^^^^^^^^^^^^^
tests/admin_portal/employees/conftest.py:142: in create_employee_if_missing
    form.assign_locations(locations)
pages/admin_portal/employees_page.py:426: in assign_locations
    self.select_react_dropdown_option(
pages/common/base_page.py:90: in select_react_dropdown_option
    if combobox.tag_name.lower() == "input":
       ^^^^^^^^^^^^^^^^^
venv/lib/python3.11/site-packages/selenium/webdriver/remote/webelement.py:92: in tag_name
    return self._execute(Command.GET_ELEMENT_TAG_NAME)["value"]
           ^^^^^^^^^^^^^^^^^^^^^^^^^^^^^^^^^^^^^^^^^^^
venv/lib/python3.11/site-packages/selenium/webdriver/remote/webelement.py:508: in _execute
    return self._parent.execute(command, params)
           ^^^^^^^^^^^^^^^^^^^^^^^^^^^^^^^^^^^^^
venv/lib/python3.11/site-packages/selenium/webdriver/remote/webdriver.py:468: in execute
    self.error_handler.check_response(response)
venv/lib/python3.11/site-packages/selenium/webdriver/remote/errorhandler.py:232: in check_response
    raise exception_class(message, screen, stacktrace)
E   selenium.common.exceptions.StaleElementReferenceException: Message: stale element reference: stale element not found in the current frame
E     (Session info: chrome=150.0.7871.187); For documentation on this error, please visit: https://www.selenium.dev/documentation/webdriver/troubleshooting/errors#staleelementreferenceexception
E   Stacktrace:
E   0   chromedriver                        0x0000000105345a84 cxxbridge1$str$ptr + 3195292
E   1   chromedriver                        0x000000010533db4c cxxbridge1$str$ptr + 3162724
E   2   chromedriver                        0x0000000104de72a4 _RNvCs9NA52FrZ4pF_7___rustc35___rust_no_alloc_shim_is_unstable_v2 + 73836
E   3   chromedriver                        0x0000000104ded464 _RNvCs9NA52FrZ4pF_7___rustc35___rust_no_alloc_shim_is_unstable_v2 + 98860
E   4   chromedriver                        0x0000000104def678 _RNvCs9NA52FrZ4pF_7___rustc35___rust_no_alloc_shim_is_unstable_v2 + 107584
E   5   chromedriver                        0x0000000104def730 _RNvCs9NA52FrZ4pF_7___rustc35___rust_no_alloc_shim_is_unstable_v2 + 107768
E   6   chromedriver                        0x0000000104e2c30c _RNvCs9NA52FrZ4pF_7___rustc35___rust_no_alloc_shim_is_unstable_v2 + 356564
E   7   chromedriver                        0x0000000104e26934 _RNvCs9NA52FrZ4pF_7___rustc35___rust_no_alloc_shim_is_unstable_v2 + 333564
E   8   chromedriver                        0x0000000104e6f030 _RNvCs9NA52FrZ4pF_7___rustc35___rust_no_alloc_shim_is_unstable_v2 + 630264
E   9   chromedriver                        0x0000000104e25434 _RNvCs9NA52FrZ4pF_7___rustc35___rust_no_alloc_shim_is_unstable_v2 + 328188
E   10  chromedriver                        0x0000000105302c40 cxxbridge1$str$ptr + 2921304
E   11  chromedriver                        0x00000001053063b8 cxxbridge1$str$ptr + 2935504
E   12  chromedriver                        0x00000001052e90f8 cxxbridge1$str$ptr + 2816016
E   13  chromedriver                        0x0000000105306c4c cxxbridge1$str$ptr + 2937700
E   14  chromedriver                        0x00000001052da3b0 cxxbridge1$str$ptr + 2755272
E   15  chromedriver                        0x000000010532c1f4 cxxbridge1$str$ptr + 3090700
E   16  chromedriver                        0x000000010532c354 cxxbridge1$str$ptr + 3091052
E   17  chromedriver                        0x000000010533d7a4 cxxbridge1$str$ptr + 3161788
E   18  libsystem_pthread.dylib             0x0000000199325c08 _pthread_start + 136
E   19  libsystem_pthread.dylib             0x0000000199320ba8 thread_start + 8
_____________ ERROR at setup of test_edit_clear_last_name_blocked ______________
tests/admin_portal/employees/conftest.py:199: in managed_employee
    page = create_employee_if_missing(browser)
           ^^^^^^^^^^^^^^^^^^^^^^^^^^^^^^^^^^^
tests/admin_portal/employees/conftest.py:142: in create_employee_if_missing
    form.assign_locations(locations)
pages/admin_portal/employees_page.py:426: in assign_locations
    self.select_react_dropdown_option(
pages/common/base_page.py:79: in select_react_dropdown_option
    combobox = self.wait.until(EC.element_to_be_clickable(combobox_locator))
               ^^^^^^^^^^^^^^^^^^^^^^^^^^^^^^^^^^^^^^^^^^^^^^^^^^^^^^^^^^^^^
venv/lib/python3.11/site-packages/selenium/webdriver/support/wait.py:112: in until
    value = method(self._driver)
            ^^^^^^^^^^^^^^^^^^^^
venv/lib/python3.11/site-packages/selenium/webdriver/support/expected_conditions.py:516: in _predicate
    if element and element.is_enabled():
                   ^^^^^^^^^^^^^^^^^^^^
venv/lib/python3.11/site-packages/selenium/webdriver/remote/webelement.py:235: in is_enabled
    return self._execute(Command.IS_ELEMENT_ENABLED)["value"]
           ^^^^^^^^^^^^^^^^^^^^^^^^^^^^^^^^^^^^^^^^^
venv/lib/python3.11/site-packages/selenium/webdriver/remote/webelement.py:508: in _execute
    return self._parent.execute(command, params)
           ^^^^^^^^^^^^^^^^^^^^^^^^^^^^^^^^^^^^^
venv/lib/python3.11/site-packages/selenium/webdriver/remote/webdriver.py:468: in execute
    self.error_handler.check_response(response)
venv/lib/python3.11/site-packages/selenium/webdriver/remote/errorhandler.py:232: in check_response
    raise exception_class(message, screen, stacktrace)
E   selenium.common.exceptions.StaleElementReferenceException: Message: stale element reference: stale element not found in the current frame
E     (Session info: chrome=150.0.7871.187); For documentation on this error, please visit: https://www.selenium.dev/documentation/webdriver/troubleshooting/errors#staleelementreferenceexception
E   Stacktrace:
E   0   chromedriver                        0x0000000100931a84 cxxbridge1$str$ptr + 3195292
E   1   chromedriver                        0x0000000100929b4c cxxbridge1$str$ptr + 3162724
E   2   chromedriver                        0x00000001003d32a4 _RNvCs9NA52FrZ4pF_7___rustc35___rust_no_alloc_shim_is_unstable_v2 + 73836
E   3   chromedriver                        0x00000001003d9464 _RNvCs9NA52FrZ4pF_7___rustc35___rust_no_alloc_shim_is_unstable_v2 + 98860
E   4   chromedriver                        0x00000001003db678 _RNvCs9NA52FrZ4pF_7___rustc35___rust_no_alloc_shim_is_unstable_v2 + 107584
E   5   chromedriver                        0x00000001003db730 _RNvCs9NA52FrZ4pF_7___rustc35___rust_no_alloc_shim_is_unstable_v2 + 107768
E   6   chromedriver                        0x000000010041864c _RNvCs9NA52FrZ4pF_7___rustc35___rust_no_alloc_shim_is_unstable_v2 + 357396
E   7   chromedriver                        0x0000000100412934 _RNvCs9NA52FrZ4pF_7___rustc35___rust_no_alloc_shim_is_unstable_v2 + 333564
E   8   chromedriver                        0x000000010045b030 _RNvCs9NA52FrZ4pF_7___rustc35___rust_no_alloc_shim_is_unstable_v2 + 630264
E   9   chromedriver                        0x0000000100411434 _RNvCs9NA52FrZ4pF_7___rustc35___rust_no_alloc_shim_is_unstable_v2 + 328188
E   10  chromedriver                        0x00000001008eec40 cxxbridge1$str$ptr + 2921304
E   11  chromedriver                        0x00000001008f23b8 cxxbridge1$str$ptr + 2935504
E   12  chromedriver                        0x00000001008d50f8 cxxbridge1$str$ptr + 2816016
E   13  chromedriver                        0x00000001008f2c4c cxxbridge1$str$ptr + 2937700
E   14  chromedriver                        0x00000001008c63b0 cxxbridge1$str$ptr + 2755272
E   15  chromedriver                        0x00000001009181f4 cxxbridge1$str$ptr + 3090700
E   16  chromedriver                        0x0000000100918354 cxxbridge1$str$ptr + 3091052
E   17  chromedriver                        0x00000001009297a4 cxxbridge1$str$ptr + 3161788
E   18  libsystem_pthread.dylib             0x0000000199325c08 _pthread_start + 136
E   19  libsystem_pthread.dylib             0x0000000199320ba8 thread_start + 8
______________ ERROR at setup of test_edit_invalid_email_blocked _______________
tests/admin_portal/employees/conftest.py:199: in managed_employee
    page = create_employee_if_missing(browser)
           ^^^^^^^^^^^^^^^^^^^^^^^^^^^^^^^^^^^
tests/admin_portal/employees/conftest.py:181: in create_employee_if_missing
    page.wait_for_employee_row(last_name, timeout=180)
pages/admin_portal/employees_page.py:127: in wait_for_employee_row
    return WebDriverWait(self.driver, timeout).until(
venv/lib/python3.11/site-packages/selenium/webdriver/support/wait.py:121: in until
    raise TimeoutException(message, screen, stacktrace)
E   selenium.common.exceptions.TimeoutException: Message: 
E   Stacktrace:
E   0   chromedriver                        0x00000001051c5a84 cxxbridge1$str$ptr + 3195292
E   1   chromedriver                        0x00000001051bdb4c cxxbridge1$str$ptr + 3162724
E   2   chromedriver                        0x0000000104c672a4 _RNvCs9NA52FrZ4pF_7___rustc35___rust_no_alloc_shim_is_unstable_v2 + 73836
E   3   chromedriver                        0x0000000104cafa44 _RNvCs9NA52FrZ4pF_7___rustc35___rust_no_alloc_shim_is_unstable_v2 + 370700
E   4   chromedriver                        0x0000000104cef030 _RNvCs9NA52FrZ4pF_7___rustc35___rust_no_alloc_shim_is_unstable_v2 + 630264
E   5   chromedriver                        0x0000000104ca5434 _RNvCs9NA52FrZ4pF_7___rustc35___rust_no_alloc_shim_is_unstable_v2 + 328188
E   6   chromedriver                        0x0000000105182c40 cxxbridge1$str$ptr + 2921304
E   7   chromedriver                        0x00000001051863b8 cxxbridge1$str$ptr + 2935504
E   8   chromedriver                        0x00000001051690f8 cxxbridge1$str$ptr + 2816016
E   9   chromedriver                        0x0000000105186c4c cxxbridge1$str$ptr + 2937700
E   10  chromedriver                        0x000000010515a3b0 cxxbridge1$str$ptr + 2755272
E   11  chromedriver                        0x00000001051ac1f4 cxxbridge1$str$ptr + 3090700
E   12  chromedriver                        0x00000001051ac354 cxxbridge1$str$ptr + 3091052
E   13  chromedriver                        0x00000001051bd7a4 cxxbridge1$str$ptr + 3161788
E   14  libsystem_pthread.dylib             0x0000000199325c08 _pthread_start + 136
E   15  libsystem_pthread.dylib             0x0000000199320ba8 thread_start + 8
---------------------------- Captured stderr setup -----------------------------
2026-07-28 16:33:21,696 WARNING nxtwash: Employee save did not navigate away. Page text: Employees
Add new employee
Cancel
Save employee
User settings
First Name
Last Name
Locations
VK Test carwash 2
+ 2
VK AL92
VK AL33
VK AL32
VK AL31
VK ZT c6d556
VK AL30
VK AL29
VK ZT 9e7bdf
VK AL28
VK AL27
VK ZT 4e248f
VK AL26
VK ZT 8f811b
VK AL25
VK AL24
VK ZT 46d34b
VK AL23
VK ZT c4a124
VK ZT d4ccd8
VK ZT 71c6f6
VK ZT 9eaa54
VK ZT ae9b9c
test 12
VK AL22
VK AL21
VK AL20
VK ZT c26508
VK AL19
VK AL18
VK ZT c54675
VK AL17
VK AL16
VK ZT 2b4279
VK AL15
VK AL14
VK ZT 146465
VK AL13
VK AL12
VK AL11
VK AL10
VK AL09
VK AL08
VK AL01
vkauto1
VK AL07
VK AL06
VK AL05
VK AL04
VK AL03
VK AL02
test123 udpated
VK Test carwash 2
VK Test Wash 01
Hire date
Employee code
Hourly wage, $
Active employee
Contact info
Email
Phone number
Address
ZIP code
State
Alaska
City
Wales
2026-07-28 16:33:21,704 WARNING nxtwash: Employee create did not navigate away — assuming duplicate; searching list with extended timeout
------------------------------ Captured log setup ------------------------------
WARNING  nxtwash:employees_page.py:521 Employee save did not navigate away. Page text: Employees
Add new employee
Cancel
Save employee
User settings
First Name
Last Name
Locations
VK Test carwash 2
+ 2
VK AL92
VK AL33
VK AL32
VK AL31
VK ZT c6d556
VK AL30
VK AL29
VK ZT 9e7bdf
VK AL28
VK AL27
VK ZT 4e248f
VK AL26
VK ZT 8f811b
VK AL25
VK AL24
VK ZT 46d34b
VK AL23
VK ZT c4a124
VK ZT d4ccd8
VK ZT 71c6f6
VK ZT 9eaa54
VK ZT ae9b9c
test 12
VK AL22
VK AL21
VK AL20
VK ZT c26508
VK AL19
VK AL18
VK ZT c54675
VK AL17
VK AL16
VK ZT 2b4279
VK AL15
VK AL14
VK ZT 146465
VK AL13
VK AL12
VK AL11
VK AL10
VK AL09
VK AL08
VK AL01
vkauto1
VK AL07
VK AL06
VK AL05
VK AL04
VK AL03
VK AL02
test123 udpated
VK Test carwash 2
VK Test Wash 01
Hire date
Employee code
Hourly wage, $
Active employee
Contact info
Email
Phone number
Address
ZIP code
State
Alaska
City
Wales
WARNING  nxtwash:conftest.py:175 Employee create did not navigate away — assuming duplicate; searching list with extended timeout
_____________ ERROR at setup of test_edit_cancel_discards_changes ______________
tests/admin_portal/employees/conftest.py:199: in managed_employee
    page = create_employee_if_missing(browser)
           ^^^^^^^^^^^^^^^^^^^^^^^^^^^^^^^^^^^
tests/admin_portal/employees/conftest.py:181: in create_employee_if_missing
    page.wait_for_employee_row(last_name, timeout=180)
pages/admin_portal/employees_page.py:127: in wait_for_employee_row
    return WebDriverWait(self.driver, timeout).until(
venv/lib/python3.11/site-packages/selenium/webdriver/support/wait.py:121: in until
    raise TimeoutException(message, screen, stacktrace)
E   selenium.common.exceptions.TimeoutException: Message: 
E   Stacktrace:
E   0   chromedriver                        0x0000000101165a84 cxxbridge1$str$ptr + 3195292
E   1   chromedriver                        0x000000010115db4c cxxbridge1$str$ptr + 3162724
E   2   chromedriver                        0x0000000100c072a4 _RNvCs9NA52FrZ4pF_7___rustc35___rust_no_alloc_shim_is_unstable_v2 + 73836
E   3   chromedriver                        0x0000000100c4fa44 _RNvCs9NA52FrZ4pF_7___rustc35___rust_no_alloc_shim_is_unstable_v2 + 370700
E   4   chromedriver                        0x0000000100c8f030 _RNvCs9NA52FrZ4pF_7___rustc35___rust_no_alloc_shim_is_unstable_v2 + 630264
E   5   chromedriver                        0x0000000100c45434 _RNvCs9NA52FrZ4pF_7___rustc35___rust_no_alloc_shim_is_unstable_v2 + 328188
E   6   chromedriver                        0x0000000101122c40 cxxbridge1$str$ptr + 2921304
E   7   chromedriver                        0x00000001011263b8 cxxbridge1$str$ptr + 2935504
E   8   chromedriver                        0x00000001011090f8 cxxbridge1$str$ptr + 2816016
E   9   chromedriver                        0x0000000101126c4c cxxbridge1$str$ptr + 2937700
E   10  chromedriver                        0x00000001010fa3b0 cxxbridge1$str$ptr + 2755272
E   11  chromedriver                        0x000000010114c1f4 cxxbridge1$str$ptr + 3090700
E   12  chromedriver                        0x000000010114c354 cxxbridge1$str$ptr + 3091052
E   13  chromedriver                        0x000000010115d7a4 cxxbridge1$str$ptr + 3161788
E   14  libsystem_pthread.dylib             0x0000000199325c08 _pthread_start + 136
E   15  libsystem_pthread.dylib             0x0000000199320ba8 thread_start + 8
---------------------------- Captured stderr setup -----------------------------
2026-07-28 16:39:49,792 WARNING nxtwash: Employee save did not navigate away. Page text: Employees
Add new employee
Cancel
Save employee
User settings
First Name
Last Name
Locations
VK Test carwash 2
+ 2
VK AL92
VK AL33
VK AL32
VK AL31
VK ZT c6d556
VK AL30
VK AL29
VK ZT 9e7bdf
VK AL28
VK AL27
VK ZT 4e248f
VK AL26
VK ZT 8f811b
VK AL25
VK AL24
VK ZT 46d34b
VK AL23
VK ZT c4a124
VK ZT d4ccd8
VK ZT 71c6f6
VK ZT 9eaa54
VK ZT ae9b9c
test 12
VK AL22
VK AL21
VK AL20
VK ZT c26508
VK AL19
VK AL18
VK ZT c54675
VK AL17
VK AL16
VK ZT 2b4279
VK AL15
VK AL14
VK ZT 146465
VK AL13
VK AL12
VK AL11
VK AL10
VK AL09
VK AL08
VK AL01
vkauto1
VK AL07
VK AL06
VK AL05
VK AL04
VK AL03
VK AL02
test123 udpated
VK Test carwash 2
VK Test Wash 01
Hire date
Employee code
Hourly wage, $
Active employee
Contact info
Email
Phone number
Address
ZIP code
State
Alaska
City
Wales
2026-07-28 16:39:49,829 WARNING nxtwash: Employee create did not navigate away — assuming duplicate; searching list with extended timeout
------------------------------ Captured log setup ------------------------------
WARNING  nxtwash:employees_page.py:521 Employee save did not navigate away. Page text: Employees
Add new employee
Cancel
Save employee
User settings
First Name
Last Name
Locations
VK Test carwash 2
+ 2
VK AL92
VK AL33
VK AL32
VK AL31
VK ZT c6d556
VK AL30
VK AL29
VK ZT 9e7bdf
VK AL28
VK AL27
VK ZT 4e248f
VK AL26
VK ZT 8f811b
VK AL25
VK AL24
VK ZT 46d34b
VK AL23
VK ZT c4a124
VK ZT d4ccd8
VK ZT 71c6f6
VK ZT 9eaa54
VK ZT ae9b9c
test 12
VK AL22
VK AL21
VK AL20
VK ZT c26508
VK AL19
VK AL18
VK ZT c54675
VK AL17
VK AL16
VK ZT 2b4279
VK AL15
VK AL14
VK ZT 146465
VK AL13
VK AL12
VK AL11
VK AL10
VK AL09
VK AL08
VK AL01
vkauto1
VK AL07
VK AL06
VK AL05
VK AL04
VK AL03
VK AL02
test123 udpated
VK Test carwash 2
VK Test Wash 01
Hire date
Employee code
Hourly wage, $
Active employee
Contact info
Email
Phone number
Address
ZIP code
State
Alaska
City
Wales
WARNING  nxtwash:conftest.py:175 Employee create did not navigate away — assuming duplicate; searching list with extended timeout
______ ERROR at setup of test_shift_status_inactive_when_no_active_shift _______
tests/admin_portal/employees/conftest.py:199: in managed_employee
    page = create_employee_if_missing(browser)
           ^^^^^^^^^^^^^^^^^^^^^^^^^^^^^^^^^^^
tests/admin_portal/employees/conftest.py:181: in create_employee_if_missing
    page.wait_for_employee_row(last_name, timeout=180)
pages/admin_portal/employees_page.py:127: in wait_for_employee_row
    return WebDriverWait(self.driver, timeout).until(
venv/lib/python3.11/site-packages/selenium/webdriver/support/wait.py:121: in until
    raise TimeoutException(message, screen, stacktrace)
E   selenium.common.exceptions.TimeoutException: Message: 
E   Stacktrace:
E   0   chromedriver                        0x00000001026d1a84 cxxbridge1$str$ptr + 3195292
E   1   chromedriver                        0x00000001026c9b4c cxxbridge1$str$ptr + 3162724
E   2   chromedriver                        0x00000001021732a4 _RNvCs9NA52FrZ4pF_7___rustc35___rust_no_alloc_shim_is_unstable_v2 + 73836
E   3   chromedriver                        0x00000001021bba44 _RNvCs9NA52FrZ4pF_7___rustc35___rust_no_alloc_shim_is_unstable_v2 + 370700
E   4   chromedriver                        0x00000001021fb030 _RNvCs9NA52FrZ4pF_7___rustc35___rust_no_alloc_shim_is_unstable_v2 + 630264
E   5   chromedriver                        0x00000001021b1434 _RNvCs9NA52FrZ4pF_7___rustc35___rust_no_alloc_shim_is_unstable_v2 + 328188
E   6   chromedriver                        0x000000010268ec40 cxxbridge1$str$ptr + 2921304
E   7   chromedriver                        0x00000001026923b8 cxxbridge1$str$ptr + 2935504
E   8   chromedriver                        0x00000001026750f8 cxxbridge1$str$ptr + 2816016
E   9   chromedriver                        0x0000000102692c4c cxxbridge1$str$ptr + 2937700
E   10  chromedriver                        0x00000001026663b0 cxxbridge1$str$ptr + 2755272
E   11  chromedriver                        0x00000001026b81f4 cxxbridge1$str$ptr + 3090700
E   12  chromedriver                        0x00000001026b8354 cxxbridge1$str$ptr + 3091052
E   13  chromedriver                        0x00000001026c97a4 cxxbridge1$str$ptr + 3161788
E   14  libsystem_pthread.dylib             0x0000000199325c08 _pthread_start + 136
E   15  libsystem_pthread.dylib             0x0000000199320ba8 thread_start + 8
---------------------------- Captured stderr setup -----------------------------
2026-07-28 17:03:13,761 WARNING nxtwash: Employee save did not navigate away. Page text: Employees
Add new employee
Cancel
Save employee
User settings
First Name
Last Name
Locations
VK Test carwash 2
+ 2
VK AL92
VK AL33
VK AL32
VK AL31
VK ZT c6d556
VK AL30
VK AL29
VK ZT 9e7bdf
VK AL28
VK AL27
VK ZT 4e248f
VK AL26
VK ZT 8f811b
VK AL25
VK AL24
VK ZT 46d34b
VK AL23
VK ZT c4a124
VK ZT d4ccd8
VK ZT 71c6f6
VK ZT 9eaa54
VK ZT ae9b9c
test 12
VK AL22
VK AL21
VK AL20
VK ZT c26508
VK AL19
VK AL18
VK ZT c54675
VK AL17
VK AL16
VK ZT 2b4279
VK AL15
VK AL14
VK ZT 146465
VK AL13
VK AL12
VK AL11
VK AL10
VK AL09
VK AL08
VK AL01
vkauto1
VK AL07
VK AL06
VK AL05
VK AL04
VK AL03
VK AL02
test123 udpated
VK Test carwash 2
VK Test Wash 01
Hire date
Employee code
Hourly wage, $
Active employee
Contact info
Email
Phone number
Address
ZIP code
State
Alaska
City
Wales
2026-07-28 17:03:13,773 WARNING nxtwash: Employee create did not navigate away — assuming duplicate; searching list with extended timeout
------------------------------ Captured log setup ------------------------------
WARNING  nxtwash:employees_page.py:521 Employee save did not navigate away. Page text: Employees
Add new employee
Cancel
Save employee
User settings
First Name
Last Name
Locations
VK Test carwash 2
+ 2
VK AL92
VK AL33
VK AL32
VK AL31
VK ZT c6d556
VK AL30
VK AL29
VK ZT 9e7bdf
VK AL28
VK AL27
VK ZT 4e248f
VK AL26
VK ZT 8f811b
VK AL25
VK AL24
VK ZT 46d34b
VK AL23
VK ZT c4a124
VK ZT d4ccd8
VK ZT 71c6f6
VK ZT 9eaa54
VK ZT ae9b9c
test 12
VK AL22
VK AL21
VK AL20
VK ZT c26508
VK AL19
VK AL18
VK ZT c54675
VK AL17
VK AL16
VK ZT 2b4279
VK AL15
VK AL14
VK ZT 146465
VK AL13
VK AL12
VK AL11
VK AL10
VK AL09
VK AL08
VK AL01
vkauto1
VK AL07
VK AL06
VK AL05
VK AL04
VK AL03
VK AL02
test123 udpated
VK Test carwash 2
VK Test Wash 01
Hire date
Employee code
Hourly wage, $
Active employee
Contact info
Email
Phone number
Address
ZIP code
State
Alaska
City
Wales
WARNING  nxtwash:conftest.py:175 Employee create did not navigate away — assuming duplicate; searching list with extended timeout
_______________ ERROR at setup of test_status_column_shows_badge _______________
tests/admin_portal/employees/conftest.py:199: in managed_employee
    page = create_employee_if_missing(browser)
           ^^^^^^^^^^^^^^^^^^^^^^^^^^^^^^^^^^^
tests/admin_portal/employees/conftest.py:181: in create_employee_if_missing
    page.wait_for_employee_row(last_name, timeout=180)
pages/admin_portal/employees_page.py:127: in wait_for_employee_row
    return WebDriverWait(self.driver, timeout).until(
venv/lib/python3.11/site-packages/selenium/webdriver/support/wait.py:121: in until
    raise TimeoutException(message, screen, stacktrace)
E   selenium.common.exceptions.TimeoutException: Message: 
E   Stacktrace:
E   0   chromedriver                        0x0000000104fd5a84 cxxbridge1$str$ptr + 3195292
E   1   chromedriver                        0x0000000104fcdb4c cxxbridge1$str$ptr + 3162724
E   2   chromedriver                        0x0000000104a772a4 _RNvCs9NA52FrZ4pF_7___rustc35___rust_no_alloc_shim_is_unstable_v2 + 73836
E   3   chromedriver                        0x0000000104abfa44 _RNvCs9NA52FrZ4pF_7___rustc35___rust_no_alloc_shim_is_unstable_v2 + 370700
E   4   chromedriver                        0x0000000104aff030 _RNvCs9NA52FrZ4pF_7___rustc35___rust_no_alloc_shim_is_unstable_v2 + 630264
E   5   chromedriver                        0x0000000104ab5434 _RNvCs9NA52FrZ4pF_7___rustc35___rust_no_alloc_shim_is_unstable_v2 + 328188
E   6   chromedriver                        0x0000000104f92c40 cxxbridge1$str$ptr + 2921304
E   7   chromedriver                        0x0000000104f963b8 cxxbridge1$str$ptr + 2935504
E   8   chromedriver                        0x0000000104f790f8 cxxbridge1$str$ptr + 2816016
E   9   chromedriver                        0x0000000104f96c4c cxxbridge1$str$ptr + 2937700
E   10  chromedriver                        0x0000000104f6a3b0 cxxbridge1$str$ptr + 2755272
E   11  chromedriver                        0x0000000104fbc1f4 cxxbridge1$str$ptr + 3090700
E   12  chromedriver                        0x0000000104fbc354 cxxbridge1$str$ptr + 3091052
E   13  chromedriver                        0x0000000104fcd7a4 cxxbridge1$str$ptr + 3161788
E   14  libsystem_pthread.dylib             0x0000000199325c08 _pthread_start + 136
E   15  libsystem_pthread.dylib             0x0000000199320ba8 thread_start + 8
---------------------------- Captured stderr setup -----------------------------
2026-07-28 17:09:37,262 WARNING nxtwash: Employee save did not navigate away. Page text: Employees
Add new employee
Cancel
Save employee
User settings
First Name
Last Name
Locations
VK Test carwash 2
+ 2
VK AL92
VK AL33
VK AL32
VK AL31
VK ZT c6d556
VK AL30
VK AL29
VK ZT 9e7bdf
VK AL28
VK AL27
VK ZT 4e248f
VK AL26
VK ZT 8f811b
VK AL25
VK AL24
VK ZT 46d34b
VK AL23
VK ZT c4a124
VK ZT d4ccd8
VK ZT 71c6f6
VK ZT 9eaa54
VK ZT ae9b9c
test 12
VK AL22
VK AL21
VK AL20
VK ZT c26508
VK AL19
VK AL18
VK ZT c54675
VK AL17
VK AL16
VK ZT 2b4279
VK AL15
VK AL14
VK ZT 146465
VK AL13
VK AL12
VK AL11
VK AL10
VK AL09
VK AL08
VK AL01
vkauto1
VK AL07
VK AL06
VK AL05
VK AL04
VK AL03
VK AL02
test123 udpated
VK Test carwash 2
VK Test Wash 01
Hire date
Employee code
Hourly wage, $
Active employee
Contact info
Email
Phone number
Address
ZIP code
State
Alaska
City
Wales
2026-07-28 17:09:37,295 WARNING nxtwash: Employee create did not navigate away — assuming duplicate; searching list with extended timeout
------------------------------ Captured log setup ------------------------------
WARNING  nxtwash:employees_page.py:521 Employee save did not navigate away. Page text: Employees
Add new employee
Cancel
Save employee
User settings
First Name
Last Name
Locations
VK Test carwash 2
+ 2
VK AL92
VK AL33
VK AL32
VK AL31
VK ZT c6d556
VK AL30
VK AL29
VK ZT 9e7bdf
VK AL28
VK AL27
VK ZT 4e248f
VK AL26
VK ZT 8f811b
VK AL25
VK AL24
VK ZT 46d34b
VK AL23
VK ZT c4a124
VK ZT d4ccd8
VK ZT 71c6f6
VK ZT 9eaa54
VK ZT ae9b9c
test 12
VK AL22
VK AL21
VK AL20
VK ZT c26508
VK AL19
VK AL18
VK ZT c54675
VK AL17
VK AL16
VK ZT 2b4279
VK AL15
VK AL14
VK ZT 146465
VK AL13
VK AL12
VK AL11
VK AL10
VK AL09
VK AL08
VK AL01
vkauto1
VK AL07
VK AL06
VK AL05
VK AL04
VK AL03
VK AL02
test123 udpated
VK Test carwash 2
VK Test Wash 01
Hire date
Employee code
Hourly wage, $
Active employee
Contact info
Email
Phone number
Address
ZIP code
State
Alaska
City
Wales
WARNING  nxtwash:conftest.py:175 Employee create did not navigate away — assuming duplicate; searching list with extended timeout
_______________ ERROR at setup of test_search_by_exact_last_name _______________
tests/admin_portal/employees/conftest.py:199: in managed_employee
    page = create_employee_if_missing(browser)
           ^^^^^^^^^^^^^^^^^^^^^^^^^^^^^^^^^^^
tests/admin_portal/employees/conftest.py:181: in create_employee_if_missing
    page.wait_for_employee_row(last_name, timeout=180)
pages/admin_portal/employees_page.py:127: in wait_for_employee_row
    return WebDriverWait(self.driver, timeout).until(
venv/lib/python3.11/site-packages/selenium/webdriver/support/wait.py:121: in until
    raise TimeoutException(message, screen, stacktrace)
E   selenium.common.exceptions.TimeoutException: Message: 
E   Stacktrace:
E   0   chromedriver                        0x0000000104d99a84 cxxbridge1$str$ptr + 3195292
E   1   chromedriver                        0x0000000104d91b4c cxxbridge1$str$ptr + 3162724
E   2   chromedriver                        0x000000010483b2a4 _RNvCs9NA52FrZ4pF_7___rustc35___rust_no_alloc_shim_is_unstable_v2 + 73836
E   3   chromedriver                        0x0000000104883a44 _RNvCs9NA52FrZ4pF_7___rustc35___rust_no_alloc_shim_is_unstable_v2 + 370700
E   4   chromedriver                        0x00000001048c3030 _RNvCs9NA52FrZ4pF_7___rustc35___rust_no_alloc_shim_is_unstable_v2 + 630264
E   5   chromedriver                        0x0000000104879434 _RNvCs9NA52FrZ4pF_7___rustc35___rust_no_alloc_shim_is_unstable_v2 + 328188
E   6   chromedriver                        0x0000000104d56c40 cxxbridge1$str$ptr + 2921304
E   7   chromedriver                        0x0000000104d5a3b8 cxxbridge1$str$ptr + 2935504
E   8   chromedriver                        0x0000000104d3d0f8 cxxbridge1$str$ptr + 2816016
E   9   chromedriver                        0x0000000104d5ac4c cxxbridge1$str$ptr + 2937700
E   10  chromedriver                        0x0000000104d2e3b0 cxxbridge1$str$ptr + 2755272
E   11  chromedriver                        0x0000000104d801f4 cxxbridge1$str$ptr + 3090700
E   12  chromedriver                        0x0000000104d80354 cxxbridge1$str$ptr + 3091052
E   13  chromedriver                        0x0000000104d917a4 cxxbridge1$str$ptr + 3161788
E   14  libsystem_pthread.dylib             0x0000000199325c08 _pthread_start + 136
E   15  libsystem_pthread.dylib             0x0000000199320ba8 thread_start + 8
---------------------------- Captured stderr setup -----------------------------
2026-07-28 17:16:43,083 WARNING nxtwash: Employee save did not navigate away. Page text: Employees
Add new employee
Cancel
Save employee
User settings
First Name
Last Name
Locations
VK Test carwash 2
+ 2
VK AL35
VK ZT 9344b0
VK AL34
VK AL92
VK AL33
VK AL32
VK AL31
VK ZT c6d556
VK AL30
VK AL29
VK ZT 9e7bdf
VK AL28
VK AL27
VK ZT 4e248f
VK AL26
VK ZT 8f811b
VK AL25
VK AL24
VK ZT 46d34b
VK AL23
VK ZT c4a124
VK ZT d4ccd8
VK ZT 71c6f6
VK ZT 9eaa54
VK ZT ae9b9c
test 12
VK AL22
VK AL21
VK AL20
VK ZT c26508
VK AL19
VK AL18
VK ZT c54675
VK AL17
VK AL16
VK ZT 2b4279
VK AL15
VK AL14
VK ZT 146465
VK AL13
VK AL12
VK AL11
VK AL10
VK AL09
VK AL08
VK AL01
vkauto1
VK AL07
VK AL06
VK AL05
VK AL04
VK AL03
VK AL02
test123 udpated
VK Test carwash 2
VK Test Wash 01
Hire date
Employee code
Hourly wage, $
Active employee
Contact info
Email
Phone number
Address
ZIP code
State
Alaska
City
Wales
2026-07-28 17:16:43,105 WARNING nxtwash: Employee create did not navigate away — assuming duplicate; searching list with extended timeout
------------------------------ Captured log setup ------------------------------
WARNING  nxtwash:employees_page.py:521 Employee save did not navigate away. Page text: Employees
Add new employee
Cancel
Save employee
User settings
First Name
Last Name
Locations
VK Test carwash 2
+ 2
VK AL35
VK ZT 9344b0
VK AL34
VK AL92
VK AL33
VK AL32
VK AL31
VK ZT c6d556
VK AL30
VK AL29
VK ZT 9e7bdf
VK AL28
VK AL27
VK ZT 4e248f
VK AL26
VK ZT 8f811b
VK AL25
VK AL24
VK ZT 46d34b
VK AL23
VK ZT c4a124
VK ZT d4ccd8
VK ZT 71c6f6
VK ZT 9eaa54
VK ZT ae9b9c
test 12
VK AL22
VK AL21
VK AL20
VK ZT c26508
VK AL19
VK AL18
VK ZT c54675
VK AL17
VK AL16
VK ZT 2b4279
VK AL15
VK AL14
VK ZT 146465
VK AL13
VK AL12
VK AL11
VK AL10
VK AL09
VK AL08
VK AL01
vkauto1
VK AL07
VK AL06
VK AL05
VK AL04
VK AL03
VK AL02
test123 udpated
VK Test carwash 2
VK Test Wash 01
Hire date
Employee code
Hourly wage, $
Active employee
Contact info
Email
Phone number
Address
ZIP code
State
Alaska
City
Wales
WARNING  nxtwash:conftest.py:175 Employee create did not navigate away — assuming duplicate; searching list with extended timeout
______________ ERROR at setup of test_search_by_partial_last_name ______________
tests/admin_portal/employees/conftest.py:199: in managed_employee
    page = create_employee_if_missing(browser)
           ^^^^^^^^^^^^^^^^^^^^^^^^^^^^^^^^^^^
tests/admin_portal/employees/conftest.py:181: in create_employee_if_missing
    page.wait_for_employee_row(last_name, timeout=180)
pages/admin_portal/employees_page.py:127: in wait_for_employee_row
    return WebDriverWait(self.driver, timeout).until(
venv/lib/python3.11/site-packages/selenium/webdriver/support/wait.py:121: in until
    raise TimeoutException(message, screen, stacktrace)
E   selenium.common.exceptions.TimeoutException: Message: 
E   Stacktrace:
E   0   chromedriver                        0x0000000101279a84 cxxbridge1$str$ptr + 3195292
E   1   chromedriver                        0x0000000101271b4c cxxbridge1$str$ptr + 3162724
E   2   chromedriver                        0x0000000100d1b2a4 _RNvCs9NA52FrZ4pF_7___rustc35___rust_no_alloc_shim_is_unstable_v2 + 73836
E   3   chromedriver                        0x0000000100d63a44 _RNvCs9NA52FrZ4pF_7___rustc35___rust_no_alloc_shim_is_unstable_v2 + 370700
E   4   chromedriver                        0x0000000100da3030 _RNvCs9NA52FrZ4pF_7___rustc35___rust_no_alloc_shim_is_unstable_v2 + 630264
E   5   chromedriver                        0x0000000100d59434 _RNvCs9NA52FrZ4pF_7___rustc35___rust_no_alloc_shim_is_unstable_v2 + 328188
E   6   chromedriver                        0x0000000101236c40 cxxbridge1$str$ptr + 2921304
E   7   chromedriver                        0x000000010123a3b8 cxxbridge1$str$ptr + 2935504
E   8   chromedriver                        0x000000010121d0f8 cxxbridge1$str$ptr + 2816016
E   9   chromedriver                        0x000000010123ac4c cxxbridge1$str$ptr + 2937700
E   10  chromedriver                        0x000000010120e3b0 cxxbridge1$str$ptr + 2755272
E   11  chromedriver                        0x00000001012601f4 cxxbridge1$str$ptr + 3090700
E   12  chromedriver                        0x0000000101260354 cxxbridge1$str$ptr + 3091052
E   13  chromedriver                        0x00000001012717a4 cxxbridge1$str$ptr + 3161788
E   14  libsystem_pthread.dylib             0x0000000199325c08 _pthread_start + 136
E   15  libsystem_pthread.dylib             0x0000000199320ba8 thread_start + 8
---------------------------- Captured stderr setup -----------------------------
2026-07-28 17:23:05,277 WARNING nxtwash: Employee save did not navigate away. Page text: Employees
Add new employee
Cancel
Save employee
User settings
First Name
Last Name
Locations
VK Test carwash 2
+ 2
VK AL35
VK ZT 9344b0
VK AL34
VK AL92
VK AL33
VK AL32
VK AL31
VK ZT c6d556
VK AL30
VK AL29
VK ZT 9e7bdf
VK AL28
VK AL27
VK ZT 4e248f
VK AL26
VK ZT 8f811b
VK AL25
VK AL24
VK ZT 46d34b
VK AL23
VK ZT c4a124
VK ZT d4ccd8
VK ZT 71c6f6
VK ZT 9eaa54
VK ZT ae9b9c
test 12
VK AL22
VK AL21
VK AL20
VK ZT c26508
VK AL19
VK AL18
VK ZT c54675
VK AL17
VK AL16
VK ZT 2b4279
VK AL15
VK AL14
VK ZT 146465
VK AL13
VK AL12
VK AL11
VK AL10
VK AL09
VK AL08
VK AL01
vkauto1
VK AL07
VK AL06
VK AL05
VK AL04
VK AL03
VK AL02
test123 udpated
VK Test carwash 2
VK Test Wash 01
Hire date
Employee code
Hourly wage, $
Active employee
Contact info
Email
Phone number
Address
ZIP code
State
Alaska
City
Wales
2026-07-28 17:23:05,309 WARNING nxtwash: Employee create did not navigate away — assuming duplicate; searching list with extended timeout
------------------------------ Captured log setup ------------------------------
WARNING  nxtwash:employees_page.py:521 Employee save did not navigate away. Page text: Employees
Add new employee
Cancel
Save employee
User settings
First Name
Last Name
Locations
VK Test carwash 2
+ 2
VK AL35
VK ZT 9344b0
VK AL34
VK AL92
VK AL33
VK AL32
VK AL31
VK ZT c6d556
VK AL30
VK AL29
VK ZT 9e7bdf
VK AL28
VK AL27
VK ZT 4e248f
VK AL26
VK ZT 8f811b
VK AL25
VK AL24
VK ZT 46d34b
VK AL23
VK ZT c4a124
VK ZT d4ccd8
VK ZT 71c6f6
VK ZT 9eaa54
VK ZT ae9b9c
test 12
VK AL22
VK AL21
VK AL20
VK ZT c26508
VK AL19
VK AL18
VK ZT c54675
VK AL17
VK AL16
VK ZT 2b4279
VK AL15
VK AL14
VK ZT 146465
VK AL13
VK AL12
VK AL11
VK AL10
VK AL09
VK AL08
VK AL01
vkauto1
VK AL07
VK AL06
VK AL05
VK AL04
VK AL03
VK AL02
test123 udpated
VK Test carwash 2
VK Test Wash 01
Hire date
Employee code
Hourly wage, $
Active employee
Contact info
Email
Phone number
Address
ZIP code
State
Alaska
City
Wales
WARNING  nxtwash:conftest.py:175 Employee create did not navigate away — assuming duplicate; searching list with extended timeout
____________ ERROR at setup of test_clear_search_restores_full_list ____________
tests/admin_portal/employees/conftest.py:199: in managed_employee
    page = create_employee_if_missing(browser)
           ^^^^^^^^^^^^^^^^^^^^^^^^^^^^^^^^^^^
tests/admin_portal/employees/conftest.py:181: in create_employee_if_missing
    page.wait_for_employee_row(last_name, timeout=180)
pages/admin_portal/employees_page.py:127: in wait_for_employee_row
    return WebDriverWait(self.driver, timeout).until(
venv/lib/python3.11/site-packages/selenium/webdriver/support/wait.py:121: in until
    raise TimeoutException(message, screen, stacktrace)
E   selenium.common.exceptions.TimeoutException: Message: 
E   Stacktrace:
E   0   chromedriver                        0x0000000103515a84 cxxbridge1$str$ptr + 3195292
E   1   chromedriver                        0x000000010350db4c cxxbridge1$str$ptr + 3162724
E   2   chromedriver                        0x0000000102fb72a4 _RNvCs9NA52FrZ4pF_7___rustc35___rust_no_alloc_shim_is_unstable_v2 + 73836
E   3   chromedriver                        0x0000000102fffa44 _RNvCs9NA52FrZ4pF_7___rustc35___rust_no_alloc_shim_is_unstable_v2 + 370700
E   4   chromedriver                        0x000000010303f030 _RNvCs9NA52FrZ4pF_7___rustc35___rust_no_alloc_shim_is_unstable_v2 + 630264
E   5   chromedriver                        0x0000000102ff5434 _RNvCs9NA52FrZ4pF_7___rustc35___rust_no_alloc_shim_is_unstable_v2 + 328188
E   6   chromedriver                        0x00000001034d2c40 cxxbridge1$str$ptr + 2921304
E   7   chromedriver                        0x00000001034d63b8 cxxbridge1$str$ptr + 2935504
E   8   chromedriver                        0x00000001034b90f8 cxxbridge1$str$ptr + 2816016
E   9   chromedriver                        0x00000001034d6c4c cxxbridge1$str$ptr + 2937700
E   10  chromedriver                        0x00000001034aa3b0 cxxbridge1$str$ptr + 2755272
E   11  chromedriver                        0x00000001034fc1f4 cxxbridge1$str$ptr + 3090700
E   12  chromedriver                        0x00000001034fc354 cxxbridge1$str$ptr + 3091052
E   13  chromedriver                        0x000000010350d7a4 cxxbridge1$str$ptr + 3161788
E   14  libsystem_pthread.dylib             0x0000000199325c08 _pthread_start + 136
E   15  libsystem_pthread.dylib             0x0000000199320ba8 thread_start + 8
---------------------------- Captured stderr setup -----------------------------
2026-07-28 17:29:30,713 WARNING nxtwash: Employee save did not navigate away. Page text: Employees
Add new employee
Cancel
Save employee
User settings
First Name
Last Name
Locations
VK Test carwash 2
+ 2
VK AL35
VK ZT 9344b0
VK AL34
VK AL92
VK AL33
VK AL32
VK AL31
VK ZT c6d556
VK AL30
VK AL29
VK ZT 9e7bdf
VK AL28
VK AL27
VK ZT 4e248f
VK AL26
VK ZT 8f811b
VK AL25
VK AL24
VK ZT 46d34b
VK AL23
VK ZT c4a124
VK ZT d4ccd8
VK ZT 71c6f6
VK ZT 9eaa54
VK ZT ae9b9c
test 12
VK AL22
VK AL21
VK AL20
VK ZT c26508
VK AL19
VK AL18
VK ZT c54675
VK AL17
VK AL16
VK ZT 2b4279
VK AL15
VK AL14
VK ZT 146465
VK AL13
VK AL12
VK AL11
VK AL10
VK AL09
VK AL08
VK AL01
vkauto1
VK AL07
VK AL06
VK AL05
VK AL04
VK AL03
VK AL02
test123 udpated
VK Test carwash 2
VK Test Wash 01
Hire date
Employee code
Hourly wage, $
Active employee
Contact info
Email
Phone number
Address
ZIP code
State
Alaska
City
Wales
2026-07-28 17:29:30,928 WARNING nxtwash: Employee create did not navigate away — assuming duplicate; searching list with extended timeout
------------------------------ Captured log setup ------------------------------
WARNING  nxtwash:employees_page.py:521 Employee save did not navigate away. Page text: Employees
Add new employee
Cancel
Save employee
User settings
First Name
Last Name
Locations
VK Test carwash 2
+ 2
VK AL35
VK ZT 9344b0
VK AL34
VK AL92
VK AL33
VK AL32
VK AL31
VK ZT c6d556
VK AL30
VK AL29
VK ZT 9e7bdf
VK AL28
VK AL27
VK ZT 4e248f
VK AL26
VK ZT 8f811b
VK AL25
VK AL24
VK ZT 46d34b
VK AL23
VK ZT c4a124
VK ZT d4ccd8
VK ZT 71c6f6
VK ZT 9eaa54
VK ZT ae9b9c
test 12
VK AL22
VK AL21
VK AL20
VK ZT c26508
VK AL19
VK AL18
VK ZT c54675
VK AL17
VK AL16
VK ZT 2b4279
VK AL15
VK AL14
VK ZT 146465
VK AL13
VK AL12
VK AL11
VK AL10
VK AL09
VK AL08
VK AL01
vkauto1
VK AL07
VK AL06
VK AL05
VK AL04
VK AL03
VK AL02
test123 udpated
VK Test carwash 2
VK Test Wash 01
Hire date
Employee code
Hourly wage, $
Active employee
Contact info
Email
Phone number
Address
ZIP code
State
Alaska
City
Wales
WARNING  nxtwash:conftest.py:175 Employee create did not navigate away — assuming duplicate; searching list with extended timeout
____________ ERROR at setup of test_shift_search_by_exact_last_name ____________
tests/admin_portal/employees/conftest.py:199: in managed_employee
    page = create_employee_if_missing(browser)
           ^^^^^^^^^^^^^^^^^^^^^^^^^^^^^^^^^^^
tests/admin_portal/employees/conftest.py:181: in create_employee_if_missing
    page.wait_for_employee_row(last_name, timeout=180)
pages/admin_portal/employees_page.py:127: in wait_for_employee_row
    return WebDriverWait(self.driver, timeout).until(
venv/lib/python3.11/site-packages/selenium/webdriver/support/wait.py:121: in until
    raise TimeoutException(message, screen, stacktrace)
E   selenium.common.exceptions.TimeoutException: Message: 
E   Stacktrace:
E   0   chromedriver                        0x0000000102735a84 cxxbridge1$str$ptr + 3195292
E   1   chromedriver                        0x000000010272db4c cxxbridge1$str$ptr + 3162724
E   2   chromedriver                        0x00000001021d72a4 _RNvCs9NA52FrZ4pF_7___rustc35___rust_no_alloc_shim_is_unstable_v2 + 73836
E   3   chromedriver                        0x000000010221fa44 _RNvCs9NA52FrZ4pF_7___rustc35___rust_no_alloc_shim_is_unstable_v2 + 370700
E   4   chromedriver                        0x000000010225f030 _RNvCs9NA52FrZ4pF_7___rustc35___rust_no_alloc_shim_is_unstable_v2 + 630264
E   5   chromedriver                        0x0000000102215434 _RNvCs9NA52FrZ4pF_7___rustc35___rust_no_alloc_shim_is_unstable_v2 + 328188
E   6   chromedriver                        0x00000001026f2c40 cxxbridge1$str$ptr + 2921304
E   7   chromedriver                        0x00000001026f63b8 cxxbridge1$str$ptr + 2935504
E   8   chromedriver                        0x00000001026d90f8 cxxbridge1$str$ptr + 2816016
E   9   chromedriver                        0x00000001026f6c4c cxxbridge1$str$ptr + 2937700
E   10  chromedriver                        0x00000001026ca3b0 cxxbridge1$str$ptr + 2755272
E   11  chromedriver                        0x000000010271c1f4 cxxbridge1$str$ptr + 3090700
E   12  chromedriver                        0x000000010271c354 cxxbridge1$str$ptr + 3091052
E   13  chromedriver                        0x000000010272d7a4 cxxbridge1$str$ptr + 3161788
E   14  libsystem_pthread.dylib             0x0000000199325c08 _pthread_start + 136
E   15  libsystem_pthread.dylib             0x0000000199320ba8 thread_start + 8
---------------------------- Captured stderr setup -----------------------------
2026-07-28 19:25:29,367 WARNING nxtwash: Employee save did not navigate away. Page text: Employees
Add new employee
Cancel
Save employee
User settings
First Name
Last Name
Locations
VK Test carwash 2
+ 2
VK AL37
VK ZT ab24bb
VK AL36
VK AL35
VK ZT 9344b0
VK AL34
VK AL92
VK AL33
VK AL32
VK AL31
VK ZT c6d556
VK AL30
VK AL29
VK ZT 9e7bdf
VK AL28
VK AL27
VK ZT 4e248f
VK AL26
VK ZT 8f811b
VK AL25
VK AL24
VK ZT 46d34b
VK AL23
VK ZT c4a124
VK ZT d4ccd8
VK ZT 71c6f6
VK ZT 9eaa54
VK ZT ae9b9c
test 12
VK AL22
VK AL21
VK AL20
VK ZT c26508
VK AL19
VK AL18
VK ZT c54675
VK AL17
VK AL16
VK ZT 2b4279
VK AL15
VK AL14
VK ZT 146465
VK AL13
VK AL12
VK AL11
VK AL10
VK AL09
VK AL08
VK AL01
vkauto1
VK AL07
VK AL06
VK AL05
VK AL04
VK AL03
VK AL02
test123 udpated
VK Test carwash 2
VK Test Wash 01
Hire date
Employee code
Hourly wage, $
Active employee
Contact info
Email
Phone number
Address
ZIP code
State
Alaska
City
Wales
2026-07-28 19:25:29,487 WARNING nxtwash: Employee create did not navigate away — assuming duplicate; searching list with extended timeout
------------------------------ Captured log setup ------------------------------
WARNING  nxtwash:employees_page.py:521 Employee save did not navigate away. Page text: Employees
Add new employee
Cancel
Save employee
User settings
First Name
Last Name
Locations
VK Test carwash 2
+ 2
VK AL37
VK ZT ab24bb
VK AL36
VK AL35
VK ZT 9344b0
VK AL34
VK AL92
VK AL33
VK AL32
VK AL31
VK ZT c6d556
VK AL30
VK AL29
VK ZT 9e7bdf
VK AL28
VK AL27
VK ZT 4e248f
VK AL26
VK ZT 8f811b
VK AL25
VK AL24
VK ZT 46d34b
VK AL23
VK ZT c4a124
VK ZT d4ccd8
VK ZT 71c6f6
VK ZT 9eaa54
VK ZT ae9b9c
test 12
VK AL22
VK AL21
VK AL20
VK ZT c26508
VK AL19
VK AL18
VK ZT c54675
VK AL17
VK AL16
VK ZT 2b4279
VK AL15
VK AL14
VK ZT 146465
VK AL13
VK AL12
VK AL11
VK AL10
VK AL09
VK AL08
VK AL01
vkauto1
VK AL07
VK AL06
VK AL05
VK AL04
VK AL03
VK AL02
test123 udpated
VK Test carwash 2
VK Test Wash 01
Hire date
Employee code
Hourly wage, $
Active employee
Contact info
Email
Phone number
Address
ZIP code
State
Alaska
City
Wales
WARNING  nxtwash:conftest.py:175 Employee create did not navigate away — assuming duplicate; searching list with extended timeout
___________ ERROR at setup of test_shift_search_by_partial_last_name ___________
tests/admin_portal/employees/conftest.py:199: in managed_employee
    page = create_employee_if_missing(browser)
           ^^^^^^^^^^^^^^^^^^^^^^^^^^^^^^^^^^^
tests/admin_portal/employees/conftest.py:181: in create_employee_if_missing
    page.wait_for_employee_row(last_name, timeout=180)
pages/admin_portal/employees_page.py:127: in wait_for_employee_row
    return WebDriverWait(self.driver, timeout).until(
venv/lib/python3.11/site-packages/selenium/webdriver/support/wait.py:121: in until
    raise TimeoutException(message, screen, stacktrace)
E   selenium.common.exceptions.TimeoutException: Message: 
E   Stacktrace:
E   0   chromedriver                        0x0000000104a95a84 cxxbridge1$str$ptr + 3195292
E   1   chromedriver                        0x0000000104a8db4c cxxbridge1$str$ptr + 3162724
E   2   chromedriver                        0x00000001045372a4 _RNvCs9NA52FrZ4pF_7___rustc35___rust_no_alloc_shim_is_unstable_v2 + 73836
E   3   chromedriver                        0x000000010457fa44 _RNvCs9NA52FrZ4pF_7___rustc35___rust_no_alloc_shim_is_unstable_v2 + 370700
E   4   chromedriver                        0x00000001045bf030 _RNvCs9NA52FrZ4pF_7___rustc35___rust_no_alloc_shim_is_unstable_v2 + 630264
E   5   chromedriver                        0x0000000104575434 _RNvCs9NA52FrZ4pF_7___rustc35___rust_no_alloc_shim_is_unstable_v2 + 328188
E   6   chromedriver                        0x0000000104a52c40 cxxbridge1$str$ptr + 2921304
E   7   chromedriver                        0x0000000104a563b8 cxxbridge1$str$ptr + 2935504
E   8   chromedriver                        0x0000000104a390f8 cxxbridge1$str$ptr + 2816016
E   9   chromedriver                        0x0000000104a56c4c cxxbridge1$str$ptr + 2937700
E   10  chromedriver                        0x0000000104a2a3b0 cxxbridge1$str$ptr + 2755272
E   11  chromedriver                        0x0000000104a7c1f4 cxxbridge1$str$ptr + 3090700
E   12  chromedriver                        0x0000000104a7c354 cxxbridge1$str$ptr + 3091052
E   13  chromedriver                        0x0000000104a8d7a4 cxxbridge1$str$ptr + 3161788
E   14  libsystem_pthread.dylib             0x0000000199325c08 _pthread_start + 136
E   15  libsystem_pthread.dylib             0x0000000199320ba8 thread_start + 8
---------------------------- Captured stderr setup -----------------------------
2026-07-28 19:31:41,314 WARNING nxtwash: Employee save did not navigate away. Page text: Employees
Add new employee
Cancel
Save employee
User settings
First Name
Last Name
Locations
VK Test carwash 2
+ 2
VK AL37
VK ZT ab24bb
VK AL36
VK AL35
VK ZT 9344b0
VK AL34
VK AL92
VK AL33
VK AL32
VK AL31
VK ZT c6d556
VK AL30
VK AL29
VK ZT 9e7bdf
VK AL28
VK AL27
VK ZT 4e248f
VK AL26
VK ZT 8f811b
VK AL25
VK AL24
VK ZT 46d34b
VK AL23
VK ZT c4a124
VK ZT d4ccd8
VK ZT 71c6f6
VK ZT 9eaa54
VK ZT ae9b9c
test 12
VK AL22
VK AL21
VK AL20
VK ZT c26508
VK AL19
VK AL18
VK ZT c54675
VK AL17
VK AL16
VK ZT 2b4279
VK AL15
VK AL14
VK ZT 146465
VK AL13
VK AL12
VK AL11
VK AL10
VK AL09
VK AL08
VK AL01
vkauto1
VK AL07
VK AL06
VK AL05
VK AL04
VK AL03
VK AL02
test123 udpated
VK Test carwash 2
VK Test Wash 01
Hire date
Employee code
Hourly wage, $
Active employee
Contact info
Email
Phone number
Address
ZIP code
State
Alaska
City
Wales
2026-07-28 19:31:41,362 WARNING nxtwash: Employee create did not navigate away — assuming duplicate; searching list with extended timeout
------------------------------ Captured log setup ------------------------------
WARNING  nxtwash:employees_page.py:521 Employee save did not navigate away. Page text: Employees
Add new employee
Cancel
Save employee
User settings
First Name
Last Name
Locations
VK Test carwash 2
+ 2
VK AL37
VK ZT ab24bb
VK AL36
VK AL35
VK ZT 9344b0
VK AL34
VK AL92
VK AL33
VK AL32
VK AL31
VK ZT c6d556
VK AL30
VK AL29
VK ZT 9e7bdf
VK AL28
VK AL27
VK ZT 4e248f
VK AL26
VK ZT 8f811b
VK AL25
VK AL24
VK ZT 46d34b
VK AL23
VK ZT c4a124
VK ZT d4ccd8
VK ZT 71c6f6
VK ZT 9eaa54
VK ZT ae9b9c
test 12
VK AL22
VK AL21
VK AL20
VK ZT c26508
VK AL19
VK AL18
VK ZT c54675
VK AL17
VK AL16
VK ZT 2b4279
VK AL15
VK AL14
VK ZT 146465
VK AL13
VK AL12
VK AL11
VK AL10
VK AL09
VK AL08
VK AL01
vkauto1
VK AL07
VK AL06
VK AL05
VK AL04
VK AL03
VK AL02
test123 udpated
VK Test carwash 2
VK Test Wash 01
Hire date
Employee code
Hourly wage, $
Active employee
Contact info
Email
Phone number
Address
ZIP code
State
Alaska
City
Wales
WARNING  nxtwash:conftest.py:175 Employee create did not navigate away — assuming duplicate; searching list with extended timeout
=================================== FAILURES ===================================
__________________ test_cwb_washes_reflect_template_wash_book __________________
tests/admin_portal/wash_books/test_customer_wash_books_dependency.py:37: in test_cwb_washes_reflect_template_wash_book
    create_customer_wash_book_if_missing(browser)
tests/admin_portal/wash_books/conftest.py:115: in create_customer_wash_book_if_missing
    page.create_customer_wash_book(
pages/admin_portal/wash_books_page.py:1240: in create_customer_wash_book
    self.select_cwb_wash_book(wash_book_template_name)
pages/admin_portal/wash_books_page.py:1117: in select_cwb_wash_book
    self.select_react_dropdown_option(
pages/common/base_page.py:108: in select_react_dropdown_option
    option = WebDriverWait(self.driver, 20).until(
venv/lib/python3.11/site-packages/selenium/webdriver/support/wait.py:121: in until
    raise TimeoutException(message, screen, stacktrace)
E   selenium.common.exceptions.TimeoutException: Message:
___________________ test_edit_cwb_number_of_washes_persists ____________________
tests/admin_portal/wash_books/test_customer_wash_books_edit.py:25: in test_edit_cwb_number_of_washes_persists
    create_customer_wash_book_if_missing(browser)
tests/admin_portal/wash_books/conftest.py:115: in create_customer_wash_book_if_missing
    page.create_customer_wash_book(
pages/admin_portal/wash_books_page.py:1240: in create_customer_wash_book
    self.select_cwb_wash_book(wash_book_template_name)
pages/admin_portal/wash_books_page.py:1117: in select_cwb_wash_book
    self.select_react_dropdown_option(
pages/common/base_page.py:108: in select_react_dropdown_option
    option = WebDriverWait(self.driver, 20).until(
venv/lib/python3.11/site-packages/selenium/webdriver/support/wait.py:121: in until
    raise TimeoutException(message, screen, stacktrace)
E   selenium.common.exceptions.TimeoutException: Message:
_______________________ test_activate_customer_wash_book _______________________
tests/admin_portal/wash_books/test_customer_wash_books_edit.py:56: in test_activate_customer_wash_book
    create_customer_wash_book_if_missing(browser)
tests/admin_portal/wash_books/conftest.py:115: in create_customer_wash_book_if_missing
    page.create_customer_wash_book(
pages/admin_portal/wash_books_page.py:1240: in create_customer_wash_book
    self.select_cwb_wash_book(wash_book_template_name)
pages/admin_portal/wash_books_page.py:1117: in select_cwb_wash_book
    self.select_react_dropdown_option(
pages/common/base_page.py:108: in select_react_dropdown_option
    option = WebDriverWait(self.driver, 20).until(
venv/lib/python3.11/site-packages/selenium/webdriver/support/wait.py:121: in until
    raise TimeoutException(message, screen, stacktrace)
E   selenium.common.exceptions.TimeoutException: Message:
______________________ test_deactivate_customer_wash_book ______________________
tests/admin_portal/wash_books/test_customer_wash_books_edit.py:73: in test_deactivate_customer_wash_book
    create_customer_wash_book_if_missing(browser)
tests/admin_portal/wash_books/conftest.py:115: in create_customer_wash_book_if_missing
    page.create_customer_wash_book(
pages/admin_portal/wash_books_page.py:1240: in create_customer_wash_book
    self.select_cwb_wash_book(wash_book_template_name)
pages/admin_portal/wash_books_page.py:1117: in select_cwb_wash_book
    self.select_react_dropdown_option(
pages/common/base_page.py:108: in select_react_dropdown_option
    option = WebDriverWait(self.driver, 20).until(
venv/lib/python3.11/site-packages/selenium/webdriver/support/wait.py:121: in until
    raise TimeoutException(message, screen, stacktrace)
E   selenium.common.exceptions.TimeoutException: Message:
__________________ test_create_cwb_duplicate_number_rejected ___________________
tests/admin_portal/wash_books/test_customer_wash_books_negative.py:69: in test_create_cwb_duplicate_number_rejected
    create_customer_wash_book_if_missing(browser)
tests/admin_portal/wash_books/conftest.py:115: in create_customer_wash_book_if_missing
    page.create_customer_wash_book(
pages/admin_portal/wash_books_page.py:1240: in create_customer_wash_book
    self.select_cwb_wash_book(wash_book_template_name)
pages/admin_portal/wash_books_page.py:1117: in select_cwb_wash_book
    self.select_react_dropdown_option(
pages/common/base_page.py:108: in select_react_dropdown_option
    option = WebDriverWait(self.driver, 20).until(
venv/lib/python3.11/site-packages/selenium/webdriver/support/wait.py:121: in until
    raise TimeoutException(message, screen, stacktrace)
E   selenium.common.exceptions.TimeoutException: Message:
________________________ test_create_customer_wash_book ________________________
tests/admin_portal/wash_books/test_customer_wash_books_positive.py:22: in test_create_customer_wash_book
    page = create_customer_wash_book_if_missing(browser)
           ^^^^^^^^^^^^^^^^^^^^^^^^^^^^^^^^^^^^^^^^^^^^^
tests/admin_portal/wash_books/conftest.py:115: in create_customer_wash_book_if_missing
    page.create_customer_wash_book(
pages/admin_portal/wash_books_page.py:1240: in create_customer_wash_book
    self.select_cwb_wash_book(wash_book_template_name)
pages/admin_portal/wash_books_page.py:1117: in select_cwb_wash_book
    self.select_react_dropdown_option(
pages/common/base_page.py:108: in select_react_dropdown_option
    option = WebDriverWait(self.driver, 20).until(
venv/lib/python3.11/site-packages/selenium/webdriver/support/wait.py:121: in until
    raise TimeoutException(message, screen, stacktrace)
E   selenium.common.exceptions.TimeoutException: Message:
_______________________ test_cwb_search_by_exact_number ________________________
tests/admin_portal/wash_books/test_customer_wash_books_search_filter.py:24: in test_cwb_search_by_exact_number
    create_customer_wash_book_if_missing(browser)
tests/admin_portal/wash_books/conftest.py:115: in create_customer_wash_book_if_missing
    page.create_customer_wash_book(
pages/admin_portal/wash_books_page.py:1240: in create_customer_wash_book
    self.select_cwb_wash_book(wash_book_template_name)
pages/admin_portal/wash_books_page.py:1117: in select_cwb_wash_book
    self.select_react_dropdown_option(
pages/common/base_page.py:108: in select_react_dropdown_option
    option = WebDriverWait(self.driver, 20).until(
venv/lib/python3.11/site-packages/selenium/webdriver/support/wait.py:121: in until
    raise TimeoutException(message, screen, stacktrace)
E   selenium.common.exceptions.TimeoutException: Message:
______________________ test_cwb_search_by_partial_number _______________________
tests/admin_portal/wash_books/test_customer_wash_books_search_filter.py:36: in test_cwb_search_by_partial_number
    create_customer_wash_book_if_missing(browser)
tests/admin_portal/wash_books/conftest.py:115: in create_customer_wash_book_if_missing
    page.create_customer_wash_book(
pages/admin_portal/wash_books_page.py:1240: in create_customer_wash_book
    self.select_cwb_wash_book(wash_book_template_name)
pages/admin_portal/wash_books_page.py:1117: in select_cwb_wash_book
    self.select_react_dropdown_option(
pages/common/base_page.py:108: in select_react_dropdown_option
    option = WebDriverWait(self.driver, 20).until(
venv/lib/python3.11/site-packages/selenium/webdriver/support/wait.py:121: in until
    raise TimeoutException(message, screen, stacktrace)
E   selenium.common.exceptions.TimeoutException: Message:
_____________ test_wash_book_long_description_does_not_break_form ______________
tests/admin_portal/wash_books/test_wash_books_edge_cases.py:20: in test_wash_book_long_description_does_not_break_form
    wash_books_page.open_edit_wash_book(WASH_BOOK_NAME)
pages/admin_portal/wash_books_page.py:387: in open_edit_wash_book
    row = self.wait_for_wash_book_row(wash_book_name)
          ^^^^^^^^^^^^^^^^^^^^^^^^^^^^^^^^^^^^^^^^^^^
pages/admin_portal/wash_books_page.py:269: in wait_for_wash_book_row
    return self.wait.until(
venv/lib/python3.11/site-packages/selenium/webdriver/support/wait.py:121: in until
    raise TimeoutException(message, screen, stacktrace)
E   selenium.common.exceptions.TimeoutException: Message: 
E   Stacktrace:
E   0   chromedriver                        0x0000000104dd1a84 cxxbridge1$str$ptr + 3195292
E   1   chromedriver                        0x0000000104dc9b4c cxxbridge1$str$ptr + 3162724
E   2   chromedriver                        0x00000001048732a4 _RNvCs9NA52FrZ4pF_7___rustc35___rust_no_alloc_shim_is_unstable_v2 + 73836
E   3   chromedriver                        0x00000001048bba44 _RNvCs9NA52FrZ4pF_7___rustc35___rust_no_alloc_shim_is_unstable_v2 + 370700
E   4   chromedriver                        0x00000001048fb030 _RNvCs9NA52FrZ4pF_7___rustc35___rust_no_alloc_shim_is_unstable_v2 + 630264
E   5   chromedriver                        0x00000001048b1434 _RNvCs9NA52FrZ4pF_7___rustc35___rust_no_alloc_shim_is_unstable_v2 + 328188
E   6   chromedriver                        0x0000000104d8ec40 cxxbridge1$str$ptr + 2921304
E   7   chromedriver                        0x0000000104d923b8 cxxbridge1$str$ptr + 2935504
E   8   chromedriver                        0x0000000104d750f8 cxxbridge1$str$ptr + 2816016
E   9   chromedriver                        0x0000000104d92c4c cxxbridge1$str$ptr + 2937700
E   10  chromedriver                        0x0000000104d663b0 cxxbridge1$str$ptr + 2755272
E   11  chromedriver                        0x0000000104db81f4 cxxbridge1$str$ptr + 3090700
E   12  chromedriver                        0x0000000104db8354 cxxbridge1$str$ptr + 3091052
E   13  chromedriver                        0x0000000104dc97a4 cxxbridge1$str$ptr + 3161788
E   14  libsystem_pthread.dylib             0x0000000199325c08 _pthread_start + 136
E   15  libsystem_pthread.dylib             0x0000000199320ba8 thread_start + 8
_______________________ test_edit_wash_book_description ________________________
tests/admin_portal/wash_books/test_wash_books_edit.py:28: in test_edit_wash_book_description
    wash_books_page.update_wash_book_description(
pages/admin_portal/wash_books_page.py:986: in update_wash_book_description
    self.open_edit_wash_book(wash_book_name)
pages/admin_portal/wash_books_page.py:387: in open_edit_wash_book
    row = self.wait_for_wash_book_row(wash_book_name)
          ^^^^^^^^^^^^^^^^^^^^^^^^^^^^^^^^^^^^^^^^^^^
pages/admin_portal/wash_books_page.py:269: in wait_for_wash_book_row
    return self.wait.until(
venv/lib/python3.11/site-packages/selenium/webdriver/support/wait.py:121: in until
    raise TimeoutException(message, screen, stacktrace)
E   selenium.common.exceptions.TimeoutException: Message: 
E   Stacktrace:
E   0   chromedriver                        0x000000010278da84 cxxbridge1$str$ptr + 3195292
E   1   chromedriver                        0x0000000102785b4c cxxbridge1$str$ptr + 3162724
E   2   chromedriver                        0x000000010222f2a4 _RNvCs9NA52FrZ4pF_7___rustc35___rust_no_alloc_shim_is_unstable_v2 + 73836
E   3   chromedriver                        0x0000000102277a44 _RNvCs9NA52FrZ4pF_7___rustc35___rust_no_alloc_shim_is_unstable_v2 + 370700
E   4   chromedriver                        0x00000001022b7030 _RNvCs9NA52FrZ4pF_7___rustc35___rust_no_alloc_shim_is_unstable_v2 + 630264
E   5   chromedriver                        0x000000010226d434 _RNvCs9NA52FrZ4pF_7___rustc35___rust_no_alloc_shim_is_unstable_v2 + 328188
E   6   chromedriver                        0x000000010274ac40 cxxbridge1$str$ptr + 2921304
E   7   chromedriver                        0x000000010274e3b8 cxxbridge1$str$ptr + 2935504
E   8   chromedriver                        0x00000001027310f8 cxxbridge1$str$ptr + 2816016
E   9   chromedriver                        0x000000010274ec4c cxxbridge1$str$ptr + 2937700
E   10  chromedriver                        0x00000001027223b0 cxxbridge1$str$ptr + 2755272
E   11  chromedriver                        0x00000001027741f4 cxxbridge1$str$ptr + 3090700
E   12  chromedriver                        0x0000000102774354 cxxbridge1$str$ptr + 3091052
E   13  chromedriver                        0x00000001027857a4 cxxbridge1$str$ptr + 3161788
E   14  libsystem_pthread.dylib             0x0000000199325c08 _pthread_start + 136
E   15  libsystem_pthread.dylib             0x0000000199320ba8 thread_start + 8
______________________ test_edit_wash_book_name_persists _______________________
tests/admin_portal/wash_books/test_wash_books_edit.py:43: in test_edit_wash_book_name_persists
    page.open_edit_wash_book(WASH_BOOK_NAME)
pages/admin_portal/wash_books_page.py:387: in open_edit_wash_book
    row = self.wait_for_wash_book_row(wash_book_name)
          ^^^^^^^^^^^^^^^^^^^^^^^^^^^^^^^^^^^^^^^^^^^
pages/admin_portal/wash_books_page.py:269: in wait_for_wash_book_row
    return self.wait.until(
venv/lib/python3.11/site-packages/selenium/webdriver/support/wait.py:121: in until
    raise TimeoutException(message, screen, stacktrace)
E   selenium.common.exceptions.TimeoutException: Message: 
E   Stacktrace:
E   0   chromedriver                        0x00000001026a5a84 cxxbridge1$str$ptr + 3195292
E   1   chromedriver                        0x000000010269db4c cxxbridge1$str$ptr + 3162724
E   2   chromedriver                        0x00000001021472a4 _RNvCs9NA52FrZ4pF_7___rustc35___rust_no_alloc_shim_is_unstable_v2 + 73836
E   3   chromedriver                        0x000000010218fa44 _RNvCs9NA52FrZ4pF_7___rustc35___rust_no_alloc_shim_is_unstable_v2 + 370700
E   4   chromedriver                        0x00000001021cf030 _RNvCs9NA52FrZ4pF_7___rustc35___rust_no_alloc_shim_is_unstable_v2 + 630264
E   5   chromedriver                        0x0000000102185434 _RNvCs9NA52FrZ4pF_7___rustc35___rust_no_alloc_shim_is_unstable_v2 + 328188
E   6   chromedriver                        0x0000000102662c40 cxxbridge1$str$ptr + 2921304
E   7   chromedriver                        0x00000001026663b8 cxxbridge1$str$ptr + 2935504
E   8   chromedriver                        0x00000001026490f8 cxxbridge1$str$ptr + 2816016
E   9   chromedriver                        0x0000000102666c4c cxxbridge1$str$ptr + 2937700
E   10  chromedriver                        0x000000010263a3b0 cxxbridge1$str$ptr + 2755272
E   11  chromedriver                        0x000000010268c1f4 cxxbridge1$str$ptr + 3090700
E   12  chromedriver                        0x000000010268c354 cxxbridge1$str$ptr + 3091052
E   13  chromedriver                        0x000000010269d7a4 cxxbridge1$str$ptr + 3161788
E   14  libsystem_pthread.dylib             0x0000000199325c08 _pthread_start + 136
E   15  libsystem_pthread.dylib             0x0000000199320ba8 thread_start + 8
__________________ test_edit_wash_book_global_price_persists ___________________
tests/admin_portal/wash_books/test_wash_books_edit.py:63: in test_edit_wash_book_global_price_persists
    page.open_edit_wash_book(WASH_BOOK_NAME)
pages/admin_portal/wash_books_page.py:387: in open_edit_wash_book
    row = self.wait_for_wash_book_row(wash_book_name)
          ^^^^^^^^^^^^^^^^^^^^^^^^^^^^^^^^^^^^^^^^^^^
pages/admin_portal/wash_books_page.py:269: in wait_for_wash_book_row
    return self.wait.until(
venv/lib/python3.11/site-packages/selenium/webdriver/support/wait.py:121: in until
    raise TimeoutException(message, screen, stacktrace)
E   selenium.common.exceptions.TimeoutException: Message: 
E   Stacktrace:
E   0   chromedriver                        0x0000000103521a84 cxxbridge1$str$ptr + 3195292
E   1   chromedriver                        0x0000000103519b4c cxxbridge1$str$ptr + 3162724
E   2   chromedriver                        0x0000000102fc32a4 _RNvCs9NA52FrZ4pF_7___rustc35___rust_no_alloc_shim_is_unstable_v2 + 73836
E   3   chromedriver                        0x000000010300ba44 _RNvCs9NA52FrZ4pF_7___rustc35___rust_no_alloc_shim_is_unstable_v2 + 370700
E   4   chromedriver                        0x000000010304b030 _RNvCs9NA52FrZ4pF_7___rustc35___rust_no_alloc_shim_is_unstable_v2 + 630264
E   5   chromedriver                        0x0000000103001434 _RNvCs9NA52FrZ4pF_7___rustc35___rust_no_alloc_shim_is_unstable_v2 + 328188
E   6   chromedriver                        0x00000001034dec40 cxxbridge1$str$ptr + 2921304
E   7   chromedriver                        0x00000001034e23b8 cxxbridge1$str$ptr + 2935504
E   8   chromedriver                        0x00000001034c50f8 cxxbridge1$str$ptr + 2816016
E   9   chromedriver                        0x00000001034e2c4c cxxbridge1$str$ptr + 2937700
E   10  chromedriver                        0x00000001034b63b0 cxxbridge1$str$ptr + 2755272
E   11  chromedriver                        0x00000001035081f4 cxxbridge1$str$ptr + 3090700
E   12  chromedriver                        0x0000000103508354 cxxbridge1$str$ptr + 3091052
E   13  chromedriver                        0x00000001035197a4 cxxbridge1$str$ptr + 3161788
E   14  libsystem_pthread.dylib             0x0000000199325c08 _pthread_start + 136
E   15  libsystem_pthread.dylib             0x0000000199320ba8 thread_start + 8
________________ test_edit_wash_book_number_of_washes_persists _________________
tests/admin_portal/wash_books/test_wash_books_edit.py:83: in test_edit_wash_book_number_of_washes_persists
    page.open_edit_wash_book(WASH_BOOK_NAME)
pages/admin_portal/wash_books_page.py:387: in open_edit_wash_book
    row = self.wait_for_wash_book_row(wash_book_name)
          ^^^^^^^^^^^^^^^^^^^^^^^^^^^^^^^^^^^^^^^^^^^
pages/admin_portal/wash_books_page.py:269: in wait_for_wash_book_row
    return self.wait.until(
venv/lib/python3.11/site-packages/selenium/webdriver/support/wait.py:121: in until
    raise TimeoutException(message, screen, stacktrace)
E   selenium.common.exceptions.TimeoutException: Message: 
E   Stacktrace:
E   0   chromedriver                        0x0000000100661a84 cxxbridge1$str$ptr + 3195292
E   1   chromedriver                        0x0000000100659b4c cxxbridge1$str$ptr + 3162724
E   2   chromedriver                        0x00000001001032a4 _RNvCs9NA52FrZ4pF_7___rustc35___rust_no_alloc_shim_is_unstable_v2 + 73836
E   3   chromedriver                        0x000000010014ba44 _RNvCs9NA52FrZ4pF_7___rustc35___rust_no_alloc_shim_is_unstable_v2 + 370700
E   4   chromedriver                        0x000000010018b030 _RNvCs9NA52FrZ4pF_7___rustc35___rust_no_alloc_shim_is_unstable_v2 + 630264
E   5   chromedriver                        0x0000000100141434 _RNvCs9NA52FrZ4pF_7___rustc35___rust_no_alloc_shim_is_unstable_v2 + 328188
E   6   chromedriver                        0x000000010061ec40 cxxbridge1$str$ptr + 2921304
E   7   chromedriver                        0x00000001006223b8 cxxbridge1$str$ptr + 2935504
E   8   chromedriver                        0x00000001006050f8 cxxbridge1$str$ptr + 2816016
E   9   chromedriver                        0x0000000100622c4c cxxbridge1$str$ptr + 2937700
E   10  chromedriver                        0x00000001005f63b0 cxxbridge1$str$ptr + 2755272
E   11  chromedriver                        0x00000001006481f4 cxxbridge1$str$ptr + 3090700
E   12  chromedriver                        0x0000000100648354 cxxbridge1$str$ptr + 3091052
E   13  chromedriver                        0x00000001006597a4 cxxbridge1$str$ptr + 3161788
E   14  libsystem_pthread.dylib             0x0000000199325c08 _pthread_start + 136
E   15  libsystem_pthread.dylib             0x0000000199320ba8 thread_start + 8
________________ test_edit_wash_book_global_commission_persists ________________
tests/admin_portal/wash_books/test_wash_books_edit.py:127: in test_edit_wash_book_global_commission_persists
    page.open_edit_wash_book(WASH_BOOK_NAME)
pages/admin_portal/wash_books_page.py:387: in open_edit_wash_book
    row = self.wait_for_wash_book_row(wash_book_name)
          ^^^^^^^^^^^^^^^^^^^^^^^^^^^^^^^^^^^^^^^^^^^
pages/admin_portal/wash_books_page.py:269: in wait_for_wash_book_row
    return self.wait.until(
venv/lib/python3.11/site-packages/selenium/webdriver/support/wait.py:121: in until
    raise TimeoutException(message, screen, stacktrace)
E   selenium.common.exceptions.TimeoutException: Message: 
E   Stacktrace:
E   0   chromedriver                        0x00000001048c5a84 cxxbridge1$str$ptr + 3195292
E   1   chromedriver                        0x00000001048bdb4c cxxbridge1$str$ptr + 3162724
E   2   chromedriver                        0x00000001043672a4 _RNvCs9NA52FrZ4pF_7___rustc35___rust_no_alloc_shim_is_unstable_v2 + 73836
E   3   chromedriver                        0x00000001043afa44 _RNvCs9NA52FrZ4pF_7___rustc35___rust_no_alloc_shim_is_unstable_v2 + 370700
E   4   chromedriver                        0x00000001043ef030 _RNvCs9NA52FrZ4pF_7___rustc35___rust_no_alloc_shim_is_unstable_v2 + 630264
E   5   chromedriver                        0x00000001043a5434 _RNvCs9NA52FrZ4pF_7___rustc35___rust_no_alloc_shim_is_unstable_v2 + 328188
E   6   chromedriver                        0x0000000104882c40 cxxbridge1$str$ptr + 2921304
E   7   chromedriver                        0x00000001048863b8 cxxbridge1$str$ptr + 2935504
E   8   chromedriver                        0x00000001048690f8 cxxbridge1$str$ptr + 2816016
E   9   chromedriver                        0x0000000104886c4c cxxbridge1$str$ptr + 2937700
E   10  chromedriver                        0x000000010485a3b0 cxxbridge1$str$ptr + 2755272
E   11  chromedriver                        0x00000001048ac1f4 cxxbridge1$str$ptr + 3090700
E   12  chromedriver                        0x00000001048ac354 cxxbridge1$str$ptr + 3091052
E   13  chromedriver                        0x00000001048bd7a4 cxxbridge1$str$ptr + 3161788
E   14  libsystem_pthread.dylib             0x0000000199325c08 _pthread_start + 136
E   15  libsystem_pthread.dylib             0x0000000199320ba8 thread_start + 8
___________________________ test_activate_wash_book ____________________________
tests/admin_portal/wash_books/test_wash_books_edit.py:146: in test_activate_wash_book
    page.open_edit_wash_book(WASH_BOOK_NAME)
pages/admin_portal/wash_books_page.py:387: in open_edit_wash_book
    row = self.wait_for_wash_book_row(wash_book_name)
          ^^^^^^^^^^^^^^^^^^^^^^^^^^^^^^^^^^^^^^^^^^^
pages/admin_portal/wash_books_page.py:269: in wait_for_wash_book_row
    return self.wait.until(
venv/lib/python3.11/site-packages/selenium/webdriver/support/wait.py:121: in until
    raise TimeoutException(message, screen, stacktrace)
E   selenium.common.exceptions.TimeoutException: Message: 
E   Stacktrace:
E   0   chromedriver                        0x000000010336da84 cxxbridge1$str$ptr + 3195292
E   1   chromedriver                        0x0000000103365b4c cxxbridge1$str$ptr + 3162724
E   2   chromedriver                        0x0000000102e0f2a4 _RNvCs9NA52FrZ4pF_7___rustc35___rust_no_alloc_shim_is_unstable_v2 + 73836
E   3   chromedriver                        0x0000000102e57a44 _RNvCs9NA52FrZ4pF_7___rustc35___rust_no_alloc_shim_is_unstable_v2 + 370700
E   4   chromedriver                        0x0000000102e97030 _RNvCs9NA52FrZ4pF_7___rustc35___rust_no_alloc_shim_is_unstable_v2 + 630264
E   5   chromedriver                        0x0000000102e4d434 _RNvCs9NA52FrZ4pF_7___rustc35___rust_no_alloc_shim_is_unstable_v2 + 328188
E   6   chromedriver                        0x000000010332ac40 cxxbridge1$str$ptr + 2921304
E   7   chromedriver                        0x000000010332e3b8 cxxbridge1$str$ptr + 2935504
E   8   chromedriver                        0x00000001033110f8 cxxbridge1$str$ptr + 2816016
E   9   chromedriver                        0x000000010332ec4c cxxbridge1$str$ptr + 2937700
E   10  chromedriver                        0x00000001033023b0 cxxbridge1$str$ptr + 2755272
E   11  chromedriver                        0x00000001033541f4 cxxbridge1$str$ptr + 3090700
E   12  chromedriver                        0x0000000103354354 cxxbridge1$str$ptr + 3091052
E   13  chromedriver                        0x00000001033657a4 cxxbridge1$str$ptr + 3161788
E   14  libsystem_pthread.dylib             0x0000000199325c08 _pthread_start + 136
E   15  libsystem_pthread.dylib             0x0000000199320ba8 thread_start + 8
__________________________ test_deactivate_wash_book ___________________________
tests/admin_portal/wash_books/test_wash_books_edit.py:163: in test_deactivate_wash_book
    page.open_edit_wash_book(WASH_BOOK_NAME)
pages/admin_portal/wash_books_page.py:387: in open_edit_wash_book
    row = self.wait_for_wash_book_row(wash_book_name)
          ^^^^^^^^^^^^^^^^^^^^^^^^^^^^^^^^^^^^^^^^^^^
pages/admin_portal/wash_books_page.py:269: in wait_for_wash_book_row
    return self.wait.until(
venv/lib/python3.11/site-packages/selenium/webdriver/support/wait.py:121: in until
    raise TimeoutException(message, screen, stacktrace)
E   selenium.common.exceptions.TimeoutException: Message: 
E   Stacktrace:
E   0   chromedriver                        0x0000000104919a84 cxxbridge1$str$ptr + 3195292
E   1   chromedriver                        0x0000000104911b4c cxxbridge1$str$ptr + 3162724
E   2   chromedriver                        0x00000001043bb2a4 _RNvCs9NA52FrZ4pF_7___rustc35___rust_no_alloc_shim_is_unstable_v2 + 73836
E   3   chromedriver                        0x0000000104403a44 _RNvCs9NA52FrZ4pF_7___rustc35___rust_no_alloc_shim_is_unstable_v2 + 370700
E   4   chromedriver                        0x0000000104443030 _RNvCs9NA52FrZ4pF_7___rustc35___rust_no_alloc_shim_is_unstable_v2 + 630264
E   5   chromedriver                        0x00000001043f9434 _RNvCs9NA52FrZ4pF_7___rustc35___rust_no_alloc_shim_is_unstable_v2 + 328188
E   6   chromedriver                        0x00000001048d6c40 cxxbridge1$str$ptr + 2921304
E   7   chromedriver                        0x00000001048da3b8 cxxbridge1$str$ptr + 2935504
E   8   chromedriver                        0x00000001048bd0f8 cxxbridge1$str$ptr + 2816016
E   9   chromedriver                        0x00000001048dac4c cxxbridge1$str$ptr + 2937700
E   10  chromedriver                        0x00000001048ae3b0 cxxbridge1$str$ptr + 2755272
E   11  chromedriver                        0x00000001049001f4 cxxbridge1$str$ptr + 3090700
E   12  chromedriver                        0x0000000104900354 cxxbridge1$str$ptr + 3091052
E   13  chromedriver                        0x00000001049117a4 cxxbridge1$str$ptr + 3161788
E   14  libsystem_pthread.dylib             0x0000000199325c08 _pthread_start + 136
E   15  libsystem_pthread.dylib             0x0000000199320ba8 thread_start + 8
____________________________ test_create_wash_book _____________________________
tests/admin_portal/wash_books/test_wash_books_positive.py:32: in test_create_wash_book
    assert wash_books_page.wait_for_wash_book_row(WASH_BOOK_NAME).is_displayed()
           ^^^^^^^^^^^^^^^^^^^^^^^^^^^^^^^^^^^^^^^^^^^^^^^^^^^^^^
pages/admin_portal/wash_books_page.py:269: in wait_for_wash_book_row
    return self.wait.until(
venv/lib/python3.11/site-packages/selenium/webdriver/support/wait.py:121: in until
    raise TimeoutException(message, screen, stacktrace)
E   selenium.common.exceptions.TimeoutException: Message: 
E   Stacktrace:
E   0   chromedriver                        0x0000000102bdda84 cxxbridge1$str$ptr + 3195292
E   1   chromedriver                        0x0000000102bd5b4c cxxbridge1$str$ptr + 3162724
E   2   chromedriver                        0x000000010267f2a4 _RNvCs9NA52FrZ4pF_7___rustc35___rust_no_alloc_shim_is_unstable_v2 + 73836
E   3   chromedriver                        0x00000001026c7a44 _RNvCs9NA52FrZ4pF_7___rustc35___rust_no_alloc_shim_is_unstable_v2 + 370700
E   4   chromedriver                        0x0000000102707030 _RNvCs9NA52FrZ4pF_7___rustc35___rust_no_alloc_shim_is_unstable_v2 + 630264
E   5   chromedriver                        0x00000001026bd434 _RNvCs9NA52FrZ4pF_7___rustc35___rust_no_alloc_shim_is_unstable_v2 + 328188
E   6   chromedriver                        0x0000000102b9ac40 cxxbridge1$str$ptr + 2921304
E   7   chromedriver                        0x0000000102b9e3b8 cxxbridge1$str$ptr + 2935504
E   8   chromedriver                        0x0000000102b810f8 cxxbridge1$str$ptr + 2816016
E   9   chromedriver                        0x0000000102b9ec4c cxxbridge1$str$ptr + 2937700
E   10  chromedriver                        0x0000000102b723b0 cxxbridge1$str$ptr + 2755272
E   11  chromedriver                        0x0000000102bc41f4 cxxbridge1$str$ptr + 3090700
E   12  chromedriver                        0x0000000102bc4354 cxxbridge1$str$ptr + 3091052
E   13  chromedriver                        0x0000000102bd57a4 cxxbridge1$str$ptr + 3161788
E   14  libsystem_pthread.dylib             0x0000000199325c08 _pthread_start + 136
E   15  libsystem_pthread.dylib             0x0000000199320ba8 thread_start + 8
_______________________ test_wash_book_settings_persist ________________________
tests/admin_portal/wash_books/test_wash_books_positive.py:43: in test_wash_book_settings_persist
    wash_books_page.open_edit_wash_book(WASH_BOOK_NAME)
pages/admin_portal/wash_books_page.py:387: in open_edit_wash_book
    row = self.wait_for_wash_book_row(wash_book_name)
          ^^^^^^^^^^^^^^^^^^^^^^^^^^^^^^^^^^^^^^^^^^^
pages/admin_portal/wash_books_page.py:269: in wait_for_wash_book_row
    return self.wait.until(
venv/lib/python3.11/site-packages/selenium/webdriver/support/wait.py:121: in until
    raise TimeoutException(message, screen, stacktrace)
E   selenium.common.exceptions.TimeoutException: Message: 
E   Stacktrace:
E   0   chromedriver                        0x0000000104e35a84 cxxbridge1$str$ptr + 3195292
E   1   chromedriver                        0x0000000104e2db4c cxxbridge1$str$ptr + 3162724
E   2   chromedriver                        0x00000001048d72a4 _RNvCs9NA52FrZ4pF_7___rustc35___rust_no_alloc_shim_is_unstable_v2 + 73836
E   3   chromedriver                        0x000000010491fa44 _RNvCs9NA52FrZ4pF_7___rustc35___rust_no_alloc_shim_is_unstable_v2 + 370700
E   4   chromedriver                        0x000000010495f030 _RNvCs9NA52FrZ4pF_7___rustc35___rust_no_alloc_shim_is_unstable_v2 + 630264
E   5   chromedriver                        0x0000000104915434 _RNvCs9NA52FrZ4pF_7___rustc35___rust_no_alloc_shim_is_unstable_v2 + 328188
E   6   chromedriver                        0x0000000104df2c40 cxxbridge1$str$ptr + 2921304
E   7   chromedriver                        0x0000000104df63b8 cxxbridge1$str$ptr + 2935504
E   8   chromedriver                        0x0000000104dd90f8 cxxbridge1$str$ptr + 2816016
E   9   chromedriver                        0x0000000104df6c4c cxxbridge1$str$ptr + 2937700
E   10  chromedriver                        0x0000000104dca3b0 cxxbridge1$str$ptr + 2755272
E   11  chromedriver                        0x0000000104e1c1f4 cxxbridge1$str$ptr + 3090700
E   12  chromedriver                        0x0000000104e1c354 cxxbridge1$str$ptr + 3091052
E   13  chromedriver                        0x0000000104e2d7a4 cxxbridge1$str$ptr + 3161788
E   14  libsystem_pthread.dylib             0x0000000199325c08 _pthread_start + 136
E   15  libsystem_pthread.dylib             0x0000000199320ba8 thread_start + 8
______________ test_redemption_at_site_with_wash_package_persists ______________
tests/admin_portal/wash_books/test_wash_books_redemption.py:21: in test_redemption_at_site_with_wash_package_persists
    page.open_edit_wash_book(WASH_BOOK_NAME)
pages/admin_portal/wash_books_page.py:387: in open_edit_wash_book
    row = self.wait_for_wash_book_row(wash_book_name)
          ^^^^^^^^^^^^^^^^^^^^^^^^^^^^^^^^^^^^^^^^^^^
pages/admin_portal/wash_books_page.py:269: in wait_for_wash_book_row
    return self.wait.until(
venv/lib/python3.11/site-packages/selenium/webdriver/support/wait.py:121: in until
    raise TimeoutException(message, screen, stacktrace)
E   selenium.common.exceptions.TimeoutException: Message: 
E   Stacktrace:
E   0   chromedriver                        0x0000000105091a84 cxxbridge1$str$ptr + 3195292
E   1   chromedriver                        0x0000000105089b4c cxxbridge1$str$ptr + 3162724
E   2   chromedriver                        0x0000000104b332a4 _RNvCs9NA52FrZ4pF_7___rustc35___rust_no_alloc_shim_is_unstable_v2 + 73836
E   3   chromedriver                        0x0000000104b7ba44 _RNvCs9NA52FrZ4pF_7___rustc35___rust_no_alloc_shim_is_unstable_v2 + 370700
E   4   chromedriver                        0x0000000104bbb030 _RNvCs9NA52FrZ4pF_7___rustc35___rust_no_alloc_shim_is_unstable_v2 + 630264
E   5   chromedriver                        0x0000000104b71434 _RNvCs9NA52FrZ4pF_7___rustc35___rust_no_alloc_shim_is_unstable_v2 + 328188
E   6   chromedriver                        0x000000010504ec40 cxxbridge1$str$ptr + 2921304
E   7   chromedriver                        0x00000001050523b8 cxxbridge1$str$ptr + 2935504
E   8   chromedriver                        0x00000001050350f8 cxxbridge1$str$ptr + 2816016
E   9   chromedriver                        0x0000000105052c4c cxxbridge1$str$ptr + 2937700
E   10  chromedriver                        0x00000001050263b0 cxxbridge1$str$ptr + 2755272
E   11  chromedriver                        0x00000001050781f4 cxxbridge1$str$ptr + 3090700
E   12  chromedriver                        0x0000000105078354 cxxbridge1$str$ptr + 3091052
E   13  chromedriver                        0x00000001050897a4 cxxbridge1$str$ptr + 3161788
E   14  libsystem_pthread.dylib             0x0000000199325c08 _pthread_start + 136
E   15  libsystem_pthread.dylib             0x0000000199320ba8 thread_start + 8
_____________ test_redemption_site_without_wash_package_behaviour ______________
tests/admin_portal/wash_books/test_wash_books_redemption.py:34: in test_redemption_site_without_wash_package_behaviour
    page.open_edit_wash_book(WASH_BOOK_NAME)
pages/admin_portal/wash_books_page.py:387: in open_edit_wash_book
    row = self.wait_for_wash_book_row(wash_book_name)
          ^^^^^^^^^^^^^^^^^^^^^^^^^^^^^^^^^^^^^^^^^^^
pages/admin_portal/wash_books_page.py:269: in wait_for_wash_book_row
    return self.wait.until(
venv/lib/python3.11/site-packages/selenium/webdriver/support/wait.py:121: in until
    raise TimeoutException(message, screen, stacktrace)
E   selenium.common.exceptions.TimeoutException: Message: 
E   Stacktrace:
E   0   chromedriver                        0x0000000100999a84 cxxbridge1$str$ptr + 3195292
E   1   chromedriver                        0x0000000100991b4c cxxbridge1$str$ptr + 3162724
E   2   chromedriver                        0x000000010043b2a4 _RNvCs9NA52FrZ4pF_7___rustc35___rust_no_alloc_shim_is_unstable_v2 + 73836
E   3   chromedriver                        0x0000000100483a44 _RNvCs9NA52FrZ4pF_7___rustc35___rust_no_alloc_shim_is_unstable_v2 + 370700
E   4   chromedriver                        0x00000001004c3030 _RNvCs9NA52FrZ4pF_7___rustc35___rust_no_alloc_shim_is_unstable_v2 + 630264
E   5   chromedriver                        0x0000000100479434 _RNvCs9NA52FrZ4pF_7___rustc35___rust_no_alloc_shim_is_unstable_v2 + 328188
E   6   chromedriver                        0x0000000100956c40 cxxbridge1$str$ptr + 2921304
E   7   chromedriver                        0x000000010095a3b8 cxxbridge1$str$ptr + 2935504
E   8   chromedriver                        0x000000010093d0f8 cxxbridge1$str$ptr + 2816016
E   9   chromedriver                        0x000000010095ac4c cxxbridge1$str$ptr + 2937700
E   10  chromedriver                        0x000000010092e3b0 cxxbridge1$str$ptr + 2755272
E   11  chromedriver                        0x00000001009801f4 cxxbridge1$str$ptr + 3090700
E   12  chromedriver                        0x0000000100980354 cxxbridge1$str$ptr + 3091052
E   13  chromedriver                        0x00000001009917a4 cxxbridge1$str$ptr + 3161788
E   14  libsystem_pthread.dylib             0x0000000199325c08 _pthread_start + 136
E   15  libsystem_pthread.dylib             0x0000000199320ba8 thread_start + 8
____________________ test_location_price_override_persists _____________________
tests/admin_portal/wash_books/test_wash_books_site_assignment.py:74: in test_location_price_override_persists
    page.open_edit_wash_book(WASH_BOOK_NAME)
pages/admin_portal/wash_books_page.py:387: in open_edit_wash_book
    row = self.wait_for_wash_book_row(wash_book_name)
          ^^^^^^^^^^^^^^^^^^^^^^^^^^^^^^^^^^^^^^^^^^^
pages/admin_portal/wash_books_page.py:269: in wait_for_wash_book_row
    return self.wait.until(
venv/lib/python3.11/site-packages/selenium/webdriver/support/wait.py:121: in until
    raise TimeoutException(message, screen, stacktrace)
E   selenium.common.exceptions.TimeoutException: Message: 
E   Stacktrace:
E   0   chromedriver                        0x00000001050d9a84 cxxbridge1$str$ptr + 3195292
E   1   chromedriver                        0x00000001050d1b4c cxxbridge1$str$ptr + 3162724
E   2   chromedriver                        0x0000000104b7b2a4 _RNvCs9NA52FrZ4pF_7___rustc35___rust_no_alloc_shim_is_unstable_v2 + 73836
E   3   chromedriver                        0x0000000104bc3a44 _RNvCs9NA52FrZ4pF_7___rustc35___rust_no_alloc_shim_is_unstable_v2 + 370700
E   4   chromedriver                        0x0000000104c03030 _RNvCs9NA52FrZ4pF_7___rustc35___rust_no_alloc_shim_is_unstable_v2 + 630264
E   5   chromedriver                        0x0000000104bb9434 _RNvCs9NA52FrZ4pF_7___rustc35___rust_no_alloc_shim_is_unstable_v2 + 328188
E   6   chromedriver                        0x0000000105096c40 cxxbridge1$str$ptr + 2921304
E   7   chromedriver                        0x000000010509a3b8 cxxbridge1$str$ptr + 2935504
E   8   chromedriver                        0x000000010507d0f8 cxxbridge1$str$ptr + 2816016
E   9   chromedriver                        0x000000010509ac4c cxxbridge1$str$ptr + 2937700
E   10  chromedriver                        0x000000010506e3b0 cxxbridge1$str$ptr + 2755272
E   11  chromedriver                        0x00000001050c01f4 cxxbridge1$str$ptr + 3090700
E   12  chromedriver                        0x00000001050c0354 cxxbridge1$str$ptr + 3091052
E   13  chromedriver                        0x00000001050d17a4 cxxbridge1$str$ptr + 3161788
E   14  libsystem_pthread.dylib             0x0000000199325c08 _pthread_start + 136
E   15  libsystem_pthread.dylib             0x0000000199320ba8 thread_start + 8
__________________________ test_create_inactive_user ___________________________
tests/admin_portal/users/test_users_create.py:70: in test_create_inactive_user
    form.fill_create_form(EMPLOYEE_NAME, USER_PASSWORD, email, phone, USER_ROLE)
pages/admin_portal/users_page.py:457: in fill_create_form
    self.select_employee(employee_name)
pages/admin_portal/users_page.py:394: in select_employee
    self.select_react_dropdown_option(self.EMPLOYEE_COMBOBOX, employee_name)
pages/common/base_page.py:108: in select_react_dropdown_option
    option = WebDriverWait(self.driver, 20).until(
venv/lib/python3.11/site-packages/selenium/webdriver/support/wait.py:121: in until
    raise TimeoutException(message, screen, stacktrace)
E   selenium.common.exceptions.TimeoutException: Message:
______________________ test_create_user_password_required ______________________
tests/admin_portal/users/test_users_create.py:106: in test_create_user_password_required
    form.select_employee(EMPLOYEE_NAME)
pages/admin_portal/users_page.py:394: in select_employee
    self.select_react_dropdown_option(self.EMPLOYEE_COMBOBOX, employee_name)
pages/common/base_page.py:108: in select_react_dropdown_option
    option = WebDriverWait(self.driver, 20).until(
venv/lib/python3.11/site-packages/selenium/webdriver/support/wait.py:121: in until
    raise TimeoutException(message, screen, stacktrace)
E   selenium.common.exceptions.TimeoutException: Message:
__________________ test_create_user_confirm_password_required __________________
tests/admin_portal/users/test_users_create.py:121: in test_create_user_confirm_password_required
    form.select_employee(EMPLOYEE_NAME)
pages/admin_portal/users_page.py:394: in select_employee
    self.select_react_dropdown_option(self.EMPLOYEE_COMBOBOX, employee_name)
pages/common/base_page.py:108: in select_react_dropdown_option
    option = WebDriverWait(self.driver, 20).until(
venv/lib/python3.11/site-packages/selenium/webdriver/support/wait.py:121: in until
    raise TimeoutException(message, screen, stacktrace)
E   selenium.common.exceptions.TimeoutException: Message:
_______________________ test_create_user_email_required ________________________
tests/admin_portal/users/test_users_create.py:141: in test_create_user_email_required
    form.select_employee(EMPLOYEE_NAME)
pages/admin_portal/users_page.py:394: in select_employee
    self.select_react_dropdown_option(self.EMPLOYEE_COMBOBOX, employee_name)
pages/common/base_page.py:108: in select_react_dropdown_option
    option = WebDriverWait(self.driver, 20).until(
venv/lib/python3.11/site-packages/selenium/webdriver/support/wait.py:121: in until
    raise TimeoutException(message, screen, stacktrace)
E   selenium.common.exceptions.TimeoutException: Message:
_______________________ test_create_user_phone_required ________________________
tests/admin_portal/users/test_users_create.py:157: in test_create_user_phone_required
    form.select_employee(EMPLOYEE_NAME)
pages/admin_portal/users_page.py:394: in select_employee
    self.select_react_dropdown_option(self.EMPLOYEE_COMBOBOX, employee_name)
pages/common/base_page.py:108: in select_react_dropdown_option
    option = WebDriverWait(self.driver, 20).until(
venv/lib/python3.11/site-packages/selenium/webdriver/support/wait.py:121: in until
    raise TimeoutException(message, screen, stacktrace)
E   selenium.common.exceptions.TimeoutException: Message:
________________________ test_create_user_role_required ________________________
tests/admin_portal/users/test_users_create.py:173: in test_create_user_role_required
    form.select_employee(EMPLOYEE_NAME)
pages/admin_portal/users_page.py:394: in select_employee
    self.select_react_dropdown_option(self.EMPLOYEE_COMBOBOX, employee_name)
pages/common/base_page.py:108: in select_react_dropdown_option
    option = WebDriverWait(self.driver, 20).until(
venv/lib/python3.11/site-packages/selenium/webdriver/support/wait.py:121: in until
    raise TimeoutException(message, screen, stacktrace)
E   selenium.common.exceptions.TimeoutException: Message:
______________________ test_create_user_password_mismatch ______________________
tests/admin_portal/users/test_users_create.py:194: in test_create_user_password_mismatch
    form.select_employee(EMPLOYEE_NAME)
pages/admin_portal/users_page.py:394: in select_employee
    self.select_react_dropdown_option(self.EMPLOYEE_COMBOBOX, employee_name)
pages/common/base_page.py:108: in select_react_dropdown_option
    option = WebDriverWait(self.driver, 20).until(
venv/lib/python3.11/site-packages/selenium/webdriver/support/wait.py:121: in until
    raise TimeoutException(message, screen, stacktrace)
E   selenium.common.exceptions.TimeoutException: Message:
- generated xml file: /Users/vk/Documents/NxtWash Automation/nxtwash-automation/reports/runs/20260728_144049/shard-4-junit.xml -
=========================== short test summary info ============================
FAILED tests/admin_portal/wash_books/test_customer_wash_books_dependency.py::test_cwb_washes_reflect_template_wash_book
FAILED tests/admin_portal/wash_books/test_customer_wash_books_edit.py::test_edit_cwb_number_of_washes_persists
FAILED tests/admin_portal/wash_books/test_customer_wash_books_edit.py::test_activate_customer_wash_book
FAILED tests/admin_portal/wash_books/test_customer_wash_books_edit.py::test_deactivate_customer_wash_book
FAILED tests/admin_portal/wash_books/test_customer_wash_books_negative.py::test_create_cwb_duplicate_number_rejected
FAILED tests/admin_portal/wash_books/test_customer_wash_books_positive.py::test_create_customer_wash_book
FAILED tests/admin_portal/wash_books/test_customer_wash_books_search_filter.py::test_cwb_search_by_exact_number
FAILED tests/admin_portal/wash_books/test_customer_wash_books_search_filter.py::test_cwb_search_by_partial_number
FAILED tests/admin_portal/wash_books/test_wash_books_edge_cases.py::test_wash_book_long_description_does_not_break_form
FAILED tests/admin_portal/wash_books/test_wash_books_edit.py::test_edit_wash_book_description
FAILED tests/admin_portal/wash_books/test_wash_books_edit.py::test_edit_wash_book_name_persists
FAILED tests/admin_portal/wash_books/test_wash_books_edit.py::test_edit_wash_book_global_price_persists
FAILED tests/admin_portal/wash_books/test_wash_books_edit.py::test_edit_wash_book_number_of_washes_persists
FAILED tests/admin_portal/wash_books/test_wash_books_edit.py::test_edit_wash_book_global_commission_persists
FAILED tests/admin_portal/wash_books/test_wash_books_edit.py::test_activate_wash_book
FAILED tests/admin_portal/wash_books/test_wash_books_edit.py::test_deactivate_wash_book
FAILED tests/admin_portal/wash_books/test_wash_books_positive.py::test_create_wash_book
FAILED tests/admin_portal/wash_books/test_wash_books_positive.py::test_wash_book_settings_persist
FAILED tests/admin_portal/wash_books/test_wash_books_redemption.py::test_redemption_at_site_with_wash_package_persists
FAILED tests/admin_portal/wash_books/test_wash_books_redemption.py::test_redemption_site_without_wash_package_behaviour
FAILED tests/admin_portal/wash_books/test_wash_books_site_assignment.py::test_location_price_override_persists
FAILED tests/admin_portal/users/test_users_create.py::test_create_inactive_user
FAILED tests/admin_portal/users/test_users_create.py::test_create_user_password_required
FAILED tests/admin_portal/users/test_users_create.py::test_create_user_confirm_password_required
FAILED tests/admin_portal/users/test_users_create.py::test_create_user_email_required
FAILED tests/admin_portal/users/test_users_create.py::test_create_user_phone_required
FAILED tests/admin_portal/users/test_users_create.py::test_create_user_role_required
FAILED tests/admin_portal/users/test_users_create.py::test_create_user_password_mismatch
ERROR tests/admin_portal/employees/test_employees_edge_cases.py::test_employee_data_persists_after_relogin
ERROR tests/admin_portal/employees/test_employees_edit.py::test_edit_form_opens_prepopulated
ERROR tests/admin_portal/employees/test_employees_edit.py::test_edit_first_name_persists
ERROR tests/admin_portal/employees/test_employees_edit.py::test_edit_last_name_persists
ERROR tests/admin_portal/employees/test_employees_edit.py::test_edit_email_persists
ERROR tests/admin_portal/employees/test_employees_edit.py::test_edit_phone_persists
ERROR tests/admin_portal/employees/test_employees_edit.py::test_deactivate_active_employee
ERROR tests/admin_portal/employees/test_employees_edit.py::test_edit_clear_first_name_blocked
ERROR tests/admin_portal/employees/test_employees_edit.py::test_edit_clear_last_name_blocked
ERROR tests/admin_portal/employees/test_employees_edit.py::test_edit_invalid_email_blocked
ERROR tests/admin_portal/employees/test_employees_edit.py::test_edit_cancel_discards_changes
ERROR tests/admin_portal/employees/test_employees_list.py::test_shift_status_inactive_when_no_active_shift
ERROR tests/admin_portal/employees/test_employees_list.py::test_status_column_shows_badge
ERROR tests/admin_portal/employees/test_employees_list.py::test_search_by_exact_last_name
ERROR tests/admin_portal/employees/test_employees_list.py::test_search_by_partial_last_name
ERROR tests/admin_portal/employees/test_employees_list.py::test_clear_search_restores_full_list
ERROR tests/admin_portal/employees/test_employees_shift_list.py::test_shift_search_by_exact_last_name
ERROR tests/admin_portal/employees/test_employees_shift_list.py::test_shift_search_by_partial_last_name
= 28 failed, 283 passed, 87 skipped, 67 xfailed, 4 xpassed, 18 errors in 29921.90s (8:18:41) =

════════════════════════════════════════════════════
  Shard 4 finished at 22:59:33 — exit code: 1
════════════════════════════════════════════════════
