════════════════════════════════════════════════════
  Shard 3 started at 14:40:49
  Modules:
    tests/admin_portal/revenue_overview
    tests/admin_portal/labor_shifts
    tests/admin_portal/card_declines
    tests/admin_portal/overview
    tests/admin_portal/memberships
    tests/admin_portal/cash_report
    tests/admin_portal/service_categories
════════════════════════════════════════════════════

2026-07-28 14:40:50,003 INFO nxtwash: Test run starting against 'staging' environment
============================= test session starts ==============================
platform darwin -- Python 3.11.2, pytest-9.0.3, pluggy-1.6.0 -- /Users/vk/Documents/NxtWash Automation/nxtwash-automation/venv/bin/python3.11
cachedir: .pytest_cache
metadata: {'Python': '3.11.2', 'Platform': 'macOS-26.2-arm64-arm-64bit', 'Packages': {'pytest': '9.0.3', 'pluggy': '1.6.0'}, 'Plugins': {'html': '4.1.1', 'allure-pytest': '2.16.0', 'xdist': '3.8.0', 'Faker': '40.19.1', 'timeout': '2.4.0', 'metadata': '3.1.1', 'rerunfailures': '15.1'}}
rootdir: /Users/vk/Documents/NxtWash Automation/nxtwash-automation
configfile: pytest.ini
plugins: html-4.1.1, allure-pytest-2.16.0, xdist-3.8.0, Faker-40.19.1, timeout-2.4.0, metadata-3.1.1, rerunfailures-15.1
timeout: 420.0s
timeout method: signal
timeout func_only: False
collecting ... collected 504 items

tests/admin_portal/revenue_overview/test_revenue_overview.py::test_page_loads_at_correct_url PASSED [  0%]
tests/admin_portal/revenue_overview/test_revenue_overview.py::test_filter_modal_auto_opens PASSED [  0%]
tests/admin_portal/revenue_overview/test_revenue_overview.py::test_modal_contains_all_controls PASSED [  0%]
tests/admin_portal/revenue_overview/test_revenue_overview.py::test_metrics_shell_renders_behind_modal PASSED [  0%]
tests/admin_portal/revenue_overview/test_revenue_overview.py::test_page_title_and_info_icon_render PASSED [  0%]
tests/admin_portal/revenue_overview/test_revenue_overview.py::test_sidebar_highlights_active_item PASSED [  1%]
tests/admin_portal/revenue_overview/test_revenue_overview.py::test_sites_dropdown_lists_all_active_sites 2026-07-28 14:42:42,556 ERROR nxtwash: Test FAILED: tests/admin_portal/revenue_overview/test_revenue_overview.py::test_sites_dropdown_lists_all_active_sites (url: https://staging.nxtwash.com/reports/detailed/revenue)

-------------------------------- live log call ---------------------------------
ERROR    nxtwash:conftest.py:241 Test FAILED: tests/admin_portal/revenue_overview/test_revenue_overview.py::test_sites_dropdown_lists_all_active_sites (url: https://staging.nxtwash.com/reports/detailed/revenue)
2026-07-28 14:42:43,200 ERROR nxtwash: Visible page text at failure:
Revenue Metrics
Sites / Locations
No options
Export XLSX
Today
Select date range
Single day
Total Revenue
$0.00
New Members
$0.00
Recharges
$0.00
Resignups
$0.00
Retail Sales
$0.00
Revenue distribution
No information for this period
Membership Revenue
Retail Revenue
New Sales
Recharges
Resignups
Sites / Locations
Select site to filter...
Date range presets
Today
Select date range
Single day
Apply filters
ERROR    nxtwash:conftest.py:256 Visible page text at failure:
Revenue Metrics
Sites / Locations
No options
Export XLSX
Today
Select date range
Single day
Total Revenue
$0.00
New Members
$0.00
Recharges
$0.00
Resignups
$0.00
Retail Sales
$0.00
Revenue distribution
No information for this period
Membership Revenue
Retail Revenue
New Sales
Recharges
Resignups
Sites / Locations
Select site to filter...
Date range presets
Today
Select date range
Single day
Apply filters
FAILED                                                                   [  1%]
tests/admin_portal/revenue_overview/test_revenue_overview.py::test_date_preset_dropdown_lists_seven_options PASSED [  1%]
tests/admin_portal/revenue_overview/test_revenue_overview.py::test_modal_opens_with_default_state ERROR [  1%]
tests/admin_portal/revenue_overview/test_revenue_overview.py::test_changing_preset_auto_updates_date_range PASSED [  1%]
tests/admin_portal/revenue_overview/test_revenue_overview.py::test_single_day_checkbox_switches_to_single_date PASSED [  2%]
tests/admin_portal/revenue_overview/test_revenue_overview.py::test_apply_filters_closes_modal_and_renders_metrics PASSED [  2%]
tests/admin_portal/revenue_overview/test_revenue_overview.py::test_filter_values_reflected_in_page_level_bar PASSED [  2%]
tests/admin_portal/revenue_overview/test_revenue_overview.py::test_modal_does_not_reopen_from_page_level_bar PASSED [  2%]
tests/admin_portal/revenue_overview/test_revenue_overview.py::test_page_level_sites_dropdown_lists_all_sites PASSED [  2%]
tests/admin_portal/revenue_overview/test_revenue_overview.py::test_selecting_single_site_scopes_all_sections PASSED [  3%]
tests/admin_portal/revenue_overview/test_revenue_overview.py::test_selecting_multiple_sites_aggregates_revenue PASSED [  3%]
tests/admin_portal/revenue_overview/test_revenue_overview.py::test_selected_sites_render_as_chips PASSED [  3%]
tests/admin_portal/revenue_overview/test_revenue_overview.py::test_overflow_counter_chip_shown_for_many_sites PASSED [  3%]
tests/admin_portal/revenue_overview/test_revenue_overview.py::test_selected_options_highlighted_in_dropdown XFAIL [  3%]
tests/admin_portal/revenue_overview/test_revenue_overview.py::test_deselecting_option_removes_it PASSED [  4%]
tests/admin_portal/revenue_overview/test_revenue_overview.py::test_clear_control_removes_all_chips XFAIL [  4%]
tests/admin_portal/revenue_overview/test_revenue_overview.py::test_clearing_sites_shows_empty_state PASSED [  4%]
tests/admin_portal/revenue_overview/test_revenue_overview.py::test_site_dropdown_scrolls_for_many_sites PASSED [  4%]
tests/admin_portal/revenue_overview/test_revenue_overview.py::test_site_change_auto_applies_no_apply_button PASSED [  4%]
tests/admin_portal/revenue_overview/test_revenue_overview.py::test_deactivated_sites_not_in_dropdown PASSED [  5%]
tests/admin_portal/revenue_overview/test_revenue_overview.py::test_page_level_preset_lists_seven_options PASSED [  5%]
tests/admin_portal/revenue_overview/test_revenue_overview.py::test_preset_updates_range_and_data[RVO-DTE-002] PASSED [  5%]
tests/admin_portal/revenue_overview/test_revenue_overview.py::test_preset_updates_range_and_data[RVO-DTE-003] PASSED [  5%]
tests/admin_portal/revenue_overview/test_revenue_overview.py::test_preset_updates_range_and_data[RVO-DTE-004] PASSED [  5%]
tests/admin_portal/revenue_overview/test_revenue_overview.py::test_preset_updates_range_and_data[RVO-DTE-005] PASSED [  6%]
tests/admin_portal/revenue_overview/test_revenue_overview.py::test_preset_updates_range_and_data[RVO-DTE-006] PASSED [  6%]
tests/admin_portal/revenue_overview/test_revenue_overview.py::test_preset_updates_range_and_data[RVO-DTE-007] PASSED [  6%]
tests/admin_portal/revenue_overview/test_revenue_overview.py::test_preset_updates_range_and_data[RVO-DTE-008] PASSED [  6%]
tests/admin_portal/revenue_overview/test_revenue_overview.py::test_custom_range_switches_preset_to_custom PASSED [  6%]
tests/admin_portal/revenue_overview/test_revenue_overview.py::test_date_range_field_opens_calendar_picker PASSED [  7%]
tests/admin_portal/revenue_overview/test_revenue_overview.py::test_future_dates_disabled_in_calendar XFAIL [  7%]
tests/admin_portal/revenue_overview/test_revenue_overview.py::test_year_selector_visible_in_calendar XFAIL [  7%]
tests/admin_portal/revenue_overview/test_revenue_overview.py::test_date_preset_auto_applies_on_metrics_screen PASSED [  7%]
tests/admin_portal/revenue_overview/test_revenue_overview.py::test_custom_range_same_start_end PASSED [  7%]
tests/admin_portal/revenue_overview/test_revenue_overview.py::test_month_boundary_date_range PASSED [  8%]
tests/admin_portal/revenue_overview/test_revenue_overview.py::test_five_kpi_cards_render PASSED [  8%]
tests/admin_portal/revenue_overview/test_revenue_overview.py::test_kpi_cards_show_zero_when_no_data PASSED [  8%]
tests/admin_portal/revenue_overview/test_revenue_overview.py::test_kpi_values_update_on_site_change PASSED [  8%]
tests/admin_portal/revenue_overview/test_revenue_overview.py::test_kpi_values_update_on_date_change PASSED [  8%]
tests/admin_portal/revenue_overview/test_revenue_overview.py::test_kpi_values_currency_format PASSED [  9%]
tests/admin_portal/revenue_overview/test_revenue_overview.py::test_chart_renders_when_data_exists PASSED [  9%]
tests/admin_portal/revenue_overview/test_revenue_overview.py::test_chart_shows_no_info_when_no_data PASSED [  9%]
tests/admin_portal/revenue_overview/test_revenue_overview.py::test_legend_lists_all_series PASSED [  9%]
tests/admin_portal/revenue_overview/test_revenue_overview.py::test_hover_segment_shows_tooltip PASSED [  9%]
tests/admin_portal/revenue_overview/test_revenue_overview.py::test_hover_updates_centre_label PASSED [ 10%]
tests/admin_portal/revenue_overview/test_revenue_overview.py::test_centre_label_resets_on_pointer_leave XPASS [ 10%]
tests/admin_portal/revenue_overview/test_revenue_overview.py::test_legend_toggle_hides_segment SKIPPED [ 10%]
tests/admin_portal/revenue_overview/test_revenue_overview.py::test_centre_label_not_recalculated_after_legend_toggle SKIPPED [ 10%]
tests/admin_portal/revenue_overview/test_revenue_overview.py::test_hiding_all_legend_series_no_error SKIPPED [ 10%]
tests/admin_portal/revenue_overview/test_revenue_overview.py::test_segment_colours_are_stable PASSED [ 11%]
tests/admin_portal/revenue_overview/test_revenue_overview.py::test_zero_revenue_series_in_legend_no_arc PASSED [ 11%]
tests/admin_portal/revenue_overview/test_revenue_overview.py::test_chart_rerenders_on_filter_change PASSED [ 11%]
tests/admin_portal/revenue_overview/test_revenue_overview.py::test_membership_tab_displayed_with_count PASSED [ 11%]
tests/admin_portal/revenue_overview/test_revenue_overview.py::test_membership_tab_selected_by_default PASSED [ 11%]
tests/admin_portal/revenue_overview/test_revenue_overview.py::test_membership_tab_shows_three_subtabs PASSED [ 12%]
tests/admin_portal/revenue_overview/test_revenue_overview.py::test_all_membership_subtabs_clickable PASSED [ 12%]
tests/admin_portal/revenue_overview/test_revenue_overview.py::test_membership_count_invariant PASSED [ 12%]
tests/admin_portal/revenue_overview/test_revenue_overview.py::test_new_sales_subtab_lists_plans PASSED [ 12%]
tests/admin_portal/revenue_overview/test_revenue_overview.py::test_recharges_subtab_zero_count_renders_cleanly 2026-07-28 15:03:08,591 ERROR nxtwash: Test FAILED: tests/admin_portal/revenue_overview/test_revenue_overview.py::test_recharges_subtab_zero_count_renders_cleanly (url: https://staging.nxtwash.com/reports/detailed/revenue)

-------------------------------- live log call ---------------------------------
ERROR    nxtwash:conftest.py:241 Test FAILED: tests/admin_portal/revenue_overview/test_revenue_overview.py::test_recharges_subtab_zero_count_renders_cleanly (url: https://staging.nxtwash.com/reports/detailed/revenue)
2026-07-28 15:03:09,200 ERROR nxtwash: Visible page text at failure:
Revenue Metrics
Sites / Locations
VK Test carwash 2
VK AL02
VK Test Wash 01
VK Test carwash 2
test123 udpated
VK AL02
VK AL03
VK ZT c26508
VK AL20
VK AL21
VK AL22
Export XLSX
This month
Select date range
Single day
Total Revenue
$190.00
New Members
$0.00
Recharges
$0.00
Resignups
$0.00
Retail Sales
$190.00
Revenue distribution
Membership Revenue
3
Retail Revenue
7
New Sales
1
Recharges
0
Resignups
2
Wash Prepaid
$0.00
1 items
0.0% of total net revenue
ERROR    nxtwash:conftest.py:256 Visible page text at failure:
Revenue Metrics
Sites / Locations
VK Test carwash 2
VK AL02
VK Test Wash 01
VK Test carwash 2
test123 udpated
VK AL02
VK AL03
VK ZT c26508
VK AL20
VK AL21
VK AL22
Export XLSX
This month
Select date range
Single day
Total Revenue
$190.00
New Members
$0.00
Recharges
$0.00
Resignups
$0.00
Retail Sales
$190.00
Revenue distribution
Membership Revenue
3
Retail Revenue
7
New Sales
1
Recharges
0
Resignups
2
Wash Prepaid
$0.00
1 items
0.0% of total net revenue
FAILED                                                                   [ 12%]
tests/admin_portal/revenue_overview/test_revenue_overview.py::test_resignups_subtab_lists_rows 2026-07-28 15:03:45,542 ERROR nxtwash: Test FAILED: tests/admin_portal/revenue_overview/test_revenue_overview.py::test_resignups_subtab_lists_rows (url: https://staging.nxtwash.com/reports/detailed/revenue)

-------------------------------- live log call ---------------------------------
ERROR    nxtwash:conftest.py:241 Test FAILED: tests/admin_portal/revenue_overview/test_revenue_overview.py::test_resignups_subtab_lists_rows (url: https://staging.nxtwash.com/reports/detailed/revenue)
2026-07-28 15:03:46,166 ERROR nxtwash: Visible page text at failure:
Revenue Metrics
Sites / Locations
VK Test carwash 2
VK AL02
VK Test Wash 01
VK Test carwash 2
test123 udpated
VK AL02
VK AL03
VK ZT c26508
VK AL20
VK AL21
VK AL22
Export XLSX
This month
Select date range
Single day
Total Revenue
$190.00
New Members
$0.00
Recharges
$0.00
Resignups
$0.00
Retail Sales
$190.00
Revenue distribution
Membership Revenue
3
Retail Revenue
7
New Sales
1
Recharges
0
Resignups
2
Wash Prepaid
$0.00
1 items
0.0% of total net revenue
ERROR    nxtwash:conftest.py:256 Visible page text at failure:
Revenue Metrics
Sites / Locations
VK Test carwash 2
VK AL02
VK Test Wash 01
VK Test carwash 2
test123 udpated
VK AL02
VK AL03
VK ZT c26508
VK AL20
VK AL21
VK AL22
Export XLSX
This month
Select date range
Single day
Total Revenue
$190.00
New Members
$0.00
Recharges
$0.00
Resignups
$0.00
Retail Sales
$190.00
Revenue distribution
Membership Revenue
3
Retail Revenue
7
New Sales
1
Recharges
0
Resignups
2
Wash Prepaid
$0.00
1 items
0.0% of total net revenue
FAILED                                                                   [ 13%]
tests/admin_portal/revenue_overview/test_revenue_overview.py::test_subtab_row_count_equals_badge XFAIL [ 13%]
tests/admin_portal/revenue_overview/test_revenue_overview.py::test_switching_subtabs_does_not_change_kpi_or_chart 2026-07-28 15:05:06,351 ERROR nxtwash: Test FAILED: tests/admin_portal/revenue_overview/test_revenue_overview.py::test_switching_subtabs_does_not_change_kpi_or_chart (url: https://staging.nxtwash.com/reports/detailed/revenue)

-------------------------------- live log call ---------------------------------
ERROR    nxtwash:conftest.py:241 Test FAILED: tests/admin_portal/revenue_overview/test_revenue_overview.py::test_switching_subtabs_does_not_change_kpi_or_chart (url: https://staging.nxtwash.com/reports/detailed/revenue)
2026-07-28 15:05:06,987 ERROR nxtwash: Visible page text at failure:
Revenue Metrics
Sites / Locations
VK Test carwash 2
VK AL02
VK Test Wash 01
VK Test carwash 2
test123 udpated
VK AL02
VK AL03
VK ZT c26508
VK AL20
VK AL21
VK AL22
Export XLSX
This month
Select date range
Single day
Total Revenue
$190.00
New Members
$0.00
Recharges
$0.00
Resignups
$0.00
Retail Sales
$190.00
Revenue distribution
Membership Revenue
3
Retail Revenue
7
New Sales
1
Recharges
0
Resignups
2
Wash Prepaid
$0.00
1 items
0.0% of total net revenue
ERROR    nxtwash:conftest.py:256 Visible page text at failure:
Revenue Metrics
Sites / Locations
VK Test carwash 2
VK AL02
VK Test Wash 01
VK Test carwash 2
test123 udpated
VK AL02
VK AL03
VK ZT c26508
VK AL20
VK AL21
VK AL22
Export XLSX
This month
Select date range
Single day
Total Revenue
$190.00
New Members
$0.00
Recharges
$0.00
Resignups
$0.00
Retail Sales
$190.00
Revenue distribution
Membership Revenue
3
Retail Revenue
7
New Sales
1
Recharges
0
Resignups
2
Wash Prepaid
$0.00
1 items
0.0% of total net revenue
FAILED                                                                   [ 13%]
tests/admin_portal/revenue_overview/test_revenue_overview.py::test_membership_plan_names_match_module 2026-07-28 15:05:58,198 ERROR nxtwash: Test FAILED: tests/admin_portal/revenue_overview/test_revenue_overview.py::test_membership_plan_names_match_module (url: https://staging.nxtwash.com/reports/detailed/revenue)

-------------------------------- live log call ---------------------------------
ERROR    nxtwash:conftest.py:241 Test FAILED: tests/admin_portal/revenue_overview/test_revenue_overview.py::test_membership_plan_names_match_module (url: https://staging.nxtwash.com/reports/detailed/revenue)
2026-07-28 15:05:58,803 ERROR nxtwash: Visible page text at failure:
Revenue Metrics
Sites / Locations
VK Test carwash 2
VK AL02
VK Test Wash 01
VK Test carwash 2
test123 udpated
VK AL02
VK AL03
VK ZT c26508
VK AL20
VK AL21
VK AL22
Export XLSX
This month
Select date range
Single day
Total Revenue
$190.00
New Members
$0.00
Recharges
$0.00
Resignups
$0.00
Retail Sales
$190.00
Revenue distribution
Membership Revenue
3
Retail Revenue
7
New Sales
1
Recharges
0
Resignups
2
Wash Prepaid
$0.00
1 items
0.0% of total net revenue
ERROR    nxtwash:conftest.py:256 Visible page text at failure:
Revenue Metrics
Sites / Locations
VK Test carwash 2
VK AL02
VK Test Wash 01
VK Test carwash 2
test123 udpated
VK AL02
VK AL03
VK ZT c26508
VK AL20
VK AL21
VK AL22
Export XLSX
This month
Select date range
Single day
Total Revenue
$190.00
New Members
$0.00
Recharges
$0.00
Resignups
$0.00
Retail Sales
$190.00
Revenue distribution
Membership Revenue
3
Retail Revenue
7
New Sales
1
Recharges
0
Resignups
2
Wash Prepaid
$0.00
1 items
0.0% of total net revenue
FAILED                                                                   [ 13%]
tests/admin_portal/revenue_overview/test_revenue_overview.py::test_retail_tab_displayed_with_count PASSED [ 13%]
tests/admin_portal/revenue_overview/test_revenue_overview.py::test_retail_tab_shows_two_subtabs XFAIL [ 14%]
tests/admin_portal/revenue_overview/test_revenue_overview.py::test_retail_count_invariant PASSED [ 14%]
tests/admin_portal/revenue_overview/test_revenue_overview.py::test_wash_package_subtab_lists_packages 2026-07-28 15:07:31,912 ERROR nxtwash: Test FAILED: tests/admin_portal/revenue_overview/test_revenue_overview.py::test_wash_package_subtab_lists_packages (url: https://staging.nxtwash.com/reports/detailed/revenue)

-------------------------------- live log call ---------------------------------
ERROR    nxtwash:conftest.py:241 Test FAILED: tests/admin_portal/revenue_overview/test_revenue_overview.py::test_wash_package_subtab_lists_packages (url: https://staging.nxtwash.com/reports/detailed/revenue)
2026-07-28 15:07:32,526 ERROR nxtwash: Visible page text at failure:
Revenue Metrics
Sites / Locations
VK Test carwash 2
VK AL02
VK Test Wash 01
VK Test carwash 2
test123 udpated
VK AL02
VK AL03
VK ZT c26508
VK AL20
VK AL21
VK AL22
Export XLSX
This month
Select date range
Single day
Total Revenue
$190.00
New Members
$0.00
Recharges
$0.00
Resignups
$0.00
Retail Sales
$190.00
Revenue distribution
Membership Revenue
3
Retail Revenue
7
New Sales
1
Recharges
0
Resignups
2
Wash Prepaid
$0.00
1 items
0.0% of total net revenue
ERROR    nxtwash:conftest.py:256 Visible page text at failure:
Revenue Metrics
Sites / Locations
VK Test carwash 2
VK AL02
VK Test Wash 01
VK Test carwash 2
test123 udpated
VK AL02
VK AL03
VK ZT c26508
VK AL20
VK AL21
VK AL22
Export XLSX
This month
Select date range
Single day
Total Revenue
$190.00
New Members
$0.00
Recharges
$0.00
Resignups
$0.00
Retail Sales
$190.00
Revenue distribution
Membership Revenue
3
Retail Revenue
7
New Sales
1
Recharges
0
Resignups
2
Wash Prepaid
$0.00
1 items
0.0% of total net revenue
FAILED                                                                   [ 14%]
tests/admin_portal/revenue_overview/test_revenue_overview.py::test_wash_extra_subtab_lists_extras ERROR [ 14%]
tests/admin_portal/revenue_overview/test_revenue_overview.py::test_wash_package_names_match_module 2026-07-28 15:08:21,925 ERROR nxtwash: Test FAILED: tests/admin_portal/revenue_overview/test_revenue_overview.py::test_wash_package_names_match_module (url: https://staging.nxtwash.com/reports/detailed/revenue)

-------------------------------- live log call ---------------------------------
ERROR    nxtwash:conftest.py:241 Test FAILED: tests/admin_portal/revenue_overview/test_revenue_overview.py::test_wash_package_names_match_module (url: https://staging.nxtwash.com/reports/detailed/revenue)
2026-07-28 15:08:22,540 ERROR nxtwash: Visible page text at failure:
Revenue Metrics
Sites / Locations
VK Test carwash 2
VK AL02
VK Test Wash 01
VK Test carwash 2
test123 udpated
VK AL02
VK AL03
VK ZT c26508
VK AL20
VK AL21
VK AL22
Export XLSX
This month
Select date range
Single day
Total Revenue
$190.00
New Members
$0.00
Recharges
$0.00
Resignups
$0.00
Retail Sales
$190.00
Revenue distribution
Membership Revenue
3
Retail Revenue
7
New Sales
1
Recharges
0
Resignups
2
Wash Prepaid
$0.00
1 items
0.0% of total net revenue
ERROR    nxtwash:conftest.py:256 Visible page text at failure:
Revenue Metrics
Sites / Locations
VK Test carwash 2
VK AL02
VK Test Wash 01
VK Test carwash 2
test123 udpated
VK AL02
VK AL03
VK ZT c26508
VK AL20
VK AL21
VK AL22
Export XLSX
This month
Select date range
Single day
Total Revenue
$190.00
New Members
$0.00
Recharges
$0.00
Resignups
$0.00
Retail Sales
$190.00
Revenue distribution
Membership Revenue
3
Retail Revenue
7
New Sales
1
Recharges
0
Resignups
2
Wash Prepaid
$0.00
1 items
0.0% of total net revenue
FAILED                                                                   [ 14%]
tests/admin_portal/revenue_overview/test_revenue_overview.py::test_wash_extra_names_match_module ERROR [ 15%]
tests/admin_portal/revenue_overview/test_revenue_overview.py::test_switching_tabs_preserves_kpi_and_chart PASSED [ 15%]
tests/admin_portal/revenue_overview/test_revenue_overview.py::test_retail_tab_empty_list_when_count_zero PASSED [ 15%]
tests/admin_portal/revenue_overview/test_revenue_overview.py::test_each_row_shows_four_data_points 2026-07-28 15:10:17,593 ERROR nxtwash: Test FAILED: tests/admin_portal/revenue_overview/test_revenue_overview.py::test_each_row_shows_four_data_points (url: https://staging.nxtwash.com/reports/detailed/revenue)

-------------------------------- live log call ---------------------------------
ERROR    nxtwash:conftest.py:241 Test FAILED: tests/admin_portal/revenue_overview/test_revenue_overview.py::test_each_row_shows_four_data_points (url: https://staging.nxtwash.com/reports/detailed/revenue)
2026-07-28 15:10:18,259 ERROR nxtwash: Visible page text at failure:
Revenue Metrics
Sites / Locations
VK Test carwash 2
VK AL02
VK Test Wash 01
VK Test carwash 2
test123 udpated
VK AL02
VK AL03
VK ZT c26508
VK AL20
VK AL21
VK AL22
Export XLSX
This month
Select date range
Single day
Total Revenue
$190.00
New Members
$0.00
Recharges
$0.00
Resignups
$0.00
Retail Sales
$190.00
Revenue distribution
Membership Revenue
3
Retail Revenue
7
New Sales
1
Recharges
0
Resignups
2
Wash Prepaid
$0.00
1 items
0.0% of total net revenue
ERROR    nxtwash:conftest.py:256 Visible page text at failure:
Revenue Metrics
Sites / Locations
VK Test carwash 2
VK AL02
VK Test Wash 01
VK Test carwash 2
test123 udpated
VK AL02
VK AL03
VK ZT c26508
VK AL20
VK AL21
VK AL22
Export XLSX
This month
Select date range
Single day
Total Revenue
$190.00
New Members
$0.00
Recharges
$0.00
Resignups
$0.00
Retail Sales
$190.00
Revenue distribution
Membership Revenue
3
Retail Revenue
7
New Sales
1
Recharges
0
Resignups
2
Wash Prepaid
$0.00
1 items
0.0% of total net revenue
FAILED                                                                   [ 15%]
tests/admin_portal/revenue_overview/test_revenue_overview.py::test_single_item_count_grammar PASSED [ 15%]
tests/admin_portal/revenue_overview/test_revenue_overview.py::test_zero_amount_shows_zero_percent PASSED [ 16%]
tests/admin_portal/revenue_overview/test_revenue_overview.py::test_long_names_truncate_without_breaking PASSED [ 16%]
tests/admin_portal/revenue_overview/test_revenue_overview.py::test_list_refreshes_on_filter_change PASSED [ 16%]
tests/admin_portal/revenue_overview/test_revenue_overview.py::test_export_button_present PASSED [ 16%]
tests/admin_portal/revenue_overview/test_revenue_overview.py::test_export_triggers_download PASSED [ 16%]
tests/admin_portal/revenue_overview/test_revenue_overview.py::test_info_icon_tooltip_text PASSED [ 17%]
tests/admin_portal/revenue_overview/test_revenue_overview.py::test_tooltip_dismisses_on_click_away ERROR [ 17%]
tests/admin_portal/revenue_overview/test_revenue_overview.py::test_tooltip_content_is_static PASSED [ 17%]
tests/admin_portal/revenue_overview/test_revenue_overview.py::test_zero_transaction_site_renders_cleanly PASSED [ 17%]
tests/admin_portal/revenue_overview/test_revenue_overview.py::test_today_with_no_transactions_renders_cleanly PASSED [ 17%]
tests/admin_portal/revenue_overview/test_revenue_overview.py::test_rapid_preset_switching_no_stale_data PASSED [ 18%]
tests/admin_portal/revenue_overview/test_revenue_overview.py::test_rapid_site_toggle_no_stale_data PASSED [ 18%]
tests/admin_portal/revenue_overview/test_revenue_overview.py::test_retail_only_site_renders_cleanly PASSED [ 18%]
tests/admin_portal/revenue_overview/test_revenue_overview.py::test_direct_url_opens_filter_modal PASSED [ 18%]
tests/admin_portal/revenue_overview/test_revenue_overview.py::test_overview_full_report_link_navigates_here XFAIL [ 18%]
tests/admin_portal/revenue_overview/test_revenue_overview.py::test_sites_dropdown_reflects_sites_module PASSED [ 19%]
tests/admin_portal/revenue_overview/test_revenue_overview.py::TestSingleDayMode::test_single_day_changes_label_and_field PASSED [ 19%]
tests/admin_portal/revenue_overview/test_revenue_overview.py::TestSingleDayMode::test_single_day_forces_preset_to_custom XFAIL [ 19%]
tests/admin_portal/revenue_overview/test_revenue_overview.py::TestSingleDayMode::test_select_date_in_single_day_mode ERROR [ 19%]
tests/admin_portal/revenue_overview/test_revenue_overview.py::TestSingleDayMode::test_uncheck_single_day_reverts_to_range PASSED [ 19%]
tests/admin_portal/labor_shifts/test_labor_shifts.py::TestLaborShiftsNav::test_page_loads_at_correct_url PASSED [ 20%]
tests/admin_portal/labor_shifts/test_labor_shifts.py::TestLaborShiftsNav::test_filter_modal_auto_opens PASSED [ 20%]
tests/admin_portal/labor_shifts/test_labor_shifts.py::TestLaborShiftsNav::test_modal_contains_all_controls PASSED [ 20%]
tests/admin_portal/labor_shifts/test_labor_shifts.py::TestLaborShiftsNav::test_modal_opens_with_no_site_default PASSED [ 20%]
tests/admin_portal/labor_shifts/test_labor_shifts.py::TestLaborShiftsNav::test_apply_filters_closes_modal PASSED [ 20%]
tests/admin_portal/labor_shifts/test_labor_shifts.py::TestLaborShiftsNav::test_page_renders_widget_stack PASSED [ 21%]
tests/admin_portal/labor_shifts/test_labor_shifts.py::TestLaborShiftsNav::test_employee_summary_and_commission_visible PASSED [ 21%]
tests/admin_portal/labor_shifts/test_labor_shifts.py::TestLaborShiftsNav::test_filter_values_reflected_in_page_bar PASSED [ 21%]
tests/admin_portal/labor_shifts/test_labor_shifts.py::TestLaborShiftsNav::test_page_level_changes_do_not_reopen_modal PASSED [ 21%]
tests/admin_portal/labor_shifts/test_labor_shifts.py::TestLaborShiftsNav::test_sidebar_active_state SKIPPED [ 21%]
tests/admin_portal/labor_shifts/test_labor_shifts.py::TestLaborShiftsNav::test_commission_transactions_subtitle_spelling XFAIL [ 22%]
tests/admin_portal/labor_shifts/test_labor_shifts.py::TestLaborShiftsSiteFilter::test_sites_dropdown_lists_active_sites PASSED [ 22%]
tests/admin_portal/labor_shifts/test_labor_shifts.py::TestLaborShiftsSiteFilter::test_single_site_scopes_data PASSED [ 22%]
tests/admin_portal/labor_shifts/test_labor_shifts.py::TestLaborShiftsSiteFilter::test_multi_site_aggregation PASSED [ 22%]
tests/admin_portal/labor_shifts/test_labor_shifts.py::TestLaborShiftsSiteFilter::test_multi_site_shows_chips_with_overflow PASSED [ 22%]
tests/admin_portal/labor_shifts/test_labor_shifts.py::TestLaborShiftsSiteFilter::test_selected_option_highlighted_in_dropdown SKIPPED [ 23%]
tests/admin_portal/labor_shifts/test_labor_shifts.py::TestLaborShiftsSiteFilter::test_deselecting_site_removes_chip SKIPPED [ 23%]
tests/admin_portal/labor_shifts/test_labor_shifts.py::TestLaborShiftsSiteFilter::test_chip_x_clear_returns_empty_state PASSED [ 23%]
tests/admin_portal/labor_shifts/test_labor_shifts.py::TestLaborShiftsSiteFilter::test_site_dropdown_scrollable PASSED [ 23%]
tests/admin_portal/labor_shifts/test_labor_shifts.py::TestLaborShiftsSiteFilter::test_page_level_site_refresh PASSED [ 23%]
tests/admin_portal/labor_shifts/test_labor_shifts.py::TestLaborShiftsSiteFilter::test_deactivated_sites_absent PASSED [ 24%]
tests/admin_portal/labor_shifts/test_labor_shifts.py::TestLaborShiftsDateFilter::test_date_preset_dropdown_lists_all_options XPASS [ 24%]
tests/admin_portal/labor_shifts/test_labor_shifts.py::TestLaborShiftsDateFilter::test_selecting_preset_fills_date_range PASSED [ 24%]
tests/admin_portal/labor_shifts/test_labor_shifts.py::TestLaborShiftsDateFilter::test_page_level_preset_matches_modal PASSED [ 24%]
tests/admin_portal/labor_shifts/test_labor_shifts.py::TestLaborShiftsDateFilter::test_preset_populates_date_range[LAB-DTE-002] PASSED [ 24%]
tests/admin_portal/labor_shifts/test_labor_shifts.py::TestLaborShiftsDateFilter::test_preset_populates_date_range[LAB-DTE-003] PASSED [ 25%]
tests/admin_portal/labor_shifts/test_labor_shifts.py::TestLaborShiftsDateFilter::test_preset_populates_date_range[LAB-DTE-004] PASSED [ 25%]
tests/admin_portal/labor_shifts/test_labor_shifts.py::TestLaborShiftsDateFilter::test_preset_populates_date_range[LAB-DTE-005] PASSED [ 25%]
tests/admin_portal/labor_shifts/test_labor_shifts.py::TestLaborShiftsDateFilter::test_preset_populates_date_range[LAB-DTE-006] PASSED [ 25%]
tests/admin_portal/labor_shifts/test_labor_shifts.py::TestLaborShiftsDateFilter::test_preset_populates_date_range[LAB-DTE-007] PASSED [ 25%]
tests/admin_portal/labor_shifts/test_labor_shifts.py::TestLaborShiftsDateFilter::test_calendar_opens_on_date_click PASSED [ 25%]
tests/admin_portal/labor_shifts/test_labor_shifts.py::TestLaborShiftsDateFilter::test_custom_date_range_updates PASSED [ 26%]
tests/admin_portal/labor_shifts/test_labor_shifts.py::TestLaborShiftsDateFilter::test_single_day_mode_renders_report PASSED [ 26%]
tests/admin_portal/labor_shifts/test_labor_shifts.py::TestLaborShiftsDateFilter::test_uncheck_single_day_reverts_to_range PASSED [ 26%]
tests/admin_portal/labor_shifts/test_labor_shifts.py::TestLaborShiftsDateFilter::test_single_day_custom_range_renders PASSED [ 26%]
tests/admin_portal/labor_shifts/test_labor_shifts.py::TestLaborShiftsDateFilter::test_range_spanning_month_boundary_renders PASSED [ 26%]
tests/admin_portal/labor_shifts/test_labor_shifts.py::TestLaborShiftsKPI::test_kpi_card_visible[LAB-KPI-001-01] PASSED [ 27%]
tests/admin_portal/labor_shifts/test_labor_shifts.py::TestLaborShiftsKPI::test_kpi_card_visible[LAB-KPI-001-02] PASSED [ 27%]
tests/admin_portal/labor_shifts/test_labor_shifts.py::TestLaborShiftsKPI::test_kpi_card_visible[LAB-KPI-001-03] PASSED [ 27%]
tests/admin_portal/labor_shifts/test_labor_shifts.py::TestLaborShiftsKPI::test_kpi_card_visible[LAB-KPI-001-04] PASSED [ 27%]
tests/admin_portal/labor_shifts/test_labor_shifts.py::TestLaborShiftsKPI::test_employees_summary_card_content PASSED [ 27%]
tests/admin_portal/labor_shifts/test_labor_shifts.py::TestLaborShiftsKPI::test_all_metrics_zero_with_no_data PASSED [ 28%]
tests/admin_portal/labor_shifts/test_labor_shifts.py::TestLaborShiftsKPI::test_widgets_refresh_on_site_change PASSED [ 28%]
tests/admin_portal/labor_shifts/test_labor_shifts.py::TestLaborShiftsKPI::test_widgets_refresh_on_date_change PASSED [ 28%]
tests/admin_portal/labor_shifts/test_labor_shifts.py::TestLaborShiftsKPI::test_employee_count_reconciliation SKIPPED [ 28%]
tests/admin_portal/labor_shifts/test_labor_shifts.py::TestLaborShiftsKPI::test_employee_summary_matches_table_count PASSED [ 28%]
tests/admin_portal/labor_shifts/test_labor_shifts.py::TestLaborShiftsKPI::test_total_hours_format PASSED [ 29%]
tests/admin_portal/labor_shifts/test_labor_shifts.py::TestLaborShiftsKPI::test_currency_and_percentage_format PASSED [ 29%]
tests/admin_portal/labor_shifts/test_labor_shifts.py::TestLaborShiftsEmployeeTable::test_employee_table_column_present[LAB-EMP-001-01] PASSED [ 29%]
tests/admin_portal/labor_shifts/test_labor_shifts.py::TestLaborShiftsEmployeeTable::test_employee_table_column_present[LAB-EMP-001-02] PASSED [ 29%]
tests/admin_portal/labor_shifts/test_labor_shifts.py::TestLaborShiftsEmployeeTable::test_employee_table_column_present[LAB-EMP-001-03] PASSED [ 29%]
tests/admin_portal/labor_shifts/test_labor_shifts.py::TestLaborShiftsEmployeeTable::test_employee_table_column_present[LAB-EMP-001-04] PASSED [ 30%]
tests/admin_portal/labor_shifts/test_labor_shifts.py::TestLaborShiftsEmployeeTable::test_employee_table_column_present[LAB-EMP-001-05] PASSED [ 30%]
tests/admin_portal/labor_shifts/test_labor_shifts.py::TestLaborShiftsEmployeeTable::test_employee_table_column_present[LAB-EMP-001-06] PASSED [ 30%]
tests/admin_portal/labor_shifts/test_labor_shifts.py::TestLaborShiftsEmployeeTable::test_employee_table_column_present[LAB-EMP-001-07] PASSED [ 30%]
tests/admin_portal/labor_shifts/test_labor_shifts.py::TestLaborShiftsEmployeeTable::test_employee_table_column_present[LAB-EMP-001-08] PASSED [ 30%]
tests/admin_portal/labor_shifts/test_labor_shifts.py::TestLaborShiftsEmployeeTable::test_employee_table_empty_state PASSED [ 31%]
tests/admin_portal/labor_shifts/test_labor_shifts.py::TestLaborShiftsEmployeeTable::test_employee_table_populates 2026-07-28 15:54:40,250 ERROR nxtwash: Test FAILED: tests/admin_portal/labor_shifts/test_labor_shifts.py::TestLaborShiftsEmployeeTable::test_employee_table_populates (url: https://staging.nxtwash.com/reports/detailed/employee_labor)

-------------------------------- live log call ---------------------------------
ERROR    nxtwash:conftest.py:241 Test FAILED: tests/admin_portal/labor_shifts/test_labor_shifts.py::TestLaborShiftsEmployeeTable::test_employee_table_populates (url: https://staging.nxtwash.com/reports/detailed/employee_labor)
2026-07-28 15:54:40,914 ERROR nxtwash: Visible page text at failure:
Sites / Locations
VK Test carwash 2
VK Test Wash 01
VK Test carwash 2
test123 udpated
VK AL02
VK AL03
VK ZT c26508
VK AL20
VK AL21
VK AL22
Export XLSX
This month
Select date range
Single day
Labor
0.00%
Total labor
Cost Per Car
$123.00
$ per car
Productivity
0.00
Cars per labor hour
Employees
Total employees
0
Active employees
0
Inactive employees
0
Total hours
0h 0m
Search
Status
All
Employee
Membership sales
Resignups
Commission
Total shifts
Hours Worked
Overtime
Status
<<
<
>
>>
Page 1 of 0
|
Show 10
Show 20
Show 40
Show 100
out of 0 records
Commission Details
Commision Transactions
Membership Sales Commission
$0.00
Retail Sales Commission
$2.00
Washbook Sales Commission
$0.00
Total Commission
$2.00
Search
Date
Site name
Employee code
Employee
Customer
Type
Service
License plate
Service Price
Commission Amount
07/22/2026
VK Test carwash 2
1234
Vishal Kumar
PrePaid Cust 2
Retail Sale
vk wash 2 package
0002
$15.00
$2.00
<<
<
>
>>
Page 1 of 1
|
Show 10
Show 20
Show 40
Show 100
out of 1 records
ERROR    nxtwash:conftest.py:256 Visible page text at failure:
Sites / Locations
VK Test carwash 2
VK Test Wash 01
VK Test carwash 2
test123 udpated
VK AL02
VK AL03
VK ZT c26508
VK AL20
VK AL21
VK AL22
Export XLSX
This month
Select date range
Single day
Labor
0.00%
Total labor
Cost Per Car
$123.00
$ per car
Productivity
0.00
Cars per labor hour
Employees
Total employees
0
Active employees
0
Inactive employees
0
Total hours
0h 0m
Search
Status
All
Employee
Membership sales
Resignups
Commission
Total shifts
Hours Worked
Overtime
Status
<<
<
>
>>
Page 1 of 0
|
Show 10
Show 20
Show 40
Show 100
out of 0 records
Commission Details
Commision Transactions
Membership Sales Commission
$0.00
Retail Sales Commission
$2.00
Washbook Sales Commission
$0.00
Total Commission
$2.00
Search
Date
Site name
Employee code
Employee
Customer
Type
Service
License plate
Service Price
Commission Amount
07/22/2026
VK Test carwash 2
1234
Vishal Kumar
PrePaid Cust 2
Retail Sale
vk wash 2 package
0002
$15.00
$2.00
<<
<
>
>>
Page 1 of 1
|
Show 10
Show 20
Show 40
Show 100
out of 1 records
FAILED                                                                   [ 31%]
tests/admin_portal/labor_shifts/test_labor_shifts.py::TestLaborShiftsEmployeeTable::test_employee_search_filters_table PASSED [ 31%]
tests/admin_portal/labor_shifts/test_labor_shifts.py::TestLaborShiftsEmployeeTable::test_employee_search_no_match PASSED [ 31%]
tests/admin_portal/labor_shifts/test_labor_shifts.py::TestLaborShiftsEmployeeTable::test_employee_status_filter[LAB-EMP-006-all] PASSED [ 31%]
tests/admin_portal/labor_shifts/test_labor_shifts.py::TestLaborShiftsEmployeeTable::test_employee_status_filter[LAB-EMP-006-active] PASSED [ 32%]
tests/admin_portal/labor_shifts/test_labor_shifts.py::TestLaborShiftsEmployeeTable::test_employee_status_filter[LAB-EMP-006-inactive] PASSED [ 32%]
tests/admin_portal/labor_shifts/test_labor_shifts.py::TestLaborShiftsCommissionCards::test_four_commission_cards_visible PASSED [ 32%]
tests/admin_portal/labor_shifts/test_labor_shifts.py::TestLaborShiftsCommissionCards::test_commission_cards_zero_with_no_data PASSED [ 32%]
tests/admin_portal/labor_shifts/test_labor_shifts.py::TestLaborShiftsCommissionCards::test_commission_cards_update_on_filter_change PASSED [ 32%]
tests/admin_portal/labor_shifts/test_labor_shifts.py::TestLaborShiftsCommissionCards::test_commission_card_currency_format PASSED [ 33%]
tests/admin_portal/labor_shifts/test_labor_shifts.py::TestLaborShiftsCommissionCards::test_commission_reconciliation_chain PASSED [ 33%]
tests/admin_portal/labor_shifts/test_labor_shifts.py::TestLaborShiftsCommissionTransactions::test_ctx_table_column_present[LAB-CTX-001-01] PASSED [ 33%]
tests/admin_portal/labor_shifts/test_labor_shifts.py::TestLaborShiftsCommissionTransactions::test_ctx_table_column_present[LAB-CTX-001-02] PASSED [ 33%]
tests/admin_portal/labor_shifts/test_labor_shifts.py::TestLaborShiftsCommissionTransactions::test_ctx_table_column_present[LAB-CTX-001-03] PASSED [ 33%]
tests/admin_portal/labor_shifts/test_labor_shifts.py::TestLaborShiftsCommissionTransactions::test_ctx_table_column_present[LAB-CTX-001-04] PASSED [ 34%]
tests/admin_portal/labor_shifts/test_labor_shifts.py::TestLaborShiftsCommissionTransactions::test_ctx_table_column_present[LAB-CTX-001-05] PASSED [ 34%]
tests/admin_portal/labor_shifts/test_labor_shifts.py::TestLaborShiftsCommissionTransactions::test_ctx_table_column_present[LAB-CTX-001-06] PASSED [ 34%]
tests/admin_portal/labor_shifts/test_labor_shifts.py::TestLaborShiftsCommissionTransactions::test_ctx_table_column_present[LAB-CTX-001-07] PASSED [ 34%]
tests/admin_portal/labor_shifts/test_labor_shifts.py::TestLaborShiftsCommissionTransactions::test_ctx_table_column_present[LAB-CTX-001-08] PASSED [ 34%]
tests/admin_portal/labor_shifts/test_labor_shifts.py::TestLaborShiftsCommissionTransactions::test_ctx_table_has_rows PASSED [ 35%]
tests/admin_portal/labor_shifts/test_labor_shifts.py::TestLaborShiftsCommissionTransactions::test_ctx_table_empty_state PASSED [ 35%]
tests/admin_portal/labor_shifts/test_labor_shifts.py::TestLaborShiftsCommissionTransactions::test_ctx_search_filters_table PASSED [ 35%]
tests/admin_portal/labor_shifts/test_labor_shifts.py::TestLaborShiftsCommissionTransactions::test_ctx_type_column_has_values SKIPPED [ 35%]
tests/admin_portal/labor_shifts/test_labor_shifts.py::TestLaborShiftsPagination::test_table_pagination_controls_present[LAB-EMP-012] SKIPPED [ 35%]
tests/admin_portal/labor_shifts/test_labor_shifts.py::TestLaborShiftsPagination::test_table_pagination_controls_present[LAB-CTX-011] SKIPPED [ 36%]
tests/admin_portal/labor_shifts/test_labor_shifts.py::TestSingleDaySync::test_modal_single_day_checkbox_visible PASSED [ 36%]
tests/admin_portal/labor_shifts/test_labor_shifts.py::TestSingleDaySync::test_modal_single_day_changes_date_field PASSED [ 36%]
tests/admin_portal/labor_shifts/test_labor_shifts.py::TestSingleDaySync::test_modal_sdm_syncs_to_page_bar PASSED [ 36%]
tests/admin_portal/labor_shifts/test_labor_shifts.py::TestSingleDaySync::test_page_bar_sdm_uncheck_syncs_to_modal PASSED [ 36%]
tests/admin_portal/card_declines/test_card_declines.py::TestCardDeclinesNav::test_page_loads_at_correct_url PASSED [ 37%]
tests/admin_portal/card_declines/test_card_declines.py::TestCardDeclinesNav::test_filter_modal_auto_opens PASSED [ 37%]
tests/admin_portal/card_declines/test_card_declines.py::TestCardDeclinesNav::test_modal_contains_all_controls PASSED [ 37%]
tests/admin_portal/card_declines/test_card_declines.py::TestCardDeclinesNav::test_modal_opens_with_all_sites_default PASSED [ 37%]
tests/admin_portal/card_declines/test_card_declines.py::TestCardDeclinesNav::test_apply_filters_closes_modal PASSED [ 37%]
tests/admin_portal/card_declines/test_card_declines.py::TestCardDeclinesNav::test_filter_values_reflected_in_page_bar PASSED [ 38%]
tests/admin_portal/card_declines/test_card_declines.py::TestCardDeclinesNav::test_page_bar_changes_do_not_reopen_modal PASSED [ 38%]
tests/admin_portal/card_declines/test_card_declines.py::TestCardDeclinesNav::test_page_content_visible_after_apply PASSED [ 38%]
tests/admin_portal/card_declines/test_card_declines.py::TestCardDeclinesSiteFilter::test_sites_dropdown_lists_active_sites XFAIL [ 38%]
tests/admin_portal/card_declines/test_card_declines.py::TestCardDeclinesSiteFilter::test_all_sites_is_default PASSED [ 38%]
tests/admin_portal/card_declines/test_card_declines.py::TestCardDeclinesSiteFilter::test_selecting_site_creates_chip PASSED [ 39%]
tests/admin_portal/card_declines/test_card_declines.py::TestCardDeclinesSiteFilter::test_multi_site_selection_accepted PASSED [ 39%]
tests/admin_portal/card_declines/test_card_declines.py::TestCardDeclinesSiteFilter::test_single_site_scopes_data PASSED [ 39%]
tests/admin_portal/card_declines/test_card_declines.py::TestCardDeclinesSiteFilter::test_removing_chip_reduces_site_filter PASSED [ 39%]
tests/admin_portal/card_declines/test_card_declines.py::TestCardDeclinesSiteFilter::test_clear_all_sites PASSED [ 39%]
tests/admin_portal/card_declines/test_card_declines.py::TestCardDeclinesSiteFilter::test_site_dropdown_uses_checkboxes XFAIL [ 40%]
tests/admin_portal/card_declines/test_card_declines.py::TestCardDeclinesSiteFilter::test_site_dropdown_lists_multiple_sites XFAIL [ 40%]
tests/admin_portal/card_declines/test_card_declines.py::TestCardDeclinesSiteFilter::test_page_bar_site_change_no_modal PASSED [ 40%]
tests/admin_portal/card_declines/test_card_declines.py::TestCardDeclinesSiteFilter::test_chart_title_updates_on_site_filter XFAIL [ 40%]
tests/admin_portal/card_declines/test_card_declines.py::TestCardDeclinesSiteFilter::test_cdl_site_present_in_dropdown 2026-07-28 16:19:12,416 ERROR nxtwash: Test FAILED: tests/admin_portal/card_declines/test_card_declines.py::TestCardDeclinesSiteFilter::test_cdl_site_present_in_dropdown (url: https://staging.nxtwash.com/reports/detailed/cc_declines)

-------------------------------- live log call ---------------------------------
ERROR    nxtwash:conftest.py:241 Test FAILED: tests/admin_portal/card_declines/test_card_declines.py::TestCardDeclinesSiteFilter::test_cdl_site_present_in_dropdown (url: https://staging.nxtwash.com/reports/detailed/cc_declines)
2026-07-28 16:19:13,090 ERROR nxtwash: Visible page text at failure:
Sites / Locations
Select site to filter...
Export XLSX
Today
Select date range
Single day
📚
Glossary
0
Initial Recharge Attempts
0
Successful Initial Recharges
0
Initial Declines
0
Total Recovery Attempts
0
Successfully Recovered
0
Recover Day 1
0
Recover Day 2+
0
Unrecovered
Recovery Attempts
Successfully Recovered
Plan Name
Initial Recharge Attempts
Total Attempts
Initial Successful Recharges
Initial Declines
Failed First Attempt
Attempt 1
Attempt 2
Attempt 3+
Total Attempts
Day 1
After Decline
Day 2
After Decline
Day 3+
After Decline
Total Recovered
Unrecovered
Failed All Retries
Total
0
0
0
0
0
0
0
0
0
0
0
0
<<
<
>
>>
Page 1 of 0
|
Show 10
Show 20
Show 40
Show 100
out of 0 records
🏆
Best & Worst Sites by Declines
Site Name
Declines
Performance
Total
0
Total Daily Declines Summary
Date
Site Name
Initial Declines
<<
<
>
>>
Page 1 of 0
|
Show 10
Show 20
Show 40
Show 100
out of 0 records
Declines Reason Over Time - Temporal Heatmap
Date
Total
Declines Reason Distribution
Reason Value Percentage
Total Daily Declines - All Sites
Declined Payments
Recovery Status
Recovery Status
Attempt Type
Attempt Type
Date/Time
Customer
License Plate/RFID
Membership
Decline Reason
Declined Attempts
Sequential Decline Attempt
Attempt Type
Recovery Status
Actions
<<
<
>
>>
Page 1 of 0
|
Show 10
Show 20
Show 40
Show 100
out of 0 records
Sites / Locations
Select site to filter...
Date range presets
Today
Select date range
Single day
Apply filters
ERROR    nxtwash:conftest.py:256 Visible page text at failure:
Sites / Locations
Select site to filter...
Export XLSX
Today
Select date range
Single day
📚
Glossary
0
Initial Recharge Attempts
0
Successful Initial Recharges
0
Initial Declines
0
Total Recovery Attempts
0
Successfully Recovered
0
Recover Day 1
0
Recover Day 2+
0
Unrecovered
Recovery Attempts
Successfully Recovered
Plan Name
Initial Recharge Attempts
Total Attempts
Initial Successful Recharges
Initial Declines
Failed First Attempt
Attempt 1
Attempt 2
Attempt 3+
Total Attempts
Day 1
After Decline
Day 2
After Decline
Day 3+
After Decline
Total Recovered
Unrecovered
Failed All Retries
Total
0
0
0
0
0
0
0
0
0
0
0
0
<<
<
>
>>
Page 1 of 0
|
Show 10
Show 20
Show 40
Show 100
out of 0 records
🏆
Best & Worst Sites by Declines
Site Name
Declines
Performance
Total
0
Total Daily Declines Summary
Date
Site Name
Initial Declines
<<
<
>
>>
Page 1 of 0
|
Show 10
Show 20
Show 40
Show 100
out of 0 records
Declines Reason Over Time - Temporal Heatmap
Date
Total
Declines Reason Distribution
Reason Value Percentage
Total Daily Declines - All Sites
Declined Payments
Recovery Status
Recovery Status
Attempt Type
Attempt Type
Date/Time
Customer
License Plate/RFID
Membership
Decline Reason
Declined Attempts
Sequential Decline Attempt
Attempt Type
Recovery Status
Actions
<<
<
>
>>
Page 1 of 0
|
Show 10
Show 20
Show 40
Show 100
out of 0 records
Sites / Locations
Select site to filter...
Date range presets
Today
Select date range
Single day
Apply filters
FAILED                                                                   [ 40%]
tests/admin_portal/card_declines/test_card_declines.py::TestCardDeclinesSiteFilter::test_widgets_refresh_on_site_change[CDL-KPI-003] PASSED [ 41%]
tests/admin_portal/card_declines/test_card_declines.py::TestCardDeclinesSiteFilter::test_widgets_refresh_on_site_change[CDL-MTX-012] ERROR [ 41%]
tests/admin_portal/card_declines/test_card_declines.py::TestCardDeclinesSiteFilter::test_widgets_refresh_on_site_change[CDL-BWS-007] PASSED [ 41%]
tests/admin_portal/card_declines/test_card_declines.py::TestCardDeclinesSiteFilter::test_widgets_refresh_on_site_change[CDL-TDS-005] PASSED [ 41%]
tests/admin_portal/card_declines/test_card_declines.py::TestCardDeclinesSiteFilter::test_widgets_refresh_on_site_change[CDL-HMP-005] PASSED [ 41%]
tests/admin_portal/card_declines/test_card_declines.py::TestCardDeclinesDateFilter::test_date_preset_count PASSED [ 42%]
tests/admin_portal/card_declines/test_card_declines.py::TestCardDeclinesDateFilter::test_date_preset_dropdown_options PASSED [ 42%]
tests/admin_portal/card_declines/test_card_declines.py::TestCardDeclinesDateFilter::test_selecting_preset_fills_date_range PASSED [ 42%]
tests/admin_portal/card_declines/test_card_declines.py::TestCardDeclinesDateFilter::test_preset_populates_date_range[CDL-DTE-002] PASSED [ 42%]
tests/admin_portal/card_declines/test_card_declines.py::TestCardDeclinesDateFilter::test_preset_populates_date_range[CDL-DTE-003] PASSED [ 42%]
tests/admin_portal/card_declines/test_card_declines.py::TestCardDeclinesDateFilter::test_preset_populates_date_range[CDL-DTE-004] PASSED [ 43%]
tests/admin_portal/card_declines/test_card_declines.py::TestCardDeclinesDateFilter::test_preset_populates_date_range[CDL-DTE-005] PASSED [ 43%]
tests/admin_portal/card_declines/test_card_declines.py::TestCardDeclinesDateFilter::test_preset_populates_date_range[CDL-DTE-006] PASSED [ 43%]
tests/admin_portal/card_declines/test_card_declines.py::TestCardDeclinesDateFilter::test_preset_populates_date_range[CDL-DTE-007] PASSED [ 43%]
tests/admin_portal/card_declines/test_card_declines.py::TestCardDeclinesGlossary::test_glossary_section_visible PASSED [ 43%]
tests/admin_portal/card_declines/test_card_declines.py::TestCardDeclinesGlossary::test_glossary_term_visible[CDL-GLS-002-01] PASSED [ 44%]
tests/admin_portal/card_declines/test_card_declines.py::TestCardDeclinesGlossary::test_glossary_term_visible[CDL-GLS-002-02] PASSED [ 44%]
tests/admin_portal/card_declines/test_card_declines.py::TestCardDeclinesGlossary::test_glossary_term_visible[CDL-GLS-002-03] PASSED [ 44%]
tests/admin_portal/card_declines/test_card_declines.py::TestCardDeclinesGlossary::test_glossary_term_visible[CDL-GLS-002-04] PASSED [ 44%]
tests/admin_portal/card_declines/test_card_declines.py::TestCardDeclinesGlossary::test_glossary_term_visible[CDL-GLS-002-05] PASSED [ 44%]
tests/admin_portal/card_declines/test_card_declines.py::TestCardDeclinesGlossary::test_glossary_term_visible[CDL-GLS-002-06] PASSED [ 45%]
tests/admin_portal/card_declines/test_card_declines.py::TestCardDeclinesGlossary::test_glossary_term_visible[CDL-GLS-002-07] PASSED [ 45%]
tests/admin_portal/card_declines/test_card_declines.py::TestCardDeclinesGlossary::test_glossary_term_visible[CDL-GLS-002-08] PASSED [ 45%]
tests/admin_portal/card_declines/test_card_declines.py::TestCardDeclinesGlossary::test_glossary_term_visible[CDL-GLS-002-09] XPASS [ 45%]
tests/admin_portal/card_declines/test_card_declines.py::TestCardDeclinesGlossary::test_glossary_visible_for_zero_data PASSED [ 45%]
tests/admin_portal/card_declines/test_card_declines.py::TestCardDeclinesKPI::test_kpi_card_visible[CDL-KPI-001-01] PASSED [ 46%]
tests/admin_portal/card_declines/test_card_declines.py::TestCardDeclinesKPI::test_kpi_card_visible[CDL-KPI-001-02] ERROR [ 46%]
tests/admin_portal/card_declines/test_card_declines.py::TestCardDeclinesKPI::test_kpi_card_visible[CDL-KPI-001-03] PASSED [ 46%]
tests/admin_portal/card_declines/test_card_declines.py::TestCardDeclinesKPI::test_kpi_card_visible[CDL-KPI-001-04] ERROR [ 46%]
tests/admin_portal/card_declines/test_card_declines.py::TestCardDeclinesKPI::test_kpi_card_visible[CDL-KPI-001-05] PASSED [ 46%]
tests/admin_portal/card_declines/test_card_declines.py::TestCardDeclinesKPI::test_kpi_card_visible[CDL-KPI-001-06] PASSED [ 47%]
tests/admin_portal/card_declines/test_card_declines.py::TestCardDeclinesKPI::test_kpi_card_visible[CDL-KPI-001-07] PASSED [ 47%]
tests/admin_portal/card_declines/test_card_declines.py::TestCardDeclinesKPI::test_kpi_card_visible[CDL-KPI-001-08] PASSED [ 47%]
tests/admin_portal/card_declines/test_card_declines.py::TestCardDeclinesKPI::test_kpi_values_non_zero XPASS [ 47%]
tests/admin_portal/card_declines/test_card_declines.py::TestCardDeclinesKPI::test_kpi_zero_data_state PASSED [ 47%]
tests/admin_portal/card_declines/test_card_declines.py::TestCardDeclinesMatrix::test_matrix_section_visible PASSED [ 48%]
tests/admin_portal/card_declines/test_card_declines.py::TestCardDeclinesMatrix::test_matrix_column_present[CDL-MTX-002-01] PASSED [ 48%]
tests/admin_portal/card_declines/test_card_declines.py::TestCardDeclinesMatrix::test_matrix_column_present[CDL-MTX-002-02] PASSED [ 48%]
tests/admin_portal/card_declines/test_card_declines.py::TestCardDeclinesMatrix::test_matrix_column_present[CDL-MTX-002-03] PASSED [ 48%]
tests/admin_portal/card_declines/test_card_declines.py::TestCardDeclinesMatrix::test_matrix_column_present[CDL-MTX-002-04] PASSED [ 48%]
tests/admin_portal/card_declines/test_card_declines.py::TestCardDeclinesMatrix::test_matrix_column_present[CDL-MTX-002-05] PASSED [ 49%]
tests/admin_portal/card_declines/test_card_declines.py::TestCardDeclinesMatrix::test_matrix_column_present[CDL-MTX-002-06] PASSED [ 49%]
tests/admin_portal/card_declines/test_card_declines.py::TestCardDeclinesMatrix::test_matrix_column_present[CDL-MTX-002-07] PASSED [ 49%]
tests/admin_portal/card_declines/test_card_declines.py::TestCardDeclinesMatrix::test_matrix_column_present[CDL-MTX-002-08] PASSED [ 49%]
tests/admin_portal/card_declines/test_card_declines.py::TestCardDeclinesMatrix::test_matrix_column_present[CDL-MTX-002-09] PASSED [ 49%]
tests/admin_portal/card_declines/test_card_declines.py::TestCardDeclinesMatrix::test_matrix_column_present[CDL-MTX-002-10] PASSED [ 50%]
tests/admin_portal/card_declines/test_card_declines.py::TestCardDeclinesMatrix::test_matrix_column_present[CDL-MTX-002-11] PASSED [ 50%]
tests/admin_portal/card_declines/test_card_declines.py::TestCardDeclinesMatrix::test_matrix_column_present[CDL-MTX-002-12] ERROR [ 50%]
tests/admin_portal/card_declines/test_card_declines.py::TestCardDeclinesMatrix::test_matrix_column_present[CDL-MTX-002-13] PASSED [ 50%]
tests/admin_portal/card_declines/test_card_declines.py::TestCardDeclinesMatrix::test_matrix_has_data_rows XPASS [ 50%]
tests/admin_portal/card_declines/test_card_declines.py::TestCardDeclinesMatrix::test_matrix_pagination_present ERROR [ 50%]
tests/admin_portal/card_declines/test_card_declines.py::TestCardDeclinesMatrix::test_matrix_zero_data_state PASSED [ 51%]
tests/admin_portal/card_declines/test_card_declines.py::TestCardDeclinesBestWorst::test_bws_section_visible PASSED [ 51%]
tests/admin_portal/card_declines/test_card_declines.py::TestCardDeclinesBestWorst::test_best_sites_visible PASSED [ 51%]
tests/admin_portal/card_declines/test_card_declines.py::TestCardDeclinesBestWorst::test_worst_sites_visible PASSED [ 51%]
tests/admin_portal/card_declines/test_card_declines.py::TestCardDeclinesBestWorst::test_bws_excludes_defect_site XPASS [ 51%]
tests/admin_portal/card_declines/test_card_declines.py::TestCardDeclinesDailySummary::test_daily_summary_section_visible PASSED [ 52%]
tests/admin_portal/card_declines/test_card_declines.py::TestCardDeclinesDailySummary::test_daily_summary_has_content PASSED [ 52%]
tests/admin_portal/card_declines/test_card_declines.py::TestCardDeclinesHeatmap::test_heatmap_section_visible PASSED [ 52%]
tests/admin_portal/card_declines/test_card_declines.py::TestCardDeclinesReasonDist::test_reason_dist_section_visible ERROR [ 52%]
tests/admin_portal/card_declines/test_card_declines.py::TestSingleDaySync::test_modal_single_day_checkbox_visible PASSED [ 52%]
tests/admin_portal/card_declines/test_card_declines.py::TestSingleDaySync::test_modal_single_day_changes_date_field PASSED [ 53%]
tests/admin_portal/card_declines/test_card_declines.py::TestSingleDaySync::test_modal_sdm_syncs_to_page_bar PASSED [ 53%]
tests/admin_portal/card_declines/test_card_declines.py::TestSingleDaySync::test_page_bar_sdm_uncheck_syncs_to_modal ERROR [ 53%]
tests/admin_portal/overview/test_overview_data_validation.py::test_overview_cars_washed_total_matches_report XFAIL [ 53%]
tests/admin_portal/overview/test_overview_data_validation.py::test_overview_revenue_daily_matches_report XFAIL [ 53%]
tests/admin_portal/overview/test_overview_data_validation.py::test_overview_filters_persist_navigating_to_report XFAIL [ 54%]
tests/admin_portal/overview/test_overview_data_validation.py::test_overview_modal_and_inline_filters_return_matching_totals XFAIL [ 54%]
tests/admin_portal/overview/test_overview_data_validation.py::test_overview_both_report_pages_accept_same_filter_inputs XFAIL [ 54%]
tests/admin_portal/overview/test_overview_exports.py::test_overview_exports_are_available_and_filter_aware XFAIL [ 54%]
tests/admin_portal/overview/test_overview_filters.py::test_overview_site_filter_dropdown_opens XPASS [ 54%]
tests/admin_portal/overview/test_overview_filters.py::test_overview_site_filter_updates_dashboard XFAIL [ 55%]
tests/admin_portal/overview/test_overview_filters.py::test_overview_selected_site_shows_as_chip XFAIL [ 55%]
tests/admin_portal/overview/test_overview_filters.py::test_overview_clearing_sites_reverts_to_aggregated XFAIL [ 55%]
tests/admin_portal/overview/test_overview_filters.py::test_overview_date_preset_filters_are_available XFAIL [ 55%]
tests/admin_portal/overview/test_overview_filters.py::test_overview_last_month_preset_updates_dashboard XFAIL [ 55%]
tests/admin_portal/overview/test_overview_filters.py::test_overview_date_range_filters_are_available XFAIL [ 56%]
tests/admin_portal/overview/test_overview_filters.py::test_overview_custom_date_range_updates_dashboard XFAIL [ 56%]
tests/admin_portal/overview/test_overview_filters.py::test_overview_single_day_checkbox_is_available XFAIL [ 56%]
tests/admin_portal/overview/test_overview_filters.py::test_overview_single_day_no_date_documents_behaviour PASSED [ 56%]
tests/admin_portal/overview/test_overview_filters.py::test_overview_uncheck_single_day_reverts_to_range_mode XFAIL [ 56%]
tests/admin_portal/overview/test_overview_filters.py::test_overview_end_date_before_start_documents_behaviour PASSED [ 57%]
tests/admin_portal/overview/test_overview_filters.py::test_overview_single_day_no_date_no_broken_state PASSED [ 57%]
tests/admin_portal/overview/test_overview_filters.py::test_overview_single_day_today_matches_today_preset XFAIL [ 57%]
tests/admin_portal/overview/test_overview_known_bugs.py::test_overview_labor_percent_extreme_value_bug PASSED [ 57%]
tests/admin_portal/overview/test_overview_known_bugs.py::test_overview_labor_percent_no_revenue_shows_placeholder XFAIL [ 57%]
tests/admin_portal/overview/test_overview_known_bugs.py::test_overview_usage_breakdown_percentages_sum_to_100 XFAIL [ 58%]
tests/admin_portal/overview/test_overview_navigation.py::test_overview_browser_back_returns_to_overview PASSED [ 58%]
tests/admin_portal/overview/test_overview_navigation.py::test_overview_opens_in_new_tab PASSED [ 58%]
tests/admin_portal/overview/test_overview_navigation.py::test_overview_report_navigation_is_available XFAIL [ 58%]
tests/admin_portal/overview/test_overview_negative.py::test_overview_no_data_states_are_handled XFAIL [ 58%]
tests/admin_portal/overview/test_overview_negative.py::test_overview_network_failure_is_handled XFAIL [ 59%]
tests/admin_portal/overview/test_overview_negative.py::test_overview_rapid_filter_switching_does_not_crash XFAIL [ 59%]
tests/admin_portal/overview/test_overview_negative.py::test_overview_employees_empty_state_with_no_shift_data XFAIL [ 59%]
tests/admin_portal/overview/test_overview_negative.py::test_overview_future_date_range_shows_empty_state XFAIL [ 59%]
tests/admin_portal/overview/test_overview_negative.py::test_overview_zero_data_visually_distinct_from_loading XPASS [ 59%]
tests/admin_portal/overview/test_overview_negative.py::test_overview_employees_no_records_label_when_no_assignments XFAIL [ 60%]
tests/admin_portal/overview/test_overview_reports.py::test_overview_cars_washed_report_loads XFAIL [ 60%]
tests/admin_portal/overview/test_overview_reports.py::test_overview_cars_washed_report_summary_cards_update XFAIL [ 60%]
tests/admin_portal/overview/test_overview_reports.py::test_overview_cars_washed_report_redemption_cards XFAIL [ 60%]
tests/admin_portal/overview/test_overview_reports.py::test_overview_cars_washed_report_hourly_chart_legend XPASS [ 60%]
tests/admin_portal/overview/test_overview_reports.py::test_overview_cars_washed_report_usage_breakdown_tabs XPASS [ 61%]
tests/admin_portal/overview/test_overview_reports.py::test_overview_cars_washed_report_percentages_sum_to_100 XFAIL [ 61%]
tests/admin_portal/overview/test_overview_reports.py::test_overview_cars_washed_report_rounding_rule XFAIL [ 61%]
tests/admin_portal/overview/test_overview_reports.py::test_overview_revenue_report_loads XFAIL [ 61%]
tests/admin_portal/overview/test_overview_reports.py::test_overview_revenue_report_summary_cards_update XPASS [ 61%]
tests/admin_portal/overview/test_overview_reports.py::test_overview_revenue_report_donut_updates_on_click XFAIL [ 62%]
tests/admin_portal/overview/test_overview_reports.py::test_overview_revenue_report_membership_tab XPASS [ 62%]
tests/admin_portal/overview/test_overview_ui.py::test_overview_shell_redirects_and_loads PASSED [ 62%]
tests/admin_portal/overview/test_overview_ui.py::test_overview_support_button_is_visible XPASS [ 62%]
tests/admin_portal/overview/test_overview_ui.py::test_overview_dashboard_filter_controls_visible XFAIL [ 62%]
tests/admin_portal/overview/test_overview_ui.py::test_overview_export_buttons_visible XFAIL [ 63%]
tests/admin_portal/overview/test_overview_ui.py::test_overview_dashboard_widgets_visible XFAIL [ 63%]
tests/admin_portal/overview/test_overview_widgets.py::test_overview_all_dashboard_cards_render XFAIL [ 63%]
tests/admin_portal/overview/test_overview_widgets.py::test_overview_cars_washed_totals_update_with_filters XFAIL [ 63%]
tests/admin_portal/overview/test_overview_widgets.py::test_overview_cars_washed_breakdown_legend XFAIL [ 63%]
tests/admin_portal/overview/test_overview_widgets.py::test_overview_cars_washed_hourly_chart_renders XFAIL [ 64%]
tests/admin_portal/overview/test_overview_widgets.py::test_overview_cars_washed_full_report_link XFAIL [ 64%]
tests/admin_portal/overview/test_overview_widgets.py::test_overview_revenue_totals_update_with_filters XFAIL [ 64%]
tests/admin_portal/overview/test_overview_widgets.py::test_overview_revenue_donut_chart_renders XFAIL [ 64%]
tests/admin_portal/overview/test_overview_widgets.py::test_overview_revenue_memberships_toggle XFAIL [ 64%]
tests/admin_portal/overview/test_overview_widgets.py::test_overview_revenue_full_report_link XPASS [ 65%]
tests/admin_portal/overview/test_overview_widgets.py::test_overview_revenue_memberships_toggle_effect_documented XFAIL [ 65%]
tests/admin_portal/overview/test_overview_widgets.py::test_overview_awt_tiles_are_clickable XFAIL [ 65%]
tests/admin_portal/overview/test_overview_widgets.py::test_overview_awt_info_tooltip_shows_formula XFAIL [ 65%]
tests/admin_portal/overview/test_overview_widgets.py::test_overview_awt_formula_values_match_display XPASS [ 65%]
tests/admin_portal/overview/test_overview_widgets.py::test_overview_awt_breakdown_bar_renders XFAIL [ 66%]
tests/admin_portal/overview/test_overview_widgets.py::test_overview_memberships_active_count XFAIL [ 66%]
tests/admin_portal/overview/test_overview_widgets.py::test_overview_memberships_transaction_counts_update XFAIL [ 66%]
tests/admin_portal/overview/test_overview_widgets.py::test_overview_memberships_recurring_prepaid_breakdown XPASS [ 66%]
tests/admin_portal/overview/test_overview_widgets.py::test_overview_memberships_canceled_bars_display XFAIL [ 66%]
tests/admin_portal/overview/test_overview_widgets.py::test_overview_memberships_info_tooltip_visible XPASS [ 67%]
tests/admin_portal/overview/test_overview_widgets.py::test_overview_employees_table_columns XFAIL [ 67%]
tests/admin_portal/overview/test_overview_widgets.py::test_overview_employees_shift_status XFAIL [ 67%]
tests/admin_portal/overview/test_overview_widgets.py::test_overview_employees_full_report_link XPASS [ 67%]
tests/admin_portal/overview/test_overview_widgets.py::test_overview_gift_cards_totals XFAIL [ 67%]
tests/admin_portal/overview/test_overview_widgets.py::test_overview_wash_books_totals XFAIL [ 68%]
tests/admin_portal/overview/test_overview_widgets.py::test_overview_labor_percent_calculates XFAIL [ 68%]
tests/admin_portal/overview/test_overview_widgets.py::test_overview_labor_per_car_and_per_hour XFAIL [ 68%]
tests/admin_portal/overview/test_overview_widgets.py::test_overview_labor_full_report_link XFAIL [ 68%]
tests/admin_portal/memberships/test_memberships_download.py::test_download_memberships_starts_file_download 
-------------------------------- live log call ---------------------------------
INFO     tests.admin_portal.memberships.test_memberships_download:test_memberships_download.py:42 Configuring Chrome download directory: /private/var/folders/18/r8qfvkyn1yng87d4n0nl8lxc0000gn/T/pytest-of-vk/pytest-25/test_download_memberships_star0
INFO     tests.admin_portal.memberships.test_memberships_download:test_memberships_download.py:27 Waiting for membership export download
PASSED                                                                   [ 68%]
tests/admin_portal/memberships/test_memberships_download.py::test_download_memberships_file_format 
-------------------------------- live log call ---------------------------------
INFO     tests.admin_portal.memberships.test_memberships_download:test_memberships_download.py:65 Verifying membership export file format
INFO     tests.admin_portal.memberships.test_memberships_download:test_memberships_download.py:27 Waiting for membership export download
PASSED                                                                   [ 69%]
tests/admin_portal/memberships/test_memberships_download.py::test_download_filtered_memberships_starts_file_download 
-------------------------------- live log call ---------------------------------
INFO     tests.admin_portal.memberships.test_memberships_download:test_memberships_download.py:91 Verifying filtered membership export downloads a file
2026-07-28 17:06:19,630 ERROR nxtwash: Test FAILED: tests/admin_portal/memberships/test_memberships_download.py::test_download_filtered_memberships_starts_file_download (url: https://staging.nxtwash.com/services/memberships)
ERROR    nxtwash:conftest.py:241 Test FAILED: tests/admin_portal/memberships/test_memberships_download.py::test_download_filtered_memberships_starts_file_download (url: https://staging.nxtwash.com/services/memberships)
2026-07-28 17:06:20,286 ERROR nxtwash: Visible page text at failure:
Memberships
Filter by
+ Add new membership
Membership Name
Type
Price
Status
Page
of
0
Results per page
100
Showing 0 - 0 of 0
Please wait
ERROR    nxtwash:conftest.py:256 Visible page text at failure:
Memberships
Filter by
+ Add new membership
Membership Name
Type
Price
Status
Page
of
0
Results per page
100
Showing 0 - 0 of 0
Please wait
FAILED                                                                   [ 69%]
tests/admin_portal/memberships/test_memberships_edge_cases.py::test_membership_create_is_idempotent 2026-07-28 17:09:06,583 ERROR nxtwash: Test FAILED: tests/admin_portal/memberships/test_memberships_edge_cases.py::test_membership_create_is_idempotent (url: https://staging.nxtwash.com/services/memberships)

-------------------------------- live log call ---------------------------------
ERROR    nxtwash:conftest.py:241 Test FAILED: tests/admin_portal/memberships/test_memberships_edge_cases.py::test_membership_create_is_idempotent (url: https://staging.nxtwash.com/services/memberships)
2026-07-28 17:09:07,218 ERROR nxtwash: Visible page text at failure:
Memberships
Filter by (1)
+ Add new membership
Membership Name
Type
Price
Status
No records available
Page
of
0
Results per page
100
Showing 0 - 0 of 0
ERROR    nxtwash:conftest.py:256 Visible page text at failure:
Memberships
Filter by (1)
+ Add new membership
Membership Name
Type
Price
Status
No records available
Page
of
0
Results per page
100
Showing 0 - 0 of 0
FAILED                                                                   [ 69%]
tests/admin_portal/memberships/test_memberships_edge_cases.py::test_membership_only_first_location_is_assigned 2026-07-28 17:11:19,333 ERROR nxtwash: Test FAILED: tests/admin_portal/memberships/test_memberships_edge_cases.py::test_membership_only_first_location_is_assigned (url: https://staging.nxtwash.com/services/memberships)

-------------------------------- live log call ---------------------------------
ERROR    nxtwash:conftest.py:241 Test FAILED: tests/admin_portal/memberships/test_memberships_edge_cases.py::test_membership_only_first_location_is_assigned (url: https://staging.nxtwash.com/services/memberships)
2026-07-28 17:11:19,959 ERROR nxtwash: Visible page text at failure:
Memberships
Filter by (1)
+ Add new membership
Membership Name
Type
Price
Status
No records available
Page
of
0
Results per page
100
Showing 0 - 0 of 0
ERROR    nxtwash:conftest.py:256 Visible page text at failure:
Memberships
Filter by (1)
+ Add new membership
Membership Name
Type
Price
Status
No records available
Page
of
0
Results per page
100
Showing 0 - 0 of 0
FAILED                                                                   [ 69%]
tests/admin_portal/memberships/test_memberships_edge_cases.py::test_membership_long_name_does_not_break_form 2026-07-28 17:13:36,789 ERROR nxtwash: Test FAILED: tests/admin_portal/memberships/test_memberships_edge_cases.py::test_membership_long_name_does_not_break_form (url: https://staging.nxtwash.com/services/memberships)

-------------------------------- live log call ---------------------------------
ERROR    nxtwash:conftest.py:241 Test FAILED: tests/admin_portal/memberships/test_memberships_edge_cases.py::test_membership_long_name_does_not_break_form (url: https://staging.nxtwash.com/services/memberships)
2026-07-28 17:13:37,427 ERROR nxtwash: Visible page text at failure:
Memberships
Filter by (1)
+ Add new membership
Membership Name
Type
Price
Status
No records available
Page
of
0
Results per page
100
Showing 0 - 0 of 0
ERROR    nxtwash:conftest.py:256 Visible page text at failure:
Memberships
Filter by (1)
+ Add new membership
Membership Name
Type
Price
Status
No records available
Page
of
0
Results per page
100
Showing 0 - 0 of 0
FAILED                                                                   [ 69%]
tests/admin_portal/memberships/test_memberships_edit.py::test_edit_membership_loyalty_points_and_discount 
-------------------------------- live log call ---------------------------------
INFO     tests.admin_portal.memberships.test_memberships_edit:test_memberships_edit.py:35 Editing membership loyalty points and discount: VK MA5
2026-07-28 17:16:05,769 ERROR nxtwash: Test FAILED: tests/admin_portal/memberships/test_memberships_edit.py::test_edit_membership_loyalty_points_and_discount (url: https://staging.nxtwash.com/services/memberships)
ERROR    nxtwash:conftest.py:241 Test FAILED: tests/admin_portal/memberships/test_memberships_edit.py::test_edit_membership_loyalty_points_and_discount (url: https://staging.nxtwash.com/services/memberships)
2026-07-28 17:16:06,384 ERROR nxtwash: Visible page text at failure:
Memberships
Filter by (1)
+ Add new membership
Membership Name
Type
Price
Status
No records available
Page
of
0
Results per page
100
Showing 0 - 0 of 0
ERROR    nxtwash:conftest.py:256 Visible page text at failure:
Memberships
Filter by (1)
+ Add new membership
Membership Name
Type
Price
Status
No records available
Page
of
0
Results per page
100
Showing 0 - 0 of 0
FAILED                                                                   [ 70%]
tests/admin_portal/memberships/test_memberships_edit.py::test_edit_membership_name_and_restore 
-------------------------------- live log call ---------------------------------
INFO     tests.admin_portal.memberships.test_memberships_edit:test_memberships_edit.py:60 Editing membership name from VK MA5 and restoring it
2026-07-28 17:18:36,167 ERROR nxtwash: Test FAILED: tests/admin_portal/memberships/test_memberships_edit.py::test_edit_membership_name_and_restore (url: https://staging.nxtwash.com/services/memberships)
ERROR    nxtwash:conftest.py:241 Test FAILED: tests/admin_portal/memberships/test_memberships_edit.py::test_edit_membership_name_and_restore (url: https://staging.nxtwash.com/services/memberships)
2026-07-28 17:18:36,891 ERROR nxtwash: Visible page text at failure:
Memberships
Filter by (1)
+ Add new membership
Membership Name
Type
Price
Status
No records available
Page
of
0
Results per page
100
Showing 0 - 0 of 0
ERROR    nxtwash:conftest.py:256 Visible page text at failure:
Memberships
Filter by (1)
+ Add new membership
Membership Name
Type
Price
Status
No records available
Page
of
0
Results per page
100
Showing 0 - 0 of 0
FAILED                                                                   [ 70%]
tests/admin_portal/memberships/test_memberships_edit.py::test_edit_managed_membership_type PASSED [ 70%]
tests/admin_portal/memberships/test_memberships_edit.py::test_edit_managed_membership_global_price_and_commission PASSED [ 70%]
tests/admin_portal/memberships/test_memberships_edit.py::test_edit_managed_membership_barcode_persists 2026-07-28 17:32:55,628 ERROR nxtwash: Test FAILED: tests/admin_portal/memberships/test_memberships_edit.py::test_edit_managed_membership_barcode_persists (url: https://staging.nxtwash.com/services/memberships/edit/30362)

-------------------------------- live log call ---------------------------------
ERROR    nxtwash:conftest.py:241 Test FAILED: tests/admin_portal/memberships/test_memberships_edit.py::test_edit_managed_membership_barcode_persists (url: https://staging.nxtwash.com/services/memberships/edit/30362)
2026-07-28 17:32:56,470 ERROR nxtwash: Visible page text at failure:
Memberships
Edit membership
Cancel
Save membership
Membership settings
Redemption settings
Discount settings
Membership name
Membership type
Recurring
Prepaid
Loyalty points
Points awarded on recharge/sale
Limit membership
Barcode
Membership terms and conditions
Membership description
Active service
Show on customer portal
Global price
Global commission
Assign to
Location price
Exempt tax
State sales tax rate
City sales tax rate
Commission
Show on CP
No records available
ERROR    nxtwash:conftest.py:256 Visible page text at failure:
Memberships
Edit membership
Cancel
Save membership
Membership settings
Redemption settings
Discount settings
Membership name
Membership type
Recurring
Prepaid
Loyalty points
Points awarded on recharge/sale
Limit membership
Barcode
Membership terms and conditions
Membership description
Active service
Show on customer portal
Global price
Global commission
Assign to
Location price
Exempt tax
State sales tax rate
City sales tax rate
Commission
Show on CP
No records available
FAILED                                                                   [ 70%]
tests/admin_portal/memberships/test_memberships_edit.py::test_edit_managed_membership_customer_portal_toggle_off PASSED [ 71%]
tests/admin_portal/memberships/test_memberships_edit.py::test_edit_managed_membership_customer_portal_toggle_off ERROR [ 71%]
tests/admin_portal/memberships/test_memberships_edit.py::test_edit_managed_membership_customer_portal_toggle_on 2026-07-28 17:42:14,031 ERROR nxtwash: Test FAILED: tests/admin_portal/memberships/test_memberships_edit.py::test_edit_managed_membership_customer_portal_toggle_on (url: https://staging.nxtwash.com/services/memberships/edit/30362)

-------------------------------- live log call ---------------------------------
ERROR    nxtwash:conftest.py:241 Test FAILED: tests/admin_portal/memberships/test_memberships_edit.py::test_edit_managed_membership_customer_portal_toggle_on (url: https://staging.nxtwash.com/services/memberships/edit/30362)
2026-07-28 17:42:14,664 ERROR nxtwash: Visible page text at failure:
Memberships
Edit membership
Cancel
Save membership
Membership settings
Redemption settings
Discount settings
Membership name
Membership type
Recurring
Prepaid
Loyalty points
Points awarded on recharge/sale
Limit membership
Barcode
Membership terms and conditions
Membership description
Active service
Show on customer portal
Global price
Global commission
Assign to
Location price
Exempt tax
State sales tax rate
City sales tax rate
Commission
Show on CP
No records available
ERROR    nxtwash:conftest.py:256 Visible page text at failure:
Memberships
Edit membership
Cancel
Save membership
Membership settings
Redemption settings
Discount settings
Membership name
Membership type
Recurring
Prepaid
Loyalty points
Points awarded on recharge/sale
Limit membership
Barcode
Membership terms and conditions
Membership description
Active service
Show on customer portal
Global price
Global commission
Assign to
Location price
Exempt tax
State sales tax rate
City sales tax rate
Commission
Show on CP
No records available
FAILED                                                                   [ 71%]
tests/admin_portal/memberships/test_memberships_edit.py::test_edit_managed_membership_assigns_multiple_locations 2026-07-28 17:47:49,601 ERROR nxtwash: Test FAILED: tests/admin_portal/memberships/test_memberships_edit.py::test_edit_managed_membership_assigns_multiple_locations (url: https://staging.nxtwash.com/services/memberships/edit/30362)

-------------------------------- live log call ---------------------------------
ERROR    nxtwash:conftest.py:241 Test FAILED: tests/admin_portal/memberships/test_memberships_edit.py::test_edit_managed_membership_assigns_multiple_locations (url: https://staging.nxtwash.com/services/memberships/edit/30362)
2026-07-28 17:47:50,374 ERROR nxtwash: Visible page text at failure:
Memberships
Edit membership
Cancel
Save membership
Membership settings
Redemption settings
Discount settings
Membership name
Membership type
Recurring
Prepaid
Loyalty points
Points awarded on recharge/sale
Limit membership
Barcode
Membership terms and conditions
Membership description
Active service
Show on customer portal
Global price
Global commission
Assign to
Location price
Exempt tax
State sales tax rate
City sales tax rate
Commission
Show on CP
VK AL35
Los angeles
5%
3%
VK ZT 9344b0
Los angeles
0%
0%
VK AL34
Los angeles
5%
3%
VK AL92
5%
3%
VK AL33
Los angeles
5%
3%
VK AL32
Los angeles
5%
3%
VK AL31
Los angeles
5%
3%
VK ZT c6d556
Los angeles
0%
0%
VK AL30
Los angeles
5%
3%
VK AL29
Los angeles
5%
3%
VK ZT 9e7bdf
Los angeles
0%
0%
VK AL28
Los angeles
5%
3%
VK AL27
Los angeles
5%
3%
VK ZT 4e248f
Los angeles
0%
0%
VK AL26
Los angeles
5%
3%
VK ZT 8f811b
Columbia
0%
0%
ERROR    nxtwash:conftest.py:256 Visible page text at failure:
Memberships
Edit membership
Cancel
Save membership
Membership settings
Redemption settings
Discount settings
Membership name
Membership type
Recurring
Prepaid
Loyalty points
Points awarded on recharge/sale
Limit membership
Barcode
Membership terms and conditions
Membership description
Active service
Show on customer portal
Global price
Global commission
Assign to
Location price
Exempt tax
State sales tax rate
City sales tax rate
Commission
Show on CP
VK AL35
Los angeles
5%
3%
VK ZT 9344b0
Los angeles
0%
0%
VK AL34
Los angeles
5%
3%
VK AL92
5%
3%
VK AL33
Los angeles
5%
3%
VK AL32
Los angeles
5%
3%
VK AL31
Los angeles
5%
3%
VK ZT c6d556
Los angeles
0%
0%
VK AL30
Los angeles
5%
3%
VK AL29
Los angeles
5%
3%
VK ZT 9e7bdf
Los angeles
0%
0%
VK AL28
Los angeles
5%
3%
VK AL27
Los angeles
5%
3%
VK ZT 4e248f
Los angeles
0%
0%
VK AL26
Los angeles
5%
3%
VK ZT 8f811b
Columbia
0%
0%
FAILED                                                                   [ 71%]
tests/admin_portal/memberships/test_memberships_edit.py::test_applicable_discount_persists 
-------------------------------- live log call ---------------------------------
INFO     tests.admin_portal.memberships.test_memberships_edit:test_memberships_edit.py:232 Assigning discount Plus discount to AUTOTEST Membership
PASSED                                                                   [ 71%]
tests/admin_portal/memberships/test_memberships_edit.py::test_remove_applicable_discount_persists 
-------------------------------- live log call ---------------------------------
INFO     tests.admin_portal.memberships.test_memberships_edit:test_memberships_edit.py:251 Assigning then removing discount Plus discount from AUTOTEST Membership
2026-07-28 17:58:44,014 ERROR nxtwash: Test FAILED: tests/admin_portal/memberships/test_memberships_edit.py::test_remove_applicable_discount_persists (url: https://staging.nxtwash.com/services/memberships/edit/30362)
ERROR    nxtwash:conftest.py:241 Test FAILED: tests/admin_portal/memberships/test_memberships_edit.py::test_remove_applicable_discount_persists (url: https://staging.nxtwash.com/services/memberships/edit/30362)
2026-07-28 17:58:44,737 ERROR nxtwash: Visible page text at failure:
Memberships
Edit membership
Cancel
Save membership
Membership settings
Redemption settings
Discount settings
Applicable discounts
Discounts applied to this service
Plus discount
Adaptive discounts
Coming soon...
Multiple months discount
Multiple cars discount
Discount profile
Create custom discount profiles and apply to your memberships by importing them
+ Add multi-month discount
Discount
Months number
From date
To date
No records available
ERROR    nxtwash:conftest.py:256 Visible page text at failure:
Memberships
Edit membership
Cancel
Save membership
Membership settings
Redemption settings
Discount settings
Applicable discounts
Discounts applied to this service
Plus discount
Adaptive discounts
Coming soon...
Multiple months discount
Multiple cars discount
Discount profile
Create custom discount profiles and apply to your memberships by importing them
+ Add multi-month discount
Discount
Months number
From date
To date
No records available
FAILED                                                                   [ 71%]
tests/admin_portal/memberships/test_memberships_edit.py::test_limit_membership_toggle_persists 
-------------------------------- live log call ---------------------------------
INFO     tests.admin_portal.memberships.test_memberships_edit:test_memberships_edit.py:278 Enabling Limit Membership toggle for AUTOTEST Membership
2026-07-28 18:04:25,546 ERROR nxtwash: Test FAILED: tests/admin_portal/memberships/test_memberships_edit.py::test_limit_membership_toggle_persists (url: https://staging.nxtwash.com/services/memberships)
ERROR    nxtwash:conftest.py:241 Test FAILED: tests/admin_portal/memberships/test_memberships_edit.py::test_limit_membership_toggle_persists (url: https://staging.nxtwash.com/services/memberships)
2026-07-28 18:04:26,193 ERROR nxtwash: Visible page text at failure:
Memberships
Filter by (1)
+ Add new membership
Membership Name
Type
Price
Status
AUTOTEST Membership
Recurring
$25.00
Inactive
Edit
AUTOTEST Membership
Prepaid
$15.00
Inactive
Edit
AUTOTEST Membership
Prepaid
$15.00
Inactive
Edit
AUTOTEST Membership
Prepaid
$15.00
Inactive
Edit
AUTOTEST Membership
Prepaid
$15.00
Inactive
Edit
AUTOTEST Membership
Prepaid
$15.00
Inactive
Edit
AUTOTEST Membership
Prepaid
$15.00
Inactive
Edit
AUTOTEST Membership
Prepaid
$15.00
Inactive
Edit
AUTOTEST Membership
Prepaid
$15.00
Inactive
Edit
AUTOTEST Membership
Prepaid
$15.00
Inactive
Edit
AUTOTEST Membership
Prepaid
$15.00
Inactive
Edit
AUTOTEST Membership
Prepaid
$15.00
Inactive
Edit
AUTOTEST Membership
Prepaid
$15.00
Inactive
Edit
AUTOTEST Membership
Prepaid
$15.00
Inactive
Edit
AUTOTEST Membership
Prepaid
$15.00
Inactive
Edit
Page
of
1
Results per page
100
Showing 1 - 29 of 29
ERROR    nxtwash:conftest.py:256 Visible page text at failure:
Memberships
Filter by (1)
+ Add new membership
Membership Name
Type
Price
Status
AUTOTEST Membership
Recurring
$25.00
Inactive
Edit
AUTOTEST Membership
Prepaid
$15.00
Inactive
Edit
AUTOTEST Membership
Prepaid
$15.00
Inactive
Edit
AUTOTEST Membership
Prepaid
$15.00
Inactive
Edit
AUTOTEST Membership
Prepaid
$15.00
Inactive
Edit
AUTOTEST Membership
Prepaid
$15.00
Inactive
Edit
AUTOTEST Membership
Prepaid
$15.00
Inactive
Edit
AUTOTEST Membership
Prepaid
$15.00
Inactive
Edit
AUTOTEST Membership
Prepaid
$15.00
Inactive
Edit
AUTOTEST Membership
Prepaid
$15.00
Inactive
Edit
AUTOTEST Membership
Prepaid
$15.00
Inactive
Edit
AUTOTEST Membership
Prepaid
$15.00
Inactive
Edit
AUTOTEST Membership
Prepaid
$15.00
Inactive
Edit
AUTOTEST Membership
Prepaid
$15.00
Inactive
Edit
AUTOTEST Membership
Prepaid
$15.00
Inactive
Edit
Page
of
1
Results per page
100
Showing 1 - 29 of 29
FAILED                                                                   [ 72%]
tests/admin_portal/memberships/test_memberships_edit.py::test_membership_description_saves ERROR [ 72%]
tests/admin_portal/memberships/test_memberships_managed.py::test_managed_membership_provided_at_baseline ERROR [ 72%]
tests/admin_portal/memberships/test_memberships_managed.py::test_managed_membership_mutation_is_reset_on_teardown 
-------------------------------- live log call ---------------------------------
INFO     tests.admin_portal.memberships.test_memberships_managed:test_memberships_managed.py:42 Mutating managed membership points to 5
PASSED                                                                   [ 72%]
tests/admin_portal/memberships/test_memberships_negative.py::test_memberships_special_character_search_stays_usable PASSED [ 72%]
tests/admin_portal/memberships/test_memberships_positive.py::test_create_prepaid_membership 
-------------------------------- live log call ---------------------------------
INFO     tests.admin_portal.memberships.test_memberships_positive:test_memberships_positive.py:35 Creating/verifying prepaid membership: VK MA5
2026-07-28 18:18:31,502 ERROR nxtwash: Test FAILED: tests/admin_portal/memberships/test_memberships_positive.py::test_create_prepaid_membership (url: https://staging.nxtwash.com/services/memberships)
ERROR    nxtwash:conftest.py:241 Test FAILED: tests/admin_portal/memberships/test_memberships_positive.py::test_create_prepaid_membership (url: https://staging.nxtwash.com/services/memberships)
2026-07-28 18:18:32,092 ERROR nxtwash: Visible page text at failure:
Memberships
Filter by (1)
+ Add new membership
Membership Name
Type
Price
Status
No records available
Page
of
0
Results per page
100
Showing 0 - 0 of 0
ERROR    nxtwash:conftest.py:256 Visible page text at failure:
Memberships
Filter by (1)
+ Add new membership
Membership Name
Type
Price
Status
No records available
Page
of
0
Results per page
100
Showing 0 - 0 of 0
FAILED                                                                   [ 73%]
tests/admin_portal/memberships/test_memberships_positive.py::test_create_recurring_membership 
-------------------------------- live log call ---------------------------------
INFO     tests.admin_portal.memberships.test_memberships_positive:test_memberships_positive.py:53 Creating/verifying recurring membership: VK MR4
2026-07-28 18:20:51,782 ERROR nxtwash: Test FAILED: tests/admin_portal/memberships/test_memberships_positive.py::test_create_recurring_membership (url: https://staging.nxtwash.com/services/memberships)
ERROR    nxtwash:conftest.py:241 Test FAILED: tests/admin_portal/memberships/test_memberships_positive.py::test_create_recurring_membership (url: https://staging.nxtwash.com/services/memberships)
2026-07-28 18:20:52,406 ERROR nxtwash: Visible page text at failure:
Memberships
Filter by (1)
+ Add new membership
Membership Name
Type
Price
Status
No records available
Page
of
0
Results per page
100
Showing 0 - 0 of 0
ERROR    nxtwash:conftest.py:256 Visible page text at failure:
Memberships
Filter by (1)
+ Add new membership
Membership Name
Type
Price
Status
No records available
Page
of
0
Results per page
100
Showing 0 - 0 of 0
FAILED                                                                   [ 73%]
tests/admin_portal/memberships/test_memberships_positive.py::test_membership_settings_persist 
-------------------------------- live log call ---------------------------------
INFO     tests.admin_portal.memberships.test_memberships_positive:test_memberships_positive.py:92 Verifying membership settings persist: VK MA5
2026-07-28 18:23:23,009 ERROR nxtwash: Test FAILED: tests/admin_portal/memberships/test_memberships_positive.py::test_membership_settings_persist (url: https://staging.nxtwash.com/services/memberships)
ERROR    nxtwash:conftest.py:241 Test FAILED: tests/admin_portal/memberships/test_memberships_positive.py::test_membership_settings_persist (url: https://staging.nxtwash.com/services/memberships)
2026-07-28 18:23:23,629 ERROR nxtwash: Visible page text at failure:
Memberships
Filter by (1)
+ Add new membership
Membership Name
Type
Price
Status
No records available
Page
of
0
Results per page
100
Showing 0 - 0 of 0
ERROR    nxtwash:conftest.py:256 Visible page text at failure:
Memberships
Filter by (1)
+ Add new membership
Membership Name
Type
Price
Status
No records available
Page
of
0
Results per page
100
Showing 0 - 0 of 0
FAILED                                                                   [ 73%]
tests/admin_portal/memberships/test_memberships_positive.py::test_create_inactive_membership 
-------------------------------- live log call ---------------------------------
INFO     tests.admin_portal.memberships.test_memberships_positive:test_memberships_positive.py:124 Creating inactive membership: VK inactive 8991d1
PASSED                                                                   [ 73%]
tests/admin_portal/memberships/test_memberships_positive.py::test_cancel_create_membership_discards_unsaved_changes 
-------------------------------- live log call ---------------------------------
INFO     tests.admin_portal.memberships.test_memberships_positive:test_memberships_positive.py:152 Validating cancel discards new membership: VK cancel d2e150
PASSED                                                                   [ 73%]
tests/admin_portal/memberships/test_memberships_positive.py::test_activate_membership 2026-07-28 18:31:05,226 ERROR nxtwash: Test FAILED: tests/admin_portal/memberships/test_memberships_positive.py::test_activate_membership (url: https://staging.nxtwash.com/services/memberships)

-------------------------------- live log call ---------------------------------
ERROR    nxtwash:conftest.py:241 Test FAILED: tests/admin_portal/memberships/test_memberships_positive.py::test_activate_membership (url: https://staging.nxtwash.com/services/memberships)
2026-07-28 18:31:06,320 ERROR nxtwash: Visible page text at failure:
Memberships
Filter by (1)
+ Add new membership
Membership Name
Type
Price
Status
AUTOTEST Membership
Recurring
$25.00
Inactive
Edit
AUTOTEST Membership
Prepaid
$15.00
Inactive
Edit
AUTOTEST Membership
Prepaid
$15.00
Inactive
Edit
AUTOTEST Membership
Prepaid
$15.00
Inactive
Edit
AUTOTEST Membership
Prepaid
$15.00
Inactive
Edit
AUTOTEST Membership
Prepaid
$15.00
Inactive
Edit
AUTOTEST Membership
Prepaid
$15.00
Inactive
Edit
AUTOTEST Membership
Prepaid
$15.00
Inactive
Edit
AUTOTEST Membership
Prepaid
$15.00
Inactive
Edit
AUTOTEST Membership
Prepaid
$15.00
Inactive
Edit
AUTOTEST Membership
Prepaid
$15.00
Inactive
Edit
AUTOTEST Membership
Prepaid
$15.00
Inactive
Edit
AUTOTEST Membership
Prepaid
$15.00
Inactive
Edit
AUTOTEST Membership
Prepaid
$15.00
Inactive
Edit
AUTOTEST Membership
Prepaid
$15.00
Inactive
Edit
Page
of
1
Results per page
100
Showing 1 - 29 of 29
ERROR    nxtwash:conftest.py:256 Visible page text at failure:
Memberships
Filter by (1)
+ Add new membership
Membership Name
Type
Price
Status
AUTOTEST Membership
Recurring
$25.00
Inactive
Edit
AUTOTEST Membership
Prepaid
$15.00
Inactive
Edit
AUTOTEST Membership
Prepaid
$15.00
Inactive
Edit
AUTOTEST Membership
Prepaid
$15.00
Inactive
Edit
AUTOTEST Membership
Prepaid
$15.00
Inactive
Edit
AUTOTEST Membership
Prepaid
$15.00
Inactive
Edit
AUTOTEST Membership
Prepaid
$15.00
Inactive
Edit
AUTOTEST Membership
Prepaid
$15.00
Inactive
Edit
AUTOTEST Membership
Prepaid
$15.00
Inactive
Edit
AUTOTEST Membership
Prepaid
$15.00
Inactive
Edit
AUTOTEST Membership
Prepaid
$15.00
Inactive
Edit
AUTOTEST Membership
Prepaid
$15.00
Inactive
Edit
AUTOTEST Membership
Prepaid
$15.00
Inactive
Edit
AUTOTEST Membership
Prepaid
$15.00
Inactive
Edit
AUTOTEST Membership
Prepaid
$15.00
Inactive
Edit
Page
of
1
Results per page
100
Showing 1 - 29 of 29
FAILED                                                                   [ 74%]
tests/admin_portal/memberships/test_memberships_positive.py::test_deactivate_membership 2026-07-28 18:37:16,079 ERROR nxtwash: Test FAILED: tests/admin_portal/memberships/test_memberships_positive.py::test_deactivate_membership (url: https://staging.nxtwash.com/services/memberships)

-------------------------------- live log call ---------------------------------
ERROR    nxtwash:conftest.py:241 Test FAILED: tests/admin_portal/memberships/test_memberships_positive.py::test_deactivate_membership (url: https://staging.nxtwash.com/services/memberships)
2026-07-28 18:37:16,733 ERROR nxtwash: Visible page text at failure:
Memberships
Filter by (1)
+ Add new membership
Membership Name
Type
Price
Status
AUTOTEST Membership
Recurring
$25.00
Inactive
Edit
AUTOTEST Membership
Prepaid
$15.00
Inactive
Edit
AUTOTEST Membership
Prepaid
$15.00
Inactive
Edit
AUTOTEST Membership
Prepaid
$15.00
Inactive
Edit
AUTOTEST Membership
Prepaid
$15.00
Inactive
Edit
AUTOTEST Membership
Prepaid
$15.00
Inactive
Edit
AUTOTEST Membership
Prepaid
$15.00
Inactive
Edit
AUTOTEST Membership
Prepaid
$15.00
Inactive
Edit
AUTOTEST Membership
Prepaid
$15.00
Inactive
Edit
AUTOTEST Membership
Prepaid
$15.00
Inactive
Edit
AUTOTEST Membership
Prepaid
$15.00
Inactive
Edit
AUTOTEST Membership
Prepaid
$15.00
Inactive
Edit
AUTOTEST Membership
Prepaid
$15.00
Inactive
Edit
AUTOTEST Membership
Prepaid
$15.00
Inactive
Edit
AUTOTEST Membership
Prepaid
$15.00
Inactive
Edit
Page
of
1
Results per page
100
Showing 1 - 29 of 29
ERROR    nxtwash:conftest.py:256 Visible page text at failure:
Memberships
Filter by (1)
+ Add new membership
Membership Name
Type
Price
Status
AUTOTEST Membership
Recurring
$25.00
Inactive
Edit
AUTOTEST Membership
Prepaid
$15.00
Inactive
Edit
AUTOTEST Membership
Prepaid
$15.00
Inactive
Edit
AUTOTEST Membership
Prepaid
$15.00
Inactive
Edit
AUTOTEST Membership
Prepaid
$15.00
Inactive
Edit
AUTOTEST Membership
Prepaid
$15.00
Inactive
Edit
AUTOTEST Membership
Prepaid
$15.00
Inactive
Edit
AUTOTEST Membership
Prepaid
$15.00
Inactive
Edit
AUTOTEST Membership
Prepaid
$15.00
Inactive
Edit
AUTOTEST Membership
Prepaid
$15.00
Inactive
Edit
AUTOTEST Membership
Prepaid
$15.00
Inactive
Edit
AUTOTEST Membership
Prepaid
$15.00
Inactive
Edit
AUTOTEST Membership
Prepaid
$15.00
Inactive
Edit
AUTOTEST Membership
Prepaid
$15.00
Inactive
Edit
AUTOTEST Membership
Prepaid
$15.00
Inactive
Edit
Page
of
1
Results per page
100
Showing 1 - 29 of 29
FAILED                                                                   [ 74%]
tests/admin_portal/memberships/test_memberships_redemption.py::test_redemption_single_location_persists 
-------------------------------- live log call ---------------------------------
INFO     tests.admin_portal.memberships.test_memberships_redemption:test_memberships_redemption.py:23 Configuring single redemption location for AUTOTEST Membership with service VK detail wash
2026-07-28 18:43:50,590 ERROR nxtwash: Test FAILED: tests/admin_portal/memberships/test_memberships_redemption.py::test_redemption_single_location_persists (url: https://staging.nxtwash.com/services/memberships/edit/30362)
ERROR    nxtwash:conftest.py:241 Test FAILED: tests/admin_portal/memberships/test_memberships_redemption.py::test_redemption_single_location_persists (url: https://staging.nxtwash.com/services/memberships/edit/30362)
2026-07-28 18:43:51,861 ERROR nxtwash: Visible page text at failure:
Memberships
Edit membership
Cancel
Save membership
Membership settings
Redemption settings
Discount settings
Redeem at
Redeem as
VK ZT ab24bb
Los angeles
Select...
VK AL36
Los angeles
Select...
VK AL35
Los angeles
Select...
VK ZT 9344b0
Los angeles
Select...
VK AL34
Los angeles
Select...
VK AL92
Select...
VK AL33
Los angeles
Select...
VK AL32
Los angeles
Select...
VK AL31
Los angeles
Select...
VK ZT c6d556
Los angeles
Select...
VK AL30
Los angeles
Select...
VK AL29
Los angeles
Select...
VK ZT 9e7bdf
Los angeles
Select...
VK AL28
Los angeles
Select...
VK AL27
Los angeles
Select...
VK ZT 4e248f
Los angeles
Select...
VK AL26
Los angeles
Select...
VK ZT 8f811b
Columbia
Select...
VK AL25
Columbia
Select...
VK AL24
Columbia
Select...
VK ZT 46d34b
Columbia
Select...
VK AL23
Columbia
Select...
VK ZT c4a124
Columbia
Select...
VK ZT d4ccd8
Columbia
Select...
VK ZT 71c6f6
Columbia
Select...
VK ZT 9eaa54
Columbia
Select...
VK ZT ae9b9c
Columbia
Select...
test 12
Clifton
Select...
VK AL22
Columbia
Select...
VK AL21
Columbia
Select...
VK AL20
Columbia
Select...
VK ZT c26508
Columbia
Select...
VK AL19
Columbia
Select...
VK AL18
Columbia
Select...
VK ZT c54675
Columbia
Select...
VK AL17
Columbia
Select...
VK AL16
Columbia
Select...
VK ZT 2b4279
Columbia
Select...
VK AL15
Columbia
Select...
VK AL14
Columbia
Select...
VK ZT 146465
Columbia
Select...
VK AL13
Columbia
Select...
VK AL12
Columbia
Select...
VK AL11
Columbia
Select...
VK AL10
Columbia
Vk detail wash
VK AL09
Columbia
Select...
VK AL08
Columbia
Select...
VK AL01
Columbia
Select...
vkauto1
Canyon lake
Select...
VK AL07
Columbia
Select...
VK AL06
Columbia
Select...
VK AL05
Columbia
Select...
VK AL04
Columbia
Select...
VK AL03
Columbia
Select...
VK AL02
Columbia
Select...
test123 udpated
Columbia
Select...
VK Test carwash 2
Canyon lake
Select...
VK Test Wash 01
League city
Select...
ERROR    nxtwash:conftest.py:256 Visible page text at failure:
Memberships
Edit membership
Cancel
Save membership
Membership settings
Redemption settings
Discount settings
Redeem at
Redeem as
VK ZT ab24bb
Los angeles
Select...
VK AL36
Los angeles
Select...
VK AL35
Los angeles
Select...
VK ZT 9344b0
Los angeles
Select...
VK AL34
Los angeles
Select...
VK AL92
Select...
VK AL33
Los angeles
Select...
VK AL32
Los angeles
Select...
VK AL31
Los angeles
Select...
VK ZT c6d556
Los angeles
Select...
VK AL30
Los angeles
Select...
VK AL29
Los angeles
Select...
VK ZT 9e7bdf
Los angeles
Select...
VK AL28
Los angeles
Select...
VK AL27
Los angeles
Select...
VK ZT 4e248f
Los angeles
Select...
VK AL26
Los angeles
Select...
VK ZT 8f811b
Columbia
Select...
VK AL25
Columbia
Select...
VK AL24
Columbia
Select...
VK ZT 46d34b
Columbia
Select...
VK AL23
Columbia
Select...
VK ZT c4a124
Columbia
Select...
VK ZT d4ccd8
Columbia
Select...
VK ZT 71c6f6
Columbia
Select...
VK ZT 9eaa54
Columbia
Select...
VK ZT ae9b9c
Columbia
Select...
test 12
Clifton
Select...
VK AL22
Columbia
Select...
VK AL21
Columbia
Select...
VK AL20
Columbia
Select...
VK ZT c26508
Columbia
Select...
VK AL19
Columbia
Select...
VK AL18
Columbia
Select...
VK ZT c54675
Columbia
Select...
VK AL17
Columbia
Select...
VK AL16
Columbia
Select...
VK ZT 2b4279
Columbia
Select...
VK AL15
Columbia
Select...
VK AL14
Columbia
Select...
VK ZT 146465
Columbia
Select...
VK AL13
Columbia
Select...
VK AL12
Columbia
Select...
VK AL11
Columbia
Select...
VK AL10
Columbia
Vk detail wash
VK AL09
Columbia
Select...
VK AL08
Columbia
Select...
VK AL01
Columbia
Select...
vkauto1
Canyon lake
Select...
VK AL07
Columbia
Select...
VK AL06
Columbia
Select...
VK AL05
Columbia
Select...
VK AL04
Columbia
Select...
VK AL03
Columbia
Select...
VK AL02
Columbia
Select...
test123 udpated
Columbia
Select...
VK Test carwash 2
Canyon lake
Select...
VK Test Wash 01
League city
Select...
FAILED                                                                   [ 74%]
tests/admin_portal/memberships/test_memberships_redemption.py::test_redeem_at_multiple_locations_persists XFAIL [ 74%]
tests/admin_portal/memberships/test_memberships_search_filter.py::test_memberships_existing_search 
-------------------------------- live log call ---------------------------------
INFO     tests.admin_portal.memberships.test_memberships_search_filter:test_memberships_search_filter.py:26 Searching membership by exact name: VK MA5
2026-07-28 18:48:24,769 ERROR nxtwash: Test FAILED: tests/admin_portal/memberships/test_memberships_search_filter.py::test_memberships_existing_search (url: https://staging.nxtwash.com/services/memberships)
ERROR    nxtwash:conftest.py:241 Test FAILED: tests/admin_portal/memberships/test_memberships_search_filter.py::test_memberships_existing_search (url: https://staging.nxtwash.com/services/memberships)
2026-07-28 18:48:25,704 ERROR nxtwash: Visible page text at failure:
Memberships
Filter by (1)
+ Add new membership
Membership Name
Type
Price
Status
No records available
Page
of
0
Results per page
100
Showing 0 - 0 of 0
ERROR    nxtwash:conftest.py:256 Visible page text at failure:
Memberships
Filter by (1)
+ Add new membership
Membership Name
Type
Price
Status
No records available
Page
of
0
Results per page
100
Showing 0 - 0 of 0
FAILED                                                                   [ 74%]
tests/admin_portal/memberships/test_memberships_search_filter.py::test_memberships_missing_search 
-------------------------------- live log call ---------------------------------
INFO     tests.admin_portal.memberships.test_memberships_search_filter:test_memberships_search_filter.py:43 Searching missing membership: membership-does-not-exist-automation
PASSED                                                                   [ 75%]
tests/admin_portal/memberships/test_memberships_search_filter.py::test_memberships_partial_search 
-------------------------------- live log call ---------------------------------
INFO     tests.admin_portal.memberships.test_memberships_search_filter:test_memberships_search_filter.py:60 Searching membership by partial text: Plus
XFAIL (Headless post-save/navigation timeout (grid/iframe re-render ...) [ 75%]
tests/admin_portal/memberships/test_memberships_search_filter.py::test_memberships_case_insensitive_search 
-------------------------------- live log call ---------------------------------
INFO     tests.admin_portal.memberships.test_memberships_search_filter:test_memberships_search_filter.py:79 Searching membership using uppercase value: VK MA5
2026-07-28 18:49:55,343 ERROR nxtwash: Test FAILED: tests/admin_portal/memberships/test_memberships_search_filter.py::test_memberships_case_insensitive_search (url: https://staging.nxtwash.com/services/memberships)
ERROR    nxtwash:conftest.py:241 Test FAILED: tests/admin_portal/memberships/test_memberships_search_filter.py::test_memberships_case_insensitive_search (url: https://staging.nxtwash.com/services/memberships)
2026-07-28 18:49:56,131 ERROR nxtwash: Visible page text at failure:
Memberships
Filter by (1)
+ Add new membership
Membership Name
Type
Price
Status
No records available
Page
of
0
Results per page
100
Showing 0 - 0 of 0
ERROR    nxtwash:conftest.py:256 Visible page text at failure:
Memberships
Filter by (1)
+ Add new membership
Membership Name
Type
Price
Status
No records available
Page
of
0
Results per page
100
Showing 0 - 0 of 0
FAILED                                                                   [ 75%]
tests/admin_portal/memberships/test_memberships_search_filter.py::test_memberships_search_with_surrounding_spaces 
-------------------------------- live log call ---------------------------------
INFO     tests.admin_portal.memberships.test_memberships_search_filter:test_memberships_search_filter.py:97 Searching membership with surrounding spaces: '  VK MA5  '
XFAIL (Headless post-save/navigation timeout (grid/iframe re-render ...) [ 75%]
tests/admin_portal/memberships/test_memberships_search_filter.py::test_memberships_clear_search_restores_records 
-------------------------------- live log call ---------------------------------
INFO     tests.admin_portal.memberships.test_memberships_search_filter:test_memberships_search_filter.py:114 Validating clear search restores membership records
XFAIL (Headless post-save/navigation timeout (grid/iframe re-render ...) [ 75%]
tests/admin_portal/memberships/test_memberships_search_filter.py::test_memberships_search_payloads_do_not_break_grid 
-------------------------------- live log call ---------------------------------
INFO     tests.admin_portal.memberships.test_memberships_search_filter:test_memberships_search_filter.py:140 Searching membership with payload: ' OR 1=1 --
INFO     tests.admin_portal.memberships.test_memberships_search_filter:test_memberships_search_filter.py:140 Searching membership with payload: <script>alert(1)</script>
PASSED                                                                   [ 75%]
tests/admin_portal/memberships/test_memberships_search_filter.py::test_memberships_long_search_text_does_not_break_grid 
-------------------------------- live log call ---------------------------------
INFO     tests.admin_portal.memberships.test_memberships_search_filter:test_memberships_search_filter.py:153 Searching membership with very long text
PASSED                                                                   [ 76%]
tests/admin_portal/memberships/test_memberships_search_filter.py::test_memberships_search_inactive_membership 
-------------------------------- live log call ---------------------------------
INFO     tests.admin_portal.memberships.test_memberships_search_filter:test_memberships_search_filter.py:168 Searching for an inactive membership
INFO     tests.admin_portal.memberships.test_memberships_search_filter:test_memberships_search_filter.py:179 Searching inactive membership by name: AUTOTEST Membership
PASSED                                                                   [ 76%]
tests/admin_portal/memberships/test_memberships_search_filter.py::test_memberships_filter_by_recurring_type PASSED [ 76%]
tests/admin_portal/memberships/test_memberships_search_filter.py::test_memberships_filter_by_prepaid_type PASSED [ 76%]
tests/admin_portal/memberships/test_memberships_search_filter.py::test_memberships_filter_by_site 2026-07-28 18:55:27,036 ERROR nxtwash: Test FAILED: tests/admin_portal/memberships/test_memberships_search_filter.py::test_memberships_filter_by_site (url: https://staging.nxtwash.com/services/memberships)

-------------------------------- live log call ---------------------------------
ERROR    nxtwash:conftest.py:241 Test FAILED: tests/admin_portal/memberships/test_memberships_search_filter.py::test_memberships_filter_by_site (url: https://staging.nxtwash.com/services/memberships)
2026-07-28 18:55:27,796 ERROR nxtwash: Visible page text at failure:
Memberships
Filter by (1)
+ Add new membership
Membership Name
Type
Price
Status
Wash 2 basic membership 1
Recurring
$15.00
Active
Edit
VK MA1
Prepaid
$20.00
Active
Edit
VK DEBUG REDEEM SAVE MA
Prepaid
$20.00
Active
Edit
Wash Prepaid
Prepaid
$20.00
Active
Edit
Wash 2 basic membership
Recurring
$18.00
Active
Edit
Page
of
1
Results per page
100
Showing 1 - 5 of 5
ERROR    nxtwash:conftest.py:256 Visible page text at failure:
Memberships
Filter by (1)
+ Add new membership
Membership Name
Type
Price
Status
Wash 2 basic membership 1
Recurring
$15.00
Active
Edit
VK MA1
Prepaid
$20.00
Active
Edit
VK DEBUG REDEEM SAVE MA
Prepaid
$20.00
Active
Edit
Wash Prepaid
Prepaid
$20.00
Active
Edit
Wash 2 basic membership
Recurring
$18.00
Active
Edit
Page
of
1
Results per page
100
Showing 1 - 5 of 5
FAILED                                                                   [ 76%]
tests/admin_portal/memberships/test_memberships_search_filter.py::test_memberships_filter_active_shows_only_active PASSED [ 77%]
tests/admin_portal/memberships/test_memberships_search_filter.py::test_memberships_filter_inactive_excludes_active SKIPPED [ 77%]
tests/admin_portal/memberships/test_memberships_search_filter.py::test_memberships_combined_type_and_status_filter PASSED [ 77%]
tests/admin_portal/memberships/test_memberships_search_filter.py::test_memberships_reset_filters_restores_grid PASSED [ 77%]
tests/admin_portal/memberships/test_memberships_search_filter.py::test_memberships_apply_multiple_filters PASSED [ 77%]
tests/admin_portal/memberships/test_memberships_ui.py::test_memberships_page_loads_with_primary_controls 
-------------------------------- live log call ---------------------------------
INFO     tests.admin_portal.memberships.test_memberships_ui:test_memberships_ui.py:24 Verifying Memberships list page primary controls
PASSED                                                                   [ 78%]
tests/admin_portal/memberships/test_memberships_ui.py::test_memberships_grid_columns_are_visible 
-------------------------------- live log call ---------------------------------
INFO     tests.admin_portal.memberships.test_memberships_ui:test_memberships_ui.py:50 Verifying Memberships grid columns
PASSED                                                                   [ 78%]
tests/admin_portal/memberships/test_memberships_ui.py::test_visible_membership_rows_have_edit_action 
-------------------------------- live log call ---------------------------------
INFO     tests.admin_portal.memberships.test_memberships_ui:test_memberships_ui.py:67 Verifying visible membership rows expose Edit action
PASSED                                                                   [ 78%]
tests/admin_portal/memberships/test_memberships_ui.py::test_memberships_pagination_results_and_support_controls 
-------------------------------- live log call ---------------------------------
INFO     tests.admin_portal.memberships.test_memberships_ui:test_memberships_ui.py:80 Verifying Memberships pagination/results controls
PASSED                                                                   [ 78%]
tests/admin_portal/memberships/test_memberships_ui.py::test_add_membership_form_loads 
-------------------------------- live log call ---------------------------------
INFO     tests.admin_portal.memberships.test_memberships_ui:test_memberships_ui.py:94 Verifying Add Membership form loads
PASSED                                                                   [ 78%]
tests/admin_portal/memberships/test_memberships_ui.py::test_redemption_settings_tab_loads 
-------------------------------- live log call ---------------------------------
INFO     tests.admin_portal.memberships.test_memberships_ui:test_memberships_ui.py:117 Verifying Redemption Settings tab
PASSED                                                                   [ 79%]
tests/admin_portal/memberships/test_memberships_ui.py::test_discount_settings_tab_loads 
-------------------------------- live log call ---------------------------------
INFO     tests.admin_portal.memberships.test_memberships_ui:test_memberships_ui.py:134 Verifying Discount Settings tab
PASSED                                                                   [ 79%]
tests/admin_portal/memberships/test_memberships_ui.py::test_save_and_cancel_buttons_are_visible_on_create_form 
-------------------------------- live log call ---------------------------------
INFO     tests.admin_portal.memberships.test_memberships_ui:test_memberships_ui.py:151 Verifying Save and Cancel buttons on Add Membership form
PASSED                                                                   [ 79%]
tests/admin_portal/memberships/test_memberships_ui.py::test_memberships_filter_panel_shows_controls 
-------------------------------- live log call ---------------------------------
INFO     tests.admin_portal.memberships.test_memberships_ui:test_memberships_ui.py:170 Opening memberships filter panel
PASSED                                                                   [ 79%]
tests/admin_portal/memberships/test_memberships_validation.py::test_membership_required_name_validation 
-------------------------------- live log call ---------------------------------
INFO     tests.admin_portal.memberships.test_memberships_validation:test_memberships_validation.py:29 Validating required membership name
PASSED                                                                   [ 79%]
tests/admin_portal/memberships/test_memberships_validation.py::test_membership_blank_required_form_stays_on_form 
-------------------------------- live log call ---------------------------------
INFO     tests.admin_portal.memberships.test_memberships_validation:test_memberships_validation.py:45 Validating blank required membership form stays on create page
PASSED                                                                   [ 80%]
tests/admin_portal/memberships/test_memberships_validation.py::test_membership_requires_global_price 
-------------------------------- live log call ---------------------------------
INFO     tests.admin_portal.memberships.test_memberships_validation:test_memberships_validation.py:62 Validating required global price
PASSED                                                                   [ 80%]
tests/admin_portal/memberships/test_memberships_validation.py::test_duplicate_membership_name_is_rejected 
-------------------------------- live log call ---------------------------------
INFO     tests.admin_portal.memberships.test_memberships_validation:test_memberships_validation.py:81 Validating duplicate membership name is rejected
2026-07-28 19:05:00,067 ERROR nxtwash: Test FAILED: tests/admin_portal/memberships/test_memberships_validation.py::test_duplicate_membership_name_is_rejected (url: https://staging.nxtwash.com/services/memberships)
ERROR    nxtwash:conftest.py:241 Test FAILED: tests/admin_portal/memberships/test_memberships_validation.py::test_duplicate_membership_name_is_rejected (url: https://staging.nxtwash.com/services/memberships)
2026-07-28 19:05:00,738 ERROR nxtwash: Visible page text at failure:
Memberships
Filter by (1)
+ Add new membership
Membership Name
Type
Price
Status
No records available
Page
of
0
Results per page
100
Showing 0 - 0 of 0
ERROR    nxtwash:conftest.py:256 Visible page text at failure:
Memberships
Filter by (1)
+ Add new membership
Membership Name
Type
Price
Status
No records available
Page
of
0
Results per page
100
Showing 0 - 0 of 0
FAILED                                                                   [ 80%]
tests/admin_portal/memberships/test_memberships_validation.py::test_spaces_only_membership_name_is_rejected 
-------------------------------- live log call ---------------------------------
INFO     tests.admin_portal.memberships.test_memberships_validation:test_memberships_validation.py:105 Validating spaces-only membership name is rejected
PASSED                                                                   [ 80%]
tests/admin_portal/memberships/test_memberships_validation.py::test_negative_global_price_is_rejected 
-------------------------------- live log call ---------------------------------
INFO     tests.admin_portal.memberships.test_memberships_validation:test_memberships_validation.py:126 Validating negative global price
PASSED                                                                   [ 80%]
tests/admin_portal/memberships/test_memberships_validation.py::test_alphabetic_global_price_is_rejected 
-------------------------------- live log call ---------------------------------
INFO     tests.admin_portal.memberships.test_memberships_validation:test_memberships_validation.py:149 Validating alphabetic global price
PASSED                                                                   [ 81%]
tests/admin_portal/memberships/test_memberships_validation.py::test_negative_global_commission_is_rejected 
-------------------------------- live log call ---------------------------------
INFO     tests.admin_portal.memberships.test_memberships_validation:test_memberships_validation.py:172 Validating negative global commission
PASSED                                                                   [ 81%]
tests/admin_portal/memberships/test_memberships_validation.py::test_decimal_global_price_is_accepted_and_saved 
-------------------------------- live log call ---------------------------------
INFO     tests.admin_portal.memberships.test_memberships_validation:test_memberships_validation.py:198 Validating decimal global price is accepted: VK decimal 71b408
2026-07-28 19:08:27,040 ERROR nxtwash: Test FAILED: tests/admin_portal/memberships/test_memberships_validation.py::test_decimal_global_price_is_accepted_and_saved (url: https://staging.nxtwash.com/services/memberships)
ERROR    nxtwash:conftest.py:241 Test FAILED: tests/admin_portal/memberships/test_memberships_validation.py::test_decimal_global_price_is_accepted_and_saved (url: https://staging.nxtwash.com/services/memberships)
2026-07-28 19:08:27,982 ERROR nxtwash: Visible page text at failure:
Memberships
Filter by (1)
+ Add new membership
Membership Name
Type
Price
Status
No records available
Page
of
0
Results per page
100
Showing 0 - 0 of 0
ERROR    nxtwash:conftest.py:256 Visible page text at failure:
Memberships
Filter by (1)
+ Add new membership
Membership Name
Type
Price
Status
No records available
Page
of
0
Results per page
100
Showing 0 - 0 of 0
FAILED                                                                   [ 81%]
tests/admin_portal/memberships/test_memberships_validation.py::test_duplicate_barcode_is_rejected 
-------------------------------- live log call ---------------------------------
INFO     tests.admin_portal.memberships.test_memberships_validation:test_memberships_validation.py:224 Validating duplicate barcode 'AUTO-DUP-BAR-001' is rejected
2026-07-28 19:13:40,551 ERROR nxtwash: Test FAILED: tests/admin_portal/memberships/test_memberships_validation.py::test_duplicate_barcode_is_rejected (url: https://staging.nxtwash.com/services/memberships)
ERROR    nxtwash:conftest.py:241 Test FAILED: tests/admin_portal/memberships/test_memberships_validation.py::test_duplicate_barcode_is_rejected (url: https://staging.nxtwash.com/services/memberships)
2026-07-28 19:13:41,215 ERROR nxtwash: Visible page text at failure:
Memberships
Filter by (1)
+ Add new membership
Membership Name
Type
Price
Status
No records available
Page
of
0
Results per page
100
Showing 0 - 0 of 0
ERROR    nxtwash:conftest.py:256 Visible page text at failure:
Memberships
Filter by (1)
+ Add new membership
Membership Name
Type
Price
Status
No records available
Page
of
0
Results per page
100
Showing 0 - 0 of 0
FAILED                                                                   [ 81%]
tests/admin_portal/cash_report/test_cash_report.py::TestNavigation::test_page_loads_at_correct_url PASSED [ 81%]
tests/admin_portal/cash_report/test_cash_report.py::TestNavigation::test_filter_modal_auto_opens PASSED [ 82%]
tests/admin_portal/cash_report/test_cash_report.py::TestNavigation::test_modal_contains_all_controls PASSED [ 82%]
tests/admin_portal/cash_report/test_cash_report.py::TestNavigation::test_page_title_visible_after_apply PASSED [ 82%]
tests/admin_portal/cash_report/test_cash_report.py::TestNavigation::test_sidebar_highlights_active_item PASSED [ 82%]
tests/admin_portal/cash_report/test_cash_report.py::TestFilterModal::test_sites_dropdown_lists_active_sites PASSED [ 82%]
tests/admin_portal/cash_report/test_cash_report.py::TestFilterModal::test_date_preset_dropdown_options PASSED [ 83%]
tests/admin_portal/cash_report/test_cash_report.py::TestFilterModal::test_modal_opens_with_no_default_site PASSED [ 83%]
tests/admin_portal/cash_report/test_cash_report.py::TestFilterModal::test_selecting_preset_fills_date_range PASSED [ 83%]
tests/admin_portal/cash_report/test_cash_report.py::TestFilterModal::test_apply_filters_closes_modal_and_renders_metrics PASSED [ 83%]
tests/admin_portal/cash_report/test_cash_report.py::TestFilterModal::test_filter_values_reflected_in_page_bar PASSED [ 83%]
tests/admin_portal/cash_report/test_cash_report.py::TestFilterModal::test_page_bar_changes_do_not_reopen_modal PASSED [ 84%]
tests/admin_portal/cash_report/test_cash_report.py::TestSiteFilter::test_no_all_sites_option PASSED [ 84%]
tests/admin_portal/cash_report/test_cash_report.py::TestSiteFilter::test_selecting_site_creates_chip PASSED [ 84%]
tests/admin_portal/cash_report/test_cash_report.py::TestSiteFilter::test_test_site_in_dropdown PASSED [ 84%]
tests/admin_portal/cash_report/test_cash_report.py::TestSiteFilter::test_clearing_chip_removes_site_filter PASSED [ 84%]
tests/admin_portal/cash_report/test_cash_report.py::TestDateFilter::test_date_preset_count PASSED [ 85%]
tests/admin_portal/cash_report/test_cash_report.py::TestDateFilter::test_preset_populates_date_range[CSH-DTE-002] PASSED [ 85%]
tests/admin_portal/cash_report/test_cash_report.py::TestDateFilter::test_preset_populates_date_range[CSH-DTE-003] PASSED [ 85%]
tests/admin_portal/cash_report/test_cash_report.py::TestDateFilter::test_preset_populates_date_range[CSH-DTE-004] PASSED [ 85%]
tests/admin_portal/cash_report/test_cash_report.py::TestDateFilter::test_preset_populates_date_range[CSH-DTE-005] PASSED [ 85%]
tests/admin_portal/cash_report/test_cash_report.py::TestDateFilter::test_preset_populates_date_range[CSH-DTE-006] PASSED [ 86%]
tests/admin_portal/cash_report/test_cash_report.py::TestDateFilter::test_preset_populates_date_range[CSH-DTE-007] PASSED [ 86%]
tests/admin_portal/cash_report/test_cash_report.py::TestSingleDayMode::test_modal_single_day_checkbox_visible PASSED [ 86%]
tests/admin_portal/cash_report/test_cash_report.py::TestSingleDayMode::test_modal_single_day_changes_date_field PASSED [ 86%]
tests/admin_portal/cash_report/test_cash_report.py::TestSingleDayMode::test_modal_sdm_syncs_to_page_bar SKIPPED [ 86%]
tests/admin_portal/cash_report/test_cash_report.py::TestSingleDayMode::test_page_bar_sdm_uncheck_syncs_to_modal SKIPPED [ 87%]
tests/admin_portal/cash_report/test_cash_report.py::TestTabNavigation::test_three_tabs_visible PASSED [ 87%]
tests/admin_portal/cash_report/test_cash_report.py::TestTabNavigation::test_analytics_tab_active_by_default PASSED [ 87%]
tests/admin_portal/cash_report/test_cash_report.py::TestTabNavigation::test_kiosk_tab_click PASSED [ 87%]
tests/admin_portal/cash_report/test_cash_report.py::TestTabNavigation::test_pos_tab_click PASSED [ 87%]
tests/admin_portal/cash_report/test_cash_report.py::TestTabNavigation::test_analytics_tab_restores PASSED [ 88%]
tests/admin_portal/cash_report/test_cash_report.py::TestExport::test_export_xlsx_button_visible PASSED [ 88%]
tests/admin_portal/cash_report/test_cash_report.py::TestExport::test_export_xlsx_triggers_download PASSED [ 88%]
tests/admin_portal/cash_report/test_cash_report.py::TestAnalyticsTab::test_analytics_tab_shows_metrics PASSED [ 88%]
tests/admin_portal/cash_report/test_cash_report.py::TestAnalyticsTab::test_analytics_metrics_not_all_zero ERROR [ 88%]
tests/admin_portal/cash_report/test_cash_report.py::TestAnalyticsTab::test_analytics_zero_data_message PASSED [ 89%]
tests/admin_portal/cash_report/test_cash_report.py::TestKioskTab::test_kiosk_balance_summary_visible SKIPPED [ 89%]
tests/admin_portal/cash_report/test_cash_report.py::TestKioskTab::test_kiosk_balance_summary_has_headers SKIPPED [ 89%]
tests/admin_portal/cash_report/test_cash_report.py::TestKioskTab::test_kiosk_balance_summary_has_data SKIPPED [ 89%]
tests/admin_portal/cash_report/test_cash_report.py::TestKioskTab::test_kiosk_balance_summary_pagination SKIPPED [ 89%]
tests/admin_portal/cash_report/test_cash_report.py::TestKioskTab::test_kiosk_denomination_visible PASSED [ 90%]
tests/admin_portal/cash_report/test_cash_report.py::TestKioskTab::test_kiosk_denomination_has_headers SKIPPED [ 90%]
tests/admin_portal/cash_report/test_cash_report.py::TestKioskTab::test_kiosk_denomination_pagination SKIPPED [ 90%]
tests/admin_portal/cash_report/test_cash_report.py::TestKioskTab::test_kiosk_transactions_visible SKIPPED [ 90%]
tests/admin_portal/cash_report/test_cash_report.py::TestKioskTab::test_kiosk_transactions_has_headers SKIPPED [ 90%]
tests/admin_portal/cash_report/test_cash_report.py::TestKioskTab::test_kiosk_transactions_pagination SKIPPED [ 91%]
tests/admin_portal/cash_report/test_cash_report.py::TestKioskTab::test_kiosk_zero_data_state PASSED [ 91%]
tests/admin_portal/cash_report/test_cash_report.py::TestPOSTab::test_pos_balance_summary_visible SKIPPED [ 91%]
tests/admin_portal/cash_report/test_cash_report.py::TestPOSTab::test_pos_balance_summary_has_headers SKIPPED [ 91%]
tests/admin_portal/cash_report/test_cash_report.py::TestPOSTab::test_pos_balance_summary_pagination SKIPPED [ 91%]
tests/admin_portal/cash_report/test_cash_report.py::TestPOSTab::test_pos_bank_drop_visible SKIPPED [ 92%]
tests/admin_portal/cash_report/test_cash_report.py::TestPOSTab::test_pos_bank_drop_pagination SKIPPED [ 92%]
tests/admin_portal/cash_report/test_cash_report.py::TestPOSTab::test_pos_transactions_visible SKIPPED [ 92%]
tests/admin_portal/cash_report/test_cash_report.py::TestPOSTab::test_pos_transactions_pagination SKIPPED [ 92%]
tests/admin_portal/cash_report/test_cash_report.py::TestPOSTab::test_pos_zero_data_state PASSED [ 92%]
tests/admin_portal/service_categories/test_service_categories_dependency.py::test_category_available_in_discount_creation 2026-07-28 19:30:14,085 ERROR nxtwash: Test FAILED: tests/admin_portal/service_categories/test_service_categories_dependency.py::test_category_available_in_discount_creation (url: https://staging.nxtwash.com/services/serviceCategories)

-------------------------------- live log call ---------------------------------
ERROR    nxtwash:conftest.py:241 Test FAILED: tests/admin_portal/service_categories/test_service_categories_dependency.py::test_category_available_in_discount_creation (url: https://staging.nxtwash.com/services/serviceCategories)
2026-07-28 19:30:14,710 ERROR nxtwash: Visible page text at failure:
Service categories
Filter by (1)
+ Add new category
Service category
Status
No records available
Page
of
0
Results per page
100
Showing 0 - 0 of 0
ERROR    nxtwash:conftest.py:256 Visible page text at failure:
Service categories
Filter by (1)
+ Add new category
Service category
Status
No records available
Page
of
0
Results per page
100
Showing 0 - 0 of 0
FAILED                                                                   [ 93%]
tests/admin_portal/service_categories/test_service_categories_dependency.py::test_rename_category_linked_to_discount SKIPPED [ 93%]
tests/admin_portal/service_categories/test_service_categories_dependency.py::test_deactivate_category_used_by_discount SKIPPED [ 93%]
tests/admin_portal/service_categories/test_service_categories_dependency.py::test_category_available_assigning_services SKIPPED [ 93%]
tests/admin_portal/service_categories/test_service_categories_dependency.py::test_rename_category_with_assigned_services SKIPPED [ 93%]
tests/admin_portal/service_categories/test_service_categories_edge_cases.py::test_service_category_long_name_does_not_break_form PASSED [ 94%]
tests/admin_portal/service_categories/test_service_categories_edge_cases.py::test_activate_deactivate_activate_cycle XFAIL [ 94%]
tests/admin_portal/service_categories/test_service_categories_edge_cases.py::test_edit_inactive_category_saves_changes XFAIL [ 94%]
tests/admin_portal/service_categories/test_service_categories_edge_cases.py::test_deactivated_category_findable_via_filter XFAIL [ 94%]
tests/admin_portal/service_categories/test_service_categories_edge_cases.py::test_cancel_add_new_does_not_create_category PASSED [ 94%]
tests/admin_portal/service_categories/test_service_categories_edge_cases.py::test_cancel_edit_does_not_save_changes 2026-07-28 19:33:57,730 ERROR nxtwash: Test FAILED: tests/admin_portal/service_categories/test_service_categories_edge_cases.py::test_cancel_edit_does_not_save_changes (url: https://staging.nxtwash.com/services/serviceCategories)

-------------------------------- live log call ---------------------------------
ERROR    nxtwash:conftest.py:241 Test FAILED: tests/admin_portal/service_categories/test_service_categories_edge_cases.py::test_cancel_edit_does_not_save_changes (url: https://staging.nxtwash.com/services/serviceCategories)
2026-07-28 19:33:58,333 ERROR nxtwash: Visible page text at failure:
Service categories
Filter by (1)
+ Add new category
Service category
Status
No records available
Page
of
0
Results per page
100
Showing 0 - 0 of 0
ERROR    nxtwash:conftest.py:256 Visible page text at failure:
Service categories
Filter by (1)
+ Add new category
Service category
Status
No records available
Page
of
0
Results per page
100
Showing 0 - 0 of 0
FAILED                                                                   [ 95%]
tests/admin_portal/service_categories/test_service_categories_edit.py::test_edit_service_category_name_and_restore XFAIL [ 95%]
tests/admin_portal/service_categories/test_service_categories_filter.py::test_filter_active_categories_shows_active PASSED [ 95%]
tests/admin_portal/service_categories/test_service_categories_filter.py::test_filter_inactive_categories_shows_inactive XFAIL [ 95%]
tests/admin_portal/service_categories/test_service_categories_filter.py::test_export_button_is_clickable PASSED [ 95%]
tests/admin_portal/service_categories/test_service_categories_filter.py::test_reset_active_filter_restores_full_grid PASSED [ 96%]
tests/admin_portal/service_categories/test_service_categories_managed.py::test_managed_category_provided_at_baseline XFAIL [ 96%]
tests/admin_portal/service_categories/test_service_categories_managed.py::test_managed_category_rename_is_reset_on_teardown XFAIL [ 96%]
tests/admin_portal/service_categories/test_service_categories_negative.py::test_service_category_required_name_validation PASSED [ 96%]
tests/admin_portal/service_categories/test_service_categories_negative.py::test_create_duplicate_category_is_blocked PASSED [ 96%]
tests/admin_portal/service_categories/test_service_categories_negative.py::test_create_category_exceeding_max_length PASSED [ 97%]
tests/admin_portal/service_categories/test_service_categories_negative.py::test_create_category_with_whitespace_name PASSED [ 97%]
tests/admin_portal/service_categories/test_service_categories_negative.py::test_missing_service_category_is_not_returned PASSED [ 97%]
tests/admin_portal/service_categories/test_service_categories_negative.py::test_create_service_category_is_idempotent 2026-07-28 19:41:01,914 ERROR nxtwash: Test FAILED: tests/admin_portal/service_categories/test_service_categories_negative.py::test_create_service_category_is_idempotent (url: https://staging.nxtwash.com/services/serviceCategories)

-------------------------------- live log call ---------------------------------
ERROR    nxtwash:conftest.py:241 Test FAILED: tests/admin_portal/service_categories/test_service_categories_negative.py::test_create_service_category_is_idempotent (url: https://staging.nxtwash.com/services/serviceCategories)
2026-07-28 19:41:02,523 ERROR nxtwash: Visible page text at failure:
Service categories
Filter by (1)
+ Add new category
Service category
Status
No records available
Page
of
0
Results per page
100
Showing 0 - 0 of 0
ERROR    nxtwash:conftest.py:256 Visible page text at failure:
Service categories
Filter by (1)
+ Add new category
Service category
Status
No records available
Page
of
0
Results per page
100
Showing 0 - 0 of 0
FAILED                                                                   [ 97%]
tests/admin_portal/service_categories/test_service_categories_positive.py::test_create_active_service_category 2026-07-28 19:41:58,167 ERROR nxtwash: Test FAILED: tests/admin_portal/service_categories/test_service_categories_positive.py::test_create_active_service_category (url: https://staging.nxtwash.com/services/serviceCategories)

-------------------------------- live log call ---------------------------------
ERROR    nxtwash:conftest.py:241 Test FAILED: tests/admin_portal/service_categories/test_service_categories_positive.py::test_create_active_service_category (url: https://staging.nxtwash.com/services/serviceCategories)
2026-07-28 19:41:58,788 ERROR nxtwash: Visible page text at failure:
Service categories
Filter by (1)
+ Add new category
Service category
Status
No records available
Page
of
0
Results per page
100
Showing 0 - 0 of 0
ERROR    nxtwash:conftest.py:256 Visible page text at failure:
Service categories
Filter by (1)
+ Add new category
Service category
Status
No records available
Page
of
0
Results per page
100
Showing 0 - 0 of 0
FAILED                                                                   [ 97%]
tests/admin_portal/service_categories/test_service_categories_positive.py::test_create_inactive_service_category 2026-07-28 19:43:37,269 ERROR nxtwash: Test FAILED: tests/admin_portal/service_categories/test_service_categories_positive.py::test_create_inactive_service_category (url: https://staging.nxtwash.com/services/serviceCategories)

-------------------------------- live log call ---------------------------------
ERROR    nxtwash:conftest.py:241 Test FAILED: tests/admin_portal/service_categories/test_service_categories_positive.py::test_create_inactive_service_category (url: https://staging.nxtwash.com/services/serviceCategories)
2026-07-28 19:43:37,929 ERROR nxtwash: Visible page text at failure:
Service categories
Filter by (1)
+ Add new category
Service category
Status
No records available
Page
of
0
Results per page
100
Showing 0 - 0 of 0
ERROR    nxtwash:conftest.py:256 Visible page text at failure:
Service categories
Filter by (1)
+ Add new category
Service category
Status
No records available
Page
of
0
Results per page
100
Showing 0 - 0 of 0
FAILED                                                                   [ 98%]
tests/admin_portal/service_categories/test_service_categories_positive.py::test_edit_service_category_name SKIPPED [ 98%]
tests/admin_portal/service_categories/test_service_categories_positive.py::test_activate_service_category SKIPPED [ 98%]
tests/admin_portal/service_categories/test_service_categories_positive.py::test_deactivate_service_category SKIPPED [ 98%]
tests/admin_portal/service_categories/test_service_categories_positive.py::test_service_category_settings_persist XFAIL [ 98%]
tests/admin_portal/service_categories/test_service_categories_search_filter.py::test_service_categories_search_variants_and_clear 
-------------------------------- live log call ---------------------------------
INFO     tests.admin_portal.service_categories.test_service_categories_search_filter:test_service_categories_search_filter.py:28 Verifying Service Categories search variants
2026-07-28 19:44:43,954 ERROR nxtwash: Test FAILED: tests/admin_portal/service_categories/test_service_categories_search_filter.py::test_service_categories_search_variants_and_clear (url: https://staging.nxtwash.com/services/serviceCategories)
ERROR    nxtwash:conftest.py:241 Test FAILED: tests/admin_portal/service_categories/test_service_categories_search_filter.py::test_service_categories_search_variants_and_clear (url: https://staging.nxtwash.com/services/serviceCategories)
2026-07-28 19:44:44,548 ERROR nxtwash: Visible page text at failure:
Service categories
Filter by (1)
+ Add new category
Service category
Status
No records available
Page
of
0
Results per page
100
Showing 0 - 0 of 0
ERROR    nxtwash:conftest.py:256 Visible page text at failure:
Service categories
Filter by (1)
+ Add new category
Service category
Status
No records available
Page
of
0
Results per page
100
Showing 0 - 0 of 0
FAILED                                                                   [ 99%]
tests/admin_portal/service_categories/test_service_categories_search_filter.py::test_service_categories_special_character_search_stays_usable PASSED [ 99%]
tests/admin_portal/service_categories/test_service_categories_ui.py::test_service_categories_list_shell_controls_and_grid 
-------------------------------- live log call ---------------------------------
INFO     tests.admin_portal.service_categories.test_service_categories_ui:test_service_categories_ui.py:23 Verifying Service Categories list shell and controls
PASSED                                                                   [ 99%]
tests/admin_portal/service_categories/test_service_categories_ui.py::test_add_service_category_form_controls 
-------------------------------- live log call ---------------------------------
INFO     tests.admin_portal.service_categories.test_service_categories_ui:test_service_categories_ui.py:42 Verifying Add Service Category form controls
PASSED                                                                   [ 99%]
tests/admin_portal/service_categories/test_service_categories_validation.py::test_service_category_required_name_validation PASSED [ 99%]
tests/admin_portal/service_categories/test_service_categories_validation.py::test_service_category_blank_required_form_stays_on_form PASSED [100%]

==================================== ERRORS ====================================
____________ ERROR at setup of test_modal_opens_with_default_state _____________
tests/admin_portal/revenue_overview/conftest.py:79: in rvo_modal
    return open_rvo_page(browser)
           ^^^^^^^^^^^^^^^^^^^^^^
tests/admin_portal/revenue_overview/conftest.py:51: in open_rvo_page
    page.wait_for_modal()
pages/admin_portal/revenue_overview_page.py:180: in wait_for_modal
    self.wait.until(EC.element_to_be_clickable(self.APPLY_BUTTON))
venv/lib/python3.11/site-packages/selenium/webdriver/support/wait.py:112: in until
    value = method(self._driver)
            ^^^^^^^^^^^^^^^^^^^^
venv/lib/python3.11/site-packages/selenium/webdriver/support/expected_conditions.py:515: in _predicate
    element = visibility_of(target)(driver)
              ^^^^^^^^^^^^^^^^^^^^^^^^^^^^^
venv/lib/python3.11/site-packages/selenium/webdriver/support/expected_conditions.py:208: in _predicate
    return _element_if_visible(element)
           ^^^^^^^^^^^^^^^^^^^^^^^^^^^^
venv/lib/python3.11/site-packages/selenium/webdriver/support/expected_conditions.py:223: in _element_if_visible
    return element if element.is_displayed() == visibility else False
                      ^^^^^^^^^^^^^^^^^^^^^^
venv/lib/python3.11/site-packages/selenium/webdriver/remote/webelement.py:308: in is_displayed
    return self.parent.execute_script(f"/* isDisplayed */return ({isDisplayed_js}).apply(null, arguments);", self)
           ^^^^^^^^^^^^^^^^^^^^^^^^^^^^^^^^^^^^^^^^^^^^^^^^^^^^^^^^^^^^^^^^^^^^^^^^^^^^^^^^^^^^^^^^^^^^^^^^^^^^^^^
venv/lib/python3.11/site-packages/selenium/webdriver/remote/webdriver.py:578: in execute_script
    return self.execute(command, {"script": script, "args": converted_args})["value"]
           ^^^^^^^^^^^^^^^^^^^^^^^^^^^^^^^^^^^^^^^^^^^^^^^^^^^^^^^^^^^^^^^^^
venv/lib/python3.11/site-packages/selenium/webdriver/remote/webdriver.py:468: in execute
    self.error_handler.check_response(response)
venv/lib/python3.11/site-packages/selenium/webdriver/remote/errorhandler.py:232: in check_response
    raise exception_class(message, screen, stacktrace)
E   selenium.common.exceptions.StaleElementReferenceException: Message: stale element reference: stale element not found in the current frame
E     (Session info: chrome=150.0.7871.187); For documentation on this error, please visit: https://www.selenium.dev/documentation/webdriver/troubleshooting/errors#staleelementreferenceexception
E   Stacktrace:
E   0   chromedriver                        0x0000000105409a84 cxxbridge1$str$ptr + 3195292
E   1   chromedriver                        0x0000000105401b4c cxxbridge1$str$ptr + 3162724
E   2   chromedriver                        0x0000000104eab2a4 _RNvCs9NA52FrZ4pF_7___rustc35___rust_no_alloc_shim_is_unstable_v2 + 73836
E   3   chromedriver                        0x0000000104eb1464 _RNvCs9NA52FrZ4pF_7___rustc35___rust_no_alloc_shim_is_unstable_v2 + 98860
E   4   chromedriver                        0x0000000104eb392c _RNvCs9NA52FrZ4pF_7___rustc35___rust_no_alloc_shim_is_unstable_v2 + 108276
E   5   chromedriver                        0x0000000104f33d54 _RNvCs9NA52FrZ4pF_7___rustc35___rust_no_alloc_shim_is_unstable_v2 + 633628
E   6   chromedriver                        0x0000000104f33030 _RNvCs9NA52FrZ4pF_7___rustc35___rust_no_alloc_shim_is_unstable_v2 + 630264
E   7   chromedriver                        0x0000000104ee9434 _RNvCs9NA52FrZ4pF_7___rustc35___rust_no_alloc_shim_is_unstable_v2 + 328188
E   8   chromedriver                        0x00000001053c6c40 cxxbridge1$str$ptr + 2921304
E   9   chromedriver                        0x00000001053ca3b8 cxxbridge1$str$ptr + 2935504
E   10  chromedriver                        0x00000001053ad0f8 cxxbridge1$str$ptr + 2816016
E   11  chromedriver                        0x00000001053cac4c cxxbridge1$str$ptr + 2937700
E   12  chromedriver                        0x000000010539e3b0 cxxbridge1$str$ptr + 2755272
E   13  chromedriver                        0x00000001053f01f4 cxxbridge1$str$ptr + 3090700
E   14  chromedriver                        0x00000001053f0354 cxxbridge1$str$ptr + 3091052
E   15  chromedriver                        0x00000001054017a4 cxxbridge1$str$ptr + 3161788
E   16  libsystem_pthread.dylib             0x0000000199325c08 _pthread_start + 136
E   17  libsystem_pthread.dylib             0x0000000199320ba8 thread_start + 8
____________ ERROR at setup of test_wash_extra_subtab_lists_extras _____________
tests/admin_portal/revenue_overview/conftest.py:87: in rvo_page
    page.select_site(RVO_SITE_2, clear_first=False)
pages/admin_portal/revenue_overview_page.py:219: in select_site
    self.select_react_dropdown_option(
pages/common/base_page.py:101: in select_react_dropdown_option
    inner_input.send_keys(option_text)
venv/lib/python3.11/site-packages/selenium/webdriver/remote/webelement.py:276: in send_keys
    self._execute(
venv/lib/python3.11/site-packages/selenium/webdriver/remote/webelement.py:508: in _execute
    return self._parent.execute(command, params)
           ^^^^^^^^^^^^^^^^^^^^^^^^^^^^^^^^^^^^^
venv/lib/python3.11/site-packages/selenium/webdriver/remote/webdriver.py:468: in execute
    self.error_handler.check_response(response)
venv/lib/python3.11/site-packages/selenium/webdriver/remote/errorhandler.py:232: in check_response
    raise exception_class(message, screen, stacktrace)
E   selenium.common.exceptions.ElementNotInteractableException: Message: element not interactable
E     (Session info: chrome=150.0.7871.187); For documentation on this error, please visit: https://www.selenium.dev/documentation/webdriver/troubleshooting/errors#elementnotinteractableexception
E   Stacktrace:
E   0   chromedriver                        0x0000000102fe1a84 cxxbridge1$str$ptr + 3195292
E   1   chromedriver                        0x0000000102fd9b4c cxxbridge1$str$ptr + 3162724
E   2   chromedriver                        0x0000000102a830a8 _RNvCs9NA52FrZ4pF_7___rustc35___rust_no_alloc_shim_is_unstable_v2 + 73328
E   3   chromedriver                        0x0000000102ac7d3c _RNvCs9NA52FrZ4pF_7___rustc35___rust_no_alloc_shim_is_unstable_v2 + 355076
E   4   chromedriver                        0x0000000102ac6354 _RNvCs9NA52FrZ4pF_7___rustc35___rust_no_alloc_shim_is_unstable_v2 + 348444
E   5   chromedriver                        0x0000000102ac2934 _RNvCs9NA52FrZ4pF_7___rustc35___rust_no_alloc_shim_is_unstable_v2 + 333564
E   6   chromedriver                        0x0000000102b0b030 _RNvCs9NA52FrZ4pF_7___rustc35___rust_no_alloc_shim_is_unstable_v2 + 630264
E   7   chromedriver                        0x0000000102ac1434 _RNvCs9NA52FrZ4pF_7___rustc35___rust_no_alloc_shim_is_unstable_v2 + 328188
E   8   chromedriver                        0x0000000102f9ec40 cxxbridge1$str$ptr + 2921304
E   9   chromedriver                        0x0000000102fa23b8 cxxbridge1$str$ptr + 2935504
E   10  chromedriver                        0x0000000102f850f8 cxxbridge1$str$ptr + 2816016
E   11  chromedriver                        0x0000000102fa2c4c cxxbridge1$str$ptr + 2937700
E   12  chromedriver                        0x0000000102f763b0 cxxbridge1$str$ptr + 2755272
E   13  chromedriver                        0x0000000102fc81f4 cxxbridge1$str$ptr + 3090700
E   14  chromedriver                        0x0000000102fc8354 cxxbridge1$str$ptr + 3091052
E   15  chromedriver                        0x0000000102fd97a4 cxxbridge1$str$ptr + 3161788
E   16  libsystem_pthread.dylib             0x0000000199325c08 _pthread_start + 136
E   17  libsystem_pthread.dylib             0x0000000199320ba8 thread_start + 8
_____________ ERROR at setup of test_wash_extra_names_match_module _____________
tests/admin_portal/revenue_overview/conftest.py:85: in rvo_page
    page = open_rvo_page(browser)
           ^^^^^^^^^^^^^^^^^^^^^^
tests/admin_portal/revenue_overview/conftest.py:51: in open_rvo_page
    page.wait_for_modal()
pages/admin_portal/revenue_overview_page.py:180: in wait_for_modal
    self.wait.until(EC.element_to_be_clickable(self.APPLY_BUTTON))
venv/lib/python3.11/site-packages/selenium/webdriver/support/wait.py:112: in until
    value = method(self._driver)
            ^^^^^^^^^^^^^^^^^^^^
venv/lib/python3.11/site-packages/selenium/webdriver/support/expected_conditions.py:515: in _predicate
    element = visibility_of(target)(driver)
              ^^^^^^^^^^^^^^^^^^^^^^^^^^^^^
venv/lib/python3.11/site-packages/selenium/webdriver/support/expected_conditions.py:208: in _predicate
    return _element_if_visible(element)
           ^^^^^^^^^^^^^^^^^^^^^^^^^^^^
venv/lib/python3.11/site-packages/selenium/webdriver/support/expected_conditions.py:223: in _element_if_visible
    return element if element.is_displayed() == visibility else False
                      ^^^^^^^^^^^^^^^^^^^^^^
venv/lib/python3.11/site-packages/selenium/webdriver/remote/webelement.py:308: in is_displayed
    return self.parent.execute_script(f"/* isDisplayed */return ({isDisplayed_js}).apply(null, arguments);", self)
           ^^^^^^^^^^^^^^^^^^^^^^^^^^^^^^^^^^^^^^^^^^^^^^^^^^^^^^^^^^^^^^^^^^^^^^^^^^^^^^^^^^^^^^^^^^^^^^^^^^^^^^^
venv/lib/python3.11/site-packages/selenium/webdriver/remote/webdriver.py:578: in execute_script
    return self.execute(command, {"script": script, "args": converted_args})["value"]
           ^^^^^^^^^^^^^^^^^^^^^^^^^^^^^^^^^^^^^^^^^^^^^^^^^^^^^^^^^^^^^^^^^
venv/lib/python3.11/site-packages/selenium/webdriver/remote/webdriver.py:468: in execute
    self.error_handler.check_response(response)
venv/lib/python3.11/site-packages/selenium/webdriver/remote/errorhandler.py:232: in check_response
    raise exception_class(message, screen, stacktrace)
E   selenium.common.exceptions.StaleElementReferenceException: Message: stale element reference: stale element not found in the current frame
E     (Session info: chrome=150.0.7871.187); For documentation on this error, please visit: https://www.selenium.dev/documentation/webdriver/troubleshooting/errors#staleelementreferenceexception
E   Stacktrace:
E   0   chromedriver                        0x0000000104cd5a84 cxxbridge1$str$ptr + 3195292
E   1   chromedriver                        0x0000000104ccdb4c cxxbridge1$str$ptr + 3162724
E   2   chromedriver                        0x00000001047772a4 _RNvCs9NA52FrZ4pF_7___rustc35___rust_no_alloc_shim_is_unstable_v2 + 73836
E   3   chromedriver                        0x000000010477d464 _RNvCs9NA52FrZ4pF_7___rustc35___rust_no_alloc_shim_is_unstable_v2 + 98860
E   4   chromedriver                        0x000000010477f92c _RNvCs9NA52FrZ4pF_7___rustc35___rust_no_alloc_shim_is_unstable_v2 + 108276
E   5   chromedriver                        0x00000001047ffd54 _RNvCs9NA52FrZ4pF_7___rustc35___rust_no_alloc_shim_is_unstable_v2 + 633628
E   6   chromedriver                        0x00000001047ff030 _RNvCs9NA52FrZ4pF_7___rustc35___rust_no_alloc_shim_is_unstable_v2 + 630264
E   7   chromedriver                        0x00000001047b5434 _RNvCs9NA52FrZ4pF_7___rustc35___rust_no_alloc_shim_is_unstable_v2 + 328188
E   8   chromedriver                        0x0000000104c92c40 cxxbridge1$str$ptr + 2921304
E   9   chromedriver                        0x0000000104c963b8 cxxbridge1$str$ptr + 2935504
E   10  chromedriver                        0x0000000104c790f8 cxxbridge1$str$ptr + 2816016
E   11  chromedriver                        0x0000000104c96c4c cxxbridge1$str$ptr + 2937700
E   12  chromedriver                        0x0000000104c6a3b0 cxxbridge1$str$ptr + 2755272
E   13  chromedriver                        0x0000000104cbc1f4 cxxbridge1$str$ptr + 3090700
E   14  chromedriver                        0x0000000104cbc354 cxxbridge1$str$ptr + 3091052
E   15  chromedriver                        0x0000000104ccd7a4 cxxbridge1$str$ptr + 3161788
E   16  libsystem_pthread.dylib             0x0000000199325c08 _pthread_start + 136
E   17  libsystem_pthread.dylib             0x0000000199320ba8 thread_start + 8
____________ ERROR at setup of test_tooltip_dismisses_on_click_away ____________
tests/admin_portal/revenue_overview/conftest.py:87: in rvo_page
    page.select_site(RVO_SITE_2, clear_first=False)
pages/admin_portal/revenue_overview_page.py:219: in select_site
    self.select_react_dropdown_option(
pages/common/base_page.py:101: in select_react_dropdown_option
    inner_input.send_keys(option_text)
venv/lib/python3.11/site-packages/selenium/webdriver/remote/webelement.py:276: in send_keys
    self._execute(
venv/lib/python3.11/site-packages/selenium/webdriver/remote/webelement.py:508: in _execute
    return self._parent.execute(command, params)
           ^^^^^^^^^^^^^^^^^^^^^^^^^^^^^^^^^^^^^
venv/lib/python3.11/site-packages/selenium/webdriver/remote/webdriver.py:468: in execute
    self.error_handler.check_response(response)
venv/lib/python3.11/site-packages/selenium/webdriver/remote/errorhandler.py:232: in check_response
    raise exception_class(message, screen, stacktrace)
E   selenium.common.exceptions.ElementNotInteractableException: Message: element not interactable
E     (Session info: chrome=150.0.7871.187); For documentation on this error, please visit: https://www.selenium.dev/documentation/webdriver/troubleshooting/errors#elementnotinteractableexception
E   Stacktrace:
E   0   chromedriver                        0x00000001052b9a84 cxxbridge1$str$ptr + 3195292
E   1   chromedriver                        0x00000001052b1b4c cxxbridge1$str$ptr + 3162724
E   2   chromedriver                        0x0000000104d5b0a8 _RNvCs9NA52FrZ4pF_7___rustc35___rust_no_alloc_shim_is_unstable_v2 + 73328
E   3   chromedriver                        0x0000000104d9fd3c _RNvCs9NA52FrZ4pF_7___rustc35___rust_no_alloc_shim_is_unstable_v2 + 355076
E   4   chromedriver                        0x0000000104d9e354 _RNvCs9NA52FrZ4pF_7___rustc35___rust_no_alloc_shim_is_unstable_v2 + 348444
E   5   chromedriver                        0x0000000104d9a934 _RNvCs9NA52FrZ4pF_7___rustc35___rust_no_alloc_shim_is_unstable_v2 + 333564
E   6   chromedriver                        0x0000000104de3030 _RNvCs9NA52FrZ4pF_7___rustc35___rust_no_alloc_shim_is_unstable_v2 + 630264
E   7   chromedriver                        0x0000000104d99434 _RNvCs9NA52FrZ4pF_7___rustc35___rust_no_alloc_shim_is_unstable_v2 + 328188
E   8   chromedriver                        0x0000000105276c40 cxxbridge1$str$ptr + 2921304
E   9   chromedriver                        0x000000010527a3b8 cxxbridge1$str$ptr + 2935504
E   10  chromedriver                        0x000000010525d0f8 cxxbridge1$str$ptr + 2816016
E   11  chromedriver                        0x000000010527ac4c cxxbridge1$str$ptr + 2937700
E   12  chromedriver                        0x000000010524e3b0 cxxbridge1$str$ptr + 2755272
E   13  chromedriver                        0x00000001052a01f4 cxxbridge1$str$ptr + 3090700
E   14  chromedriver                        0x00000001052a0354 cxxbridge1$str$ptr + 3091052
E   15  chromedriver                        0x00000001052b17a4 cxxbridge1$str$ptr + 3161788
E   16  libsystem_pthread.dylib             0x0000000199325c08 _pthread_start + 136
E   17  libsystem_pthread.dylib             0x0000000199320ba8 thread_start + 8
___ ERROR at setup of TestSingleDayMode.test_select_date_in_single_day_mode ____
tests/admin_portal/revenue_overview/conftest.py:115: in rvo_single_day
    page.select_site(RVO_SITE)
pages/admin_portal/revenue_overview_page.py:219: in select_site
    self.select_react_dropdown_option(
pages/common/base_page.py:99: in select_react_dropdown_option
    inner_input.send_keys(Keys.CONTROL, "a")
venv/lib/python3.11/site-packages/selenium/webdriver/remote/webelement.py:276: in send_keys
    self._execute(
venv/lib/python3.11/site-packages/selenium/webdriver/remote/webelement.py:508: in _execute
    return self._parent.execute(command, params)
           ^^^^^^^^^^^^^^^^^^^^^^^^^^^^^^^^^^^^^
venv/lib/python3.11/site-packages/selenium/webdriver/remote/webdriver.py:468: in execute
    self.error_handler.check_response(response)
venv/lib/python3.11/site-packages/selenium/webdriver/remote/errorhandler.py:232: in check_response
    raise exception_class(message, screen, stacktrace)
E   selenium.common.exceptions.ElementNotInteractableException: Message: element not interactable
E     (Session info: chrome=150.0.7871.187); For documentation on this error, please visit: https://www.selenium.dev/documentation/webdriver/troubleshooting/errors#elementnotinteractableexception
E   Stacktrace:
E   0   chromedriver                        0x000000010541da84 cxxbridge1$str$ptr + 3195292
E   1   chromedriver                        0x0000000105415b4c cxxbridge1$str$ptr + 3162724
E   2   chromedriver                        0x0000000104ebf0a8 _RNvCs9NA52FrZ4pF_7___rustc35___rust_no_alloc_shim_is_unstable_v2 + 73328
E   3   chromedriver                        0x0000000104f03d3c _RNvCs9NA52FrZ4pF_7___rustc35___rust_no_alloc_shim_is_unstable_v2 + 355076
E   4   chromedriver                        0x0000000104f02354 _RNvCs9NA52FrZ4pF_7___rustc35___rust_no_alloc_shim_is_unstable_v2 + 348444
E   5   chromedriver                        0x0000000104efe934 _RNvCs9NA52FrZ4pF_7___rustc35___rust_no_alloc_shim_is_unstable_v2 + 333564
E   6   chromedriver                        0x0000000104f47030 _RNvCs9NA52FrZ4pF_7___rustc35___rust_no_alloc_shim_is_unstable_v2 + 630264
E   7   chromedriver                        0x0000000104efd434 _RNvCs9NA52FrZ4pF_7___rustc35___rust_no_alloc_shim_is_unstable_v2 + 328188
E   8   chromedriver                        0x00000001053dac40 cxxbridge1$str$ptr + 2921304
E   9   chromedriver                        0x00000001053de3b8 cxxbridge1$str$ptr + 2935504
E   10  chromedriver                        0x00000001053c10f8 cxxbridge1$str$ptr + 2816016
E   11  chromedriver                        0x00000001053dec4c cxxbridge1$str$ptr + 2937700
E   12  chromedriver                        0x00000001053b23b0 cxxbridge1$str$ptr + 2755272
E   13  chromedriver                        0x00000001054041f4 cxxbridge1$str$ptr + 3090700
E   14  chromedriver                        0x0000000105404354 cxxbridge1$str$ptr + 3091052
E   15  chromedriver                        0x00000001054157a4 cxxbridge1$str$ptr + 3161788
E   16  libsystem_pthread.dylib             0x0000000199325c08 _pthread_start + 136
E   17  libsystem_pthread.dylib             0x0000000199320ba8 thread_start + 8
_ ERROR at setup of TestCardDeclinesSiteFilter.test_widgets_refresh_on_site_change[CDL-MTX-012] _
tests/admin_portal/card_declines/conftest.py:163: in cdl_page
    page.select_site(CDL_SITE)
pages/admin_portal/card_declines_page.py:221: in select_site
    ActionChains(self.driver).move_to_element(inner).click(inner).perform()
venv/lib/python3.11/site-packages/selenium/webdriver/common/action_chains.py:99: in perform
    self.w3c_actions.perform()
venv/lib/python3.11/site-packages/selenium/webdriver/common/actions/action_builder.py:148: in perform
    self.driver.execute(Command.W3C_ACTIONS, enc)
venv/lib/python3.11/site-packages/selenium/webdriver/remote/webdriver.py:468: in execute
    self.error_handler.check_response(response)
venv/lib/python3.11/site-packages/selenium/webdriver/remote/errorhandler.py:232: in check_response
    raise exception_class(message, screen, stacktrace)
E   selenium.common.exceptions.StaleElementReferenceException: Message: stale element reference: stale element not found in the current frame
E     (Session info: chrome=150.0.7871.187); For documentation on this error, please visit: https://www.selenium.dev/documentation/webdriver/troubleshooting/errors#staleelementreferenceexception
E   Stacktrace:
E   0   chromedriver                        0x0000000101521a84 cxxbridge1$str$ptr + 3195292
E   1   chromedriver                        0x0000000101519b4c cxxbridge1$str$ptr + 3162724
E   2   chromedriver                        0x0000000100fc32a4 _RNvCs9NA52FrZ4pF_7___rustc35___rust_no_alloc_shim_is_unstable_v2 + 73836
E   3   chromedriver                        0x0000000100fc9464 _RNvCs9NA52FrZ4pF_7___rustc35___rust_no_alloc_shim_is_unstable_v2 + 98860
E   4   chromedriver                        0x0000000100fcb678 _RNvCs9NA52FrZ4pF_7___rustc35___rust_no_alloc_shim_is_unstable_v2 + 107584
E   5   chromedriver                        0x0000000100fcb730 _RNvCs9NA52FrZ4pF_7___rustc35___rust_no_alloc_shim_is_unstable_v2 + 107768
E   6   chromedriver                        0x000000010101087c _RNvCs9NA52FrZ4pF_7___rustc35___rust_no_alloc_shim_is_unstable_v2 + 390724
E   7   chromedriver                        0x0000000101010294 _RNvCs9NA52FrZ4pF_7___rustc35___rust_no_alloc_shim_is_unstable_v2 + 389212
E   8   chromedriver                        0x00000001010522e4 _RNvCs9NA52FrZ4pF_7___rustc35___rust_no_alloc_shim_is_unstable_v2 + 659628
E   9   chromedriver                        0x000000010104b030 _RNvCs9NA52FrZ4pF_7___rustc35___rust_no_alloc_shim_is_unstable_v2 + 630264
E   10  chromedriver                        0x0000000101001434 _RNvCs9NA52FrZ4pF_7___rustc35___rust_no_alloc_shim_is_unstable_v2 + 328188
E   11  chromedriver                        0x00000001014dec40 cxxbridge1$str$ptr + 2921304
E   12  chromedriver                        0x00000001014e23b8 cxxbridge1$str$ptr + 2935504
E   13  chromedriver                        0x00000001014c50f8 cxxbridge1$str$ptr + 2816016
E   14  chromedriver                        0x00000001014e2c4c cxxbridge1$str$ptr + 2937700
E   15  chromedriver                        0x00000001014b63b0 cxxbridge1$str$ptr + 2755272
E   16  chromedriver                        0x00000001015081f4 cxxbridge1$str$ptr + 3090700
E   17  chromedriver                        0x0000000101508354 cxxbridge1$str$ptr + 3091052
E   18  chromedriver                        0x00000001015197a4 cxxbridge1$str$ptr + 3161788
E   19  libsystem_pthread.dylib             0x0000000199325c08 _pthread_start + 136
E   20  libsystem_pthread.dylib             0x0000000199320ba8 thread_start + 8
_ ERROR at setup of TestCardDeclinesKPI.test_kpi_card_visible[CDL-KPI-001-02] __
tests/admin_portal/card_declines/conftest.py:163: in cdl_page
    page.select_site(CDL_SITE)
pages/admin_portal/card_declines_page.py:221: in select_site
    ActionChains(self.driver).move_to_element(inner).click(inner).perform()
venv/lib/python3.11/site-packages/selenium/webdriver/common/action_chains.py:99: in perform
    self.w3c_actions.perform()
venv/lib/python3.11/site-packages/selenium/webdriver/common/actions/action_builder.py:148: in perform
    self.driver.execute(Command.W3C_ACTIONS, enc)
venv/lib/python3.11/site-packages/selenium/webdriver/remote/webdriver.py:468: in execute
    self.error_handler.check_response(response)
venv/lib/python3.11/site-packages/selenium/webdriver/remote/errorhandler.py:232: in check_response
    raise exception_class(message, screen, stacktrace)
E   selenium.common.exceptions.StaleElementReferenceException: Message: stale element reference: stale element not found in the current frame
E     (Session info: chrome=150.0.7871.187); For documentation on this error, please visit: https://www.selenium.dev/documentation/webdriver/troubleshooting/errors#staleelementreferenceexception
E   Stacktrace:
E   0   chromedriver                        0x0000000100c0da84 cxxbridge1$str$ptr + 3195292
E   1   chromedriver                        0x0000000100c05b4c cxxbridge1$str$ptr + 3162724
E   2   chromedriver                        0x00000001006af2a4 _RNvCs9NA52FrZ4pF_7___rustc35___rust_no_alloc_shim_is_unstable_v2 + 73836
E   3   chromedriver                        0x00000001006b5464 _RNvCs9NA52FrZ4pF_7___rustc35___rust_no_alloc_shim_is_unstable_v2 + 98860
E   4   chromedriver                        0x00000001006b7678 _RNvCs9NA52FrZ4pF_7___rustc35___rust_no_alloc_shim_is_unstable_v2 + 107584
E   5   chromedriver                        0x00000001006b7730 _RNvCs9NA52FrZ4pF_7___rustc35___rust_no_alloc_shim_is_unstable_v2 + 107768
E   6   chromedriver                        0x00000001006fc87c _RNvCs9NA52FrZ4pF_7___rustc35___rust_no_alloc_shim_is_unstable_v2 + 390724
E   7   chromedriver                        0x00000001006fc294 _RNvCs9NA52FrZ4pF_7___rustc35___rust_no_alloc_shim_is_unstable_v2 + 389212
E   8   chromedriver                        0x000000010073e2e4 _RNvCs9NA52FrZ4pF_7___rustc35___rust_no_alloc_shim_is_unstable_v2 + 659628
E   9   chromedriver                        0x0000000100737030 _RNvCs9NA52FrZ4pF_7___rustc35___rust_no_alloc_shim_is_unstable_v2 + 630264
E   10  chromedriver                        0x00000001006ed434 _RNvCs9NA52FrZ4pF_7___rustc35___rust_no_alloc_shim_is_unstable_v2 + 328188
E   11  chromedriver                        0x0000000100bcac40 cxxbridge1$str$ptr + 2921304
E   12  chromedriver                        0x0000000100bce3b8 cxxbridge1$str$ptr + 2935504
E   13  chromedriver                        0x0000000100bb10f8 cxxbridge1$str$ptr + 2816016
E   14  chromedriver                        0x0000000100bcec4c cxxbridge1$str$ptr + 2937700
E   15  chromedriver                        0x0000000100ba23b0 cxxbridge1$str$ptr + 2755272
E   16  chromedriver                        0x0000000100bf41f4 cxxbridge1$str$ptr + 3090700
E   17  chromedriver                        0x0000000100bf4354 cxxbridge1$str$ptr + 3091052
E   18  chromedriver                        0x0000000100c057a4 cxxbridge1$str$ptr + 3161788
E   19  libsystem_pthread.dylib             0x0000000199325c08 _pthread_start + 136
E   20  libsystem_pthread.dylib             0x0000000199320ba8 thread_start + 8
_ ERROR at setup of TestCardDeclinesKPI.test_kpi_card_visible[CDL-KPI-001-04] __
tests/admin_portal/card_declines/conftest.py:163: in cdl_page
    page.select_site(CDL_SITE)
pages/admin_portal/card_declines_page.py:221: in select_site
    ActionChains(self.driver).move_to_element(inner).click(inner).perform()
venv/lib/python3.11/site-packages/selenium/webdriver/common/action_chains.py:99: in perform
    self.w3c_actions.perform()
venv/lib/python3.11/site-packages/selenium/webdriver/common/actions/action_builder.py:148: in perform
    self.driver.execute(Command.W3C_ACTIONS, enc)
venv/lib/python3.11/site-packages/selenium/webdriver/remote/webdriver.py:468: in execute
    self.error_handler.check_response(response)
venv/lib/python3.11/site-packages/selenium/webdriver/remote/errorhandler.py:232: in check_response
    raise exception_class(message, screen, stacktrace)
E   selenium.common.exceptions.StaleElementReferenceException: Message: stale element reference: stale element not found in the current frame
E     (Session info: chrome=150.0.7871.187); For documentation on this error, please visit: https://www.selenium.dev/documentation/webdriver/troubleshooting/errors#staleelementreferenceexception
E   Stacktrace:
E   0   chromedriver                        0x0000000102c35a84 cxxbridge1$str$ptr + 3195292
E   1   chromedriver                        0x0000000102c2db4c cxxbridge1$str$ptr + 3162724
E   2   chromedriver                        0x00000001026d72a4 _RNvCs9NA52FrZ4pF_7___rustc35___rust_no_alloc_shim_is_unstable_v2 + 73836
E   3   chromedriver                        0x00000001026dd464 _RNvCs9NA52FrZ4pF_7___rustc35___rust_no_alloc_shim_is_unstable_v2 + 98860
E   4   chromedriver                        0x00000001026df678 _RNvCs9NA52FrZ4pF_7___rustc35___rust_no_alloc_shim_is_unstable_v2 + 107584
E   5   chromedriver                        0x00000001026df730 _RNvCs9NA52FrZ4pF_7___rustc35___rust_no_alloc_shim_is_unstable_v2 + 107768
E   6   chromedriver                        0x000000010272487c _RNvCs9NA52FrZ4pF_7___rustc35___rust_no_alloc_shim_is_unstable_v2 + 390724
E   7   chromedriver                        0x0000000102724294 _RNvCs9NA52FrZ4pF_7___rustc35___rust_no_alloc_shim_is_unstable_v2 + 389212
E   8   chromedriver                        0x00000001027662e4 _RNvCs9NA52FrZ4pF_7___rustc35___rust_no_alloc_shim_is_unstable_v2 + 659628
E   9   chromedriver                        0x000000010275f030 _RNvCs9NA52FrZ4pF_7___rustc35___rust_no_alloc_shim_is_unstable_v2 + 630264
E   10  chromedriver                        0x0000000102715434 _RNvCs9NA52FrZ4pF_7___rustc35___rust_no_alloc_shim_is_unstable_v2 + 328188
E   11  chromedriver                        0x0000000102bf2c40 cxxbridge1$str$ptr + 2921304
E   12  chromedriver                        0x0000000102bf63b8 cxxbridge1$str$ptr + 2935504
E   13  chromedriver                        0x0000000102bd90f8 cxxbridge1$str$ptr + 2816016
E   14  chromedriver                        0x0000000102bf6c4c cxxbridge1$str$ptr + 2937700
E   15  chromedriver                        0x0000000102bca3b0 cxxbridge1$str$ptr + 2755272
E   16  chromedriver                        0x0000000102c1c1f4 cxxbridge1$str$ptr + 3090700
E   17  chromedriver                        0x0000000102c1c354 cxxbridge1$str$ptr + 3091052
E   18  chromedriver                        0x0000000102c2d7a4 cxxbridge1$str$ptr + 3161788
E   19  libsystem_pthread.dylib             0x0000000199325c08 _pthread_start + 136
E   20  libsystem_pthread.dylib             0x0000000199320ba8 thread_start + 8
_ ERROR at setup of TestCardDeclinesMatrix.test_matrix_column_present[CDL-MTX-002-12] _
tests/admin_portal/card_declines/conftest.py:163: in cdl_page
    page.select_site(CDL_SITE)
pages/admin_portal/card_declines_page.py:221: in select_site
    ActionChains(self.driver).move_to_element(inner).click(inner).perform()
venv/lib/python3.11/site-packages/selenium/webdriver/common/action_chains.py:99: in perform
    self.w3c_actions.perform()
venv/lib/python3.11/site-packages/selenium/webdriver/common/actions/action_builder.py:148: in perform
    self.driver.execute(Command.W3C_ACTIONS, enc)
venv/lib/python3.11/site-packages/selenium/webdriver/remote/webdriver.py:468: in execute
    self.error_handler.check_response(response)
venv/lib/python3.11/site-packages/selenium/webdriver/remote/errorhandler.py:232: in check_response
    raise exception_class(message, screen, stacktrace)
E   selenium.common.exceptions.StaleElementReferenceException: Message: stale element reference: stale element not found in the current frame
E     (Session info: chrome=150.0.7871.187); For documentation on this error, please visit: https://www.selenium.dev/documentation/webdriver/troubleshooting/errors#staleelementreferenceexception
E   Stacktrace:
E   0   chromedriver                        0x0000000102bd9a84 cxxbridge1$str$ptr + 3195292
E   1   chromedriver                        0x0000000102bd1b4c cxxbridge1$str$ptr + 3162724
E   2   chromedriver                        0x000000010267b2a4 _RNvCs9NA52FrZ4pF_7___rustc35___rust_no_alloc_shim_is_unstable_v2 + 73836
E   3   chromedriver                        0x0000000102681464 _RNvCs9NA52FrZ4pF_7___rustc35___rust_no_alloc_shim_is_unstable_v2 + 98860
E   4   chromedriver                        0x0000000102683678 _RNvCs9NA52FrZ4pF_7___rustc35___rust_no_alloc_shim_is_unstable_v2 + 107584
E   5   chromedriver                        0x0000000102683730 _RNvCs9NA52FrZ4pF_7___rustc35___rust_no_alloc_shim_is_unstable_v2 + 107768
E   6   chromedriver                        0x00000001026c887c _RNvCs9NA52FrZ4pF_7___rustc35___rust_no_alloc_shim_is_unstable_v2 + 390724
E   7   chromedriver                        0x00000001026c8294 _RNvCs9NA52FrZ4pF_7___rustc35___rust_no_alloc_shim_is_unstable_v2 + 389212
E   8   chromedriver                        0x000000010270a2e4 _RNvCs9NA52FrZ4pF_7___rustc35___rust_no_alloc_shim_is_unstable_v2 + 659628
E   9   chromedriver                        0x0000000102703030 _RNvCs9NA52FrZ4pF_7___rustc35___rust_no_alloc_shim_is_unstable_v2 + 630264
E   10  chromedriver                        0x00000001026b9434 _RNvCs9NA52FrZ4pF_7___rustc35___rust_no_alloc_shim_is_unstable_v2 + 328188
E   11  chromedriver                        0x0000000102b96c40 cxxbridge1$str$ptr + 2921304
E   12  chromedriver                        0x0000000102b9a3b8 cxxbridge1$str$ptr + 2935504
E   13  chromedriver                        0x0000000102b7d0f8 cxxbridge1$str$ptr + 2816016
E   14  chromedriver                        0x0000000102b9ac4c cxxbridge1$str$ptr + 2937700
E   15  chromedriver                        0x0000000102b6e3b0 cxxbridge1$str$ptr + 2755272
E   16  chromedriver                        0x0000000102bc01f4 cxxbridge1$str$ptr + 3090700
E   17  chromedriver                        0x0000000102bc0354 cxxbridge1$str$ptr + 3091052
E   18  chromedriver                        0x0000000102bd17a4 cxxbridge1$str$ptr + 3161788
E   19  libsystem_pthread.dylib             0x0000000199325c08 _pthread_start + 136
E   20  libsystem_pthread.dylib             0x0000000199320ba8 thread_start + 8
___ ERROR at setup of TestCardDeclinesMatrix.test_matrix_pagination_present ____
tests/admin_portal/card_declines/conftest.py:163: in cdl_page
    page.select_site(CDL_SITE)
pages/admin_portal/card_declines_page.py:221: in select_site
    ActionChains(self.driver).move_to_element(inner).click(inner).perform()
venv/lib/python3.11/site-packages/selenium/webdriver/common/action_chains.py:99: in perform
    self.w3c_actions.perform()
venv/lib/python3.11/site-packages/selenium/webdriver/common/actions/action_builder.py:148: in perform
    self.driver.execute(Command.W3C_ACTIONS, enc)
venv/lib/python3.11/site-packages/selenium/webdriver/remote/webdriver.py:468: in execute
    self.error_handler.check_response(response)
venv/lib/python3.11/site-packages/selenium/webdriver/remote/errorhandler.py:232: in check_response
    raise exception_class(message, screen, stacktrace)
E   selenium.common.exceptions.StaleElementReferenceException: Message: stale element reference: stale element not found in the current frame
E     (Session info: chrome=150.0.7871.187); For documentation on this error, please visit: https://www.selenium.dev/documentation/webdriver/troubleshooting/errors#staleelementreferenceexception
E   Stacktrace:
E   0   chromedriver                        0x0000000102d4da84 cxxbridge1$str$ptr + 3195292
E   1   chromedriver                        0x0000000102d45b4c cxxbridge1$str$ptr + 3162724
E   2   chromedriver                        0x00000001027ef2a4 _RNvCs9NA52FrZ4pF_7___rustc35___rust_no_alloc_shim_is_unstable_v2 + 73836
E   3   chromedriver                        0x00000001027f5464 _RNvCs9NA52FrZ4pF_7___rustc35___rust_no_alloc_shim_is_unstable_v2 + 98860
E   4   chromedriver                        0x00000001027f7678 _RNvCs9NA52FrZ4pF_7___rustc35___rust_no_alloc_shim_is_unstable_v2 + 107584
E   5   chromedriver                        0x00000001027f7730 _RNvCs9NA52FrZ4pF_7___rustc35___rust_no_alloc_shim_is_unstable_v2 + 107768
E   6   chromedriver                        0x000000010283c87c _RNvCs9NA52FrZ4pF_7___rustc35___rust_no_alloc_shim_is_unstable_v2 + 390724
E   7   chromedriver                        0x000000010283c294 _RNvCs9NA52FrZ4pF_7___rustc35___rust_no_alloc_shim_is_unstable_v2 + 389212
E   8   chromedriver                        0x000000010287e2e4 _RNvCs9NA52FrZ4pF_7___rustc35___rust_no_alloc_shim_is_unstable_v2 + 659628
E   9   chromedriver                        0x0000000102877030 _RNvCs9NA52FrZ4pF_7___rustc35___rust_no_alloc_shim_is_unstable_v2 + 630264
E   10  chromedriver                        0x000000010282d434 _RNvCs9NA52FrZ4pF_7___rustc35___rust_no_alloc_shim_is_unstable_v2 + 328188
E   11  chromedriver                        0x0000000102d0ac40 cxxbridge1$str$ptr + 2921304
E   12  chromedriver                        0x0000000102d0e3b8 cxxbridge1$str$ptr + 2935504
E   13  chromedriver                        0x0000000102cf10f8 cxxbridge1$str$ptr + 2816016
E   14  chromedriver                        0x0000000102d0ec4c cxxbridge1$str$ptr + 2937700
E   15  chromedriver                        0x0000000102ce23b0 cxxbridge1$str$ptr + 2755272
E   16  chromedriver                        0x0000000102d341f4 cxxbridge1$str$ptr + 3090700
E   17  chromedriver                        0x0000000102d34354 cxxbridge1$str$ptr + 3091052
E   18  chromedriver                        0x0000000102d457a4 cxxbridge1$str$ptr + 3161788
E   19  libsystem_pthread.dylib             0x0000000199325c08 _pthread_start + 136
E   20  libsystem_pthread.dylib             0x0000000199320ba8 thread_start + 8
_ ERROR at setup of TestCardDeclinesReasonDist.test_reason_dist_section_visible _
tests/admin_portal/card_declines/conftest.py:163: in cdl_page
    page.select_site(CDL_SITE)
pages/admin_portal/card_declines_page.py:221: in select_site
    ActionChains(self.driver).move_to_element(inner).click(inner).perform()
venv/lib/python3.11/site-packages/selenium/webdriver/common/action_chains.py:99: in perform
    self.w3c_actions.perform()
venv/lib/python3.11/site-packages/selenium/webdriver/common/actions/action_builder.py:148: in perform
    self.driver.execute(Command.W3C_ACTIONS, enc)
venv/lib/python3.11/site-packages/selenium/webdriver/remote/webdriver.py:468: in execute
    self.error_handler.check_response(response)
venv/lib/python3.11/site-packages/selenium/webdriver/remote/errorhandler.py:232: in check_response
    raise exception_class(message, screen, stacktrace)
E   selenium.common.exceptions.StaleElementReferenceException: Message: stale element reference: stale element not found in the current frame
E     (Session info: chrome=150.0.7871.187); For documentation on this error, please visit: https://www.selenium.dev/documentation/webdriver/troubleshooting/errors#staleelementreferenceexception
E   Stacktrace:
E   0   chromedriver                        0x0000000105471a84 cxxbridge1$str$ptr + 3195292
E   1   chromedriver                        0x0000000105469b4c cxxbridge1$str$ptr + 3162724
E   2   chromedriver                        0x0000000104f132a4 _RNvCs9NA52FrZ4pF_7___rustc35___rust_no_alloc_shim_is_unstable_v2 + 73836
E   3   chromedriver                        0x0000000104f19464 _RNvCs9NA52FrZ4pF_7___rustc35___rust_no_alloc_shim_is_unstable_v2 + 98860
E   4   chromedriver                        0x0000000104f1b678 _RNvCs9NA52FrZ4pF_7___rustc35___rust_no_alloc_shim_is_unstable_v2 + 107584
E   5   chromedriver                        0x0000000104f1b730 _RNvCs9NA52FrZ4pF_7___rustc35___rust_no_alloc_shim_is_unstable_v2 + 107768
E   6   chromedriver                        0x0000000104f6087c _RNvCs9NA52FrZ4pF_7___rustc35___rust_no_alloc_shim_is_unstable_v2 + 390724
E   7   chromedriver                        0x0000000104f60294 _RNvCs9NA52FrZ4pF_7___rustc35___rust_no_alloc_shim_is_unstable_v2 + 389212
E   8   chromedriver                        0x0000000104fa22e4 _RNvCs9NA52FrZ4pF_7___rustc35___rust_no_alloc_shim_is_unstable_v2 + 659628
E   9   chromedriver                        0x0000000104f9b030 _RNvCs9NA52FrZ4pF_7___rustc35___rust_no_alloc_shim_is_unstable_v2 + 630264
E   10  chromedriver                        0x0000000104f51434 _RNvCs9NA52FrZ4pF_7___rustc35___rust_no_alloc_shim_is_unstable_v2 + 328188
E   11  chromedriver                        0x000000010542ec40 cxxbridge1$str$ptr + 2921304
E   12  chromedriver                        0x00000001054323b8 cxxbridge1$str$ptr + 2935504
E   13  chromedriver                        0x00000001054150f8 cxxbridge1$str$ptr + 2816016
E   14  chromedriver                        0x0000000105432c4c cxxbridge1$str$ptr + 2937700
E   15  chromedriver                        0x00000001054063b0 cxxbridge1$str$ptr + 2755272
E   16  chromedriver                        0x00000001054581f4 cxxbridge1$str$ptr + 3090700
E   17  chromedriver                        0x0000000105458354 cxxbridge1$str$ptr + 3091052
E   18  chromedriver                        0x00000001054697a4 cxxbridge1$str$ptr + 3161788
E   19  libsystem_pthread.dylib             0x0000000199325c08 _pthread_start + 136
E   20  libsystem_pthread.dylib             0x0000000199320ba8 thread_start + 8
_ ERROR at setup of TestSingleDaySync.test_page_bar_sdm_uncheck_syncs_to_modal _
tests/admin_portal/card_declines/conftest.py:233: in sdm_page
    page.select_site(CDL_SITE)
pages/admin_portal/card_declines_page.py:221: in select_site
    ActionChains(self.driver).move_to_element(inner).click(inner).perform()
venv/lib/python3.11/site-packages/selenium/webdriver/common/action_chains.py:99: in perform
    self.w3c_actions.perform()
venv/lib/python3.11/site-packages/selenium/webdriver/common/actions/action_builder.py:148: in perform
    self.driver.execute(Command.W3C_ACTIONS, enc)
venv/lib/python3.11/site-packages/selenium/webdriver/remote/webdriver.py:468: in execute
    self.error_handler.check_response(response)
venv/lib/python3.11/site-packages/selenium/webdriver/remote/errorhandler.py:232: in check_response
    raise exception_class(message, screen, stacktrace)
E   selenium.common.exceptions.StaleElementReferenceException: Message: stale element reference: stale element not found in the current frame
E     (Session info: chrome=150.0.7871.187); For documentation on this error, please visit: https://www.selenium.dev/documentation/webdriver/troubleshooting/errors#staleelementreferenceexception
E   Stacktrace:
E   0   chromedriver                        0x00000001030c5a84 cxxbridge1$str$ptr + 3195292
E   1   chromedriver                        0x00000001030bdb4c cxxbridge1$str$ptr + 3162724
E   2   chromedriver                        0x0000000102b672a4 _RNvCs9NA52FrZ4pF_7___rustc35___rust_no_alloc_shim_is_unstable_v2 + 73836
E   3   chromedriver                        0x0000000102b6d464 _RNvCs9NA52FrZ4pF_7___rustc35___rust_no_alloc_shim_is_unstable_v2 + 98860
E   4   chromedriver                        0x0000000102b6f678 _RNvCs9NA52FrZ4pF_7___rustc35___rust_no_alloc_shim_is_unstable_v2 + 107584
E   5   chromedriver                        0x0000000102b6f730 _RNvCs9NA52FrZ4pF_7___rustc35___rust_no_alloc_shim_is_unstable_v2 + 107768
E   6   chromedriver                        0x0000000102bb487c _RNvCs9NA52FrZ4pF_7___rustc35___rust_no_alloc_shim_is_unstable_v2 + 390724
E   7   chromedriver                        0x0000000102bb4294 _RNvCs9NA52FrZ4pF_7___rustc35___rust_no_alloc_shim_is_unstable_v2 + 389212
E   8   chromedriver                        0x0000000102bf62e4 _RNvCs9NA52FrZ4pF_7___rustc35___rust_no_alloc_shim_is_unstable_v2 + 659628
E   9   chromedriver                        0x0000000102bef030 _RNvCs9NA52FrZ4pF_7___rustc35___rust_no_alloc_shim_is_unstable_v2 + 630264
E   10  chromedriver                        0x0000000102ba5434 _RNvCs9NA52FrZ4pF_7___rustc35___rust_no_alloc_shim_is_unstable_v2 + 328188
E   11  chromedriver                        0x0000000103082c40 cxxbridge1$str$ptr + 2921304
E   12  chromedriver                        0x00000001030863b8 cxxbridge1$str$ptr + 2935504
E   13  chromedriver                        0x00000001030690f8 cxxbridge1$str$ptr + 2816016
E   14  chromedriver                        0x0000000103086c4c cxxbridge1$str$ptr + 2937700
E   15  chromedriver                        0x000000010305a3b0 cxxbridge1$str$ptr + 2755272
E   16  chromedriver                        0x00000001030ac1f4 cxxbridge1$str$ptr + 3090700
E   17  chromedriver                        0x00000001030ac354 cxxbridge1$str$ptr + 3091052
E   18  chromedriver                        0x00000001030bd7a4 cxxbridge1$str$ptr + 3161788
E   19  libsystem_pthread.dylib             0x0000000199325c08 _pthread_start + 136
E   20  libsystem_pthread.dylib             0x0000000199320ba8 thread_start + 8
_ ERROR at teardown of test_edit_managed_membership_customer_portal_toggle_off _
venv/lib/python3.11/site-packages/allure_commons/_allure.py:274: in __call__
    return self._fixture_function(*args, **kwargs)
           ^^^^^^^^^^^^^^^^^^^^^^^^^^^^^^^^^^^^^^^
tests/admin_portal/_managed.py:68: in _managed_fixture
    reset(browser)
tests/admin_portal/memberships/conftest.py:130: in reset_managed_membership
    memberships_page = open_memberships_page(browser)
                       ^^^^^^^^^^^^^^^^^^^^^^^^^^^^^^
tests/admin_portal/memberships/conftest.py:45: in open_memberships_page
    memberships_page.wait_for_list_loaded()
pages/admin_portal/memberships_page.py:205: in wait_for_list_loaded
    self.wait_for_grid_idle()
pages/admin_portal/memberships_page.py:209: in wait_for_grid_idle
    self.wait.until(
venv/lib/python3.11/site-packages/selenium/webdriver/support/wait.py:121: in until
    raise TimeoutException(message, screen, stacktrace)
E   selenium.common.exceptions.TimeoutException: Message:
_____________ ERROR at setup of test_membership_description_saves ______________
tests/admin_portal/_managed.py:64: in _managed_fixture
    page = reset(browser)
           ^^^^^^^^^^^^^^
tests/admin_portal/memberships/conftest.py:174: in reset_managed_membership
    memberships_page.fill_membership_form(
pages/admin_portal/memberships_page.py:1504: in fill_membership_form
    self.set_location_price_and_commission_by_index(
pages/admin_portal/memberships_page.py:1147: in set_location_price_and_commission_by_index
    for element in self.wait.until(
venv/lib/python3.11/site-packages/selenium/webdriver/support/wait.py:121: in until
    raise TimeoutException(message, screen, stacktrace)
E   selenium.common.exceptions.TimeoutException: Message:
________ ERROR at setup of test_managed_membership_provided_at_baseline ________
tests/admin_portal/_managed.py:64: in _managed_fixture
    page = reset(browser)
           ^^^^^^^^^^^^^^
tests/admin_portal/memberships/conftest.py:185: in reset_managed_membership
    memberships_page.save_and_return_to_list()
pages/admin_portal/memberships_page.py:1470: in save_and_return_to_list
    self.wait_for_list_loaded()
pages/admin_portal/memberships_page.py:205: in wait_for_list_loaded
    self.wait_for_grid_idle()
pages/admin_portal/memberships_page.py:209: in wait_for_grid_idle
    self.wait.until(
venv/lib/python3.11/site-packages/selenium/webdriver/support/wait.py:121: in until
    raise TimeoutException(message, screen, stacktrace)
E   selenium.common.exceptions.TimeoutException: Message:
____ ERROR at setup of TestAnalyticsTab.test_analytics_metrics_not_all_zero ____
tests/admin_portal/cash_report/conftest.py:177: in csh_analytics
    page.select_site(CSH_SITE)
pages/admin_portal/cash_report_page.py:199: in select_site
    self.select_react_dropdown_option(
pages/common/base_page.py:100: in select_react_dropdown_option
    inner_input.send_keys(Keys.BACKSPACE)
venv/lib/python3.11/site-packages/selenium/webdriver/remote/webelement.py:276: in send_keys
    self._execute(
venv/lib/python3.11/site-packages/selenium/webdriver/remote/webelement.py:508: in _execute
    return self._parent.execute(command, params)
           ^^^^^^^^^^^^^^^^^^^^^^^^^^^^^^^^^^^^^
venv/lib/python3.11/site-packages/selenium/webdriver/remote/webdriver.py:468: in execute
    self.error_handler.check_response(response)
venv/lib/python3.11/site-packages/selenium/webdriver/remote/errorhandler.py:232: in check_response
    raise exception_class(message, screen, stacktrace)
E   selenium.common.exceptions.ElementNotInteractableException: Message: element not interactable
E     (Session info: chrome=150.0.7871.187); For documentation on this error, please visit: https://www.selenium.dev/documentation/webdriver/troubleshooting/errors#elementnotinteractableexception
E   Stacktrace:
E   0   chromedriver                        0x00000001051d5a84 cxxbridge1$str$ptr + 3195292
E   1   chromedriver                        0x00000001051cdb4c cxxbridge1$str$ptr + 3162724
E   2   chromedriver                        0x0000000104c770a8 _RNvCs9NA52FrZ4pF_7___rustc35___rust_no_alloc_shim_is_unstable_v2 + 73328
E   3   chromedriver                        0x0000000104cbbd3c _RNvCs9NA52FrZ4pF_7___rustc35___rust_no_alloc_shim_is_unstable_v2 + 355076
E   4   chromedriver                        0x0000000104cba354 _RNvCs9NA52FrZ4pF_7___rustc35___rust_no_alloc_shim_is_unstable_v2 + 348444
E   5   chromedriver                        0x0000000104cb6934 _RNvCs9NA52FrZ4pF_7___rustc35___rust_no_alloc_shim_is_unstable_v2 + 333564
E   6   chromedriver                        0x0000000104cff030 _RNvCs9NA52FrZ4pF_7___rustc35___rust_no_alloc_shim_is_unstable_v2 + 630264
E   7   chromedriver                        0x0000000104cb5434 _RNvCs9NA52FrZ4pF_7___rustc35___rust_no_alloc_shim_is_unstable_v2 + 328188
E   8   chromedriver                        0x0000000105192c40 cxxbridge1$str$ptr + 2921304
E   9   chromedriver                        0x00000001051963b8 cxxbridge1$str$ptr + 2935504
E   10  chromedriver                        0x00000001051790f8 cxxbridge1$str$ptr + 2816016
E   11  chromedriver                        0x0000000105196c4c cxxbridge1$str$ptr + 2937700
E   12  chromedriver                        0x000000010516a3b0 cxxbridge1$str$ptr + 2755272
E   13  chromedriver                        0x00000001051bc1f4 cxxbridge1$str$ptr + 3090700
E   14  chromedriver                        0x00000001051bc354 cxxbridge1$str$ptr + 3091052
E   15  chromedriver                        0x00000001051cd7a4 cxxbridge1$str$ptr + 3161788
E   16  libsystem_pthread.dylib             0x0000000199325c08 _pthread_start + 136
E   17  libsystem_pthread.dylib             0x0000000199320ba8 thread_start + 8
=================================== FAILURES ===================================
__________________ test_sites_dropdown_lists_all_active_sites __________________
tests/admin_portal/revenue_overview/test_revenue_overview.py:198: in test_sites_dropdown_lists_all_active_sites
    assert len(options) > 0, "Site dropdown returned no options"
E   AssertionError: Site dropdown returned no options
E   assert 0 > 0
E    +  where 0 = len([])
_______________ test_recharges_subtab_zero_count_renders_cleanly _______________
tests/admin_portal/revenue_overview/test_revenue_overview.py:1023: in test_recharges_subtab_zero_count_renders_cleanly
    rvo_page.click_sub_tab("Recharges")
pages/admin_portal/revenue_overview_page.py:588: in click_sub_tab
    self._click_tab(locator)
pages/admin_portal/revenue_overview_page.py:574: in _click_tab
    btn = self.wait.until(EC.element_to_be_clickable(locator))
          ^^^^^^^^^^^^^^^^^^^^^^^^^^^^^^^^^^^^^^^^^^^^^^^^^^^^
venv/lib/python3.11/site-packages/selenium/webdriver/support/wait.py:121: in until
    raise TimeoutException(message, screen, stacktrace)
E   selenium.common.exceptions.TimeoutException: Message: 
E   Stacktrace:
E   0   chromedriver                        0x0000000104e71a84 cxxbridge1$str$ptr + 3195292
E   1   chromedriver                        0x0000000104e69b4c cxxbridge1$str$ptr + 3162724
E   2   chromedriver                        0x00000001049132a4 _RNvCs9NA52FrZ4pF_7___rustc35___rust_no_alloc_shim_is_unstable_v2 + 73836
E   3   chromedriver                        0x000000010495ba44 _RNvCs9NA52FrZ4pF_7___rustc35___rust_no_alloc_shim_is_unstable_v2 + 370700
E   4   chromedriver                        0x000000010499b030 _RNvCs9NA52FrZ4pF_7___rustc35___rust_no_alloc_shim_is_unstable_v2 + 630264
E   5   chromedriver                        0x0000000104951434 _RNvCs9NA52FrZ4pF_7___rustc35___rust_no_alloc_shim_is_unstable_v2 + 328188
E   6   chromedriver                        0x0000000104e2ec40 cxxbridge1$str$ptr + 2921304
E   7   chromedriver                        0x0000000104e323b8 cxxbridge1$str$ptr + 2935504
E   8   chromedriver                        0x0000000104e150f8 cxxbridge1$str$ptr + 2816016
E   9   chromedriver                        0x0000000104e32c4c cxxbridge1$str$ptr + 2937700
E   10  chromedriver                        0x0000000104e063b0 cxxbridge1$str$ptr + 2755272
E   11  chromedriver                        0x0000000104e581f4 cxxbridge1$str$ptr + 3090700
E   12  chromedriver                        0x0000000104e58354 cxxbridge1$str$ptr + 3091052
E   13  chromedriver                        0x0000000104e697a4 cxxbridge1$str$ptr + 3161788
E   14  libsystem_pthread.dylib             0x0000000199325c08 _pthread_start + 136
E   15  libsystem_pthread.dylib             0x0000000199320ba8 thread_start + 8
_______________________ test_resignups_subtab_lists_rows _______________________
tests/admin_portal/revenue_overview/test_revenue_overview.py:1037: in test_resignups_subtab_lists_rows
    rvo_page.click_sub_tab("Resignups")
pages/admin_portal/revenue_overview_page.py:588: in click_sub_tab
    self._click_tab(locator)
pages/admin_portal/revenue_overview_page.py:574: in _click_tab
    btn = self.wait.until(EC.element_to_be_clickable(locator))
          ^^^^^^^^^^^^^^^^^^^^^^^^^^^^^^^^^^^^^^^^^^^^^^^^^^^^
venv/lib/python3.11/site-packages/selenium/webdriver/support/wait.py:121: in until
    raise TimeoutException(message, screen, stacktrace)
E   selenium.common.exceptions.TimeoutException: Message: 
E   Stacktrace:
E   0   chromedriver                        0x0000000102fb1a84 cxxbridge1$str$ptr + 3195292
E   1   chromedriver                        0x0000000102fa9b4c cxxbridge1$str$ptr + 3162724
E   2   chromedriver                        0x0000000102a532a4 _RNvCs9NA52FrZ4pF_7___rustc35___rust_no_alloc_shim_is_unstable_v2 + 73836
E   3   chromedriver                        0x0000000102a9ba44 _RNvCs9NA52FrZ4pF_7___rustc35___rust_no_alloc_shim_is_unstable_v2 + 370700
E   4   chromedriver                        0x0000000102adb030 _RNvCs9NA52FrZ4pF_7___rustc35___rust_no_alloc_shim_is_unstable_v2 + 630264
E   5   chromedriver                        0x0000000102a91434 _RNvCs9NA52FrZ4pF_7___rustc35___rust_no_alloc_shim_is_unstable_v2 + 328188
E   6   chromedriver                        0x0000000102f6ec40 cxxbridge1$str$ptr + 2921304
E   7   chromedriver                        0x0000000102f723b8 cxxbridge1$str$ptr + 2935504
E   8   chromedriver                        0x0000000102f550f8 cxxbridge1$str$ptr + 2816016
E   9   chromedriver                        0x0000000102f72c4c cxxbridge1$str$ptr + 2937700
E   10  chromedriver                        0x0000000102f463b0 cxxbridge1$str$ptr + 2755272
E   11  chromedriver                        0x0000000102f981f4 cxxbridge1$str$ptr + 3090700
E   12  chromedriver                        0x0000000102f98354 cxxbridge1$str$ptr + 3091052
E   13  chromedriver                        0x0000000102fa97a4 cxxbridge1$str$ptr + 3161788
E   14  libsystem_pthread.dylib             0x0000000199325c08 _pthread_start + 136
E   15  libsystem_pthread.dylib             0x0000000199320ba8 thread_start + 8
_____________ test_switching_subtabs_does_not_change_kpi_or_chart ______________
tests/admin_portal/revenue_overview/test_revenue_overview.py:1073: in test_switching_subtabs_does_not_change_kpi_or_chart
    rvo_page.click_sub_tab("Recharges")
pages/admin_portal/revenue_overview_page.py:588: in click_sub_tab
    self._click_tab(locator)
pages/admin_portal/revenue_overview_page.py:574: in _click_tab
    btn = self.wait.until(EC.element_to_be_clickable(locator))
          ^^^^^^^^^^^^^^^^^^^^^^^^^^^^^^^^^^^^^^^^^^^^^^^^^^^^
venv/lib/python3.11/site-packages/selenium/webdriver/support/wait.py:121: in until
    raise TimeoutException(message, screen, stacktrace)
E   selenium.common.exceptions.TimeoutException: Message: 
E   Stacktrace:
E   0   chromedriver                        0x000000010496da84 cxxbridge1$str$ptr + 3195292
E   1   chromedriver                        0x0000000104965b4c cxxbridge1$str$ptr + 3162724
E   2   chromedriver                        0x000000010440f2a4 _RNvCs9NA52FrZ4pF_7___rustc35___rust_no_alloc_shim_is_unstable_v2 + 73836
E   3   chromedriver                        0x0000000104457a44 _RNvCs9NA52FrZ4pF_7___rustc35___rust_no_alloc_shim_is_unstable_v2 + 370700
E   4   chromedriver                        0x0000000104497030 _RNvCs9NA52FrZ4pF_7___rustc35___rust_no_alloc_shim_is_unstable_v2 + 630264
E   5   chromedriver                        0x000000010444d434 _RNvCs9NA52FrZ4pF_7___rustc35___rust_no_alloc_shim_is_unstable_v2 + 328188
E   6   chromedriver                        0x000000010492ac40 cxxbridge1$str$ptr + 2921304
E   7   chromedriver                        0x000000010492e3b8 cxxbridge1$str$ptr + 2935504
E   8   chromedriver                        0x00000001049110f8 cxxbridge1$str$ptr + 2816016
E   9   chromedriver                        0x000000010492ec4c cxxbridge1$str$ptr + 2937700
E   10  chromedriver                        0x00000001049023b0 cxxbridge1$str$ptr + 2755272
E   11  chromedriver                        0x00000001049541f4 cxxbridge1$str$ptr + 3090700
E   12  chromedriver                        0x0000000104954354 cxxbridge1$str$ptr + 3091052
E   13  chromedriver                        0x00000001049657a4 cxxbridge1$str$ptr + 3161788
E   14  libsystem_pthread.dylib             0x0000000199325c08 _pthread_start + 136
E   15  libsystem_pthread.dylib             0x0000000199320ba8 thread_start + 8
___________________ test_membership_plan_names_match_module ____________________
tests/admin_portal/revenue_overview/test_revenue_overview.py:1094: in test_membership_plan_names_match_module
    rvo_page.click_sub_tab("New Sales")
pages/admin_portal/revenue_overview_page.py:588: in click_sub_tab
    self._click_tab(locator)
pages/admin_portal/revenue_overview_page.py:574: in _click_tab
    btn = self.wait.until(EC.element_to_be_clickable(locator))
          ^^^^^^^^^^^^^^^^^^^^^^^^^^^^^^^^^^^^^^^^^^^^^^^^^^^^
venv/lib/python3.11/site-packages/selenium/webdriver/support/wait.py:121: in until
    raise TimeoutException(message, screen, stacktrace)
E   selenium.common.exceptions.TimeoutException: Message: 
E   Stacktrace:
E   0   chromedriver                        0x0000000100c09a84 cxxbridge1$str$ptr + 3195292
E   1   chromedriver                        0x0000000100c01b4c cxxbridge1$str$ptr + 3162724
E   2   chromedriver                        0x00000001006ab2a4 _RNvCs9NA52FrZ4pF_7___rustc35___rust_no_alloc_shim_is_unstable_v2 + 73836
E   3   chromedriver                        0x00000001006f3a44 _RNvCs9NA52FrZ4pF_7___rustc35___rust_no_alloc_shim_is_unstable_v2 + 370700
E   4   chromedriver                        0x0000000100733030 _RNvCs9NA52FrZ4pF_7___rustc35___rust_no_alloc_shim_is_unstable_v2 + 630264
E   5   chromedriver                        0x00000001006e9434 _RNvCs9NA52FrZ4pF_7___rustc35___rust_no_alloc_shim_is_unstable_v2 + 328188
E   6   chromedriver                        0x0000000100bc6c40 cxxbridge1$str$ptr + 2921304
E   7   chromedriver                        0x0000000100bca3b8 cxxbridge1$str$ptr + 2935504
E   8   chromedriver                        0x0000000100bad0f8 cxxbridge1$str$ptr + 2816016
E   9   chromedriver                        0x0000000100bcac4c cxxbridge1$str$ptr + 2937700
E   10  chromedriver                        0x0000000100b9e3b0 cxxbridge1$str$ptr + 2755272
E   11  chromedriver                        0x0000000100bf01f4 cxxbridge1$str$ptr + 3090700
E   12  chromedriver                        0x0000000100bf0354 cxxbridge1$str$ptr + 3091052
E   13  chromedriver                        0x0000000100c017a4 cxxbridge1$str$ptr + 3161788
E   14  libsystem_pthread.dylib             0x0000000199325c08 _pthread_start + 136
E   15  libsystem_pthread.dylib             0x0000000199320ba8 thread_start + 8
___________________ test_wash_package_subtab_lists_packages ____________________
tests/admin_portal/revenue_overview/test_revenue_overview.py:1157: in test_wash_package_subtab_lists_packages
    rvo_page.click_sub_tab("Wash Package")
pages/admin_portal/revenue_overview_page.py:588: in click_sub_tab
    self._click_tab(locator)
pages/admin_portal/revenue_overview_page.py:574: in _click_tab
    btn = self.wait.until(EC.element_to_be_clickable(locator))
          ^^^^^^^^^^^^^^^^^^^^^^^^^^^^^^^^^^^^^^^^^^^^^^^^^^^^
venv/lib/python3.11/site-packages/selenium/webdriver/support/wait.py:121: in until
    raise TimeoutException(message, screen, stacktrace)
E   selenium.common.exceptions.TimeoutException: Message: 
E   Stacktrace:
E   0   chromedriver                        0x0000000102c8da84 cxxbridge1$str$ptr + 3195292
E   1   chromedriver                        0x0000000102c85b4c cxxbridge1$str$ptr + 3162724
E   2   chromedriver                        0x000000010272f2a4 _RNvCs9NA52FrZ4pF_7___rustc35___rust_no_alloc_shim_is_unstable_v2 + 73836
E   3   chromedriver                        0x0000000102777a44 _RNvCs9NA52FrZ4pF_7___rustc35___rust_no_alloc_shim_is_unstable_v2 + 370700
E   4   chromedriver                        0x00000001027b7030 _RNvCs9NA52FrZ4pF_7___rustc35___rust_no_alloc_shim_is_unstable_v2 + 630264
E   5   chromedriver                        0x000000010276d434 _RNvCs9NA52FrZ4pF_7___rustc35___rust_no_alloc_shim_is_unstable_v2 + 328188
E   6   chromedriver                        0x0000000102c4ac40 cxxbridge1$str$ptr + 2921304
E   7   chromedriver                        0x0000000102c4e3b8 cxxbridge1$str$ptr + 2935504
E   8   chromedriver                        0x0000000102c310f8 cxxbridge1$str$ptr + 2816016
E   9   chromedriver                        0x0000000102c4ec4c cxxbridge1$str$ptr + 2937700
E   10  chromedriver                        0x0000000102c223b0 cxxbridge1$str$ptr + 2755272
E   11  chromedriver                        0x0000000102c741f4 cxxbridge1$str$ptr + 3090700
E   12  chromedriver                        0x0000000102c74354 cxxbridge1$str$ptr + 3091052
E   13  chromedriver                        0x0000000102c857a4 cxxbridge1$str$ptr + 3161788
E   14  libsystem_pthread.dylib             0x0000000199325c08 _pthread_start + 136
E   15  libsystem_pthread.dylib             0x0000000199320ba8 thread_start + 8
_____________________ test_wash_package_names_match_module _____________________
tests/admin_portal/revenue_overview/test_revenue_overview.py:1185: in test_wash_package_names_match_module
    rvo_page.click_sub_tab("Wash Package")
pages/admin_portal/revenue_overview_page.py:588: in click_sub_tab
    self._click_tab(locator)
pages/admin_portal/revenue_overview_page.py:574: in _click_tab
    btn = self.wait.until(EC.element_to_be_clickable(locator))
          ^^^^^^^^^^^^^^^^^^^^^^^^^^^^^^^^^^^^^^^^^^^^^^^^^^^^
venv/lib/python3.11/site-packages/selenium/webdriver/support/wait.py:121: in until
    raise TimeoutException(message, screen, stacktrace)
E   selenium.common.exceptions.TimeoutException: Message: 
E   Stacktrace:
E   0   chromedriver                        0x000000010111da84 cxxbridge1$str$ptr + 3195292
E   1   chromedriver                        0x0000000101115b4c cxxbridge1$str$ptr + 3162724
E   2   chromedriver                        0x0000000100bbf2a4 _RNvCs9NA52FrZ4pF_7___rustc35___rust_no_alloc_shim_is_unstable_v2 + 73836
E   3   chromedriver                        0x0000000100c07a44 _RNvCs9NA52FrZ4pF_7___rustc35___rust_no_alloc_shim_is_unstable_v2 + 370700
E   4   chromedriver                        0x0000000100c47030 _RNvCs9NA52FrZ4pF_7___rustc35___rust_no_alloc_shim_is_unstable_v2 + 630264
E   5   chromedriver                        0x0000000100bfd434 _RNvCs9NA52FrZ4pF_7___rustc35___rust_no_alloc_shim_is_unstable_v2 + 328188
E   6   chromedriver                        0x00000001010dac40 cxxbridge1$str$ptr + 2921304
E   7   chromedriver                        0x00000001010de3b8 cxxbridge1$str$ptr + 2935504
E   8   chromedriver                        0x00000001010c10f8 cxxbridge1$str$ptr + 2816016
E   9   chromedriver                        0x00000001010dec4c cxxbridge1$str$ptr + 2937700
E   10  chromedriver                        0x00000001010b23b0 cxxbridge1$str$ptr + 2755272
E   11  chromedriver                        0x00000001011041f4 cxxbridge1$str$ptr + 3090700
E   12  chromedriver                        0x0000000101104354 cxxbridge1$str$ptr + 3091052
E   13  chromedriver                        0x00000001011157a4 cxxbridge1$str$ptr + 3161788
E   14  libsystem_pthread.dylib             0x0000000199325c08 _pthread_start + 136
E   15  libsystem_pthread.dylib             0x0000000199320ba8 thread_start + 8
_____________________ test_each_row_shows_four_data_points _____________________
tests/admin_portal/revenue_overview/test_revenue_overview.py:1254: in test_each_row_shows_four_data_points
    rvo_page.click_sub_tab("New Sales")
pages/admin_portal/revenue_overview_page.py:588: in click_sub_tab
    self._click_tab(locator)
pages/admin_portal/revenue_overview_page.py:574: in _click_tab
    btn = self.wait.until(EC.element_to_be_clickable(locator))
          ^^^^^^^^^^^^^^^^^^^^^^^^^^^^^^^^^^^^^^^^^^^^^^^^^^^^
venv/lib/python3.11/site-packages/selenium/webdriver/support/wait.py:121: in until
    raise TimeoutException(message, screen, stacktrace)
E   selenium.common.exceptions.TimeoutException: Message: 
E   Stacktrace:
E   0   chromedriver                        0x0000000101095a84 cxxbridge1$str$ptr + 3195292
E   1   chromedriver                        0x000000010108db4c cxxbridge1$str$ptr + 3162724
E   2   chromedriver                        0x0000000100b372a4 _RNvCs9NA52FrZ4pF_7___rustc35___rust_no_alloc_shim_is_unstable_v2 + 73836
E   3   chromedriver                        0x0000000100b7fa44 _RNvCs9NA52FrZ4pF_7___rustc35___rust_no_alloc_shim_is_unstable_v2 + 370700
E   4   chromedriver                        0x0000000100bbf030 _RNvCs9NA52FrZ4pF_7___rustc35___rust_no_alloc_shim_is_unstable_v2 + 630264
E   5   chromedriver                        0x0000000100b75434 _RNvCs9NA52FrZ4pF_7___rustc35___rust_no_alloc_shim_is_unstable_v2 + 328188
E   6   chromedriver                        0x0000000101052c40 cxxbridge1$str$ptr + 2921304
E   7   chromedriver                        0x00000001010563b8 cxxbridge1$str$ptr + 2935504
E   8   chromedriver                        0x00000001010390f8 cxxbridge1$str$ptr + 2816016
E   9   chromedriver                        0x0000000101056c4c cxxbridge1$str$ptr + 2937700
E   10  chromedriver                        0x000000010102a3b0 cxxbridge1$str$ptr + 2755272
E   11  chromedriver                        0x000000010107c1f4 cxxbridge1$str$ptr + 3090700
E   12  chromedriver                        0x000000010107c354 cxxbridge1$str$ptr + 3091052
E   13  chromedriver                        0x000000010108d7a4 cxxbridge1$str$ptr + 3161788
E   14  libsystem_pthread.dylib             0x0000000199325c08 _pthread_start + 136
E   15  libsystem_pthread.dylib             0x0000000199320ba8 thread_start + 8
__________ TestLaborShiftsEmployeeTable.test_employee_table_populates __________
tests/admin_portal/labor_shifts/test_labor_shifts.py:917: in test_employee_table_populates
    assert row_count > 0, (
E   AssertionError: Employee table has 0 rows for LAB_SITE + This month; expected at least 1 row per active employee
E   assert 0 > 0
_________ TestCardDeclinesSiteFilter.test_cdl_site_present_in_dropdown _________
tests/admin_portal/card_declines/test_card_declines.py:361: in test_cdl_site_present_in_dropdown
    cdl_modal.select_site(CDL_SITE)
pages/admin_portal/card_declines_page.py:221: in select_site
    ActionChains(self.driver).move_to_element(inner).click(inner).perform()
venv/lib/python3.11/site-packages/selenium/webdriver/common/action_chains.py:99: in perform
    self.w3c_actions.perform()
venv/lib/python3.11/site-packages/selenium/webdriver/common/actions/action_builder.py:148: in perform
    self.driver.execute(Command.W3C_ACTIONS, enc)
venv/lib/python3.11/site-packages/selenium/webdriver/remote/webdriver.py:468: in execute
    self.error_handler.check_response(response)
venv/lib/python3.11/site-packages/selenium/webdriver/remote/errorhandler.py:232: in check_response
    raise exception_class(message, screen, stacktrace)
E   selenium.common.exceptions.StaleElementReferenceException: Message: stale element reference: stale element not found in the current frame
E     (Session info: chrome=150.0.7871.187); For documentation on this error, please visit: https://www.selenium.dev/documentation/webdriver/troubleshooting/errors#staleelementreferenceexception
E   Stacktrace:
E   0   chromedriver                        0x0000000102deda84 cxxbridge1$str$ptr + 3195292
E   1   chromedriver                        0x0000000102de5b4c cxxbridge1$str$ptr + 3162724
E   2   chromedriver                        0x000000010288f2a4 _RNvCs9NA52FrZ4pF_7___rustc35___rust_no_alloc_shim_is_unstable_v2 + 73836
E   3   chromedriver                        0x0000000102895464 _RNvCs9NA52FrZ4pF_7___rustc35___rust_no_alloc_shim_is_unstable_v2 + 98860
E   4   chromedriver                        0x0000000102897678 _RNvCs9NA52FrZ4pF_7___rustc35___rust_no_alloc_shim_is_unstable_v2 + 107584
E   5   chromedriver                        0x0000000102897730 _RNvCs9NA52FrZ4pF_7___rustc35___rust_no_alloc_shim_is_unstable_v2 + 107768
E   6   chromedriver                        0x00000001028dc87c _RNvCs9NA52FrZ4pF_7___rustc35___rust_no_alloc_shim_is_unstable_v2 + 390724
E   7   chromedriver                        0x00000001028dc294 _RNvCs9NA52FrZ4pF_7___rustc35___rust_no_alloc_shim_is_unstable_v2 + 389212
E   8   chromedriver                        0x000000010291e2e4 _RNvCs9NA52FrZ4pF_7___rustc35___rust_no_alloc_shim_is_unstable_v2 + 659628
E   9   chromedriver                        0x0000000102917030 _RNvCs9NA52FrZ4pF_7___rustc35___rust_no_alloc_shim_is_unstable_v2 + 630264
E   10  chromedriver                        0x00000001028cd434 _RNvCs9NA52FrZ4pF_7___rustc35___rust_no_alloc_shim_is_unstable_v2 + 328188
E   11  chromedriver                        0x0000000102daac40 cxxbridge1$str$ptr + 2921304
E   12  chromedriver                        0x0000000102dae3b8 cxxbridge1$str$ptr + 2935504
E   13  chromedriver                        0x0000000102d910f8 cxxbridge1$str$ptr + 2816016
E   14  chromedriver                        0x0000000102daec4c cxxbridge1$str$ptr + 2937700
E   15  chromedriver                        0x0000000102d823b0 cxxbridge1$str$ptr + 2755272
E   16  chromedriver                        0x0000000102dd41f4 cxxbridge1$str$ptr + 3090700
E   17  chromedriver                        0x0000000102dd4354 cxxbridge1$str$ptr + 3091052
E   18  chromedriver                        0x0000000102de57a4 cxxbridge1$str$ptr + 3161788
E   19  libsystem_pthread.dylib             0x0000000199325c08 _pthread_start + 136
E   20  libsystem_pthread.dylib             0x0000000199320ba8 thread_start + 8
___________ test_download_filtered_memberships_starts_file_download ____________
tests/admin_portal/memberships/test_memberships_download.py:100: in test_download_filtered_memberships_starts_file_download
    memberships_page = open_memberships_page(browser)
                       ^^^^^^^^^^^^^^^^^^^^^^^^^^^^^^
tests/admin_portal/memberships/conftest.py:45: in open_memberships_page
    memberships_page.wait_for_list_loaded()
pages/admin_portal/memberships_page.py:205: in wait_for_list_loaded
    self.wait_for_grid_idle()
pages/admin_portal/memberships_page.py:209: in wait_for_grid_idle
    self.wait.until(
venv/lib/python3.11/site-packages/selenium/webdriver/support/wait.py:121: in until
    raise TimeoutException(message, screen, stacktrace)
E   selenium.common.exceptions.TimeoutException: Message:
----------------------------- Captured stderr call -----------------------------
2026-07-28 17:05:43,690 INFO tests.admin_portal.memberships.test_memberships_download: Verifying filtered membership export downloads a file
------------------------------ Captured log call -------------------------------
INFO     tests.admin_portal.memberships.test_memberships_download:test_memberships_download.py:91 Verifying filtered membership export downloads a file
_____________________ test_membership_create_is_idempotent _____________________
tests/admin_portal/memberships/test_memberships_edge_cases.py:19: in test_membership_create_is_idempotent
    memberships_page = create_membership_if_missing(browser)
                       ^^^^^^^^^^^^^^^^^^^^^^^^^^^^^^^^^^^^^
tests/admin_portal/memberships/conftest.py:76: in create_membership_if_missing
    memberships_page.wait_for_membership_row(membership_name)
pages/admin_portal/memberships_page.py:279: in wait_for_membership_row
    return self.wait.until(
venv/lib/python3.11/site-packages/selenium/webdriver/support/wait.py:121: in until
    raise TimeoutException(message, screen, stacktrace)
E   selenium.common.exceptions.TimeoutException: Message: 
E   Stacktrace:
E   0   chromedriver                        0x000000010358da84 cxxbridge1$str$ptr + 3195292
E   1   chromedriver                        0x0000000103585b4c cxxbridge1$str$ptr + 3162724
E   2   chromedriver                        0x000000010302f2a4 _RNvCs9NA52FrZ4pF_7___rustc35___rust_no_alloc_shim_is_unstable_v2 + 73836
E   3   chromedriver                        0x0000000103077a44 _RNvCs9NA52FrZ4pF_7___rustc35___rust_no_alloc_shim_is_unstable_v2 + 370700
E   4   chromedriver                        0x00000001030b7030 _RNvCs9NA52FrZ4pF_7___rustc35___rust_no_alloc_shim_is_unstable_v2 + 630264
E   5   chromedriver                        0x000000010306d434 _RNvCs9NA52FrZ4pF_7___rustc35___rust_no_alloc_shim_is_unstable_v2 + 328188
E   6   chromedriver                        0x000000010354ac40 cxxbridge1$str$ptr + 2921304
E   7   chromedriver                        0x000000010354e3b8 cxxbridge1$str$ptr + 2935504
E   8   chromedriver                        0x00000001035310f8 cxxbridge1$str$ptr + 2816016
E   9   chromedriver                        0x000000010354ec4c cxxbridge1$str$ptr + 2937700
E   10  chromedriver                        0x00000001035223b0 cxxbridge1$str$ptr + 2755272
E   11  chromedriver                        0x00000001035741f4 cxxbridge1$str$ptr + 3090700
E   12  chromedriver                        0x0000000103574354 cxxbridge1$str$ptr + 3091052
E   13  chromedriver                        0x00000001035857a4 cxxbridge1$str$ptr + 3161788
E   14  libsystem_pthread.dylib             0x0000000199325c08 _pthread_start + 136
E   15  libsystem_pthread.dylib             0x0000000199320ba8 thread_start + 8
_______________ test_membership_only_first_location_is_assigned ________________
tests/admin_portal/memberships/test_memberships_edge_cases.py:30: in test_membership_only_first_location_is_assigned
    memberships_page = create_membership_if_missing(browser)
                       ^^^^^^^^^^^^^^^^^^^^^^^^^^^^^^^^^^^^^
tests/admin_portal/memberships/conftest.py:76: in create_membership_if_missing
    memberships_page.wait_for_membership_row(membership_name)
pages/admin_portal/memberships_page.py:279: in wait_for_membership_row
    return self.wait.until(
venv/lib/python3.11/site-packages/selenium/webdriver/support/wait.py:121: in until
    raise TimeoutException(message, screen, stacktrace)
E   selenium.common.exceptions.TimeoutException: Message: 
E   Stacktrace:
E   0   chromedriver                        0x00000001048cda84 cxxbridge1$str$ptr + 3195292
E   1   chromedriver                        0x00000001048c5b4c cxxbridge1$str$ptr + 3162724
E   2   chromedriver                        0x000000010436f2a4 _RNvCs9NA52FrZ4pF_7___rustc35___rust_no_alloc_shim_is_unstable_v2 + 73836
E   3   chromedriver                        0x00000001043b7a44 _RNvCs9NA52FrZ4pF_7___rustc35___rust_no_alloc_shim_is_unstable_v2 + 370700
E   4   chromedriver                        0x00000001043f7030 _RNvCs9NA52FrZ4pF_7___rustc35___rust_no_alloc_shim_is_unstable_v2 + 630264
E   5   chromedriver                        0x00000001043ad434 _RNvCs9NA52FrZ4pF_7___rustc35___rust_no_alloc_shim_is_unstable_v2 + 328188
E   6   chromedriver                        0x000000010488ac40 cxxbridge1$str$ptr + 2921304
E   7   chromedriver                        0x000000010488e3b8 cxxbridge1$str$ptr + 2935504
E   8   chromedriver                        0x00000001048710f8 cxxbridge1$str$ptr + 2816016
E   9   chromedriver                        0x000000010488ec4c cxxbridge1$str$ptr + 2937700
E   10  chromedriver                        0x00000001048623b0 cxxbridge1$str$ptr + 2755272
E   11  chromedriver                        0x00000001048b41f4 cxxbridge1$str$ptr + 3090700
E   12  chromedriver                        0x00000001048b4354 cxxbridge1$str$ptr + 3091052
E   13  chromedriver                        0x00000001048c57a4 cxxbridge1$str$ptr + 3161788
E   14  libsystem_pthread.dylib             0x0000000199325c08 _pthread_start + 136
E   15  libsystem_pthread.dylib             0x0000000199320ba8 thread_start + 8
________________ test_membership_long_name_does_not_break_form _________________
tests/admin_portal/memberships/test_memberships_edge_cases.py:41: in test_membership_long_name_does_not_break_form
    memberships_page = create_membership_if_missing(browser)
                       ^^^^^^^^^^^^^^^^^^^^^^^^^^^^^^^^^^^^^
tests/admin_portal/memberships/conftest.py:76: in create_membership_if_missing
    memberships_page.wait_for_membership_row(membership_name)
pages/admin_portal/memberships_page.py:279: in wait_for_membership_row
    return self.wait.until(
venv/lib/python3.11/site-packages/selenium/webdriver/support/wait.py:121: in until
    raise TimeoutException(message, screen, stacktrace)
E   selenium.common.exceptions.TimeoutException: Message: 
E   Stacktrace:
E   0   chromedriver                        0x0000000102ea1a84 cxxbridge1$str$ptr + 3195292
E   1   chromedriver                        0x0000000102e99b4c cxxbridge1$str$ptr + 3162724
E   2   chromedriver                        0x00000001029432a4 _RNvCs9NA52FrZ4pF_7___rustc35___rust_no_alloc_shim_is_unstable_v2 + 73836
E   3   chromedriver                        0x000000010298ba44 _RNvCs9NA52FrZ4pF_7___rustc35___rust_no_alloc_shim_is_unstable_v2 + 370700
E   4   chromedriver                        0x00000001029cb030 _RNvCs9NA52FrZ4pF_7___rustc35___rust_no_alloc_shim_is_unstable_v2 + 630264
E   5   chromedriver                        0x0000000102981434 _RNvCs9NA52FrZ4pF_7___rustc35___rust_no_alloc_shim_is_unstable_v2 + 328188
E   6   chromedriver                        0x0000000102e5ec40 cxxbridge1$str$ptr + 2921304
E   7   chromedriver                        0x0000000102e623b8 cxxbridge1$str$ptr + 2935504
E   8   chromedriver                        0x0000000102e450f8 cxxbridge1$str$ptr + 2816016
E   9   chromedriver                        0x0000000102e62c4c cxxbridge1$str$ptr + 2937700
E   10  chromedriver                        0x0000000102e363b0 cxxbridge1$str$ptr + 2755272
E   11  chromedriver                        0x0000000102e881f4 cxxbridge1$str$ptr + 3090700
E   12  chromedriver                        0x0000000102e88354 cxxbridge1$str$ptr + 3091052
E   13  chromedriver                        0x0000000102e997a4 cxxbridge1$str$ptr + 3161788
E   14  libsystem_pthread.dylib             0x0000000199325c08 _pthread_start + 136
E   15  libsystem_pthread.dylib             0x0000000199320ba8 thread_start + 8
_______________ test_edit_membership_loyalty_points_and_discount _______________
tests/admin_portal/memberships/test_memberships_edit.py:36: in test_edit_membership_loyalty_points_and_discount
    memberships_page = create_membership_if_missing(browser)
                       ^^^^^^^^^^^^^^^^^^^^^^^^^^^^^^^^^^^^^
tests/admin_portal/memberships/conftest.py:76: in create_membership_if_missing
    memberships_page.wait_for_membership_row(membership_name)
pages/admin_portal/memberships_page.py:279: in wait_for_membership_row
    return self.wait.until(
venv/lib/python3.11/site-packages/selenium/webdriver/support/wait.py:121: in until
    raise TimeoutException(message, screen, stacktrace)
E   selenium.common.exceptions.TimeoutException: Message: 
E   Stacktrace:
E   0   chromedriver                        0x00000001033b1a84 cxxbridge1$str$ptr + 3195292
E   1   chromedriver                        0x00000001033a9b4c cxxbridge1$str$ptr + 3162724
E   2   chromedriver                        0x0000000102e532a4 _RNvCs9NA52FrZ4pF_7___rustc35___rust_no_alloc_shim_is_unstable_v2 + 73836
E   3   chromedriver                        0x0000000102e9ba44 _RNvCs9NA52FrZ4pF_7___rustc35___rust_no_alloc_shim_is_unstable_v2 + 370700
E   4   chromedriver                        0x0000000102edb030 _RNvCs9NA52FrZ4pF_7___rustc35___rust_no_alloc_shim_is_unstable_v2 + 630264
E   5   chromedriver                        0x0000000102e91434 _RNvCs9NA52FrZ4pF_7___rustc35___rust_no_alloc_shim_is_unstable_v2 + 328188
E   6   chromedriver                        0x000000010336ec40 cxxbridge1$str$ptr + 2921304
E   7   chromedriver                        0x00000001033723b8 cxxbridge1$str$ptr + 2935504
E   8   chromedriver                        0x00000001033550f8 cxxbridge1$str$ptr + 2816016
E   9   chromedriver                        0x0000000103372c4c cxxbridge1$str$ptr + 2937700
E   10  chromedriver                        0x00000001033463b0 cxxbridge1$str$ptr + 2755272
E   11  chromedriver                        0x00000001033981f4 cxxbridge1$str$ptr + 3090700
E   12  chromedriver                        0x0000000103398354 cxxbridge1$str$ptr + 3091052
E   13  chromedriver                        0x00000001033a97a4 cxxbridge1$str$ptr + 3161788
E   14  libsystem_pthread.dylib             0x0000000199325c08 _pthread_start + 136
E   15  libsystem_pthread.dylib             0x0000000199320ba8 thread_start + 8
----------------------------- Captured stderr call -----------------------------
2026-07-28 17:13:39,082 INFO tests.admin_portal.memberships.test_memberships_edit: Editing membership loyalty points and discount: VK MA5
------------------------------ Captured log call -------------------------------
INFO     tests.admin_portal.memberships.test_memberships_edit:test_memberships_edit.py:35 Editing membership loyalty points and discount: VK MA5
____________________ test_edit_membership_name_and_restore _____________________
tests/admin_portal/memberships/test_memberships_edit.py:68: in test_edit_membership_name_and_restore
    memberships_page = create_membership_if_missing(browser)
                       ^^^^^^^^^^^^^^^^^^^^^^^^^^^^^^^^^^^^^
tests/admin_portal/memberships/conftest.py:76: in create_membership_if_missing
    memberships_page.wait_for_membership_row(membership_name)
pages/admin_portal/memberships_page.py:279: in wait_for_membership_row
    return self.wait.until(
venv/lib/python3.11/site-packages/selenium/webdriver/support/wait.py:121: in until
    raise TimeoutException(message, screen, stacktrace)
E   selenium.common.exceptions.TimeoutException: Message: 
E   Stacktrace:
E   0   chromedriver                        0x0000000105301a84 cxxbridge1$str$ptr + 3195292
E   1   chromedriver                        0x00000001052f9b4c cxxbridge1$str$ptr + 3162724
E   2   chromedriver                        0x0000000104da32a4 _RNvCs9NA52FrZ4pF_7___rustc35___rust_no_alloc_shim_is_unstable_v2 + 73836
E   3   chromedriver                        0x0000000104deba44 _RNvCs9NA52FrZ4pF_7___rustc35___rust_no_alloc_shim_is_unstable_v2 + 370700
E   4   chromedriver                        0x0000000104e2b030 _RNvCs9NA52FrZ4pF_7___rustc35___rust_no_alloc_shim_is_unstable_v2 + 630264
E   5   chromedriver                        0x0000000104de1434 _RNvCs9NA52FrZ4pF_7___rustc35___rust_no_alloc_shim_is_unstable_v2 + 328188
E   6   chromedriver                        0x00000001052bec40 cxxbridge1$str$ptr + 2921304
E   7   chromedriver                        0x00000001052c23b8 cxxbridge1$str$ptr + 2935504
E   8   chromedriver                        0x00000001052a50f8 cxxbridge1$str$ptr + 2816016
E   9   chromedriver                        0x00000001052c2c4c cxxbridge1$str$ptr + 2937700
E   10  chromedriver                        0x00000001052963b0 cxxbridge1$str$ptr + 2755272
E   11  chromedriver                        0x00000001052e81f4 cxxbridge1$str$ptr + 3090700
E   12  chromedriver                        0x00000001052e8354 cxxbridge1$str$ptr + 3091052
E   13  chromedriver                        0x00000001052f97a4 cxxbridge1$str$ptr + 3161788
E   14  libsystem_pthread.dylib             0x0000000199325c08 _pthread_start + 136
E   15  libsystem_pthread.dylib             0x0000000199320ba8 thread_start + 8
----------------------------- Captured stderr call -----------------------------
2026-07-28 17:16:08,397 INFO tests.admin_portal.memberships.test_memberships_edit: Editing membership name from VK MA5 and restoring it
------------------------------ Captured log call -------------------------------
INFO     tests.admin_portal.memberships.test_memberships_edit:test_memberships_edit.py:60 Editing membership name from VK MA5 and restoring it
________________ test_edit_managed_membership_barcode_persists _________________
tests/admin_portal/memberships/test_memberships_edit.py:145: in test_edit_managed_membership_barcode_persists
    assert page.get_barcode_value() == ""
E   AssertionError: assert 'AUTO-MB-BAR-001' == ''
E     
E     + AUTO-MB-BAR-001
____________ test_edit_managed_membership_customer_portal_toggle_on ____________
tests/admin_portal/memberships/test_memberships_edit.py:191: in test_edit_managed_membership_customer_portal_toggle_on
    assert page.customer_portal_switch_is_on()
E   assert False
E    +  where False = customer_portal_switch_is_on()
E    +    where customer_portal_switch_is_on = <pages.admin_portal.memberships_page.MembershipsPage object at 0x1105c5b90>.customer_portal_switch_is_on
___________ test_edit_managed_membership_assigns_multiple_locations ____________
tests/admin_portal/memberships/test_memberships_edit.py:218: in test_edit_managed_membership_assigns_multiple_locations
    assert page.location_is_assigned_by_index(0)
E   assert False
E    +  where False = location_is_assigned_by_index(0)
E    +    where location_is_assigned_by_index = <pages.admin_portal.memberships_page.MembershipsPage object at 0x1105e2950>.location_is_assigned_by_index
___________________ test_remove_applicable_discount_persists ___________________
tests/admin_portal/memberships/test_memberships_edit.py:261: in test_remove_applicable_discount_persists
    page.deselect_applicable_discount(APPLICABLE_DISCOUNT)
pages/admin_portal/memberships_page.py:1372: in deselect_applicable_discount
    btn = self.wait.until(EC.element_to_be_clickable(remove_button))
          ^^^^^^^^^^^^^^^^^^^^^^^^^^^^^^^^^^^^^^^^^^^^^^^^^^^^^^^^^^
venv/lib/python3.11/site-packages/selenium/webdriver/support/wait.py:121: in until
    raise TimeoutException(message, screen, stacktrace)
E   selenium.common.exceptions.TimeoutException: Message:
----------------------------- Captured stderr call -----------------------------
2026-07-28 17:57:44,977 INFO tests.admin_portal.memberships.test_memberships_edit: Assigning then removing discount Plus discount from AUTOTEST Membership
------------------------------ Captured log call -------------------------------
INFO     tests.admin_portal.memberships.test_memberships_edit:test_memberships_edit.py:251 Assigning then removing discount Plus discount from AUTOTEST Membership
____________________ test_limit_membership_toggle_persists _____________________
tests/admin_portal/memberships/test_memberships_edit.py:286: in test_limit_membership_toggle_persists
    assert page.limit_membership_switch_is_on()
E   assert False
E    +  where False = limit_membership_switch_is_on()
E    +    where limit_membership_switch_is_on = <pages.admin_portal.memberships_page.MembershipsPage object at 0x110532250>.limit_membership_switch_is_on
----------------------------- Captured stderr call -----------------------------
2026-07-28 18:03:13,046 INFO tests.admin_portal.memberships.test_memberships_edit: Enabling Limit Membership toggle for AUTOTEST Membership
------------------------------ Captured log call -------------------------------
INFO     tests.admin_portal.memberships.test_memberships_edit:test_memberships_edit.py:278 Enabling Limit Membership toggle for AUTOTEST Membership
________________________ test_create_prepaid_membership ________________________
tests/admin_portal/memberships/test_memberships_positive.py:36: in test_create_prepaid_membership
    memberships_page = create_membership_if_missing(browser)
                       ^^^^^^^^^^^^^^^^^^^^^^^^^^^^^^^^^^^^^
tests/admin_portal/memberships/conftest.py:76: in create_membership_if_missing
    memberships_page.wait_for_membership_row(membership_name)
pages/admin_portal/memberships_page.py:279: in wait_for_membership_row
    return self.wait.until(
venv/lib/python3.11/site-packages/selenium/webdriver/support/wait.py:121: in until
    raise TimeoutException(message, screen, stacktrace)
E   selenium.common.exceptions.TimeoutException: Message: 
E   Stacktrace:
E   0   chromedriver                        0x00000001011a5a84 cxxbridge1$str$ptr + 3195292
E   1   chromedriver                        0x000000010119db4c cxxbridge1$str$ptr + 3162724
E   2   chromedriver                        0x0000000100c472a4 _RNvCs9NA52FrZ4pF_7___rustc35___rust_no_alloc_shim_is_unstable_v2 + 73836
E   3   chromedriver                        0x0000000100c8fa44 _RNvCs9NA52FrZ4pF_7___rustc35___rust_no_alloc_shim_is_unstable_v2 + 370700
E   4   chromedriver                        0x0000000100ccf030 _RNvCs9NA52FrZ4pF_7___rustc35___rust_no_alloc_shim_is_unstable_v2 + 630264
E   5   chromedriver                        0x0000000100c85434 _RNvCs9NA52FrZ4pF_7___rustc35___rust_no_alloc_shim_is_unstable_v2 + 328188
E   6   chromedriver                        0x0000000101162c40 cxxbridge1$str$ptr + 2921304
E   7   chromedriver                        0x00000001011663b8 cxxbridge1$str$ptr + 2935504
E   8   chromedriver                        0x00000001011490f8 cxxbridge1$str$ptr + 2816016
E   9   chromedriver                        0x0000000101166c4c cxxbridge1$str$ptr + 2937700
E   10  chromedriver                        0x000000010113a3b0 cxxbridge1$str$ptr + 2755272
E   11  chromedriver                        0x000000010118c1f4 cxxbridge1$str$ptr + 3090700
E   12  chromedriver                        0x000000010118c354 cxxbridge1$str$ptr + 3091052
E   13  chromedriver                        0x000000010119d7a4 cxxbridge1$str$ptr + 3161788
E   14  libsystem_pthread.dylib             0x0000000199325c08 _pthread_start + 136
E   15  libsystem_pthread.dylib             0x0000000199320ba8 thread_start + 8
----------------------------- Captured stderr call -----------------------------
2026-07-28 18:16:17,602 INFO tests.admin_portal.memberships.test_memberships_positive: Creating/verifying prepaid membership: VK MA5
------------------------------ Captured log call -------------------------------
INFO     tests.admin_portal.memberships.test_memberships_positive:test_memberships_positive.py:35 Creating/verifying prepaid membership: VK MA5
_______________________ test_create_recurring_membership _______________________
tests/admin_portal/memberships/test_memberships_positive.py:57: in test_create_recurring_membership
    memberships_page = create_recurring_membership_if_missing(browser)
                       ^^^^^^^^^^^^^^^^^^^^^^^^^^^^^^^^^^^^^^^^^^^^^^^
tests/admin_portal/memberships/conftest.py:109: in create_recurring_membership_if_missing
    memberships_page.wait_for_membership_row(membership_name)
pages/admin_portal/memberships_page.py:279: in wait_for_membership_row
    return self.wait.until(
venv/lib/python3.11/site-packages/selenium/webdriver/support/wait.py:121: in until
    raise TimeoutException(message, screen, stacktrace)
E   selenium.common.exceptions.TimeoutException: Message: 
E   Stacktrace:
E   0   chromedriver                        0x0000000102a65a84 cxxbridge1$str$ptr + 3195292
E   1   chromedriver                        0x0000000102a5db4c cxxbridge1$str$ptr + 3162724
E   2   chromedriver                        0x00000001025072a4 _RNvCs9NA52FrZ4pF_7___rustc35___rust_no_alloc_shim_is_unstable_v2 + 73836
E   3   chromedriver                        0x000000010254fa44 _RNvCs9NA52FrZ4pF_7___rustc35___rust_no_alloc_shim_is_unstable_v2 + 370700
E   4   chromedriver                        0x000000010258f030 _RNvCs9NA52FrZ4pF_7___rustc35___rust_no_alloc_shim_is_unstable_v2 + 630264
E   5   chromedriver                        0x0000000102545434 _RNvCs9NA52FrZ4pF_7___rustc35___rust_no_alloc_shim_is_unstable_v2 + 328188
E   6   chromedriver                        0x0000000102a22c40 cxxbridge1$str$ptr + 2921304
E   7   chromedriver                        0x0000000102a263b8 cxxbridge1$str$ptr + 2935504
E   8   chromedriver                        0x0000000102a090f8 cxxbridge1$str$ptr + 2816016
E   9   chromedriver                        0x0000000102a26c4c cxxbridge1$str$ptr + 2937700
E   10  chromedriver                        0x00000001029fa3b0 cxxbridge1$str$ptr + 2755272
E   11  chromedriver                        0x0000000102a4c1f4 cxxbridge1$str$ptr + 3090700
E   12  chromedriver                        0x0000000102a4c354 cxxbridge1$str$ptr + 3091052
E   13  chromedriver                        0x0000000102a5d7a4 cxxbridge1$str$ptr + 3161788
E   14  libsystem_pthread.dylib             0x0000000199325c08 _pthread_start + 136
E   15  libsystem_pthread.dylib             0x0000000199320ba8 thread_start + 8
----------------------------- Captured stderr call -----------------------------
2026-07-28 18:18:33,858 INFO tests.admin_portal.memberships.test_memberships_positive: Creating/verifying recurring membership: VK MR4
------------------------------ Captured log call -------------------------------
INFO     tests.admin_portal.memberships.test_memberships_positive:test_memberships_positive.py:53 Creating/verifying recurring membership: VK MR4
_______________________ test_membership_settings_persist _______________________
tests/admin_portal/memberships/test_memberships_positive.py:93: in test_membership_settings_persist
    memberships_page = create_membership_if_missing(browser)
                       ^^^^^^^^^^^^^^^^^^^^^^^^^^^^^^^^^^^^^
tests/admin_portal/memberships/conftest.py:76: in create_membership_if_missing
    memberships_page.wait_for_membership_row(membership_name)
pages/admin_portal/memberships_page.py:279: in wait_for_membership_row
    return self.wait.until(
venv/lib/python3.11/site-packages/selenium/webdriver/support/wait.py:121: in until
    raise TimeoutException(message, screen, stacktrace)
E   selenium.common.exceptions.TimeoutException: Message: 
E   Stacktrace:
E   0   chromedriver                        0x0000000104d59a84 cxxbridge1$str$ptr + 3195292
E   1   chromedriver                        0x0000000104d51b4c cxxbridge1$str$ptr + 3162724
E   2   chromedriver                        0x00000001047fb2a4 _RNvCs9NA52FrZ4pF_7___rustc35___rust_no_alloc_shim_is_unstable_v2 + 73836
E   3   chromedriver                        0x0000000104843a44 _RNvCs9NA52FrZ4pF_7___rustc35___rust_no_alloc_shim_is_unstable_v2 + 370700
E   4   chromedriver                        0x0000000104883030 _RNvCs9NA52FrZ4pF_7___rustc35___rust_no_alloc_shim_is_unstable_v2 + 630264
E   5   chromedriver                        0x0000000104839434 _RNvCs9NA52FrZ4pF_7___rustc35___rust_no_alloc_shim_is_unstable_v2 + 328188
E   6   chromedriver                        0x0000000104d16c40 cxxbridge1$str$ptr + 2921304
E   7   chromedriver                        0x0000000104d1a3b8 cxxbridge1$str$ptr + 2935504
E   8   chromedriver                        0x0000000104cfd0f8 cxxbridge1$str$ptr + 2816016
E   9   chromedriver                        0x0000000104d1ac4c cxxbridge1$str$ptr + 2937700
E   10  chromedriver                        0x0000000104cee3b0 cxxbridge1$str$ptr + 2755272
E   11  chromedriver                        0x0000000104d401f4 cxxbridge1$str$ptr + 3090700
E   12  chromedriver                        0x0000000104d40354 cxxbridge1$str$ptr + 3091052
E   13  chromedriver                        0x0000000104d517a4 cxxbridge1$str$ptr + 3161788
E   14  libsystem_pthread.dylib             0x0000000199325c08 _pthread_start + 136
E   15  libsystem_pthread.dylib             0x0000000199320ba8 thread_start + 8
----------------------------- Captured stderr call -----------------------------
2026-07-28 18:20:53,678 INFO tests.admin_portal.memberships.test_memberships_positive: Verifying membership settings persist: VK MA5
------------------------------ Captured log call -------------------------------
INFO     tests.admin_portal.memberships.test_memberships_positive:test_memberships_positive.py:92 Verifying membership settings persist: VK MA5
___________________________ test_activate_membership ___________________________
tests/admin_portal/memberships/test_memberships_positive.py:184: in test_activate_membership
    assert page.get_membership_status(MANAGED_MEMBERSHIP) == "Active"
E   AssertionError: assert 'Inactive' == 'Active'
E     
E     - Active
E     + Inactive
__________________________ test_deactivate_membership __________________________
tests/admin_portal/memberships/test_memberships_positive.py:203: in test_deactivate_membership
    assert MANAGED_MEMBERSHIP not in page.get_body_text()
E   AssertionError: assert 'AUTOTEST Membership' not in 'Memberships...1 - 29 of 29'
E     
E     'AUTOTEST Membership' is contained here:
E       Memberships
E       Filter by (1)
E       + Add new membership
E       Membership Name
E       Type...
E     
E     ...Full output truncated (83 lines hidden), use '-vv' to show
___________________ test_redemption_single_location_persists ___________________
tests/admin_portal/memberships/test_memberships_redemption.py:35: in test_redemption_single_location_persists
    assert page.redemption_location_is_assigned_by_index(0)
E   assert False
E    +  where False = redemption_location_is_assigned_by_index(0)
E    +    where redemption_location_is_assigned_by_index = <pages.admin_portal.memberships_page.MembershipsPage object at 0x110373250>.redemption_location_is_assigned_by_index
----------------------------- Captured stderr call -----------------------------
2026-07-28 18:42:53,921 INFO tests.admin_portal.memberships.test_memberships_redemption: Configuring single redemption location for AUTOTEST Membership with service VK detail wash
------------------------------ Captured log call -------------------------------
INFO     tests.admin_portal.memberships.test_memberships_redemption:test_memberships_redemption.py:23 Configuring single redemption location for AUTOTEST Membership with service VK detail wash
_______________________ test_memberships_existing_search _______________________
tests/admin_portal/memberships/test_memberships_search_filter.py:30: in test_memberships_existing_search
    assert memberships_page.wait_for_membership_row(
pages/admin_portal/memberships_page.py:279: in wait_for_membership_row
    return self.wait.until(
venv/lib/python3.11/site-packages/selenium/webdriver/support/wait.py:121: in until
    raise TimeoutException(message, screen, stacktrace)
E   selenium.common.exceptions.TimeoutException: Message: 
E   Stacktrace:
E   0   chromedriver                        0x0000000100ac1a84 cxxbridge1$str$ptr + 3195292
E   1   chromedriver                        0x0000000100ab9b4c cxxbridge1$str$ptr + 3162724
E   2   chromedriver                        0x00000001005632a4 _RNvCs9NA52FrZ4pF_7___rustc35___rust_no_alloc_shim_is_unstable_v2 + 73836
E   3   chromedriver                        0x00000001005aba44 _RNvCs9NA52FrZ4pF_7___rustc35___rust_no_alloc_shim_is_unstable_v2 + 370700
E   4   chromedriver                        0x00000001005eb030 _RNvCs9NA52FrZ4pF_7___rustc35___rust_no_alloc_shim_is_unstable_v2 + 630264
E   5   chromedriver                        0x00000001005a1434 _RNvCs9NA52FrZ4pF_7___rustc35___rust_no_alloc_shim_is_unstable_v2 + 328188
E   6   chromedriver                        0x0000000100a7ec40 cxxbridge1$str$ptr + 2921304
E   7   chromedriver                        0x0000000100a823b8 cxxbridge1$str$ptr + 2935504
E   8   chromedriver                        0x0000000100a650f8 cxxbridge1$str$ptr + 2816016
E   9   chromedriver                        0x0000000100a82c4c cxxbridge1$str$ptr + 2937700
E   10  chromedriver                        0x0000000100a563b0 cxxbridge1$str$ptr + 2755272
E   11  chromedriver                        0x0000000100aa81f4 cxxbridge1$str$ptr + 3090700
E   12  chromedriver                        0x0000000100aa8354 cxxbridge1$str$ptr + 3091052
E   13  chromedriver                        0x0000000100ab97a4 cxxbridge1$str$ptr + 3161788
E   14  libsystem_pthread.dylib             0x0000000199325c08 _pthread_start + 136
E   15  libsystem_pthread.dylib             0x0000000199320ba8 thread_start + 8
----------------------------- Captured stderr call -----------------------------
2026-07-28 18:47:35,163 INFO tests.admin_portal.memberships.test_memberships_search_filter: Searching membership by exact name: VK MA5
------------------------------ Captured log call -------------------------------
INFO     tests.admin_portal.memberships.test_memberships_search_filter:test_memberships_search_filter.py:26 Searching membership by exact name: VK MA5
___________________ test_memberships_case_insensitive_search ___________________
tests/admin_portal/memberships/test_memberships_search_filter.py:83: in test_memberships_case_insensitive_search
    assert memberships_page.wait_for_membership_row(
pages/admin_portal/memberships_page.py:279: in wait_for_membership_row
    return self.wait.until(
venv/lib/python3.11/site-packages/selenium/webdriver/support/wait.py:121: in until
    raise TimeoutException(message, screen, stacktrace)
E   selenium.common.exceptions.TimeoutException: Message: 
E   Stacktrace:
E   0   chromedriver                        0x0000000101025a84 cxxbridge1$str$ptr + 3195292
E   1   chromedriver                        0x000000010101db4c cxxbridge1$str$ptr + 3162724
E   2   chromedriver                        0x0000000100ac72a4 _RNvCs9NA52FrZ4pF_7___rustc35___rust_no_alloc_shim_is_unstable_v2 + 73836
E   3   chromedriver                        0x0000000100b0fa44 _RNvCs9NA52FrZ4pF_7___rustc35___rust_no_alloc_shim_is_unstable_v2 + 370700
E   4   chromedriver                        0x0000000100b4f030 _RNvCs9NA52FrZ4pF_7___rustc35___rust_no_alloc_shim_is_unstable_v2 + 630264
E   5   chromedriver                        0x0000000100b05434 _RNvCs9NA52FrZ4pF_7___rustc35___rust_no_alloc_shim_is_unstable_v2 + 328188
E   6   chromedriver                        0x0000000100fe2c40 cxxbridge1$str$ptr + 2921304
E   7   chromedriver                        0x0000000100fe63b8 cxxbridge1$str$ptr + 2935504
E   8   chromedriver                        0x0000000100fc90f8 cxxbridge1$str$ptr + 2816016
E   9   chromedriver                        0x0000000100fe6c4c cxxbridge1$str$ptr + 2937700
E   10  chromedriver                        0x0000000100fba3b0 cxxbridge1$str$ptr + 2755272
E   11  chromedriver                        0x000000010100c1f4 cxxbridge1$str$ptr + 3090700
E   12  chromedriver                        0x000000010100c354 cxxbridge1$str$ptr + 3091052
E   13  chromedriver                        0x000000010101d7a4 cxxbridge1$str$ptr + 3161788
E   14  libsystem_pthread.dylib             0x0000000199325c08 _pthread_start + 136
E   15  libsystem_pthread.dylib             0x0000000199320ba8 thread_start + 8
----------------------------- Captured stderr call -----------------------------
2026-07-28 18:49:22,454 INFO tests.admin_portal.memberships.test_memberships_search_filter: Searching membership using uppercase value: VK MA5
------------------------------ Captured log call -------------------------------
INFO     tests.admin_portal.memberships.test_memberships_search_filter:test_memberships_search_filter.py:79 Searching membership using uppercase value: VK MA5
_______________________ test_memberships_filter_by_site ________________________
tests/admin_portal/memberships/test_memberships_search_filter.py:241: in test_memberships_filter_by_site
    assert memberships_page.wait_for_membership_row(SITE_MEMBERSHIP).is_displayed()
           ^^^^^^^^^^^^^^^^^^^^^^^^^^^^^^^^^^^^^^^^^^^^^^^^^^^^^^^^^
pages/admin_portal/memberships_page.py:279: in wait_for_membership_row
    return self.wait.until(
venv/lib/python3.11/site-packages/selenium/webdriver/support/wait.py:121: in until
    raise TimeoutException(message, screen, stacktrace)
E   selenium.common.exceptions.TimeoutException: Message: 
E   Stacktrace:
E   0   chromedriver                        0x00000001012f5a84 cxxbridge1$str$ptr + 3195292
E   1   chromedriver                        0x00000001012edb4c cxxbridge1$str$ptr + 3162724
E   2   chromedriver                        0x0000000100d972a4 _RNvCs9NA52FrZ4pF_7___rustc35___rust_no_alloc_shim_is_unstable_v2 + 73836
E   3   chromedriver                        0x0000000100ddfa44 _RNvCs9NA52FrZ4pF_7___rustc35___rust_no_alloc_shim_is_unstable_v2 + 370700
E   4   chromedriver                        0x0000000100e1f030 _RNvCs9NA52FrZ4pF_7___rustc35___rust_no_alloc_shim_is_unstable_v2 + 630264
E   5   chromedriver                        0x0000000100dd5434 _RNvCs9NA52FrZ4pF_7___rustc35___rust_no_alloc_shim_is_unstable_v2 + 328188
E   6   chromedriver                        0x00000001012b2c40 cxxbridge1$str$ptr + 2921304
E   7   chromedriver                        0x00000001012b63b8 cxxbridge1$str$ptr + 2935504
E   8   chromedriver                        0x00000001012990f8 cxxbridge1$str$ptr + 2816016
E   9   chromedriver                        0x00000001012b6c4c cxxbridge1$str$ptr + 2937700
E   10  chromedriver                        0x000000010128a3b0 cxxbridge1$str$ptr + 2755272
E   11  chromedriver                        0x00000001012dc1f4 cxxbridge1$str$ptr + 3090700
E   12  chromedriver                        0x00000001012dc354 cxxbridge1$str$ptr + 3091052
E   13  chromedriver                        0x00000001012ed7a4 cxxbridge1$str$ptr + 3161788
E   14  libsystem_pthread.dylib             0x0000000199325c08 _pthread_start + 136
E   15  libsystem_pthread.dylib             0x0000000199320ba8 thread_start + 8
__________________ test_duplicate_membership_name_is_rejected __________________
tests/admin_portal/memberships/test_memberships_validation.py:82: in test_duplicate_membership_name_is_rejected
    memberships_page = create_membership_if_missing(browser)
                       ^^^^^^^^^^^^^^^^^^^^^^^^^^^^^^^^^^^^^
tests/admin_portal/memberships/conftest.py:76: in create_membership_if_missing
    memberships_page.wait_for_membership_row(membership_name)
pages/admin_portal/memberships_page.py:279: in wait_for_membership_row
    return self.wait.until(
venv/lib/python3.11/site-packages/selenium/webdriver/support/wait.py:121: in until
    raise TimeoutException(message, screen, stacktrace)
E   selenium.common.exceptions.TimeoutException: Message: 
E   Stacktrace:
E   0   chromedriver                        0x0000000103389a84 cxxbridge1$str$ptr + 3195292
E   1   chromedriver                        0x0000000103381b4c cxxbridge1$str$ptr + 3162724
E   2   chromedriver                        0x0000000102e2b2a4 _RNvCs9NA52FrZ4pF_7___rustc35___rust_no_alloc_shim_is_unstable_v2 + 73836
E   3   chromedriver                        0x0000000102e73a44 _RNvCs9NA52FrZ4pF_7___rustc35___rust_no_alloc_shim_is_unstable_v2 + 370700
E   4   chromedriver                        0x0000000102eb3030 _RNvCs9NA52FrZ4pF_7___rustc35___rust_no_alloc_shim_is_unstable_v2 + 630264
E   5   chromedriver                        0x0000000102e69434 _RNvCs9NA52FrZ4pF_7___rustc35___rust_no_alloc_shim_is_unstable_v2 + 328188
E   6   chromedriver                        0x0000000103346c40 cxxbridge1$str$ptr + 2921304
E   7   chromedriver                        0x000000010334a3b8 cxxbridge1$str$ptr + 2935504
E   8   chromedriver                        0x000000010332d0f8 cxxbridge1$str$ptr + 2816016
E   9   chromedriver                        0x000000010334ac4c cxxbridge1$str$ptr + 2937700
E   10  chromedriver                        0x000000010331e3b0 cxxbridge1$str$ptr + 2755272
E   11  chromedriver                        0x00000001033701f4 cxxbridge1$str$ptr + 3090700
E   12  chromedriver                        0x0000000103370354 cxxbridge1$str$ptr + 3091052
E   13  chromedriver                        0x00000001033817a4 cxxbridge1$str$ptr + 3161788
E   14  libsystem_pthread.dylib             0x0000000199325c08 _pthread_start + 136
E   15  libsystem_pthread.dylib             0x0000000199320ba8 thread_start + 8
----------------------------- Captured stderr call -----------------------------
2026-07-28 19:02:23,776 INFO tests.admin_portal.memberships.test_memberships_validation: Validating duplicate membership name is rejected
------------------------------ Captured log call -------------------------------
INFO     tests.admin_portal.memberships.test_memberships_validation:test_memberships_validation.py:81 Validating duplicate membership name is rejected
_______________ test_decimal_global_price_is_accepted_and_saved ________________
tests/admin_portal/memberships/test_memberships_validation.py:209: in test_decimal_global_price_is_accepted_and_saved
    assert memberships_page.wait_for_membership_row(membership_name).is_displayed()
           ^^^^^^^^^^^^^^^^^^^^^^^^^^^^^^^^^^^^^^^^^^^^^^^^^^^^^^^^^
pages/admin_portal/memberships_page.py:279: in wait_for_membership_row
    return self.wait.until(
venv/lib/python3.11/site-packages/selenium/webdriver/support/wait.py:121: in until
    raise TimeoutException(message, screen, stacktrace)
E   selenium.common.exceptions.TimeoutException: Message: 
E   Stacktrace:
E   0   chromedriver                        0x0000000100fa9a84 cxxbridge1$str$ptr + 3195292
E   1   chromedriver                        0x0000000100fa1b4c cxxbridge1$str$ptr + 3162724
E   2   chromedriver                        0x0000000100a4b2a4 _RNvCs9NA52FrZ4pF_7___rustc35___rust_no_alloc_shim_is_unstable_v2 + 73836
E   3   chromedriver                        0x0000000100a93a44 _RNvCs9NA52FrZ4pF_7___rustc35___rust_no_alloc_shim_is_unstable_v2 + 370700
E   4   chromedriver                        0x0000000100ad3030 _RNvCs9NA52FrZ4pF_7___rustc35___rust_no_alloc_shim_is_unstable_v2 + 630264
E   5   chromedriver                        0x0000000100a89434 _RNvCs9NA52FrZ4pF_7___rustc35___rust_no_alloc_shim_is_unstable_v2 + 328188
E   6   chromedriver                        0x0000000100f66c40 cxxbridge1$str$ptr + 2921304
E   7   chromedriver                        0x0000000100f6a3b8 cxxbridge1$str$ptr + 2935504
E   8   chromedriver                        0x0000000100f4d0f8 cxxbridge1$str$ptr + 2816016
E   9   chromedriver                        0x0000000100f6ac4c cxxbridge1$str$ptr + 2937700
E   10  chromedriver                        0x0000000100f3e3b0 cxxbridge1$str$ptr + 2755272
E   11  chromedriver                        0x0000000100f901f4 cxxbridge1$str$ptr + 3090700
E   12  chromedriver                        0x0000000100f90354 cxxbridge1$str$ptr + 3091052
E   13  chromedriver                        0x0000000100fa17a4 cxxbridge1$str$ptr + 3161788
E   14  libsystem_pthread.dylib             0x0000000199325c08 _pthread_start + 136
E   15  libsystem_pthread.dylib             0x0000000199320ba8 thread_start + 8
----------------------------- Captured stderr call -----------------------------
2026-07-28 19:06:16,309 INFO tests.admin_portal.memberships.test_memberships_validation: Validating decimal global price is accepted: VK decimal 71b408
------------------------------ Captured log call -------------------------------
INFO     tests.admin_portal.memberships.test_memberships_validation:test_memberships_validation.py:198 Validating decimal global price is accepted: VK decimal 71b408
______________________ test_duplicate_barcode_is_rejected ______________________
tests/admin_portal/memberships/test_memberships_validation.py:233: in test_duplicate_barcode_is_rejected
    create_membership_if_missing(page.driver)
tests/admin_portal/memberships/conftest.py:76: in create_membership_if_missing
    memberships_page.wait_for_membership_row(membership_name)
pages/admin_portal/memberships_page.py:279: in wait_for_membership_row
    return self.wait.until(
venv/lib/python3.11/site-packages/selenium/webdriver/support/wait.py:121: in until
    raise TimeoutException(message, screen, stacktrace)
E   selenium.common.exceptions.TimeoutException: Message: 
E   Stacktrace:
E   0   chromedriver                        0x0000000105389a84 cxxbridge1$str$ptr + 3195292
E   1   chromedriver                        0x0000000105381b4c cxxbridge1$str$ptr + 3162724
E   2   chromedriver                        0x0000000104e2b2a4 _RNvCs9NA52FrZ4pF_7___rustc35___rust_no_alloc_shim_is_unstable_v2 + 73836
E   3   chromedriver                        0x0000000104e73a44 _RNvCs9NA52FrZ4pF_7___rustc35___rust_no_alloc_shim_is_unstable_v2 + 370700
E   4   chromedriver                        0x0000000104eb3030 _RNvCs9NA52FrZ4pF_7___rustc35___rust_no_alloc_shim_is_unstable_v2 + 630264
E   5   chromedriver                        0x0000000104e69434 _RNvCs9NA52FrZ4pF_7___rustc35___rust_no_alloc_shim_is_unstable_v2 + 328188
E   6   chromedriver                        0x0000000105346c40 cxxbridge1$str$ptr + 2921304
E   7   chromedriver                        0x000000010534a3b8 cxxbridge1$str$ptr + 2935504
E   8   chromedriver                        0x000000010532d0f8 cxxbridge1$str$ptr + 2816016
E   9   chromedriver                        0x000000010534ac4c cxxbridge1$str$ptr + 2937700
E   10  chromedriver                        0x000000010531e3b0 cxxbridge1$str$ptr + 2755272
E   11  chromedriver                        0x00000001053701f4 cxxbridge1$str$ptr + 3090700
E   12  chromedriver                        0x0000000105370354 cxxbridge1$str$ptr + 3091052
E   13  chromedriver                        0x00000001053817a4 cxxbridge1$str$ptr + 3161788
E   14  libsystem_pthread.dylib             0x0000000199325c08 _pthread_start + 136
E   15  libsystem_pthread.dylib             0x0000000199320ba8 thread_start + 8
----------------------------- Captured stderr call -----------------------------
2026-07-28 19:10:43,926 INFO tests.admin_portal.memberships.test_memberships_validation: Validating duplicate barcode 'AUTO-DUP-BAR-001' is rejected
------------------------------ Captured log call -------------------------------
INFO     tests.admin_portal.memberships.test_memberships_validation:test_memberships_validation.py:224 Validating duplicate barcode 'AUTO-DUP-BAR-001' is rejected
_________________ test_category_available_in_discount_creation _________________
tests/admin_portal/service_categories/test_service_categories_dependency.py:21: in test_category_available_in_discount_creation
    create_category_if_missing(browser)
tests/admin_portal/service_categories/conftest.py:40: in create_category_if_missing
    page.search_category(category_name)
pages/admin_portal/service_categories_page.py:354: in search_category
    self.wait.until(
venv/lib/python3.11/site-packages/selenium/webdriver/support/wait.py:121: in until
    raise TimeoutException(message, screen, stacktrace)
E   selenium.common.exceptions.TimeoutException: Message:
____________________ test_cancel_edit_does_not_save_changes ____________________
tests/admin_portal/service_categories/test_service_categories_edge_cases.py:129: in test_cancel_edit_does_not_save_changes
    page.open_edit_category(CATEGORY_NAME)
pages/admin_portal/service_categories_page.py:329: in open_edit_category
    self.search_category(category_name)
pages/admin_portal/service_categories_page.py:354: in search_category
    self.wait.until(
venv/lib/python3.11/site-packages/selenium/webdriver/support/wait.py:121: in until
    raise TimeoutException(message, screen, stacktrace)
E   selenium.common.exceptions.TimeoutException: Message:
__________________ test_create_service_category_is_idempotent __________________
tests/admin_portal/service_categories/test_service_categories_negative.py:107: in test_create_service_category_is_idempotent
    page.search_category(CATEGORY_NAME)
pages/admin_portal/service_categories_page.py:354: in search_category
    self.wait.until(
venv/lib/python3.11/site-packages/selenium/webdriver/support/wait.py:121: in until
    raise TimeoutException(message, screen, stacktrace)
E   selenium.common.exceptions.TimeoutException: Message:
_____________________ test_create_active_service_category ______________________
tests/admin_portal/service_categories/test_service_categories_positive.py:28: in test_create_active_service_category
    page.search_category(CATEGORY_NAME)
pages/admin_portal/service_categories_page.py:354: in search_category
    self.wait.until(
venv/lib/python3.11/site-packages/selenium/webdriver/support/wait.py:121: in until
    raise TimeoutException(message, screen, stacktrace)
E   selenium.common.exceptions.TimeoutException: Message:
____________________ test_create_inactive_service_category _____________________
tests/admin_portal/service_categories/test_service_categories_positive.py:42: in test_create_inactive_service_category
    page.open_edit_category(INACTIVE_CATEGORY_NAME)
pages/admin_portal/service_categories_page.py:329: in open_edit_category
    self.search_category(category_name)
pages/admin_portal/service_categories_page.py:354: in search_category
    self.wait.until(
venv/lib/python3.11/site-packages/selenium/webdriver/support/wait.py:121: in until
    raise TimeoutException(message, screen, stacktrace)
E   selenium.common.exceptions.TimeoutException: Message:
______________ test_service_categories_search_variants_and_clear _______________
tests/admin_portal/service_categories/test_service_categories_search_filter.py:32: in test_service_categories_search_variants_and_clear
    page.search_category(CATEGORY_NAME)
pages/admin_portal/service_categories_page.py:354: in search_category
    self.wait.until(
venv/lib/python3.11/site-packages/selenium/webdriver/support/wait.py:121: in until
    raise TimeoutException(message, screen, stacktrace)
E   selenium.common.exceptions.TimeoutException: Message:
----------------------------- Captured stderr call -----------------------------
2026-07-28 19:44:14,045 INFO tests.admin_portal.service_categories.test_service_categories_search_filter: Verifying Service Categories search variants
------------------------------ Captured log call -------------------------------
INFO     tests.admin_portal.service_categories.test_service_categories_search_filter:test_service_categories_search_filter.py:28 Verifying Service Categories search variants
- generated xml file: /Users/vk/Documents/NxtWash Automation/nxtwash-automation/reports/runs/20260728_144049/shard-3-junit.xml -
=========================== short test summary info ============================
FAILED tests/admin_portal/revenue_overview/test_revenue_overview.py::test_sites_dropdown_lists_all_active_sites
FAILED tests/admin_portal/revenue_overview/test_revenue_overview.py::test_recharges_subtab_zero_count_renders_cleanly
FAILED tests/admin_portal/revenue_overview/test_revenue_overview.py::test_resignups_subtab_lists_rows
FAILED tests/admin_portal/revenue_overview/test_revenue_overview.py::test_switching_subtabs_does_not_change_kpi_or_chart
FAILED tests/admin_portal/revenue_overview/test_revenue_overview.py::test_membership_plan_names_match_module
FAILED tests/admin_portal/revenue_overview/test_revenue_overview.py::test_wash_package_subtab_lists_packages
FAILED tests/admin_portal/revenue_overview/test_revenue_overview.py::test_wash_package_names_match_module
FAILED tests/admin_portal/revenue_overview/test_revenue_overview.py::test_each_row_shows_four_data_points
FAILED tests/admin_portal/labor_shifts/test_labor_shifts.py::TestLaborShiftsEmployeeTable::test_employee_table_populates
FAILED tests/admin_portal/card_declines/test_card_declines.py::TestCardDeclinesSiteFilter::test_cdl_site_present_in_dropdown
FAILED tests/admin_portal/memberships/test_memberships_download.py::test_download_filtered_memberships_starts_file_download
FAILED tests/admin_portal/memberships/test_memberships_edge_cases.py::test_membership_create_is_idempotent
FAILED tests/admin_portal/memberships/test_memberships_edge_cases.py::test_membership_only_first_location_is_assigned
FAILED tests/admin_portal/memberships/test_memberships_edge_cases.py::test_membership_long_name_does_not_break_form
FAILED tests/admin_portal/memberships/test_memberships_edit.py::test_edit_membership_loyalty_points_and_discount
FAILED tests/admin_portal/memberships/test_memberships_edit.py::test_edit_membership_name_and_restore
FAILED tests/admin_portal/memberships/test_memberships_edit.py::test_edit_managed_membership_barcode_persists
FAILED tests/admin_portal/memberships/test_memberships_edit.py::test_edit_managed_membership_customer_portal_toggle_on
FAILED tests/admin_portal/memberships/test_memberships_edit.py::test_edit_managed_membership_assigns_multiple_locations
FAILED tests/admin_portal/memberships/test_memberships_edit.py::test_remove_applicable_discount_persists
FAILED tests/admin_portal/memberships/test_memberships_edit.py::test_limit_membership_toggle_persists
FAILED tests/admin_portal/memberships/test_memberships_positive.py::test_create_prepaid_membership
FAILED tests/admin_portal/memberships/test_memberships_positive.py::test_create_recurring_membership
FAILED tests/admin_portal/memberships/test_memberships_positive.py::test_membership_settings_persist
FAILED tests/admin_portal/memberships/test_memberships_positive.py::test_activate_membership
FAILED tests/admin_portal/memberships/test_memberships_positive.py::test_deactivate_membership
FAILED tests/admin_portal/memberships/test_memberships_redemption.py::test_redemption_single_location_persists
FAILED tests/admin_portal/memberships/test_memberships_search_filter.py::test_memberships_existing_search
FAILED tests/admin_portal/memberships/test_memberships_search_filter.py::test_memberships_case_insensitive_search
FAILED tests/admin_portal/memberships/test_memberships_search_filter.py::test_memberships_filter_by_site
FAILED tests/admin_portal/memberships/test_memberships_validation.py::test_duplicate_membership_name_is_rejected
FAILED tests/admin_portal/memberships/test_memberships_validation.py::test_decimal_global_price_is_accepted_and_saved
FAILED tests/admin_portal/memberships/test_memberships_validation.py::test_duplicate_barcode_is_rejected
FAILED tests/admin_portal/service_categories/test_service_categories_dependency.py::test_category_available_in_discount_creation
FAILED tests/admin_portal/service_categories/test_service_categories_edge_cases.py::test_cancel_edit_does_not_save_changes
FAILED tests/admin_portal/service_categories/test_service_categories_negative.py::test_create_service_category_is_idempotent
FAILED tests/admin_portal/service_categories/test_service_categories_positive.py::test_create_active_service_category
FAILED tests/admin_portal/service_categories/test_service_categories_positive.py::test_create_inactive_service_category
FAILED tests/admin_portal/service_categories/test_service_categories_search_filter.py::test_service_categories_search_variants_and_clear
ERROR tests/admin_portal/revenue_overview/test_revenue_overview.py::test_modal_opens_with_default_state
ERROR tests/admin_portal/revenue_overview/test_revenue_overview.py::test_wash_extra_subtab_lists_extras
ERROR tests/admin_portal/revenue_overview/test_revenue_overview.py::test_wash_extra_names_match_module
ERROR tests/admin_portal/revenue_overview/test_revenue_overview.py::test_tooltip_dismisses_on_click_away
ERROR tests/admin_portal/revenue_overview/test_revenue_overview.py::TestSingleDayMode::test_select_date_in_single_day_mode
ERROR tests/admin_portal/card_declines/test_card_declines.py::TestCardDeclinesSiteFilter::test_widgets_refresh_on_site_change[CDL-MTX-012]
ERROR tests/admin_portal/card_declines/test_card_declines.py::TestCardDeclinesKPI::test_kpi_card_visible[CDL-KPI-001-02]
ERROR tests/admin_portal/card_declines/test_card_declines.py::TestCardDeclinesKPI::test_kpi_card_visible[CDL-KPI-001-04]
ERROR tests/admin_portal/card_declines/test_card_declines.py::TestCardDeclinesMatrix::test_matrix_column_present[CDL-MTX-002-12]
ERROR tests/admin_portal/card_declines/test_card_declines.py::TestCardDeclinesMatrix::test_matrix_pagination_present
ERROR tests/admin_portal/card_declines/test_card_declines.py::TestCardDeclinesReasonDist::test_reason_dist_section_visible
ERROR tests/admin_portal/card_declines/test_card_declines.py::TestSingleDaySync::test_page_bar_sdm_uncheck_syncs_to_modal
ERROR tests/admin_portal/memberships/test_memberships_edit.py::test_edit_managed_membership_customer_portal_toggle_off
ERROR tests/admin_portal/memberships/test_memberships_edit.py::test_membership_description_saves
ERROR tests/admin_portal/memberships/test_memberships_managed.py::test_managed_membership_provided_at_baseline
ERROR tests/admin_portal/cash_report/test_cash_report.py::TestAnalyticsTab::test_analytics_metrics_not_all_zero
= 39 failed, 314 passed, 36 skipped, 82 xfailed, 18 xpassed, 16 errors in 18302.96s (5:05:02) =

════════════════════════════════════════════════════
  Shard 3 finished at 19:45:54 — exit code: 1
════════════════════════════════════════════════════
