2026-07-28 22:17:20,936 INFO nxtwash: Test run starting against 'staging' environment
============================= test session starts ==============================
platform darwin -- Python 3.11.2, pytest-9.0.3, pluggy-1.6.0 -- /Users/vk/Documents/NxtWash Automation/nxtwash-automation/venv/bin/python3.11
cachedir: .pytest_cache
metadata: {'Python': '3.11.2', 'Platform': 'macOS-26.2-arm64-arm-64bit', 'Packages': {'pytest': '9.0.3', 'pluggy': '1.6.0'}, 'Plugins': {'html': '4.1.1', 'allure-pytest': '2.16.0', 'xdist': '3.8.0', 'Faker': '40.19.1', 'timeout': '2.4.0', 'metadata': '3.1.1', 'rerunfailures': '15.1'}}
rootdir: /Users/vk/Documents/NxtWash Automation/nxtwash-automation
configfile: pytest.ini
plugins: html-4.1.1, allure-pytest-2.16.0, xdist-3.8.0, Faker-40.19.1, timeout-2.4.0, metadata-3.1.1, rerunfailures-15.1
timeout: 420.0s
timeout method: signal
timeout func_only: False
collecting ... collected 523 items

tests/admin_portal/redemptions/test_redemptions.py::TestRedemptionsNav::test_page_loads_at_correct_url PASSED [  0%]
tests/admin_portal/redemptions/test_redemptions.py::TestRedemptionsNav::test_filter_modal_auto_opens PASSED [  0%]
tests/admin_portal/redemptions/test_redemptions.py::TestRedemptionsNav::test_modal_contains_all_controls PASSED [  0%]
tests/admin_portal/redemptions/test_redemptions.py::TestRedemptionsNav::test_modal_opens_with_no_default_site PASSED [  0%]
tests/admin_portal/redemptions/test_redemptions.py::TestRedemptionsNav::test_apply_filters_closes_modal PASSED [  0%]
tests/admin_portal/redemptions/test_redemptions.py::TestRedemptionsNav::test_filter_values_reflected_in_page_bar PASSED [  1%]
tests/admin_portal/redemptions/test_redemptions.py::TestRedemptionsNav::test_page_bar_changes_do_not_navigate_away ERROR [  1%]
tests/admin_portal/redemptions/test_redemptions.py::TestRedemptionsNav::test_page_content_visible_after_apply PASSED [  1%]
tests/admin_portal/redemptions/test_redemptions.py::TestRedemptionsSiteFilter::test_sites_dropdown_lists_active_sites PASSED [  1%]
tests/admin_portal/redemptions/test_redemptions.py::TestRedemptionsSiteFilter::test_no_default_site_selected PASSED [  1%]
tests/admin_portal/redemptions/test_redemptions.py::TestRedemptionsSiteFilter::test_selecting_site_creates_chip PASSED [  2%]
tests/admin_portal/redemptions/test_redemptions.py::TestRedemptionsSiteFilter::test_multi_site_selection_accepted PASSED [  2%]
tests/admin_portal/redemptions/test_redemptions.py::TestRedemptionsSiteFilter::test_single_site_scopes_data PASSED [  2%]
tests/admin_portal/redemptions/test_redemptions.py::TestRedemptionsSiteFilter::test_removing_chip_reduces_site_filter PASSED [  2%]
tests/admin_portal/redemptions/test_redemptions.py::TestRedemptionsSiteFilter::test_clear_all_sites PASSED [  2%]
tests/admin_portal/redemptions/test_redemptions.py::TestRedemptionsSiteFilter::test_site_dropdown_uses_multiselect PASSED [  3%]
tests/admin_portal/redemptions/test_redemptions.py::TestRedemptionsSiteFilter::test_site_dropdown_lists_multiple_sites PASSED [  3%]
tests/admin_portal/redemptions/test_redemptions.py::TestRedemptionsSiteFilter::test_page_bar_site_change_no_modal PASSED [  3%]
tests/admin_portal/redemptions/test_redemptions.py::TestRedemptionsSiteFilter::test_rdm_site_present_in_dropdown PASSED [  3%]
tests/admin_portal/redemptions/test_redemptions.py::TestRedemptionsSiteFilter::test_page_bar_site_change_does_not_reopen_modal PASSED [  3%]
tests/admin_portal/redemptions/test_redemptions.py::TestRedemptionsDateFilter::test_date_preset_count PASSED [  4%]
tests/admin_portal/redemptions/test_redemptions.py::TestRedemptionsDateFilter::test_date_preset_dropdown_options PASSED [  4%]
tests/admin_portal/redemptions/test_redemptions.py::TestRedemptionsDateFilter::test_selecting_preset_fills_date_range PASSED [  4%]
tests/admin_portal/redemptions/test_redemptions.py::TestRedemptionsDateFilter::test_preset_populates_date_range[RDM-DTE-002] PASSED [  4%]
tests/admin_portal/redemptions/test_redemptions.py::TestRedemptionsDateFilter::test_preset_populates_date_range[RDM-DTE-003] PASSED [  4%]
tests/admin_portal/redemptions/test_redemptions.py::TestRedemptionsDateFilter::test_preset_populates_date_range[RDM-DTE-004] PASSED [  4%]
tests/admin_portal/redemptions/test_redemptions.py::TestRedemptionsDateFilter::test_preset_populates_date_range[RDM-DTE-005] PASSED [  5%]
tests/admin_portal/redemptions/test_redemptions.py::TestRedemptionsDateFilter::test_preset_populates_date_range[RDM-DTE-006] PASSED [  5%]
tests/admin_portal/redemptions/test_redemptions.py::TestRedemptionsDateFilter::test_preset_populates_date_range[RDM-DTE-007] PASSED [  5%]
tests/admin_portal/redemptions/test_redemptions.py::TestRedemptionsDateFilter::test_date_range_field_shows_dates PASSED [  5%]
tests/admin_portal/redemptions/test_redemptions.py::TestRedemptionsDateFilter::test_future_dates_disabled_in_calendar SKIPPED [  5%]
tests/admin_portal/redemptions/test_redemptions.py::TestRedemptionsDateFilter::test_single_day_mode_changes_date_field PASSED [  6%]
tests/admin_portal/redemptions/test_redemptions.py::TestRedemptionsDateFilter::test_calendar_date_range_sets_field PASSED [  6%]
tests/admin_portal/redemptions/test_redemptions.py::TestRedemptionsDateFilter::test_single_day_checkbox_visible PASSED [  6%]
tests/admin_portal/redemptions/test_redemptions.py::TestRedemptionsDateFilter::test_zero_data_date_range_state PASSED [  6%]
tests/admin_portal/redemptions/test_redemptions.py::TestRedemptionsDateFilter::test_preset_clears_custom_date_range PASSED [  6%]
tests/admin_portal/redemptions/test_redemptions.py::TestRedemptionsSummaryCards::test_total_redemptions_card_visible PASSED [  7%]
tests/admin_portal/redemptions/test_redemptions.py::TestRedemptionsSummaryCards::test_all_summary_cards_visible ERROR [  7%]
tests/admin_portal/redemptions/test_redemptions.py::TestRedemptionsSummaryCards::test_summary_card_currency_format[RDM-SUM-004-01] PASSED [  7%]
tests/admin_portal/redemptions/test_redemptions.py::TestRedemptionsSummaryCards::test_summary_card_currency_format[RDM-SUM-004-02] PASSED [  7%]
tests/admin_portal/redemptions/test_redemptions.py::TestRedemptionsExpandCollapse::test_expand_all_opens_all_sections XFAIL [  7%]
tests/admin_portal/redemptions/test_redemptions.py::TestRedemptionsExpandCollapse::test_collapse_all_hides_all_sections PASSED [  8%]
tests/admin_portal/redemptions/test_redemptions.py::TestRedemptionsExpandCollapse::test_individual_section_toggle[sec-loyalty-points] XFAIL [  8%]
tests/admin_portal/redemptions/test_redemptions.py::TestRedemptionsExpandCollapse::test_individual_section_toggle[sec-comp-washes] XFAIL [  8%]
tests/admin_portal/redemptions/test_redemptions.py::TestRedemptionsExpandCollapse::test_individual_section_toggle[sec-memberships] XFAIL [  8%]
tests/admin_portal/redemptions/test_redemptions.py::TestRedemptionsExpandCollapse::test_individual_section_toggle[sec-gift-cards] XFAIL [  8%]
tests/admin_portal/redemptions/test_redemptions.py::TestRedemptionsExpandCollapse::test_individual_section_toggle[sec-wash-books] XFAIL [  8%]
tests/admin_portal/redemptions/test_redemptions.py::TestRedemptionsExpandCollapse::test_individual_section_toggle[sec-discounts] XFAIL [  9%]
tests/admin_portal/redemptions/test_redemptions.py::TestRedemptionsExpandCollapse::test_individual_section_toggle[sec-coupon-codes] XFAIL [  9%]
tests/admin_portal/redemptions/test_redemptions.py::TestRedemptionsExpandCollapse::test_summary_cards_visible_without_expanding PASSED [  9%]
tests/admin_portal/redemptions/test_redemptions.py::TestRedemptionsAccordionShared::test_section_header_visible[sec-loyalty-points] PASSED [  9%]
tests/admin_portal/redemptions/test_redemptions.py::TestRedemptionsAccordionShared::test_section_header_visible[sec-comp-washes] PASSED [  9%]
tests/admin_portal/redemptions/test_redemptions.py::TestRedemptionsAccordionShared::test_section_header_visible[sec-memberships] PASSED [ 10%]
tests/admin_portal/redemptions/test_redemptions.py::TestRedemptionsAccordionShared::test_section_header_visible[sec-gift-cards] PASSED [ 10%]
tests/admin_portal/redemptions/test_redemptions.py::TestRedemptionsAccordionShared::test_section_header_visible[sec-wash-books] PASSED [ 10%]
tests/admin_portal/redemptions/test_redemptions.py::TestRedemptionsAccordionShared::test_section_name_in_header[sec-loyalty-points] PASSED [ 10%]
tests/admin_portal/redemptions/test_redemptions.py::TestRedemptionsAccordionShared::test_section_name_in_header[sec-comp-washes] PASSED [ 10%]
tests/admin_portal/redemptions/test_redemptions.py::TestRedemptionsAccordionShared::test_section_name_in_header[sec-memberships] PASSED [ 11%]
tests/admin_portal/redemptions/test_redemptions.py::TestRedemptionsAccordionShared::test_section_name_in_header[sec-gift-cards] PASSED [ 11%]
tests/admin_portal/redemptions/test_redemptions.py::TestRedemptionsAccordionShared::test_section_name_in_header[sec-wash-books] PASSED [ 11%]
tests/admin_portal/redemptions/test_redemptions.py::TestRedemptionsAccordionShared::test_section_breakdown_table_present[sec-loyalty-points] XFAIL [ 11%]
tests/admin_portal/redemptions/test_redemptions.py::TestRedemptionsAccordionShared::test_section_breakdown_table_present[sec-comp-washes] XFAIL [ 11%]
tests/admin_portal/redemptions/test_redemptions.py::TestRedemptionsAccordionShared::test_section_breakdown_table_present[sec-memberships] XFAIL [ 12%]
tests/admin_portal/redemptions/test_redemptions.py::TestRedemptionsAccordionShared::test_section_breakdown_table_present[sec-gift-cards] XFAIL [ 12%]
tests/admin_portal/redemptions/test_redemptions.py::TestRedemptionsAccordionShared::test_section_breakdown_table_present[sec-wash-books] XFAIL [ 12%]
tests/admin_portal/redemptions/test_redemptions.py::TestRedemptionsAccordionShared::test_section_pagination_present[sec-loyalty-points] SKIPPED [ 12%]
tests/admin_portal/redemptions/test_redemptions.py::TestRedemptionsAccordionShared::test_section_pagination_present[sec-comp-washes] SKIPPED [ 12%]
tests/admin_portal/redemptions/test_redemptions.py::TestRedemptionsAccordionShared::test_section_pagination_present[sec-memberships] SKIPPED [ 13%]
tests/admin_portal/redemptions/test_redemptions.py::TestRedemptionsAccordionShared::test_section_pagination_present[sec-gift-cards] SKIPPED [ 13%]
tests/admin_portal/redemptions/test_redemptions.py::TestRedemptionsAccordionShared::test_section_pagination_present[sec-wash-books] SKIPPED [ 13%]
tests/admin_portal/redemptions/test_redemptions.py::TestRedemptionsAccordionShared::test_section_zero_data_state[sec-loyalty-points] PASSED [ 13%]
tests/admin_portal/redemptions/test_redemptions.py::TestRedemptionsAccordionShared::test_section_zero_data_state[sec-comp-washes] PASSED [ 13%]
tests/admin_portal/redemptions/test_redemptions.py::TestRedemptionsAccordionShared::test_section_zero_data_state[sec-memberships] ERROR [ 13%]
tests/admin_portal/redemptions/test_redemptions.py::TestRedemptionsAccordionShared::test_section_zero_data_state[sec-gift-cards] PASSED [ 14%]
tests/admin_portal/redemptions/test_redemptions.py::TestRedemptionsAccordionShared::test_section_zero_data_state[sec-wash-books] PASSED [ 14%]
tests/admin_portal/redemptions/test_redemptions.py::TestRedemptionsAccordionShared::test_detail_table_horizontal_scroll[sec-loyalty-points] XFAIL [ 14%]
tests/admin_portal/redemptions/test_redemptions.py::TestRedemptionsAccordionShared::test_detail_table_horizontal_scroll[sec-comp-washes] XFAIL [ 14%]
tests/admin_portal/redemptions/test_redemptions.py::TestRedemptionsAccordionShared::test_detail_table_horizontal_scroll[sec-memberships] XFAIL [ 14%]
tests/admin_portal/redemptions/test_redemptions.py::TestRedemptionsAccordionShared::test_detail_table_horizontal_scroll[sec-gift-cards] XFAIL [ 15%]
tests/admin_portal/redemptions/test_redemptions.py::TestRedemptionsAccordionShared::test_detail_table_horizontal_scroll[sec-wash-books] XFAIL [ 15%]
tests/admin_portal/redemptions/test_redemptions.py::TestRedemptionsAccordionShared::test_all_sections_refresh_on_filter_change[RDM-SUM-003-site] PASSED [ 15%]
tests/admin_portal/redemptions/test_redemptions.py::TestRedemptionsAccordionShared::test_all_sections_refresh_on_filter_change[RDM-SUM-003-date] PASSED [ 15%]
tests/admin_portal/redemptions/test_redemptions.py::TestRedemptionsLoyalty::test_loyalty_summary_cards PASSED [ 15%]
tests/admin_portal/redemptions/test_redemptions.py::TestRedemptionsLoyalty::test_loyalty_breakdown_columns XFAIL [ 16%]
tests/admin_portal/redemptions/test_redemptions.py::TestRedemptionsLoyalty::test_loyalty_detail_columns XFAIL [ 16%]
tests/admin_portal/redemptions/test_redemptions.py::TestRedemptionsCompWashes::test_comp_washes_summary_cards ERROR [ 16%]
tests/admin_portal/redemptions/test_redemptions.py::TestRedemptionsCompWashes::test_comp_washes_breakdown_columns XFAIL [ 16%]
tests/admin_portal/redemptions/test_redemptions.py::TestRedemptionsCompWashes::test_comp_washes_detail_has_data XFAIL [ 16%]
tests/admin_portal/redemptions/test_redemptions.py::TestRedemptionsMemberships::test_memberships_summary_cards PASSED [ 17%]
tests/admin_portal/redemptions/test_redemptions.py::TestRedemptionsMemberships::test_memberships_breakdown_columns XFAIL [ 17%]
tests/admin_portal/redemptions/test_redemptions.py::TestRedemptionsMemberships::test_memberships_detail_has_data XFAIL [ 17%]
tests/admin_portal/redemptions/test_redemptions.py::TestRedemptionsGiftCards::test_gift_cards_summary_cards PASSED [ 17%]
tests/admin_portal/redemptions/test_redemptions.py::TestRedemptionsGiftCards::test_gift_cards_breakdown_columns XFAIL [ 17%]
tests/admin_portal/redemptions/test_redemptions.py::TestRedemptionsGiftCards::test_gift_cards_detail_has_data XFAIL [ 17%]
tests/admin_portal/redemptions/test_redemptions.py::TestRedemptionsWashBooks::test_wash_books_summary_cards PASSED [ 18%]
tests/admin_portal/redemptions/test_redemptions.py::TestRedemptionsWashBooks::test_wash_books_breakdown_columns XFAIL [ 18%]
tests/admin_portal/redemptions/test_redemptions.py::TestRedemptionsWashBooks::test_wash_books_detail_has_data XFAIL [ 18%]
tests/admin_portal/redemptions/test_redemptions.py::TestSingleDaySync::test_modal_single_day_checkbox_visible PASSED [ 18%]
tests/admin_portal/redemptions/test_redemptions.py::TestSingleDaySync::test_modal_single_day_changes_date_field PASSED [ 18%]
tests/admin_portal/redemptions/test_redemptions.py::TestSingleDaySync::test_modal_sdm_syncs_to_page_bar PASSED [ 19%]
tests/admin_portal/redemptions/test_redemptions.py::TestSingleDaySync::test_page_bar_sdm_uncheck_syncs_to_modal PASSED [ 19%]
tests/admin_portal/kiosk_settings/test_kiosk_active_connection.py::test_active_toggle_on_shows_active_in_list ERROR [ 19%]
tests/admin_portal/kiosk_settings/test_kiosk_active_connection.py::test_active_toggle_off_shows_inactive_in_list XFAIL [ 19%]
tests/admin_portal/kiosk_settings/test_kiosk_active_connection.py::test_kiosk_connected_message_displays XFAIL [ 19%]
tests/admin_portal/kiosk_settings/test_kiosk_active_connection.py::test_check_regen_code_button_visible_when_connected XFAIL [ 20%]
tests/admin_portal/kiosk_settings/test_kiosk_create.py::test_add_kiosk_form_opens PASSED [ 20%]
tests/admin_portal/kiosk_settings/test_kiosk_create.py::test_create_kiosk_name_only XFAIL [ 20%]
tests/admin_portal/kiosk_settings/test_kiosk_create.py::test_create_kiosk_name_required PASSED [ 20%]
tests/admin_portal/kiosk_settings/test_kiosk_create.py::test_create_kiosk_with_site_and_lane XFAIL [ 20%]
tests/admin_portal/kiosk_settings/test_kiosk_create.py::test_site_selection_populates_lane_dropdown XFAIL [ 21%]
tests/admin_portal/kiosk_settings/test_kiosk_create.py::test_create_form_sections_collapsed_by_default PASSED [ 21%]
tests/admin_portal/kiosk_settings/test_kiosk_create.py::test_create_form_configure_panel_visible PASSED [ 21%]
tests/admin_portal/kiosk_settings/test_kiosk_create.py::test_create_kiosk_cancel_discards_form PASSED [ 21%]
tests/admin_portal/kiosk_settings/test_kiosk_create.py::test_new_kiosk_appears_immediately XFAIL [ 21%]
tests/admin_portal/kiosk_settings/test_kiosk_create.py::test_generate_connection_code_after_create XFAIL [ 21%]
tests/admin_portal/kiosk_settings/test_kiosk_dependencies.py::test_site_dropdown_lists_sites XFAIL [ 22%]
tests/admin_portal/kiosk_settings/test_kiosk_dependencies.py::test_lane_dropdown_lists_lanes_for_site XFAIL [ 22%]
tests/admin_portal/kiosk_settings/test_kiosk_device_settings.py::test_device_section_expand_collapse XFAIL [ 22%]
tests/admin_portal/kiosk_settings/test_kiosk_device_settings.py::test_enter_payment_serial_saves XFAIL [ 22%]
tests/admin_portal/kiosk_settings/test_kiosk_device_settings.py::test_payment_serial_persists XFAIL [ 22%]
tests/admin_portal/kiosk_settings/test_kiosk_device_settings.py::test_car_recognition_by_plate_persists XFAIL [ 23%]
tests/admin_portal/kiosk_settings/test_kiosk_device_settings.py::test_car_recognition_by_rfid_persists XFAIL [ 23%]
tests/admin_portal/kiosk_settings/test_kiosk_device_settings.py::test_car_recognition_last_selected_wins XFAIL [ 23%]
tests/admin_portal/kiosk_settings/test_kiosk_device_settings.py::test_cc_entry_methods_saves XFAIL [ 23%]
tests/admin_portal/kiosk_settings/test_kiosk_edge_cases.py::test_kiosk_name_whitespace_trimmed PASSED [ 23%]
tests/admin_portal/kiosk_settings/test_kiosk_edge_cases.py::test_kiosk_without_site_lane_appears_in_list XFAIL [ 24%]
tests/admin_portal/kiosk_settings/test_kiosk_edge_cases.py::test_receipt_modal_delay_boundary_values_valid XFAIL [ 24%]
tests/admin_portal/kiosk_settings/test_kiosk_edge_cases.py::test_extras_dismiss_delay_boundary_values_valid XFAIL [ 24%]
tests/admin_portal/kiosk_settings/test_kiosk_edit.py::test_edit_form_opens_prepopulated XFAIL [ 24%]
tests/admin_portal/kiosk_settings/test_kiosk_edit.py::test_edit_kiosk_name_persists ERROR [ 24%]
tests/admin_portal/kiosk_settings/test_kiosk_edit.py::test_edit_kiosk_site_persists XFAIL [ 25%]
tests/admin_portal/kiosk_settings/test_kiosk_edit.py::test_edit_kiosk_lane_persists XFAIL [ 25%]
tests/admin_portal/kiosk_settings/test_kiosk_edit.py::test_edit_clear_name_blocked ERROR [ 25%]
tests/admin_portal/kiosk_settings/test_kiosk_edit.py::test_edit_cancel_discards_changes XFAIL [ 25%]
tests/admin_portal/kiosk_settings/test_kiosk_edit.py::test_edit_form_configure_panel_visible XFAIL [ 25%]
tests/admin_portal/kiosk_settings/test_kiosk_filter.py::test_filter_panel_opens PASSED [ 26%]
tests/admin_portal/kiosk_settings/test_kiosk_filter.py::test_filter_by_active_status XFAIL [ 26%]
tests/admin_portal/kiosk_settings/test_kiosk_filter.py::test_filter_by_site PASSED [ 26%]
tests/admin_portal/kiosk_settings/test_kiosk_filter.py::test_filter_by_site_count_matches_rows PASSED [ 26%]
tests/admin_portal/kiosk_settings/test_kiosk_filter.py::test_filter_reset_restores_list XFAIL [ 26%]
tests/admin_portal/kiosk_settings/test_kiosk_fleet_settings.py::test_fleet_section_expand_collapse XFAIL [ 26%]
tests/admin_portal/kiosk_settings/test_kiosk_fleet_settings.py::test_fleet_toggles_save_on_off XFAIL [ 27%]
tests/admin_portal/kiosk_settings/test_kiosk_fleet_settings.py::test_fleet_capabilities_dropdown_saves XFAIL [ 27%]
tests/admin_portal/kiosk_settings/test_kiosk_fleet_settings.py::test_fleet_manager_url_saves XFAIL [ 27%]
tests/admin_portal/kiosk_settings/test_kiosk_fleet_settings.py::test_fleet_call_attendant_toggle_saves XFAIL [ 27%]
tests/admin_portal/kiosk_settings/test_kiosk_flow_settings.py::test_flow_section_expand_collapse XFAIL [ 27%]
tests/admin_portal/kiosk_settings/test_kiosk_flow_settings.py::test_flow_toggles_save_on_and_off XFAIL [ 28%]
tests/admin_portal/kiosk_settings/test_kiosk_flow_settings.py::test_flow_theme_dropdown_saves XFAIL [ 28%]
tests/admin_portal/kiosk_settings/test_kiosk_flow_settings.py::test_flow_optspot_text_fields_save XFAIL [ 28%]
tests/admin_portal/kiosk_settings/test_kiosk_flow_settings.py::test_flow_optspot_toggles_save XFAIL [ 28%]
tests/admin_portal/kiosk_settings/test_kiosk_flow_settings.py::test_flow_sign_membership_heading_saves XFAIL [ 28%]
tests/admin_portal/kiosk_settings/test_kiosk_flow_settings.py::test_flow_remaining_toggles_save XFAIL [ 29%]
tests/admin_portal/kiosk_settings/test_kiosk_flow_settings.py::test_flow_wex_wash_cards_toggle_saves XFAIL [ 29%]
tests/admin_portal/kiosk_settings/test_kiosk_flow_settings.py::test_flow_remaining_toggles_save_duplicate SKIPPED [ 29%]
tests/admin_portal/kiosk_settings/test_kiosk_flow_settings.py::test_flow_dedup_timer_saves XFAIL [ 29%]
tests/admin_portal/kiosk_settings/test_kiosk_gate_settings.py::test_gate_section_expand_collapse XFAIL [ 29%]
tests/admin_portal/kiosk_settings/test_kiosk_gate_settings.py::test_gate_operational_toggle_on_persists XFAIL [ 30%]
tests/admin_portal/kiosk_settings/test_kiosk_gate_settings.py::test_gate_operational_toggle_off_persists XFAIL [ 30%]
tests/admin_portal/kiosk_settings/test_kiosk_list.py::test_kiosk_page_loads PASSED [ 30%]
tests/admin_portal/kiosk_settings/test_kiosk_list.py::test_kiosk_list_displays_columns PASSED [ 30%]
tests/admin_portal/kiosk_settings/test_kiosk_list.py::test_kiosk_list_status_column ERROR [ 30%]
tests/admin_portal/kiosk_settings/test_kiosk_list.py::test_kiosk_list_pagination_shows_count 2026-07-28 23:43:01,674 ERROR nxtwash: Test FAILED: tests/admin_portal/kiosk_settings/test_kiosk_list.py::test_kiosk_list_pagination_shows_count (url: https://staging.nxtwash.com/kiosk_settings/kiosks)

-------------------------------- live log call ---------------------------------
ERROR    nxtwash:conftest.py:241 Test FAILED: tests/admin_portal/kiosk_settings/test_kiosk_list.py::test_kiosk_list_pagination_shows_count (url: https://staging.nxtwash.com/kiosk_settings/kiosks)
2026-07-28 23:43:02,281 ERROR nxtwash: Visible page text at failure:
Kiosks
Filter by (1)
Add new kiosk
Kiosk name
Site/Location
Lane
Status
No records available
Page
of
0
Results per page
100
Showing 0 - 0 of 0
ERROR    nxtwash:conftest.py:256 Visible page text at failure:
Kiosks
Filter by (1)
Add new kiosk
Kiosk name
Site/Location
Lane
Status
No records available
Page
of
0
Results per page
100
Showing 0 - 0 of 0
FAILED                                                                   [ 30%]
tests/admin_portal/kiosk_settings/test_kiosk_list.py::test_kiosk_list_results_per_page PASSED [ 31%]
tests/admin_portal/kiosk_settings/test_kiosk_localization_settings.py::test_localization_section_expand_collapse XFAIL [ 31%]
tests/admin_portal/kiosk_settings/test_kiosk_localization_settings.py::test_localization_external_translations_toggle_saves XFAIL [ 31%]
tests/admin_portal/kiosk_settings/test_kiosk_localization_settings.py::test_localization_translation_url_saves XFAIL [ 31%]
tests/admin_portal/kiosk_settings/test_kiosk_middleware_settings.py::test_middleware_section_expand_collapse XFAIL [ 31%]
tests/admin_portal/kiosk_settings/test_kiosk_middleware_settings.py::test_enter_middleware_ip_saves XFAIL [ 32%]
tests/admin_portal/kiosk_settings/test_kiosk_middleware_settings.py::test_middleware_ip_persists XFAIL [ 32%]
tests/admin_portal/kiosk_settings/test_kiosk_search.py::test_search_by_exact_name ERROR [ 32%]
tests/admin_portal/kiosk_settings/test_kiosk_search.py::test_search_by_partial_name ERROR [ 32%]
tests/admin_portal/kiosk_settings/test_kiosk_search.py::test_search_nonexistent_name PASSED [ 32%]
tests/admin_portal/kiosk_settings/test_kiosk_search.py::test_clear_search_restores_list ERROR [ 33%]
tests/admin_portal/kiosk_settings/test_kiosk_service_settings.py::test_service_section_expand_collapse XFAIL [ 33%]
tests/admin_portal/kiosk_settings/test_kiosk_service_settings.py::test_service_section_shows_checkboxes XFAIL [ 33%]
tests/admin_portal/kiosk_settings/test_kiosk_service_settings.py::test_uncheck_memberships_persists XFAIL [ 33%]
tests/admin_portal/kiosk_settings/test_kiosk_service_settings.py::test_recheck_memberships_persists XFAIL [ 33%]
tests/admin_portal/kiosk_settings/test_kiosk_service_settings.py::test_enable_all_checkboxes_and_upsale XFAIL [ 34%]
tests/admin_portal/kiosk_settings/test_kiosk_service_settings.py::test_upsale_toggle_off_persists XFAIL [ 34%]
tests/admin_portal/kiosk_settings/test_kiosk_timer_settings.py::test_timer_section_expand_collapse XFAIL [ 34%]
tests/admin_portal/kiosk_settings/test_kiosk_timer_settings.py::test_receipt_modal_delay_valid_value XFAIL [ 34%]
tests/admin_portal/kiosk_settings/test_kiosk_timer_settings.py::test_receipt_modal_delay_below_min_rejected XFAIL [ 34%]
tests/admin_portal/kiosk_settings/test_kiosk_timer_settings.py::test_receipt_modal_delay_above_max_rejected XFAIL [ 34%]
tests/admin_portal/kiosk_settings/test_kiosk_timer_settings.py::test_rfid_tag_delay_valid_value XFAIL [ 35%]
tests/admin_portal/kiosk_settings/test_kiosk_timer_settings.py::test_rfid_tag_delay_out_of_range_rejected XFAIL [ 35%]
tests/admin_portal/kiosk_settings/test_kiosk_timer_settings.py::test_extras_dismiss_delay_valid_value XFAIL [ 35%]
tests/admin_portal/kiosk_settings/test_kiosk_timer_settings.py::test_extras_dismiss_delay_below_min_rejected XFAIL [ 35%]
tests/admin_portal/kiosk_settings/test_kiosk_timer_settings.py::test_extras_dismiss_delay_above_max_rejected XFAIL [ 35%]
tests/admin_portal/kiosk_settings/test_kiosk_timer_settings.py::test_timer_field_non_numeric_rejected XFAIL [ 36%]
tests/admin_portal/kiosk_settings/test_kiosk_tunnel_settings.py::test_tunnel_section_expand_collapse XFAIL [ 36%]
tests/admin_portal/kiosk_settings/test_kiosk_tunnel_settings.py::test_tunnel_operational_toggle_on_persists XFAIL [ 36%]
tests/admin_portal/kiosk_settings/test_kiosk_tunnel_settings.py::test_tunnel_operational_toggle_off_persists XFAIL [ 36%]
tests/admin_portal/general_sales_report/test_general_sales_report.py::test_gsr_page_loads PASSED [ 36%]
tests/admin_portal/general_sales_report/test_general_sales_report.py::test_default_filter_state PASSED [ 37%]
tests/admin_portal/general_sales_report/test_general_sales_report.py::test_all_report_sections_present PASSED [ 37%]
tests/admin_portal/general_sales_report/test_general_sales_report.py::test_site_dropdown_lists_sites PASSED [ 37%]
tests/admin_portal/general_sales_report/test_general_sales_report.py::test_single_site_filter PASSED [ 37%]
tests/admin_portal/general_sales_report/test_general_sales_report.py::test_multiple_sites_filter PASSED [ 37%]
tests/admin_portal/general_sales_report/test_general_sales_report.py::test_all_sites_filter PASSED [ 38%]
tests/admin_portal/general_sales_report/test_general_sales_report.py::test_clearing_site_reverts_to_all PASSED [ 38%]
tests/admin_portal/general_sales_report/test_general_sales_report.py::test_date_preset_dropdown_shows_options PASSED [ 38%]
tests/admin_portal/general_sales_report/test_general_sales_report.py::test_date_preset_updates_range[GSR-FLT-007] PASSED [ 38%]
tests/admin_portal/general_sales_report/test_general_sales_report.py::test_date_preset_updates_range[GSR-FLT-008] PASSED [ 38%]
tests/admin_portal/general_sales_report/test_general_sales_report.py::test_date_preset_updates_range[GSR-FLT-009] PASSED [ 39%]
tests/admin_portal/general_sales_report/test_general_sales_report.py::test_date_preset_updates_range[GSR-FLT-010] PASSED [ 39%]
tests/admin_portal/general_sales_report/test_general_sales_report.py::test_date_preset_updates_range[GSR-FLT-011] PASSED [ 39%]
tests/admin_portal/general_sales_report/test_general_sales_report.py::test_date_preset_updates_range[GSR-FLT-012] PASSED [ 39%]
tests/admin_portal/general_sales_report/test_general_sales_report.py::test_custom_date_range_picker_opens PASSED [ 39%]
tests/admin_portal/general_sales_report/test_general_sales_report.py::test_custom_date_range_applies PASSED [ 39%]
tests/admin_portal/general_sales_report/test_general_sales_report.py::test_custom_range_clears_preset PASSED [ 40%]
tests/admin_portal/general_sales_report/test_general_sales_report.py::test_apply_filters_refreshes_data PASSED [ 40%]
tests/admin_portal/general_sales_report/test_general_sales_report.py::test_reapply_same_filter_identical PASSED [ 40%]
tests/admin_portal/general_sales_report/test_general_sales_report.py::test_four_revenue_cards_displayed PASSED [ 40%]
tests/admin_portal/general_sales_report/test_general_sales_report.py::test_revenue_card_line_items[GSR-REV-002] PASSED [ 40%]
tests/admin_portal/general_sales_report/test_general_sales_report.py::test_revenue_card_line_items[GSR-REV-003] PASSED [ 41%]
tests/admin_portal/general_sales_report/test_general_sales_report.py::test_revenue_card_line_items[GSR-REV-004] PASSED [ 41%]
tests/admin_portal/general_sales_report/test_general_sales_report.py::test_revenue_card_line_items[GSR-REV-005] PASSED [ 41%]
tests/admin_portal/general_sales_report/test_general_sales_report.py::test_zero_data_revenue_cards PASSED [ 41%]
tests/admin_portal/general_sales_report/test_general_sales_report.py::test_revenue_cards_update_on_filter_change PASSED [ 41%]
tests/admin_portal/general_sales_report/test_general_sales_report.py::test_redemptions_overview_displayed PASSED [ 42%]
tests/admin_portal/general_sales_report/test_general_sales_report.py::test_redemptions_full_report_link PASSED [ 42%]
tests/admin_portal/general_sales_report/test_general_sales_report.py::test_redemptions_update_on_filter_change PASSED [ 42%]
tests/admin_portal/general_sales_report/test_general_sales_report.py::test_multi_site_comparison_visible PASSED [ 42%]
tests/admin_portal/general_sales_report/test_general_sales_report.py::test_multi_site_shows_site_rows PASSED [ 42%]
tests/admin_portal/general_sales_report/test_general_sales_report.py::test_multi_site_filtered_single_site PASSED [ 43%]
tests/admin_portal/general_sales_report/test_general_sales_report.py::test_column_headers_sort XFAIL [ 43%]
tests/admin_portal/general_sales_report/test_general_sales_report.py::test_revenue_breakdown_payment_channels PASSED [ 43%]
tests/admin_portal/general_sales_report/test_general_sales_report.py::test_card_distribution_no_data PASSED [ 43%]
tests/admin_portal/general_sales_report/test_general_sales_report.py::test_revenue_breakdown_updates PASSED [ 43%]
tests/admin_portal/general_sales_report/test_general_sales_report.py::test_retail_sales_columns PASSED [ 43%]
tests/admin_portal/general_sales_report/test_general_sales_report.py::test_retail_sales_category_expands PASSED [ 44%]
tests/admin_portal/general_sales_report/test_general_sales_report.py::test_memberships_breakdown_columns PASSED [ 44%]
tests/admin_portal/general_sales_report/test_general_sales_report.py::test_membership_bar_chart PASSED [ 44%]
tests/admin_portal/general_sales_report/test_general_sales_report.py::test_sales_activity_no_data PASSED [ 44%]
tests/admin_portal/general_sales_report/test_general_sales_report.py::test_sales_activity_updates PASSED [ 44%]
tests/admin_portal/general_sales_report/test_general_sales_report.py::test_prepaid_liability_columns PASSED [ 45%]
tests/admin_portal/general_sales_report/test_general_sales_report.py::test_liability_composition_bar PASSED [ 45%]
tests/admin_portal/general_sales_report/test_general_sales_report.py::test_three_summary_tiles PASSED [ 45%]
tests/admin_portal/general_sales_report/test_general_sales_report.py::test_gift_card_section_collapsible PASSED [ 45%]
tests/admin_portal/general_sales_report/test_general_sales_report.py::test_gift_card_three_sub_cards PASSED [ 45%]
tests/admin_portal/general_sales_report/test_general_sales_report.py::test_gift_card_net_revenue_formula PASSED [ 46%]
tests/admin_portal/general_sales_report/test_general_sales_report.py::test_gift_cards_sold_table PASSED [ 46%]
tests/admin_portal/general_sales_report/test_general_sales_report.py::test_gift_cards_redeemed_table PASSED [ 46%]
tests/admin_portal/general_sales_report/test_general_sales_report.py::test_washbook_section_collapsible PASSED [ 46%]
tests/admin_portal/general_sales_report/test_general_sales_report.py::test_washbook_three_sub_cards XFAIL [ 46%]
tests/admin_portal/general_sales_report/test_general_sales_report.py::test_washbook_net_revenue_formula PASSED [ 47%]
tests/admin_portal/general_sales_report/test_general_sales_report.py::test_washbook_reconciliation_accordion PASSED [ 47%]
tests/admin_portal/general_sales_report/test_general_sales_report.py::test_washbooks_sold_table PASSED [ 47%]
tests/admin_portal/general_sales_report/test_general_sales_report.py::test_washbooks_redeemed_table PASSED [ 47%]
tests/admin_portal/general_sales_report/test_general_sales_report.py::test_total_invoices_count PASSED [ 47%]
tests/admin_portal/general_sales_report/test_general_sales_report.py::test_transaction_breakdown_updates PASSED [ 47%]
tests/admin_portal/general_sales_report/test_general_sales_report.py::test_export_button_present PASSED [ 48%]
tests/admin_portal/general_sales_report/test_general_sales_report.py::test_export_modal_four_options XFAIL [ 48%]
tests/admin_portal/general_sales_report/test_general_sales_report.py::test_zero_transaction_renders_cleanly PASSED [ 48%]
tests/admin_portal/general_sales_report/test_general_sales_report.py::test_zero_transaction_day_renders PASSED [ 48%]
tests/admin_portal/general_sales_report/test_general_sales_report.py::test_single_day_date_range PASSED [ 48%]
tests/admin_portal/general_sales_report/test_general_sales_report.py::test_month_boundary_date_range PASSED [ 49%]
tests/admin_portal/general_sales_report/test_general_sales_report.py::test_rapid_preset_switching PASSED [ 49%]
tests/admin_portal/general_sales_report/test_general_sales_report.py::test_sites_dropdown_reflects_module PASSED [ 49%]
tests/admin_portal/general_sales_report/test_general_sales_report.py::test_redemptions_link_navigates PASSED [ 49%]
tests/admin_portal/general_sales_report/test_redemption_details.py::test_redemption_details_page_loads PASSED [ 49%]
tests/admin_portal/general_sales_report/test_redemption_details.py::test_filter_panel_auto_opened PASSED [ 50%]
tests/admin_portal/general_sales_report/test_redemption_details.py::test_site_filter_works PASSED [ 50%]
tests/admin_portal/general_sales_report/test_redemption_details.py::test_date_presets_dropdown XFAIL [ 50%]
tests/admin_portal/general_sales_report/test_redemption_details.py::test_each_date_preset_applies[GSR-RDT-005[today]] XFAIL [ 50%]
tests/admin_portal/general_sales_report/test_redemption_details.py::test_each_date_preset_applies[GSR-RDT-005[yesterday]] XFAIL [ 50%]
tests/admin_portal/general_sales_report/test_redemption_details.py::test_each_date_preset_applies[GSR-RDT-005[this-week]] XFAIL [ 51%]
tests/admin_portal/general_sales_report/test_redemption_details.py::test_each_date_preset_applies[GSR-RDT-005[last-week]] XFAIL [ 51%]
tests/admin_portal/general_sales_report/test_redemption_details.py::test_each_date_preset_applies[GSR-RDT-005[this-month]] XFAIL [ 51%]
tests/admin_portal/general_sales_report/test_redemption_details.py::test_each_date_preset_applies[GSR-RDT-005[last-month]] XFAIL [ 51%]
tests/admin_portal/general_sales_report/test_redemption_details.py::test_custom_option_enables_manual_entry XFAIL [ 51%]
tests/admin_portal/general_sales_report/test_redemption_details.py::test_single_day_checkbox_constrains_range PASSED [ 52%]
tests/admin_portal/general_sales_report/test_redemption_details.py::test_apply_filters_updates_metrics XFAIL [ 52%]
tests/admin_portal/general_sales_report/test_redemption_details.py::test_five_sections_visible PASSED [ 52%]
tests/admin_portal/general_sales_report/test_redemption_details.py::test_expand_all_button PASSED [ 52%]
tests/admin_portal/wash_packages/test_wash_packages_barcode.py::test_wash_package_barcode_persists ERROR [ 52%]
tests/admin_portal/wash_packages/test_wash_packages_barcode.py::test_duplicate_barcode_behaviour 2026-07-29 00:48:25,043 ERROR nxtwash: Test FAILED: tests/admin_portal/wash_packages/test_wash_packages_barcode.py::test_duplicate_barcode_behaviour (url: https://staging.nxtwash.com/services/washPackages/new)

-------------------------------- live log call ---------------------------------
ERROR    nxtwash:conftest.py:241 Test FAILED: tests/admin_portal/wash_packages/test_wash_packages_barcode.py::test_duplicate_barcode_behaviour (url: https://staging.nxtwash.com/services/washPackages/new)
2026-07-29 00:48:25,759 ERROR nxtwash: Visible page text at failure:
Wash packages
Add new wash package
Cancel
Save wash package
Service settings
Discount settings
Service name
Barcode
Loyalty points
Points awarded
Points to redeem
Service description
Force receipt printing
Active service
Global price
Global commission
Assign to
Controller code
Location price
Exempt tax
State sales tax rate
City sales tax rate
Commission
VK AL37
Los angeles
5%
3%
VK ZT ab24bb
Los angeles
0%
0%
VK AL36
Los angeles
5%
3%
VK AL35
Los angeles
5%
3%
VK ZT 9344b0
Los angeles
0%
0%
VK AL34
Los angeles
5%
3%
VK AL92
5%
3%
VK AL33
Los angeles
5%
3%
VK AL32
Los angeles
5%
3%
VK AL31
Los angeles
5%
3%
VK ZT c6d556
Los angeles
0%
0%
VK AL30
Los angeles
5%
3%
VK AL29
Los angeles
5%
3%
VK ZT 9e7bdf
Los angeles
0%
0%
ERROR    nxtwash:conftest.py:256 Visible page text at failure:
Wash packages
Add new wash package
Cancel
Save wash package
Service settings
Discount settings
Service name
Barcode
Loyalty points
Points awarded
Points to redeem
Service description
Force receipt printing
Active service
Global price
Global commission
Assign to
Controller code
Location price
Exempt tax
State sales tax rate
City sales tax rate
Commission
VK AL37
Los angeles
5%
3%
VK ZT ab24bb
Los angeles
0%
0%
VK AL36
Los angeles
5%
3%
VK AL35
Los angeles
5%
3%
VK ZT 9344b0
Los angeles
0%
0%
VK AL34
Los angeles
5%
3%
VK AL92
5%
3%
VK AL33
Los angeles
5%
3%
VK AL32
Los angeles
5%
3%
VK AL31
Los angeles
5%
3%
VK ZT c6d556
Los angeles
0%
0%
VK AL30
Los angeles
5%
3%
VK AL29
Los angeles
5%
3%
VK ZT 9e7bdf
Los angeles
0%
0%
FAILED                                                                   [ 52%]
tests/admin_portal/wash_packages/test_wash_packages_coverage_gap.py::test_wash_packages_list_shell_controls_and_grid 
-------------------------------- live log call ---------------------------------
INFO     nxtwash:test_wash_packages_coverage_gap.py:23 Verifying Wash Packages list shell and primary controls
PASSED                                                                   [ 53%]
tests/admin_portal/wash_packages/test_wash_packages_coverage_gap.py::test_wash_packages_search_variants_and_clear 
-------------------------------- live log call ---------------------------------
INFO     nxtwash:test_wash_packages_coverage_gap.py:47 Verifying Wash Packages search variants
2026-07-29 00:49:48,047 ERROR nxtwash: Test FAILED: tests/admin_portal/wash_packages/test_wash_packages_coverage_gap.py::test_wash_packages_search_variants_and_clear (url: https://staging.nxtwash.com/services/washPackages/new)
ERROR    nxtwash:conftest.py:241 Test FAILED: tests/admin_portal/wash_packages/test_wash_packages_coverage_gap.py::test_wash_packages_search_variants_and_clear (url: https://staging.nxtwash.com/services/washPackages/new)
2026-07-29 00:49:48,775 ERROR nxtwash: Visible page text at failure:
Wash packages
Add new wash package
Cancel
Save wash package
Service settings
Discount settings
Service name
Barcode
Loyalty points
Points awarded
Points to redeem
Service description
Force receipt printing
Active service
Global price
Global commission
Assign to
Controller code
Location price
Exempt tax
State sales tax rate
City sales tax rate
Commission
VK AL37
Los angeles
5%
3%
VK ZT ab24bb
Los angeles
0%
0%
VK AL36
Los angeles
5%
3%
VK AL35
Los angeles
5%
3%
VK ZT 9344b0
Los angeles
0%
0%
VK AL34
Los angeles
5%
3%
VK AL92
5%
3%
VK AL33
Los angeles
5%
3%
VK AL32
Los angeles
5%
3%
VK AL31
Los angeles
5%
3%
VK ZT c6d556
Los angeles
0%
0%
VK AL30
Los angeles
5%
3%
VK AL29
Los angeles
5%
3%
VK ZT 9e7bdf
Los angeles
0%
0%
ERROR    nxtwash:conftest.py:256 Visible page text at failure:
Wash packages
Add new wash package
Cancel
Save wash package
Service settings
Discount settings
Service name
Barcode
Loyalty points
Points awarded
Points to redeem
Service description
Force receipt printing
Active service
Global price
Global commission
Assign to
Controller code
Location price
Exempt tax
State sales tax rate
City sales tax rate
Commission
VK AL37
Los angeles
5%
3%
VK ZT ab24bb
Los angeles
0%
0%
VK AL36
Los angeles
5%
3%
VK AL35
Los angeles
5%
3%
VK ZT 9344b0
Los angeles
0%
0%
VK AL34
Los angeles
5%
3%
VK AL92
5%
3%
VK AL33
Los angeles
5%
3%
VK AL32
Los angeles
5%
3%
VK AL31
Los angeles
5%
3%
VK ZT c6d556
Los angeles
0%
0%
VK AL30
Los angeles
5%
3%
VK AL29
Los angeles
5%
3%
VK ZT 9e7bdf
Los angeles
0%
0%
FAILED                                                                   [ 53%]
tests/admin_portal/wash_packages/test_wash_packages_coverage_gap.py::test_wash_packages_filter_panel_site_option_and_reset 
-------------------------------- live log call ---------------------------------
INFO     nxtwash:test_wash_packages_coverage_gap.py:79 Verifying Wash Packages filter panel controls and reset
PASSED                                                                   [ 53%]
tests/admin_portal/wash_packages/test_wash_packages_coverage_gap.py::test_add_wash_package_form_service_discount_save_cancel_controls 
-------------------------------- live log call ---------------------------------
INFO     nxtwash:test_wash_packages_coverage_gap.py:95 Verifying Add Wash Package form controls
PASSED                                                                   [ 53%]
tests/admin_portal/wash_packages/test_wash_packages_coverage_gap.py::test_wash_package_global_price_is_required 
-------------------------------- live log call ---------------------------------
INFO     nxtwash:test_wash_packages_coverage_gap.py:118 Verifying global price mandatory validation
PASSED                                                                   [ 53%]
tests/admin_portal/wash_packages/test_wash_packages_coverage_gap.py::test_wash_packages_download_file_validation_blocker XFAIL [ 54%]
tests/admin_portal/wash_packages/test_wash_packages_coverage_gap.py::test_wash_packages_permission_matrix_blocker XFAIL [ 54%]
tests/admin_portal/wash_packages/test_wash_packages_coverage_gap.py::test_wash_packages_advanced_edge_case_harness_blocker XFAIL [ 54%]
tests/admin_portal/wash_packages/test_wash_packages_dependency.py::test_wash_package_available_for_membership_redemption SKIPPED [ 54%]
tests/admin_portal/wash_packages/test_wash_packages_dependency.py::test_deactivate_wash_package_mapped_to_membership SKIPPED [ 54%]
tests/admin_portal/wash_packages/test_wash_packages_dependency.py::test_rename_wash_package_mapped_to_membership SKIPPED [ 55%]
tests/admin_portal/wash_packages/test_wash_packages_dependency.py::test_deactivated_discount_removed_from_wash_package SKIPPED [ 55%]
tests/admin_portal/wash_packages/test_wash_packages_dependency.py::test_site_unassignment_does_not_affect_other_redemption_sites SKIPPED [ 55%]
tests/admin_portal/wash_packages/test_wash_packages_edge_cases.py::test_wash_package_long_name_does_not_break_form PASSED [ 55%]
tests/admin_portal/wash_packages/test_wash_packages_edge_cases.py::test_wash_package_whitespace_name_is_rejected PASSED [ 55%]
tests/admin_portal/wash_packages/test_wash_packages_edge_cases.py::test_wash_package_existing_search_is_repeatable 2026-07-29 00:52:13,795 ERROR nxtwash: Test FAILED: tests/admin_portal/wash_packages/test_wash_packages_edge_cases.py::test_wash_package_existing_search_is_repeatable (url: https://staging.nxtwash.com/services/washPackages)

-------------------------------- live log call ---------------------------------
ERROR    nxtwash:conftest.py:241 Test FAILED: tests/admin_portal/wash_packages/test_wash_packages_edge_cases.py::test_wash_package_existing_search_is_repeatable (url: https://staging.nxtwash.com/services/washPackages)
2026-07-29 00:52:14,393 ERROR nxtwash: Visible page text at failure:
Wash packages
Filter by (1)
+ Add new wash package
Wash package name
Price
Status
No records available
Page
of
0
Results per page
100
Showing 0 - 0 of 0
ERROR    nxtwash:conftest.py:256 Visible page text at failure:
Wash packages
Filter by (1)
+ Add new wash package
Wash package name
Price
Status
No records available
Page
of
0
Results per page
100
Showing 0 - 0 of 0
FAILED                                                                   [ 56%]
tests/admin_portal/wash_packages/test_wash_packages_edit.py::test_edit_wash_package_name_persists ERROR [ 56%]
tests/admin_portal/wash_packages/test_wash_packages_edit.py::test_edit_wash_package_global_price_persists ERROR [ 56%]
tests/admin_portal/wash_packages/test_wash_packages_edit.py::test_edit_wash_package_global_commission_persists ERROR [ 56%]
tests/admin_portal/wash_packages/test_wash_packages_edit.py::test_edit_wash_package_loyalty_points_persist ERROR [ 56%]
tests/admin_portal/wash_packages/test_wash_packages_edit.py::test_edit_wash_package_assigned_sites ERROR [ 56%]
tests/admin_portal/wash_packages/test_wash_packages_edit.py::test_activate_wash_package ERROR [ 57%]
tests/admin_portal/wash_packages/test_wash_packages_edit.py::test_deactivate_wash_package XFAIL [ 57%]
tests/admin_portal/wash_packages/test_wash_packages_edit.py::test_assign_applicable_discount_persists ERROR [ 57%]
tests/admin_portal/wash_packages/test_wash_packages_edit.py::test_assign_multiple_discounts_persist ERROR [ 57%]
tests/admin_portal/wash_packages/test_wash_packages_edit.py::test_remove_applicable_discount_persists XFAIL [ 57%]
tests/admin_portal/wash_packages/test_wash_packages_edit.py::test_service_description_persists XFAIL [ 58%]
tests/admin_portal/wash_packages/test_wash_packages_export.py::test_wash_packages_export_button_clickable PASSED [ 58%]
tests/admin_portal/wash_packages/test_wash_packages_export.py::test_wash_packages_export_after_filter XFAIL [ 58%]
tests/admin_portal/wash_packages/test_wash_packages_loyalty.py::test_loyalty_points_awarded_persists ERROR [ 58%]
tests/admin_portal/wash_packages/test_wash_packages_loyalty.py::test_loyalty_points_redeemed_persists ERROR [ 58%]
tests/admin_portal/wash_packages/test_wash_packages_loyalty.py::test_points_awarded_info_tooltip_is_visible PASSED [ 59%]
tests/admin_portal/wash_packages/test_wash_packages_loyalty.py::test_points_redeemed_info_tooltip_is_visible PASSED [ 59%]
tests/admin_portal/wash_packages/test_wash_packages_managed.py::test_managed_package_provided_at_baseline ERROR [ 59%]
tests/admin_portal/wash_packages/test_wash_packages_managed.py::test_managed_package_mutation_is_reset_on_teardown ERROR [ 59%]
tests/admin_portal/wash_packages/test_wash_packages_negative.py::test_wash_package_required_name_validation PASSED [ 59%]
tests/admin_portal/wash_packages/test_wash_packages_negative.py::test_create_duplicate_wash_package_is_blocked 2026-07-29 01:10:56,398 ERROR nxtwash: Test FAILED: tests/admin_portal/wash_packages/test_wash_packages_negative.py::test_create_duplicate_wash_package_is_blocked (url: https://staging.nxtwash.com/services/washPackages/new)

-------------------------------- live log call ---------------------------------
ERROR    nxtwash:conftest.py:241 Test FAILED: tests/admin_portal/wash_packages/test_wash_packages_negative.py::test_create_duplicate_wash_package_is_blocked (url: https://staging.nxtwash.com/services/washPackages/new)
2026-07-29 01:10:57,133 ERROR nxtwash: Visible page text at failure:
Wash packages
Add new wash package
Cancel
Save wash package
Service settings
Discount settings
Service name
Barcode
Loyalty points
Points awarded
Points to redeem
Service description
Force receipt printing
Active service
Global price
Global commission
Assign to
Controller code
Location price
Exempt tax
State sales tax rate
City sales tax rate
Commission
VK AL37
Los angeles
5%
3%
VK ZT ab24bb
Los angeles
0%
0%
VK AL36
Los angeles
5%
3%
VK AL35
Los angeles
5%
3%
VK ZT 9344b0
Los angeles
0%
0%
VK AL34
Los angeles
5%
3%
VK AL92
5%
3%
VK AL33
Los angeles
5%
3%
VK AL32
Los angeles
5%
3%
VK AL31
Los angeles
5%
3%
VK ZT c6d556
Los angeles
0%
0%
VK AL30
Los angeles
5%
3%
VK AL29
Los angeles
5%
3%
VK ZT 9e7bdf
Los angeles
0%
0%
ERROR    nxtwash:conftest.py:256 Visible page text at failure:
Wash packages
Add new wash package
Cancel
Save wash package
Service settings
Discount settings
Service name
Barcode
Loyalty points
Points awarded
Points to redeem
Service description
Force receipt printing
Active service
Global price
Global commission
Assign to
Controller code
Location price
Exempt tax
State sales tax rate
City sales tax rate
Commission
VK AL37
Los angeles
5%
3%
VK ZT ab24bb
Los angeles
0%
0%
VK AL36
Los angeles
5%
3%
VK AL35
Los angeles
5%
3%
VK ZT 9344b0
Los angeles
0%
0%
VK AL34
Los angeles
5%
3%
VK AL92
5%
3%
VK AL33
Los angeles
5%
3%
VK AL32
Los angeles
5%
3%
VK AL31
Los angeles
5%
3%
VK ZT c6d556
Los angeles
0%
0%
VK AL30
Los angeles
5%
3%
VK AL29
Los angeles
5%
3%
VK ZT 9e7bdf
Los angeles
0%
0%
FAILED                                                                   [ 60%]
tests/admin_portal/wash_packages/test_wash_packages_negative.py::test_wash_package_required_price_validation PASSED [ 60%]
tests/admin_portal/wash_packages/test_wash_packages_negative.py::test_negative_global_price_is_rejected XFAIL [ 60%]
tests/admin_portal/wash_packages/test_wash_packages_negative.py::test_negative_global_commission_is_rejected XFAIL [ 60%]
tests/admin_portal/wash_packages/test_wash_packages_negative.py::test_wash_packages_special_character_search_stays_usable PASSED [ 60%]
tests/admin_portal/wash_packages/test_wash_packages_positive.py::test_create_active_wash_package 2026-07-29 01:12:58,760 ERROR nxtwash: Test FAILED: tests/admin_portal/wash_packages/test_wash_packages_positive.py::test_create_active_wash_package (url: https://staging.nxtwash.com/services/washPackages/new)

-------------------------------- live log call ---------------------------------
ERROR    nxtwash:conftest.py:241 Test FAILED: tests/admin_portal/wash_packages/test_wash_packages_positive.py::test_create_active_wash_package (url: https://staging.nxtwash.com/services/washPackages/new)
2026-07-29 01:12:59,466 ERROR nxtwash: Visible page text at failure:
Wash packages
Add new wash package
Cancel
Save wash package
Service settings
Discount settings
Service name
Barcode
Loyalty points
Points awarded
Points to redeem
Service description
Force receipt printing
Active service
Global price
Global commission
Assign to
Controller code
Location price
Exempt tax
State sales tax rate
City sales tax rate
Commission
VK AL37
Los angeles
5%
3%
VK ZT ab24bb
Los angeles
0%
0%
VK AL36
Los angeles
5%
3%
VK AL35
Los angeles
5%
3%
VK ZT 9344b0
Los angeles
0%
0%
VK AL34
Los angeles
5%
3%
VK AL92
5%
3%
VK AL33
Los angeles
5%
3%
VK AL32
Los angeles
5%
3%
VK AL31
Los angeles
5%
3%
VK ZT c6d556
Los angeles
0%
0%
VK AL30
Los angeles
5%
3%
VK AL29
Los angeles
5%
3%
VK ZT 9e7bdf
Los angeles
0%
0%
ERROR    nxtwash:conftest.py:256 Visible page text at failure:
Wash packages
Add new wash package
Cancel
Save wash package
Service settings
Discount settings
Service name
Barcode
Loyalty points
Points awarded
Points to redeem
Service description
Force receipt printing
Active service
Global price
Global commission
Assign to
Controller code
Location price
Exempt tax
State sales tax rate
City sales tax rate
Commission
VK AL37
Los angeles
5%
3%
VK ZT ab24bb
Los angeles
0%
0%
VK AL36
Los angeles
5%
3%
VK AL35
Los angeles
5%
3%
VK ZT 9344b0
Los angeles
0%
0%
VK AL34
Los angeles
5%
3%
VK AL92
5%
3%
VK AL33
Los angeles
5%
3%
VK AL32
Los angeles
5%
3%
VK AL31
Los angeles
5%
3%
VK ZT c6d556
Los angeles
0%
0%
VK AL30
Los angeles
5%
3%
VK AL29
Los angeles
5%
3%
VK ZT 9e7bdf
Los angeles
0%
0%
FAILED                                                                   [ 60%]
tests/admin_portal/wash_packages/test_wash_packages_positive.py::test_create_inactive_wash_package 2026-07-29 01:13:43,557 ERROR nxtwash: Test FAILED: tests/admin_portal/wash_packages/test_wash_packages_positive.py::test_create_inactive_wash_package (url: https://staging.nxtwash.com/services/washPackages/new)

-------------------------------- live log call ---------------------------------
ERROR    nxtwash:conftest.py:241 Test FAILED: tests/admin_portal/wash_packages/test_wash_packages_positive.py::test_create_inactive_wash_package (url: https://staging.nxtwash.com/services/washPackages/new)
2026-07-29 01:13:44,271 ERROR nxtwash: Visible page text at failure:
Wash packages
Add new wash package
Cancel
Save wash package
Service settings
Discount settings
Service name
Barcode
Loyalty points
Points awarded
Points to redeem
Service description
Force receipt printing
Active service
Global price
Global commission
Assign to
Controller code
Location price
Exempt tax
State sales tax rate
City sales tax rate
Commission
VK AL37
Los angeles
5%
3%
VK ZT ab24bb
Los angeles
0%
0%
VK AL36
Los angeles
5%
3%
VK AL35
Los angeles
5%
3%
VK ZT 9344b0
Los angeles
0%
0%
VK AL34
Los angeles
5%
3%
VK AL92
5%
3%
VK AL33
Los angeles
5%
3%
VK AL32
Los angeles
5%
3%
VK AL31
Los angeles
5%
3%
VK ZT c6d556
Los angeles
0%
0%
VK AL30
Los angeles
5%
3%
VK AL29
Los angeles
5%
3%
VK ZT 9e7bdf
Los angeles
0%
0%
ERROR    nxtwash:conftest.py:256 Visible page text at failure:
Wash packages
Add new wash package
Cancel
Save wash package
Service settings
Discount settings
Service name
Barcode
Loyalty points
Points awarded
Points to redeem
Service description
Force receipt printing
Active service
Global price
Global commission
Assign to
Controller code
Location price
Exempt tax
State sales tax rate
City sales tax rate
Commission
VK AL37
Los angeles
5%
3%
VK ZT ab24bb
Los angeles
0%
0%
VK AL36
Los angeles
5%
3%
VK AL35
Los angeles
5%
3%
VK ZT 9344b0
Los angeles
0%
0%
VK AL34
Los angeles
5%
3%
VK AL92
5%
3%
VK AL33
Los angeles
5%
3%
VK AL32
Los angeles
5%
3%
VK AL31
Los angeles
5%
3%
VK ZT c6d556
Los angeles
0%
0%
VK AL30
Los angeles
5%
3%
VK AL29
Los angeles
5%
3%
VK ZT 9e7bdf
Los angeles
0%
0%
FAILED                                                                   [ 61%]
tests/admin_portal/wash_packages/test_wash_packages_positive.py::test_create_wash_package_without_barcode 2026-07-29 01:14:26,326 ERROR nxtwash: Test FAILED: tests/admin_portal/wash_packages/test_wash_packages_positive.py::test_create_wash_package_without_barcode (url: https://staging.nxtwash.com/services/washPackages/new)

-------------------------------- live log call ---------------------------------
ERROR    nxtwash:conftest.py:241 Test FAILED: tests/admin_portal/wash_packages/test_wash_packages_positive.py::test_create_wash_package_without_barcode (url: https://staging.nxtwash.com/services/washPackages/new)
2026-07-29 01:14:27,097 ERROR nxtwash: Visible page text at failure:
Wash packages
Add new wash package
Cancel
Save wash package
Service settings
Discount settings
Service name
Barcode
Loyalty points
Points awarded
Points to redeem
Service description
Force receipt printing
Active service
Global price
Global commission
Assign to
Controller code
Location price
Exempt tax
State sales tax rate
City sales tax rate
Commission
VK AL37
Los angeles
5%
3%
VK ZT ab24bb
Los angeles
0%
0%
VK AL36
Los angeles
5%
3%
VK AL35
Los angeles
5%
3%
VK ZT 9344b0
Los angeles
0%
0%
VK AL34
Los angeles
5%
3%
VK AL92
5%
3%
VK AL33
Los angeles
5%
3%
VK AL32
Los angeles
5%
3%
VK AL31
Los angeles
5%
3%
VK ZT c6d556
Los angeles
0%
0%
VK AL30
Los angeles
5%
3%
VK AL29
Los angeles
5%
3%
VK ZT 9e7bdf
Los angeles
0%
0%
ERROR    nxtwash:conftest.py:256 Visible page text at failure:
Wash packages
Add new wash package
Cancel
Save wash package
Service settings
Discount settings
Service name
Barcode
Loyalty points
Points awarded
Points to redeem
Service description
Force receipt printing
Active service
Global price
Global commission
Assign to
Controller code
Location price
Exempt tax
State sales tax rate
City sales tax rate
Commission
VK AL37
Los angeles
5%
3%
VK ZT ab24bb
Los angeles
0%
0%
VK AL36
Los angeles
5%
3%
VK AL35
Los angeles
5%
3%
VK ZT 9344b0
Los angeles
0%
0%
VK AL34
Los angeles
5%
3%
VK AL92
5%
3%
VK AL33
Los angeles
5%
3%
VK AL32
Los angeles
5%
3%
VK AL31
Los angeles
5%
3%
VK ZT c6d556
Los angeles
0%
0%
VK AL30
Los angeles
5%
3%
VK AL29
Los angeles
5%
3%
VK ZT 9e7bdf
Los angeles
0%
0%
FAILED                                                                   [ 61%]
tests/admin_portal/wash_packages/test_wash_packages_positive.py::test_create_wash_package_without_loyalty_points 2026-07-29 01:15:12,955 ERROR nxtwash: Test FAILED: tests/admin_portal/wash_packages/test_wash_packages_positive.py::test_create_wash_package_without_loyalty_points (url: https://staging.nxtwash.com/services/washPackages/new)

-------------------------------- live log call ---------------------------------
ERROR    nxtwash:conftest.py:241 Test FAILED: tests/admin_portal/wash_packages/test_wash_packages_positive.py::test_create_wash_package_without_loyalty_points (url: https://staging.nxtwash.com/services/washPackages/new)
2026-07-29 01:15:13,655 ERROR nxtwash: Visible page text at failure:
Wash packages
Add new wash package
Cancel
Save wash package
Service settings
Discount settings
Service name
Barcode
Loyalty points
Points awarded
Points to redeem
Service description
Force receipt printing
Active service
Global price
Global commission
Assign to
Controller code
Location price
Exempt tax
State sales tax rate
City sales tax rate
Commission
VK AL37
Los angeles
5%
3%
VK ZT ab24bb
Los angeles
0%
0%
VK AL36
Los angeles
5%
3%
VK AL35
Los angeles
5%
3%
VK ZT 9344b0
Los angeles
0%
0%
VK AL34
Los angeles
5%
3%
VK AL92
5%
3%
VK AL33
Los angeles
5%
3%
VK AL32
Los angeles
5%
3%
VK AL31
Los angeles
5%
3%
VK ZT c6d556
Los angeles
0%
0%
VK AL30
Los angeles
5%
3%
VK AL29
Los angeles
5%
3%
VK ZT 9e7bdf
Los angeles
0%
0%
ERROR    nxtwash:conftest.py:256 Visible page text at failure:
Wash packages
Add new wash package
Cancel
Save wash package
Service settings
Discount settings
Service name
Barcode
Loyalty points
Points awarded
Points to redeem
Service description
Force receipt printing
Active service
Global price
Global commission
Assign to
Controller code
Location price
Exempt tax
State sales tax rate
City sales tax rate
Commission
VK AL37
Los angeles
5%
3%
VK ZT ab24bb
Los angeles
0%
0%
VK AL36
Los angeles
5%
3%
VK AL35
Los angeles
5%
3%
VK ZT 9344b0
Los angeles
0%
0%
VK AL34
Los angeles
5%
3%
VK AL92
5%
3%
VK AL33
Los angeles
5%
3%
VK AL32
Los angeles
5%
3%
VK AL31
Los angeles
5%
3%
VK ZT c6d556
Los angeles
0%
0%
VK AL30
Los angeles
5%
3%
VK AL29
Los angeles
5%
3%
VK ZT 9e7bdf
Los angeles
0%
0%
FAILED                                                                   [ 61%]
tests/admin_portal/wash_packages/test_wash_packages_positive.py::test_create_wash_package_without_discount 2026-07-29 01:16:01,057 ERROR nxtwash: Test FAILED: tests/admin_portal/wash_packages/test_wash_packages_positive.py::test_create_wash_package_without_discount (url: https://staging.nxtwash.com/services/washPackages/new)

-------------------------------- live log call ---------------------------------
ERROR    nxtwash:conftest.py:241 Test FAILED: tests/admin_portal/wash_packages/test_wash_packages_positive.py::test_create_wash_package_without_discount (url: https://staging.nxtwash.com/services/washPackages/new)
2026-07-29 01:16:01,778 ERROR nxtwash: Visible page text at failure:
Wash packages
Add new wash package
Cancel
Save wash package
Service settings
Discount settings
Service name
Barcode
Loyalty points
Points awarded
Points to redeem
Service description
Force receipt printing
Active service
Global price
Global commission
Assign to
Controller code
Location price
Exempt tax
State sales tax rate
City sales tax rate
Commission
VK AL37
Los angeles
5%
3%
VK ZT ab24bb
Los angeles
0%
0%
VK AL36
Los angeles
5%
3%
VK AL35
Los angeles
5%
3%
VK ZT 9344b0
Los angeles
0%
0%
VK AL34
Los angeles
5%
3%
VK AL92
5%
3%
VK AL33
Los angeles
5%
3%
VK AL32
Los angeles
5%
3%
VK AL31
Los angeles
5%
3%
VK ZT c6d556
Los angeles
0%
0%
VK AL30
Los angeles
5%
3%
VK AL29
Los angeles
5%
3%
VK ZT 9e7bdf
Los angeles
0%
0%
ERROR    nxtwash:conftest.py:256 Visible page text at failure:
Wash packages
Add new wash package
Cancel
Save wash package
Service settings
Discount settings
Service name
Barcode
Loyalty points
Points awarded
Points to redeem
Service description
Force receipt printing
Active service
Global price
Global commission
Assign to
Controller code
Location price
Exempt tax
State sales tax rate
City sales tax rate
Commission
VK AL37
Los angeles
5%
3%
VK ZT ab24bb
Los angeles
0%
0%
VK AL36
Los angeles
5%
3%
VK AL35
Los angeles
5%
3%
VK ZT 9344b0
Los angeles
0%
0%
VK AL34
Los angeles
5%
3%
VK AL92
5%
3%
VK AL33
Los angeles
5%
3%
VK AL32
Los angeles
5%
3%
VK AL31
Los angeles
5%
3%
VK ZT c6d556
Los angeles
0%
0%
VK AL30
Los angeles
5%
3%
VK AL29
Los angeles
5%
3%
VK ZT 9e7bdf
Los angeles
0%
0%
FAILED                                                                   [ 61%]
tests/admin_portal/wash_packages/test_wash_packages_positive.py::test_wash_package_settings_persist 2026-07-29 01:17:04,377 ERROR nxtwash: Test FAILED: tests/admin_portal/wash_packages/test_wash_packages_positive.py::test_wash_package_settings_persist (url: https://staging.nxtwash.com/services/washPackages/new)

-------------------------------- live log call ---------------------------------
ERROR    nxtwash:conftest.py:241 Test FAILED: tests/admin_portal/wash_packages/test_wash_packages_positive.py::test_wash_package_settings_persist (url: https://staging.nxtwash.com/services/washPackages/new)
2026-07-29 01:17:05,091 ERROR nxtwash: Visible page text at failure:
Wash packages
Add new wash package
Cancel
Save wash package
Service settings
Discount settings
Service name
Barcode
Loyalty points
Points awarded
Points to redeem
Service description
Force receipt printing
Active service
Global price
Global commission
Assign to
Controller code
Location price
Exempt tax
State sales tax rate
City sales tax rate
Commission
VK AL37
Los angeles
5%
3%
VK ZT ab24bb
Los angeles
0%
0%
VK AL36
Los angeles
5%
3%
VK AL35
Los angeles
5%
3%
VK ZT 9344b0
Los angeles
0%
0%
VK AL34
Los angeles
5%
3%
VK AL92
5%
3%
VK AL33
Los angeles
5%
3%
VK AL32
Los angeles
5%
3%
VK AL31
Los angeles
5%
3%
VK ZT c6d556
Los angeles
0%
0%
VK AL30
Los angeles
5%
3%
VK AL29
Los angeles
5%
3%
VK ZT 9e7bdf
Los angeles
0%
0%
ERROR    nxtwash:conftest.py:256 Visible page text at failure:
Wash packages
Add new wash package
Cancel
Save wash package
Service settings
Discount settings
Service name
Barcode
Loyalty points
Points awarded
Points to redeem
Service description
Force receipt printing
Active service
Global price
Global commission
Assign to
Controller code
Location price
Exempt tax
State sales tax rate
City sales tax rate
Commission
VK AL37
Los angeles
5%
3%
VK ZT ab24bb
Los angeles
0%
0%
VK AL36
Los angeles
5%
3%
VK AL35
Los angeles
5%
3%
VK ZT 9344b0
Los angeles
0%
0%
VK AL34
Los angeles
5%
3%
VK AL92
5%
3%
VK AL33
Los angeles
5%
3%
VK AL32
Los angeles
5%
3%
VK AL31
Los angeles
5%
3%
VK ZT c6d556
Los angeles
0%
0%
VK AL30
Los angeles
5%
3%
VK AL29
Los angeles
5%
3%
VK ZT 9e7bdf
Los angeles
0%
0%
FAILED                                                                   [ 61%]
tests/admin_portal/wash_packages/test_wash_packages_search_filter.py::test_wash_packages_existing_search 2026-07-29 01:18:12,472 ERROR nxtwash: Test FAILED: tests/admin_portal/wash_packages/test_wash_packages_search_filter.py::test_wash_packages_existing_search (url: https://staging.nxtwash.com/services/washPackages/new)

-------------------------------- live log call ---------------------------------
ERROR    nxtwash:conftest.py:241 Test FAILED: tests/admin_portal/wash_packages/test_wash_packages_search_filter.py::test_wash_packages_existing_search (url: https://staging.nxtwash.com/services/washPackages/new)
2026-07-29 01:18:13,193 ERROR nxtwash: Visible page text at failure:
Wash packages
Add new wash package
Cancel
Save wash package
Service settings
Discount settings
Service name
Barcode
Loyalty points
Points awarded
Points to redeem
Service description
Force receipt printing
Active service
Global price
Global commission
Assign to
Controller code
Location price
Exempt tax
State sales tax rate
City sales tax rate
Commission
VK AL37
Los angeles
5%
3%
VK ZT ab24bb
Los angeles
0%
0%
VK AL36
Los angeles
5%
3%
VK AL35
Los angeles
5%
3%
VK ZT 9344b0
Los angeles
0%
0%
VK AL34
Los angeles
5%
3%
VK AL92
5%
3%
VK AL33
Los angeles
5%
3%
VK AL32
Los angeles
5%
3%
VK AL31
Los angeles
5%
3%
VK ZT c6d556
Los angeles
0%
0%
VK AL30
Los angeles
5%
3%
VK AL29
Los angeles
5%
3%
VK ZT 9e7bdf
Los angeles
0%
0%
ERROR    nxtwash:conftest.py:256 Visible page text at failure:
Wash packages
Add new wash package
Cancel
Save wash package
Service settings
Discount settings
Service name
Barcode
Loyalty points
Points awarded
Points to redeem
Service description
Force receipt printing
Active service
Global price
Global commission
Assign to
Controller code
Location price
Exempt tax
State sales tax rate
City sales tax rate
Commission
VK AL37
Los angeles
5%
3%
VK ZT ab24bb
Los angeles
0%
0%
VK AL36
Los angeles
5%
3%
VK AL35
Los angeles
5%
3%
VK ZT 9344b0
Los angeles
0%
0%
VK AL34
Los angeles
5%
3%
VK AL92
5%
3%
VK AL33
Los angeles
5%
3%
VK AL32
Los angeles
5%
3%
VK AL31
Los angeles
5%
3%
VK ZT c6d556
Los angeles
0%
0%
VK AL30
Los angeles
5%
3%
VK AL29
Los angeles
5%
3%
VK ZT 9e7bdf
Los angeles
0%
0%
FAILED                                                                   [ 62%]
tests/admin_portal/wash_packages/test_wash_packages_search_filter.py::test_wash_packages_partial_search XFAIL [ 62%]
tests/admin_portal/wash_packages/test_wash_packages_search_filter.py::test_wash_packages_missing_search PASSED [ 62%]
tests/admin_portal/wash_packages/test_wash_packages_search_filter.py::test_wash_packages_clear_search_restores_list 2026-07-29 01:19:40,320 ERROR nxtwash: Test FAILED: tests/admin_portal/wash_packages/test_wash_packages_search_filter.py::test_wash_packages_clear_search_restores_list (url: https://staging.nxtwash.com/services/washPackages/new)

-------------------------------- live log call ---------------------------------
ERROR    nxtwash:conftest.py:241 Test FAILED: tests/admin_portal/wash_packages/test_wash_packages_search_filter.py::test_wash_packages_clear_search_restores_list (url: https://staging.nxtwash.com/services/washPackages/new)
2026-07-29 01:19:41,046 ERROR nxtwash: Visible page text at failure:
Wash packages
Add new wash package
Cancel
Save wash package
Service settings
Discount settings
Service name
Barcode
Loyalty points
Points awarded
Points to redeem
Service description
Force receipt printing
Active service
Global price
Global commission
Assign to
Controller code
Location price
Exempt tax
State sales tax rate
City sales tax rate
Commission
VK AL37
Los angeles
5%
3%
VK ZT ab24bb
Los angeles
0%
0%
VK AL36
Los angeles
5%
3%
VK AL35
Los angeles
5%
3%
VK ZT 9344b0
Los angeles
0%
0%
VK AL34
Los angeles
5%
3%
VK AL92
5%
3%
VK AL33
Los angeles
5%
3%
VK AL32
Los angeles
5%
3%
VK AL31
Los angeles
5%
3%
VK ZT c6d556
Los angeles
0%
0%
VK AL30
Los angeles
5%
3%
VK AL29
Los angeles
5%
3%
VK ZT 9e7bdf
Los angeles
0%
0%
ERROR    nxtwash:conftest.py:256 Visible page text at failure:
Wash packages
Add new wash package
Cancel
Save wash package
Service settings
Discount settings
Service name
Barcode
Loyalty points
Points awarded
Points to redeem
Service description
Force receipt printing
Active service
Global price
Global commission
Assign to
Controller code
Location price
Exempt tax
State sales tax rate
City sales tax rate
Commission
VK AL37
Los angeles
5%
3%
VK ZT ab24bb
Los angeles
0%
0%
VK AL36
Los angeles
5%
3%
VK AL35
Los angeles
5%
3%
VK ZT 9344b0
Los angeles
0%
0%
VK AL34
Los angeles
5%
3%
VK AL92
5%
3%
VK AL33
Los angeles
5%
3%
VK AL32
Los angeles
5%
3%
VK AL31
Los angeles
5%
3%
VK ZT c6d556
Los angeles
0%
0%
VK AL30
Los angeles
5%
3%
VK AL29
Los angeles
5%
3%
VK ZT 9e7bdf
Los angeles
0%
0%
FAILED                                                                   [ 62%]
tests/admin_portal/wash_packages/test_wash_packages_search_filter.py::test_wash_packages_search_payloads_do_not_break_grid PASSED [ 62%]
tests/admin_portal/wash_packages/test_wash_packages_search_filter.py::test_search_inactive_wash_package_returns_it XFAIL [ 63%]
tests/admin_portal/wash_packages/test_wash_packages_search_filter.py::test_filter_by_site_narrows_results 2026-07-29 01:22:18,387 ERROR nxtwash: Test FAILED: tests/admin_portal/wash_packages/test_wash_packages_search_filter.py::test_filter_by_site_narrows_results (url: https://staging.nxtwash.com/services/washPackages/new)

-------------------------------- live log call ---------------------------------
ERROR    nxtwash:conftest.py:241 Test FAILED: tests/admin_portal/wash_packages/test_wash_packages_search_filter.py::test_filter_by_site_narrows_results (url: https://staging.nxtwash.com/services/washPackages/new)
2026-07-29 01:22:19,199 ERROR nxtwash: Visible page text at failure:
Wash packages
Add new wash package
Cancel
Save wash package
Service settings
Discount settings
Service name
Barcode
Loyalty points
Points awarded
Points to redeem
Service description
Force receipt printing
Active service
Global price
Global commission
Assign to
Controller code
Location price
Exempt tax
State sales tax rate
City sales tax rate
Commission
VK AL37
Los angeles
5%
3%
VK ZT ab24bb
Los angeles
0%
0%
VK AL36
Los angeles
5%
3%
VK AL35
Los angeles
5%
3%
VK ZT 9344b0
Los angeles
0%
0%
VK AL34
Los angeles
5%
3%
VK AL92
5%
3%
VK AL33
Los angeles
5%
3%
VK AL32
Los angeles
5%
3%
VK AL31
Los angeles
5%
3%
VK ZT c6d556
Los angeles
0%
0%
VK AL30
Los angeles
5%
3%
VK AL29
Los angeles
5%
3%
VK ZT 9e7bdf
Los angeles
0%
0%
ERROR    nxtwash:conftest.py:256 Visible page text at failure:
Wash packages
Add new wash package
Cancel
Save wash package
Service settings
Discount settings
Service name
Barcode
Loyalty points
Points awarded
Points to redeem
Service description
Force receipt printing
Active service
Global price
Global commission
Assign to
Controller code
Location price
Exempt tax
State sales tax rate
City sales tax rate
Commission
VK AL37
Los angeles
5%
3%
VK ZT ab24bb
Los angeles
0%
0%
VK AL36
Los angeles
5%
3%
VK AL35
Los angeles
5%
3%
VK ZT 9344b0
Los angeles
0%
0%
VK AL34
Los angeles
5%
3%
VK AL92
5%
3%
VK AL33
Los angeles
5%
3%
VK AL32
Los angeles
5%
3%
VK AL31
Los angeles
5%
3%
VK ZT c6d556
Los angeles
0%
0%
VK AL30
Los angeles
5%
3%
VK AL29
Los angeles
5%
3%
VK ZT 9e7bdf
Los angeles
0%
0%
FAILED                                                                   [ 63%]
tests/admin_portal/wash_packages/test_wash_packages_search_filter.py::test_filter_active_shows_active_packages XFAIL [ 63%]
tests/admin_portal/wash_packages/test_wash_packages_search_filter.py::test_filter_site_and_active_combined XFAIL [ 63%]
tests/admin_portal/wash_packages/test_wash_packages_search_filter.py::test_reset_filters_restores_grid XFAIL [ 63%]
tests/admin_portal/wash_packages/test_wash_packages_site_assignment.py::test_assign_multiple_sites_persists ERROR [ 64%]
tests/admin_portal/wash_packages/test_wash_packages_site_assignment.py::test_select_all_sites_via_header_checkbox ERROR [ 64%]
tests/admin_portal/wash_packages/test_wash_packages_site_assignment.py::test_save_wash_package_without_site_selection PASSED [ 64%]
tests/admin_portal/wash_packages/test_wash_packages_site_assignment.py::test_global_price_reflected_at_site ERROR [ 64%]
tests/admin_portal/wash_packages/test_wash_packages_site_assignment.py::test_location_price_override_persists XFAIL [ 64%]
tests/admin_portal/wash_packages/test_wash_packages_site_assignment.py::test_location_price_override_higher_than_global_persists ERROR [ 65%]
tests/admin_portal/wash_packages/test_wash_packages_site_assignment.py::test_location_price_override_lower_than_global_persists ERROR [ 65%]
tests/admin_portal/wash_packages/test_wash_packages_site_assignment.py::test_location_commission_override_persists ERROR [ 65%]
tests/admin_portal/wash_packages/test_wash_packages_site_assignment.py::test_location_commission_higher_than_global_persists ERROR [ 65%]
tests/admin_portal/wash_packages/test_wash_packages_ui.py::test_wash_packages_page_loads_with_primary_controls PASSED [ 65%]
tests/admin_portal/wash_packages/test_wash_packages_ui.py::test_wash_packages_grid_columns_are_visible PASSED [ 65%]
tests/admin_portal/wash_packages/test_wash_packages_ui.py::test_wash_packages_pagination_controls_are_visible PASSED [ 66%]
tests/admin_portal/wash_packages/test_wash_packages_ui.py::test_add_wash_package_form_loads PASSED [ 66%]
tests/admin_portal/wash_packages/test_wash_packages_ui.py::test_discount_settings_tab_loads 2026-07-29 01:36:16,300 ERROR nxtwash: Test FAILED: tests/admin_portal/wash_packages/test_wash_packages_ui.py::test_discount_settings_tab_loads (url: https://staging.nxtwash.com/services/washPackages)

-------------------------------- live log call ---------------------------------
ERROR    nxtwash:conftest.py:241 Test FAILED: tests/admin_portal/wash_packages/test_wash_packages_ui.py::test_discount_settings_tab_loads (url: https://staging.nxtwash.com/services/washPackages)
2026-07-29 01:36:16,957 ERROR nxtwash: Visible page text at failure:
Wash packages
Filter by (1)
+ Add new wash package
Wash package name
Price
Status
No records available
Page
of
0
Results per page
100
Showing 0 - 0 of 0
ERROR    nxtwash:conftest.py:256 Visible page text at failure:
Wash packages
Filter by (1)
+ Add new wash package
Wash package name
Price
Status
No records available
Page
of
0
Results per page
100
Showing 0 - 0 of 0
FAILED                                                                   [ 66%]
tests/admin_portal/wash_packages/test_wash_packages_ui.py::test_wash_packages_filter_panel_shows_controls PASSED [ 66%]
tests/admin_portal/wash_packages/test_wash_packages_validation.py::test_wash_package_blank_required_form_stays_on_form PASSED [ 66%]
tests/admin_portal/wash_packages/test_wash_packages_validation.py::test_wash_package_decimal_price_is_accepted PASSED [ 67%]
tests/admin_portal/wash_packages/test_wash_packages_validation.py::test_wash_package_decimal_commission_is_accepted PASSED [ 67%]
tests/admin_portal/wash_packages/test_wash_packages_validation.py::test_wash_package_invalid_numeric_values_do_not_break_form PASSED [ 67%]
tests/admin_portal/pos_settings/test_pos_active.py::test_active_pos_toggle_on_saves SKIPPED [ 67%]
tests/admin_portal/pos_settings/test_pos_active.py::test_active_pos_toggle_off_saves SKIPPED [ 67%]
tests/admin_portal/pos_settings/test_pos_create.py::test_add_pos_button_opens_form PASSED [ 68%]
tests/admin_portal/pos_settings/test_pos_create.py::test_create_active_pos_saves SKIPPED [ 68%]
tests/admin_portal/pos_settings/test_pos_create.py::test_create_pos_name_required PASSED [ 68%]
tests/admin_portal/pos_settings/test_pos_create.py::test_create_pos_site_required PASSED [ 68%]
tests/admin_portal/pos_settings/test_pos_create.py::test_create_pos_lane_required PASSED [ 68%]
tests/admin_portal/pos_settings/test_pos_create.py::test_lane_dropdown_populates_on_site_selection PASSED [ 69%]
tests/admin_portal/pos_settings/test_pos_create.py::test_create_inactive_pos PASSED [ 69%]
tests/admin_portal/pos_settings/test_pos_create.py::test_allow_checkout_default PASSED [ 69%]
tests/admin_portal/pos_settings/test_pos_create.py::test_allow_checkout_no_customer XFAIL [ 69%]
tests/admin_portal/pos_settings/test_pos_create.py::test_card_checked_by_default PASSED [ 69%]
tests/admin_portal/pos_settings/test_pos_create.py::test_cash_checked_by_default PASSED [ 69%]
tests/admin_portal/pos_settings/test_pos_create.py::test_uncheck_card_persists PASSED [ 70%]
tests/admin_portal/pos_settings/test_pos_create.py::test_uncheck_cash_persists PASSED [ 70%]
tests/admin_portal/pos_settings/test_pos_create.py::test_settings_accordions_collapsed PASSED [ 70%]
tests/admin_portal/pos_settings/test_pos_create.py::test_cancel_discards_form PASSED [ 70%]
tests/admin_portal/pos_settings/test_pos_create.py::test_new_pos_appears_immediately SKIPPED [ 70%]
tests/admin_portal/pos_settings/test_pos_dependencies.py::test_site_dropdown_from_sites_locations XFAIL [ 71%]
tests/admin_portal/pos_settings/test_pos_dependencies.py::test_lane_dropdown_from_site_lanes PASSED [ 71%]
tests/admin_portal/pos_settings/test_pos_device_settings.py::test_device_section_expand_collapse SKIPPED [ 71%]
tests/admin_portal/pos_settings/test_pos_device_settings.py::test_device_serial_required SKIPPED [ 71%]
tests/admin_portal/pos_settings/test_pos_device_settings.py::test_device_serial_accepts_valid_input SKIPPED [ 71%]
tests/admin_portal/pos_settings/test_pos_device_settings.py::test_device_serial_persists SKIPPED [ 72%]
tests/admin_portal/pos_settings/test_pos_edge_cases.py::test_pos_name_whitespace_trimmed ERROR [ 72%]
tests/admin_portal/pos_settings/test_pos_edit.py::test_edit_form_opens_prepopulated SKIPPED [ 72%]
tests/admin_portal/pos_settings/test_pos_edit.py::test_edit_pos_name_persists SKIPPED [ 72%]
tests/admin_portal/pos_settings/test_pos_edit.py::test_edit_site_persists SKIPPED [ 72%]
tests/admin_portal/pos_settings/test_pos_edit.py::test_edit_lane_persists SKIPPED [ 73%]
tests/admin_portal/pos_settings/test_pos_edit.py::test_changing_site_clears_lane SKIPPED [ 73%]
tests/admin_portal/pos_settings/test_pos_edit.py::test_edit_allow_checkout_persists SKIPPED [ 73%]
tests/admin_portal/pos_settings/test_pos_edit.py::test_edit_payment_methods_persists SKIPPED [ 73%]
tests/admin_portal/pos_settings/test_pos_edit.py::test_edit_blank_name_blocked SKIPPED [ 73%]
tests/admin_portal/pos_settings/test_pos_edit.py::test_activate_inactive_pos SKIPPED [ 73%]
tests/admin_portal/pos_settings/test_pos_edit.py::test_deactivate_active_pos SKIPPED [ 74%]
tests/admin_portal/pos_settings/test_pos_edit.py::test_cancel_discards_changes SKIPPED [ 74%]
tests/admin_portal/pos_settings/test_pos_edit.py::test_main_and_service_tabs_visible SKIPPED [ 74%]
tests/admin_portal/pos_settings/test_pos_filter.py::test_filter_panel_opens PASSED [ 74%]
tests/admin_portal/pos_settings/test_pos_filter.py::test_filter_by_site SKIPPED [ 74%]
tests/admin_portal/pos_settings/test_pos_filter.py::test_filter_active_pos_on SKIPPED [ 75%]
tests/admin_portal/pos_settings/test_pos_filter.py::test_filter_active_pos_off PASSED [ 75%]
tests/admin_portal/pos_settings/test_pos_filter.py::test_filter_result_count_matches_rows SKIPPED [ 75%]
tests/admin_portal/pos_settings/test_pos_filter.py::test_filter_site_and_active_combined SKIPPED [ 75%]
tests/admin_portal/pos_settings/test_pos_filter.py::test_filter_reset_all SKIPPED [ 75%]
tests/admin_portal/pos_settings/test_pos_list.py::test_pos_page_loads PASSED [ 76%]
tests/admin_portal/pos_settings/test_pos_list.py::test_pos_list_displays_columns PASSED [ 76%]
tests/admin_portal/pos_settings/test_pos_list.py::test_pos_list_status_column SKIPPED [ 76%]
tests/admin_portal/pos_settings/test_pos_list.py::test_pos_list_pagination_shows_count SKIPPED [ 76%]
tests/admin_portal/pos_settings/test_pos_list.py::test_pos_list_results_per_page PASSED [ 76%]
tests/admin_portal/pos_settings/test_pos_middleware_settings.py::test_middleware_section_expand_collapse SKIPPED [ 77%]
tests/admin_portal/pos_settings/test_pos_middleware_settings.py::test_middleware_ip_required SKIPPED [ 77%]
tests/admin_portal/pos_settings/test_pos_middleware_settings.py::test_middleware_ip_accepts_valid_url SKIPPED [ 77%]
tests/admin_portal/pos_settings/test_pos_middleware_settings.py::test_middleware_ip_persists SKIPPED [ 77%]
tests/admin_portal/pos_settings/test_pos_search.py::test_search_by_exact_name SKIPPED [ 77%]
tests/admin_portal/pos_settings/test_pos_search.py::test_search_by_partial_name SKIPPED [ 78%]
tests/admin_portal/pos_settings/test_pos_search.py::test_search_nonmatching_shows_empty PASSED [ 78%]
tests/admin_portal/pos_settings/test_pos_search.py::test_search_clear_restores_list SKIPPED [ 78%]
tests/admin_portal/pos_settings/test_pos_service_settings.py::test_service_tab_switches_view SKIPPED [ 78%]
tests/admin_portal/pos_settings/test_pos_service_settings.py::test_restore_default_settings SKIPPED [ 78%]
tests/admin_portal/pos_settings/test_pos_tunnel_settings.py::test_tunnel_section_expand_collapse SKIPPED [ 78%]
tests/admin_portal/pos_settings/test_pos_tunnel_settings.py::test_send_invoice_toggle_saves SKIPPED [ 79%]
tests/admin_portal/pos_settings/test_pos_tunnel_settings.py::test_tunnel_operational_toggle_saves SKIPPED [ 79%]
tests/admin_portal/pos_settings/test_pos_tunnel_settings.py::test_controller_id_required SKIPPED [ 79%]
tests/admin_portal/pos_settings/test_pos_tunnel_settings.py::test_controller_id_saves_persists SKIPPED [ 79%]
tests/admin_portal/pos_settings/test_pos_tunnel_settings.py::test_tunnel_controller_ip_required SKIPPED [ 79%]
tests/admin_portal/pos_settings/test_pos_tunnel_settings.py::test_controller_ip_valid_format_saves SKIPPED [ 80%]
tests/admin_portal/pos_settings/test_pos_tunnel_settings.py::test_car_roller_output_required SKIPPED [ 80%]
tests/admin_portal/pos_settings/test_pos_tunnel_settings.py::test_car_roller_output_persists SKIPPED [ 80%]
tests/admin_portal/custom_services/test_custom_services_category.py::test_service_category_dropdown_lists_active_categories_only PASSED [ 80%]
tests/admin_portal/custom_services/test_custom_services_category.py::test_selected_category_persists_after_save PASSED [ 80%]
tests/admin_portal/custom_services/test_custom_services_category.py::test_service_category_can_be_changed PASSED [ 81%]
tests/admin_portal/custom_services/test_custom_services_dependency.py::test_assigned_site_appears_in_site_grid_after_save 2026-07-29 02:23:35,645 ERROR nxtwash: Test FAILED: tests/admin_portal/custom_services/test_custom_services_dependency.py::test_assigned_site_appears_in_site_grid_after_save (url: https://staging.nxtwash.com/services/customServices/edit/30785)

-------------------------------- live log call ---------------------------------
ERROR    nxtwash:conftest.py:241 Test FAILED: tests/admin_portal/custom_services/test_custom_services_dependency.py::test_assigned_site_appears_in_site_grid_after_save (url: https://staging.nxtwash.com/services/customServices/edit/30785)
2026-07-29 02:23:36,409 ERROR nxtwash: Visible page text at failure:
Custom services
Edit custom service
Cancel
Save custom service
Service settings
Discount settings
Service name
Select service category
VK ASC3
Barcode
Loyalty points
Points awarded
Points to redeem
Service description
Force receipt printing
Active service
Open price
Global price
Global commission
Assign to
Location price
Exempt tax
State sales tax rate
City sales tax rate
Commission
VK AL27
Los angeles
5%
3%
VK AL28
Los angeles
5%
3%
VK AL36
Los angeles
5%
3%
VK AL35
Los angeles
5%
3%
VK ZT 9344b0
Los angeles
0%
0%
VK AL34
Los angeles
5%
3%
VK AL92
5%
3%
VK AL33
Los angeles
5%
3%
VK AL32
Los angeles
5%
3%
VK AL31
Los angeles
5%
3%
VK ZT c6d556
Los angeles
0%
0%
VK AL30
Los angeles
5%
3%
VK AL29
Los angeles
5%
3%
VK ZT 9e7bdf
Los angeles
0%
0%
ERROR    nxtwash:conftest.py:256 Visible page text at failure:
Custom services
Edit custom service
Cancel
Save custom service
Service settings
Discount settings
Service name
Select service category
VK ASC3
Barcode
Loyalty points
Points awarded
Points to redeem
Service description
Force receipt printing
Active service
Open price
Global price
Global commission
Assign to
Location price
Exempt tax
State sales tax rate
City sales tax rate
Commission
VK AL27
Los angeles
5%
3%
VK AL28
Los angeles
5%
3%
VK AL36
Los angeles
5%
3%
VK AL35
Los angeles
5%
3%
VK ZT 9344b0
Los angeles
0%
0%
VK AL34
Los angeles
5%
3%
VK AL92
5%
3%
VK AL33
Los angeles
5%
3%
VK AL32
Los angeles
5%
3%
VK AL31
Los angeles
5%
3%
VK ZT c6d556
Los angeles
0%
0%
VK AL30
Los angeles
5%
3%
VK AL29
Los angeles
5%
3%
VK ZT 9e7bdf
Los angeles
0%
0%
FAILED                                                                   [ 81%]
tests/admin_portal/custom_services/test_custom_services_dependency.py::test_service_appears_in_pos_after_assignment SKIPPED [ 81%]
tests/admin_portal/custom_services/test_custom_services_dependency.py::test_inactive_service_hidden_from_pos SKIPPED [ 81%]
tests/admin_portal/custom_services/test_custom_services_dependency.py::test_delete_service_removes_from_pos SKIPPED [ 81%]
tests/admin_portal/custom_services/test_custom_services_dependency.py::test_export_download_button_triggers_download SKIPPED [ 82%]
tests/admin_portal/custom_services/test_custom_services_discount.py::test_discount_settings_tab_is_visible_on_create PASSED [ 82%]
tests/admin_portal/custom_services/test_custom_services_discount.py::test_applicable_discount_persists_after_save PASSED [ 82%]
tests/admin_portal/custom_services/test_custom_services_discount.py::test_applicable_discount_persists_after_save ERROR [ 82%]
tests/admin_portal/custom_services/test_custom_services_discount.py::test_multiple_applicable_discounts_can_be_selected 2026-07-29 02:25:09,585 ERROR nxtwash: Test FAILED: tests/admin_portal/custom_services/test_custom_services_discount.py::test_multiple_applicable_discounts_can_be_selected (url: https://staging.nxtwash.com/services/customServices/edit/30785)

-------------------------------- live log call ---------------------------------
ERROR    nxtwash:conftest.py:241 Test FAILED: tests/admin_portal/custom_services/test_custom_services_discount.py::test_multiple_applicable_discounts_can_be_selected (url: https://staging.nxtwash.com/services/customServices/edit/30785)
2026-07-29 02:25:10,181 ERROR nxtwash: Visible page text at failure:
Custom services
Edit custom service
Cancel
Save custom service
Service settings
Discount settings
Applicable discounts
Discounts applied to this service
Basic Discount
+ 1
VK PD04
VK AD04
VK PD03
VK AD03
AUTOTEST Discount
AUTOTEST Discount RENAMED
VK EC 100 Pct
VK EC Exp Today
VK EC Future Start
VK EC Zero Pct
VK PD02
AUTOTEST Pct Discount
VK CMB004
VK CMB002
VK AD02
VK AD01
Basic Discount
Plus discount
ERROR    nxtwash:conftest.py:256 Visible page text at failure:
Custom services
Edit custom service
Cancel
Save custom service
Service settings
Discount settings
Applicable discounts
Discounts applied to this service
Basic Discount
+ 1
VK PD04
VK AD04
VK PD03
VK AD03
AUTOTEST Discount
AUTOTEST Discount RENAMED
VK EC 100 Pct
VK EC Exp Today
VK EC Future Start
VK EC Zero Pct
VK PD02
AUTOTEST Pct Discount
VK CMB004
VK CMB002
VK AD02
VK AD01
Basic Discount
Plus discount
FAILED                                                                   [ 82%]
tests/admin_portal/custom_services/test_custom_services_discount.py::test_remove_applicable_discount_persists PASSED [ 82%]
tests/admin_portal/custom_services/test_custom_services_discount.py::test_remove_applicable_discount_persists ERROR [ 82%]
tests/admin_portal/custom_services/test_custom_services_discount.py::test_discount_tab_accessible_on_edit_form 2026-07-29 02:26:14,795 ERROR nxtwash: Test FAILED: tests/admin_portal/custom_services/test_custom_services_discount.py::test_discount_tab_accessible_on_edit_form (url: https://staging.nxtwash.com/services/customServices/edit/30785)

-------------------------------- live log call ---------------------------------
ERROR    nxtwash:conftest.py:241 Test FAILED: tests/admin_portal/custom_services/test_custom_services_discount.py::test_discount_tab_accessible_on_edit_form (url: https://staging.nxtwash.com/services/customServices/edit/30785)
2026-07-29 02:26:15,478 ERROR nxtwash: Visible page text at failure:
Custom services
Edit custom service
Cancel
Save custom service
Service settings
Discount settings
Service name
Select service category
VK ASC3
Barcode
Loyalty points
Points awarded
Points to redeem
Service description
Force receipt printing
Active service
Open price
Global price
Global commission
Assign to
Location price
Exempt tax
State sales tax rate
City sales tax rate
Commission
VK AL27
Los angeles
5%
3%
VK AL28
Los angeles
5%
3%
VK AL36
Los angeles
5%
3%
VK AL35
Los angeles
5%
3%
VK ZT 9344b0
Los angeles
0%
0%
VK AL34
Los angeles
5%
3%
VK AL92
5%
3%
VK AL33
Los angeles
5%
3%
VK AL32
Los angeles
5%
3%
VK AL31
Los angeles
5%
3%
VK ZT c6d556
Los angeles
0%
0%
VK AL30
Los angeles
5%
3%
VK AL29
Los angeles
5%
3%
VK ZT 9e7bdf
Los angeles
0%
0%
ERROR    nxtwash:conftest.py:256 Visible page text at failure:
Custom services
Edit custom service
Cancel
Save custom service
Service settings
Discount settings
Service name
Select service category
VK ASC3
Barcode
Loyalty points
Points awarded
Points to redeem
Service description
Force receipt printing
Active service
Open price
Global price
Global commission
Assign to
Location price
Exempt tax
State sales tax rate
City sales tax rate
Commission
VK AL27
Los angeles
5%
3%
VK AL28
Los angeles
5%
3%
VK AL36
Los angeles
5%
3%
VK AL35
Los angeles
5%
3%
VK ZT 9344b0
Los angeles
0%
0%
VK AL34
Los angeles
5%
3%
VK AL92
5%
3%
VK AL33
Los angeles
5%
3%
VK AL32
Los angeles
5%
3%
VK AL31
Los angeles
5%
3%
VK ZT c6d556
Los angeles
0%
0%
VK AL30
Los angeles
5%
3%
VK AL29
Los angeles
5%
3%
VK ZT 9e7bdf
Los angeles
0%
0%
FAILED                                                                   [ 82%]
tests/admin_portal/custom_services/test_custom_services_discount.py::test_discount_combobox_filters_by_typing 2026-07-29 02:26:26,571 ERROR nxtwash: Test FAILED: tests/admin_portal/custom_services/test_custom_services_discount.py::test_discount_combobox_filters_by_typing (url: https://staging.nxtwash.com/services/customServices/new)

-------------------------------- live log call ---------------------------------
ERROR    nxtwash:conftest.py:241 Test FAILED: tests/admin_portal/custom_services/test_custom_services_discount.py::test_discount_combobox_filters_by_typing (url: https://staging.nxtwash.com/services/customServices/new)
2026-07-29 02:26:27,184 ERROR nxtwash: Visible page text at failure:
Custom services
Add new custom service
Cancel
Save custom service
Service settings
Discount settings
Applicable discounts
Discounts applied to this service
Select discounts
ERROR    nxtwash:conftest.py:256 Visible page text at failure:
Custom services
Add new custom service
Cancel
Save custom service
Service settings
Discount settings
Applicable discounts
Discounts applied to this service
Select discounts
FAILED                                                                   [ 83%]
tests/admin_portal/custom_services/test_custom_services_edit.py::test_edit_service_name_persists 2026-07-29 02:27:16,695 ERROR nxtwash: Test FAILED: tests/admin_portal/custom_services/test_custom_services_edit.py::test_edit_service_name_persists (url: https://staging.nxtwash.com/services/customServices)

-------------------------------- live log call ---------------------------------
ERROR    nxtwash:conftest.py:241 Test FAILED: tests/admin_portal/custom_services/test_custom_services_edit.py::test_edit_service_name_persists (url: https://staging.nxtwash.com/services/customServices)
2026-07-29 02:27:17,283 ERROR nxtwash: Visible page text at failure:
Custom services
Filter by (1)
+ Add new custom service
Service name
Category
Price
Status
No records available
Page
of
0
Results per page
100
Showing 0 - 0 of 0
ERROR    nxtwash:conftest.py:256 Visible page text at failure:
Custom services
Filter by (1)
+ Add new custom service
Service name
Category
Price
Status
No records available
Page
of
0
Results per page
100
Showing 0 - 0 of 0
FAILED                                                                   [ 83%]
tests/admin_portal/custom_services/test_custom_services_edit.py::test_edit_global_price_persists ERROR [ 83%]
tests/admin_portal/custom_services/test_custom_services_edit.py::test_edit_site_price_override_persists PASSED [ 83%]
tests/admin_portal/custom_services/test_custom_services_edit.py::test_edit_site_price_override_persists ERROR [ 83%]
tests/admin_portal/custom_services/test_custom_services_edit.py::test_activate_inactive_service SKIPPED [ 83%]
tests/admin_portal/custom_services/test_custom_services_edit.py::test_deactivate_active_service PASSED [ 84%]
tests/admin_portal/custom_services/test_custom_services_edit.py::test_edit_form_prepopulates_existing_values PASSED [ 84%]
tests/admin_portal/custom_services/test_custom_services_edit.py::test_cancel_out_of_edit_form 2026-07-29 02:29:04,918 ERROR nxtwash: Test FAILED: tests/admin_portal/custom_services/test_custom_services_edit.py::test_cancel_out_of_edit_form (url: https://staging.nxtwash.com/services/customServices/edit/30785)

-------------------------------- live log call ---------------------------------
ERROR    nxtwash:conftest.py:241 Test FAILED: tests/admin_portal/custom_services/test_custom_services_edit.py::test_cancel_out_of_edit_form (url: https://staging.nxtwash.com/services/customServices/edit/30785)
2026-07-29 02:29:05,628 ERROR nxtwash: Visible page text at failure:
Custom services
Edit custom service
Cancel
Save custom service
Service settings
Discount settings
Service name
Select service category
VK ASC3
Barcode
Loyalty points
Points awarded
Points to redeem
Service description
Force receipt printing
Active service
Open price
Global price
Global commission
Assign to
Location price
Exempt tax
State sales tax rate
City sales tax rate
Commission
VK AL27
Los angeles
5%
3%
VK AL28
Los angeles
5%
3%
VK AL36
Los angeles
5%
3%
VK AL35
Los angeles
5%
3%
VK ZT 9344b0
Los angeles
0%
0%
VK AL34
Los angeles
5%
3%
VK AL92
5%
3%
VK AL33
Los angeles
5%
3%
VK AL32
Los angeles
5%
3%
VK AL31
Los angeles
5%
3%
VK ZT c6d556
Los angeles
0%
0%
VK AL30
Los angeles
5%
3%
VK AL29
Los angeles
5%
3%
VK ZT 9e7bdf
Los angeles
0%
0%
ERROR    nxtwash:conftest.py:256 Visible page text at failure:
Custom services
Edit custom service
Cancel
Save custom service
Service settings
Discount settings
Service name
Select service category
VK ASC3
Barcode
Loyalty points
Points awarded
Points to redeem
Service description
Force receipt printing
Active service
Open price
Global price
Global commission
Assign to
Location price
Exempt tax
State sales tax rate
City sales tax rate
Commission
VK AL27
Los angeles
5%
3%
VK AL28
Los angeles
5%
3%
VK AL36
Los angeles
5%
3%
VK AL35
Los angeles
5%
3%
VK ZT 9344b0
Los angeles
0%
0%
VK AL34
Los angeles
5%
3%
VK AL92
5%
3%
VK AL33
Los angeles
5%
3%
VK AL32
Los angeles
5%
3%
VK AL31
Los angeles
5%
3%
VK ZT c6d556
Los angeles
0%
0%
VK AL30
Los angeles
5%
3%
VK AL29
Los angeles
5%
3%
VK ZT 9e7bdf
Los angeles
0%
0%
FAILED                                                                   [ 84%]
tests/admin_portal/custom_services/test_custom_services_edit.py::test_edit_barcode_and_description_persist SKIPPED [ 84%]
tests/admin_portal/custom_services/test_custom_services_edit.py::test_created_service_persists_after_reload PASSED [ 84%]
tests/admin_portal/custom_services/test_custom_services_edit.py::test_edited_service_persists_after_reload ERROR [ 85%]
tests/admin_portal/custom_services/test_custom_services_positive.py::test_create_active_custom_service PASSED [ 85%]
tests/admin_portal/custom_services/test_custom_services_positive.py::test_create_inactive_custom_service_hidden PASSED [ 85%]
tests/admin_portal/custom_services/test_custom_services_positive.py::test_cancel_out_of_create_form PASSED [ 85%]
tests/admin_portal/custom_services/test_custom_services_positive.py::test_create_form_has_save_and_cancel_buttons PASSED [ 85%]
tests/admin_portal/custom_services/test_custom_services_positive.py::test_new_service_global_price_visible_in_list 2026-07-29 02:30:50,069 ERROR nxtwash: Test FAILED: tests/admin_portal/custom_services/test_custom_services_positive.py::test_new_service_global_price_visible_in_list (url: https://staging.nxtwash.com/services/customServices/edit/30785)

-------------------------------- live log call ---------------------------------
ERROR    nxtwash:conftest.py:241 Test FAILED: tests/admin_portal/custom_services/test_custom_services_positive.py::test_new_service_global_price_visible_in_list (url: https://staging.nxtwash.com/services/customServices/edit/30785)
2026-07-29 02:30:50,756 ERROR nxtwash: Visible page text at failure:
Custom services
Edit custom service
Cancel
Save custom service
Service settings
Discount settings
Service name
Select service category
VK ASC3
Barcode
Loyalty points
Points awarded
Points to redeem
Service description
Force receipt printing
Active service
Open price
Global price
Global commission
Assign to
Location price
Exempt tax
State sales tax rate
City sales tax rate
Commission
VK AL27
Los angeles
5%
3%
VK AL28
Los angeles
5%
3%
VK AL36
Los angeles
5%
3%
VK AL35
Los angeles
5%
3%
VK ZT 9344b0
Los angeles
0%
0%
VK AL34
Los angeles
5%
3%
VK AL92
5%
3%
VK AL33
Los angeles
5%
3%
VK AL32
Los angeles
5%
3%
VK AL31
Los angeles
5%
3%
VK ZT c6d556
Los angeles
0%
0%
VK AL30
Los angeles
5%
3%
VK AL29
Los angeles
5%
3%
VK ZT 9e7bdf
Los angeles
0%
0%
ERROR    nxtwash:conftest.py:256 Visible page text at failure:
Custom services
Edit custom service
Cancel
Save custom service
Service settings
Discount settings
Service name
Select service category
VK ASC3
Barcode
Loyalty points
Points awarded
Points to redeem
Service description
Force receipt printing
Active service
Open price
Global price
Global commission
Assign to
Location price
Exempt tax
State sales tax rate
City sales tax rate
Commission
VK AL27
Los angeles
5%
3%
VK AL28
Los angeles
5%
3%
VK AL36
Los angeles
5%
3%
VK AL35
Los angeles
5%
3%
VK ZT 9344b0
Los angeles
0%
0%
VK AL34
Los angeles
5%
3%
VK AL92
5%
3%
VK AL33
Los angeles
5%
3%
VK AL32
Los angeles
5%
3%
VK AL31
Los angeles
5%
3%
VK ZT c6d556
Los angeles
0%
0%
VK AL30
Los angeles
5%
3%
VK AL29
Los angeles
5%
3%
VK ZT 9e7bdf
Los angeles
0%
0%
FAILED                                                                   [ 86%]
tests/admin_portal/custom_services/test_custom_services_positive.py::test_create_service_with_barcode PASSED [ 86%]
tests/admin_portal/custom_services/test_custom_services_positive.py::test_create_service_with_description PASSED [ 86%]
tests/admin_portal/custom_services/test_custom_services_positive.py::test_create_service_with_force_receipt_enabled PASSED [ 86%]
tests/admin_portal/custom_services/test_custom_services_positive.py::test_create_service_with_open_price_enabled PASSED [ 86%]
tests/admin_portal/custom_services/test_custom_services_positive.py::test_site_level_price_override_saved PASSED [ 86%]
tests/admin_portal/custom_services/test_custom_services_positive.py::test_enable_tax_exemption_per_site PASSED [ 87%]
tests/admin_portal/custom_services/test_custom_services_positive.py::test_create_service_with_applicable_discount PASSED [ 87%]
tests/admin_portal/custom_services/test_custom_services_positive.py::test_state_city_sales_tax_columns_are_read_only PASSED [ 87%]
tests/admin_portal/custom_services/test_custom_services_positive.py::test_created_service_persists_after_reload 2026-07-29 02:33:29,726 ERROR nxtwash: Test FAILED: tests/admin_portal/custom_services/test_custom_services_positive.py::test_created_service_persists_after_reload (url: https://staging.nxtwash.com/services/customServices/edit/30785)

-------------------------------- live log call ---------------------------------
ERROR    nxtwash:conftest.py:241 Test FAILED: tests/admin_portal/custom_services/test_custom_services_positive.py::test_created_service_persists_after_reload (url: https://staging.nxtwash.com/services/customServices/edit/30785)
2026-07-29 02:33:30,420 ERROR nxtwash: Visible page text at failure:
Custom services
Edit custom service
Cancel
Save custom service
Service settings
Discount settings
Service name
Select service category
VK ASC3
Barcode
Loyalty points
Points awarded
Points to redeem
Service description
Force receipt printing
Active service
Open price
Global price
Global commission
Assign to
Location price
Exempt tax
State sales tax rate
City sales tax rate
Commission
VK AL27
Los angeles
5%
3%
VK AL28
Los angeles
5%
3%
VK AL36
Los angeles
5%
3%
VK AL35
Los angeles
5%
3%
VK ZT 9344b0
Los angeles
0%
0%
VK AL34
Los angeles
5%
3%
VK AL92
5%
3%
VK AL33
Los angeles
5%
3%
VK AL32
Los angeles
5%
3%
VK AL31
Los angeles
5%
3%
VK ZT c6d556
Los angeles
0%
0%
VK AL30
Los angeles
5%
3%
VK AL29
Los angeles
5%
3%
VK ZT 9e7bdf
Los angeles
0%
0%
ERROR    nxtwash:conftest.py:256 Visible page text at failure:
Custom services
Edit custom service
Cancel
Save custom service
Service settings
Discount settings
Service name
Select service category
VK ASC3
Barcode
Loyalty points
Points awarded
Points to redeem
Service description
Force receipt printing
Active service
Open price
Global price
Global commission
Assign to
Location price
Exempt tax
State sales tax rate
City sales tax rate
Commission
VK AL27
Los angeles
5%
3%
VK AL28
Los angeles
5%
3%
VK AL36
Los angeles
5%
3%
VK AL35
Los angeles
5%
3%
VK ZT 9344b0
Los angeles
0%
0%
VK AL34
Los angeles
5%
3%
VK AL92
5%
3%
VK AL33
Los angeles
5%
3%
VK AL32
Los angeles
5%
3%
VK AL31
Los angeles
5%
3%
VK ZT c6d556
Los angeles
0%
0%
VK AL30
Los angeles
5%
3%
VK AL29
Los angeles
5%
3%
VK ZT 9e7bdf
Los angeles
0%
0%
FAILED                                                                   [ 87%]
tests/admin_portal/custom_services/test_custom_services_search_filter.py::test_search_exact_service_name 2026-07-29 02:33:47,584 ERROR nxtwash: Test FAILED: tests/admin_portal/custom_services/test_custom_services_search_filter.py::test_search_exact_service_name (url: https://staging.nxtwash.com/services/customServices/edit/30785)

-------------------------------- live log call ---------------------------------
ERROR    nxtwash:conftest.py:241 Test FAILED: tests/admin_portal/custom_services/test_custom_services_search_filter.py::test_search_exact_service_name (url: https://staging.nxtwash.com/services/customServices/edit/30785)
2026-07-29 02:33:48,275 ERROR nxtwash: Visible page text at failure:
Custom services
Edit custom service
Cancel
Save custom service
Service settings
Discount settings
Service name
Select service category
VK ASC3
Barcode
Loyalty points
Points awarded
Points to redeem
Service description
Force receipt printing
Active service
Open price
Global price
Global commission
Assign to
Location price
Exempt tax
State sales tax rate
City sales tax rate
Commission
VK AL27
Los angeles
5%
3%
VK AL28
Los angeles
5%
3%
VK AL36
Los angeles
5%
3%
VK AL35
Los angeles
5%
3%
VK ZT 9344b0
Los angeles
0%
0%
VK AL34
Los angeles
5%
3%
VK AL92
5%
3%
VK AL33
Los angeles
5%
3%
VK AL32
Los angeles
5%
3%
VK AL31
Los angeles
5%
3%
VK ZT c6d556
Los angeles
0%
0%
VK AL30
Los angeles
5%
3%
VK AL29
Los angeles
5%
3%
VK ZT 9e7bdf
Los angeles
0%
0%
ERROR    nxtwash:conftest.py:256 Visible page text at failure:
Custom services
Edit custom service
Cancel
Save custom service
Service settings
Discount settings
Service name
Select service category
VK ASC3
Barcode
Loyalty points
Points awarded
Points to redeem
Service description
Force receipt printing
Active service
Open price
Global price
Global commission
Assign to
Location price
Exempt tax
State sales tax rate
City sales tax rate
Commission
VK AL27
Los angeles
5%
3%
VK AL28
Los angeles
5%
3%
VK AL36
Los angeles
5%
3%
VK AL35
Los angeles
5%
3%
VK ZT 9344b0
Los angeles
0%
0%
VK AL34
Los angeles
5%
3%
VK AL92
5%
3%
VK AL33
Los angeles
5%
3%
VK AL32
Los angeles
5%
3%
VK AL31
Los angeles
5%
3%
VK ZT c6d556
Los angeles
0%
0%
VK AL30
Los angeles
5%
3%
VK AL29
Los angeles
5%
3%
VK ZT 9e7bdf
Los angeles
0%
0%
FAILED                                                                   [ 87%]
tests/admin_portal/custom_services/test_custom_services_search_filter.py::test_search_partial_service_name PASSED [ 88%]
tests/admin_portal/custom_services/test_custom_services_search_filter.py::test_search_non_existing_service_returns_empty PASSED [ 88%]
tests/admin_portal/custom_services/test_custom_services_search_filter.py::test_clear_search_restores_full_list 2026-07-29 02:34:40,566 ERROR nxtwash: Test FAILED: tests/admin_portal/custom_services/test_custom_services_search_filter.py::test_clear_search_restores_full_list (url: https://staging.nxtwash.com/services/customServices/edit/30785)

-------------------------------- live log call ---------------------------------
ERROR    nxtwash:conftest.py:241 Test FAILED: tests/admin_portal/custom_services/test_custom_services_search_filter.py::test_clear_search_restores_full_list (url: https://staging.nxtwash.com/services/customServices/edit/30785)
2026-07-29 02:34:41,249 ERROR nxtwash: Visible page text at failure:
Custom services
Edit custom service
Cancel
Save custom service
Service settings
Discount settings
Service name
Select service category
VK ASC3
Barcode
Loyalty points
Points awarded
Points to redeem
Service description
Force receipt printing
Active service
Open price
Global price
Global commission
Assign to
Location price
Exempt tax
State sales tax rate
City sales tax rate
Commission
VK AL27
Los angeles
5%
3%
VK AL28
Los angeles
5%
3%
VK AL36
Los angeles
5%
3%
VK AL35
Los angeles
5%
3%
VK ZT 9344b0
Los angeles
0%
0%
VK AL34
Los angeles
5%
3%
VK AL92
5%
3%
VK AL33
Los angeles
5%
3%
VK AL32
Los angeles
5%
3%
VK AL31
Los angeles
5%
3%
VK ZT c6d556
Los angeles
0%
0%
VK AL30
Los angeles
5%
3%
VK AL29
Los angeles
5%
3%
VK ZT 9e7bdf
Los angeles
0%
0%
ERROR    nxtwash:conftest.py:256 Visible page text at failure:
Custom services
Edit custom service
Cancel
Save custom service
Service settings
Discount settings
Service name
Select service category
VK ASC3
Barcode
Loyalty points
Points awarded
Points to redeem
Service description
Force receipt printing
Active service
Open price
Global price
Global commission
Assign to
Location price
Exempt tax
State sales tax rate
City sales tax rate
Commission
VK AL27
Los angeles
5%
3%
VK AL28
Los angeles
5%
3%
VK AL36
Los angeles
5%
3%
VK AL35
Los angeles
5%
3%
VK ZT 9344b0
Los angeles
0%
0%
VK AL34
Los angeles
5%
3%
VK AL92
5%
3%
VK AL33
Los angeles
5%
3%
VK AL32
Los angeles
5%
3%
VK AL31
Los angeles
5%
3%
VK ZT c6d556
Los angeles
0%
0%
VK AL30
Los angeles
5%
3%
VK AL29
Los angeles
5%
3%
VK ZT 9e7bdf
Los angeles
0%
0%
FAILED                                                                   [ 88%]
tests/admin_portal/custom_services/test_custom_services_search_filter.py::test_filter_by_site_narrows_results 2026-07-29 02:34:58,744 ERROR nxtwash: Test FAILED: tests/admin_portal/custom_services/test_custom_services_search_filter.py::test_filter_by_site_narrows_results (url: https://staging.nxtwash.com/services/customServices/edit/30785)

-------------------------------- live log call ---------------------------------
ERROR    nxtwash:conftest.py:241 Test FAILED: tests/admin_portal/custom_services/test_custom_services_search_filter.py::test_filter_by_site_narrows_results (url: https://staging.nxtwash.com/services/customServices/edit/30785)
2026-07-29 02:34:59,414 ERROR nxtwash: Visible page text at failure:
Custom services
Edit custom service
Cancel
Save custom service
Service settings
Discount settings
Service name
Select service category
VK ASC3
Barcode
Loyalty points
Points awarded
Points to redeem
Service description
Force receipt printing
Active service
Open price
Global price
Global commission
Assign to
Location price
Exempt tax
State sales tax rate
City sales tax rate
Commission
VK AL27
Los angeles
5%
3%
VK AL28
Los angeles
5%
3%
VK AL36
Los angeles
5%
3%
VK AL35
Los angeles
5%
3%
VK ZT 9344b0
Los angeles
0%
0%
VK AL34
Los angeles
5%
3%
VK AL92
5%
3%
VK AL33
Los angeles
5%
3%
VK AL32
Los angeles
5%
3%
VK AL31
Los angeles
5%
3%
VK ZT c6d556
Los angeles
0%
0%
VK AL30
Los angeles
5%
3%
VK AL29
Los angeles
5%
3%
VK ZT 9e7bdf
Los angeles
0%
0%
ERROR    nxtwash:conftest.py:256 Visible page text at failure:
Custom services
Edit custom service
Cancel
Save custom service
Service settings
Discount settings
Service name
Select service category
VK ASC3
Barcode
Loyalty points
Points awarded
Points to redeem
Service description
Force receipt printing
Active service
Open price
Global price
Global commission
Assign to
Location price
Exempt tax
State sales tax rate
City sales tax rate
Commission
VK AL27
Los angeles
5%
3%
VK AL28
Los angeles
5%
3%
VK AL36
Los angeles
5%
3%
VK AL35
Los angeles
5%
3%
VK ZT 9344b0
Los angeles
0%
0%
VK AL34
Los angeles
5%
3%
VK AL92
5%
3%
VK AL33
Los angeles
5%
3%
VK AL32
Los angeles
5%
3%
VK AL31
Los angeles
5%
3%
VK ZT c6d556
Los angeles
0%
0%
VK AL30
Los angeles
5%
3%
VK AL29
Los angeles
5%
3%
VK ZT 9e7bdf
Los angeles
0%
0%
FAILED                                                                   [ 88%]
tests/admin_portal/custom_services/test_custom_services_search_filter.py::test_active_service_filter_shows_active_only PASSED [ 88%]
tests/admin_portal/custom_services/test_custom_services_search_filter.py::test_active_service_filter_off_shows_all SKIPPED [ 89%]
tests/admin_portal/custom_services/test_custom_services_search_filter.py::test_site_and_active_filter_combined PASSED [ 89%]
tests/admin_portal/custom_services/test_custom_services_search_filter.py::test_reset_filters_clears_filters 2026-07-29 02:36:09,044 ERROR nxtwash: Test FAILED: tests/admin_portal/custom_services/test_custom_services_search_filter.py::test_reset_filters_clears_filters (url: https://staging.nxtwash.com/services/customServices/edit/30785)

-------------------------------- live log call ---------------------------------
ERROR    nxtwash:conftest.py:241 Test FAILED: tests/admin_portal/custom_services/test_custom_services_search_filter.py::test_reset_filters_clears_filters (url: https://staging.nxtwash.com/services/customServices/edit/30785)
2026-07-29 02:36:09,738 ERROR nxtwash: Visible page text at failure:
Custom services
Edit custom service
Cancel
Save custom service
Service settings
Discount settings
Service name
Select service category
VK ASC3
Barcode
Loyalty points
Points awarded
Points to redeem
Service description
Force receipt printing
Active service
Open price
Global price
Global commission
Assign to
Location price
Exempt tax
State sales tax rate
City sales tax rate
Commission
VK AL27
Los angeles
5%
3%
VK AL28
Los angeles
5%
3%
VK AL36
Los angeles
5%
3%
VK AL35
Los angeles
5%
3%
VK ZT 9344b0
Los angeles
0%
0%
VK AL34
Los angeles
5%
3%
VK AL92
5%
3%
VK AL33
Los angeles
5%
3%
VK AL32
Los angeles
5%
3%
VK AL31
Los angeles
5%
3%
VK ZT c6d556
Los angeles
0%
0%
VK AL30
Los angeles
5%
3%
VK AL29
Los angeles
5%
3%
VK ZT 9e7bdf
Los angeles
0%
0%
ERROR    nxtwash:conftest.py:256 Visible page text at failure:
Custom services
Edit custom service
Cancel
Save custom service
Service settings
Discount settings
Service name
Select service category
VK ASC3
Barcode
Loyalty points
Points awarded
Points to redeem
Service description
Force receipt printing
Active service
Open price
Global price
Global commission
Assign to
Location price
Exempt tax
State sales tax rate
City sales tax rate
Commission
VK AL27
Los angeles
5%
3%
VK AL28
Los angeles
5%
3%
VK AL36
Los angeles
5%
3%
VK AL35
Los angeles
5%
3%
VK ZT 9344b0
Los angeles
0%
0%
VK AL34
Los angeles
5%
3%
VK AL92
5%
3%
VK AL33
Los angeles
5%
3%
VK AL32
Los angeles
5%
3%
VK AL31
Los angeles
5%
3%
VK ZT c6d556
Los angeles
0%
0%
VK AL30
Los angeles
5%
3%
VK AL29
Los angeles
5%
3%
VK ZT 9e7bdf
Los angeles
0%
0%
FAILED                                                                   [ 89%]
tests/admin_portal/custom_services/test_custom_services_ui.py::test_custom_services_page_loads_with_primary_controls PASSED [ 89%]
tests/admin_portal/custom_services/test_custom_services_ui.py::test_grid_displays_expected_columns PASSED [ 89%]
tests/admin_portal/custom_services/test_custom_services_ui.py::test_pagination_controls_are_visible PASSED [ 90%]
tests/admin_portal/custom_services/test_custom_services_validation.py::test_submit_without_service_name_shows_error PASSED [ 90%]
tests/admin_portal/custom_services/test_custom_services_validation.py::test_submit_without_category_shows_error PASSED [ 90%]
tests/admin_portal/custom_services/test_custom_services_validation.py::test_submit_without_global_price_shows_error PASSED [ 90%]
tests/admin_portal/custom_services/test_custom_services_validation.py::test_negative_global_price_documents_behaviour PASSED [ 90%]
tests/admin_portal/custom_services/test_custom_services_validation.py::test_zero_global_price_documents_behaviour PASSED [ 91%]
tests/admin_portal/custom_services/test_custom_services_validation.py::test_duplicate_service_name_documents_behaviour 2026-07-29 02:38:57,446 ERROR nxtwash: Test FAILED: tests/admin_portal/custom_services/test_custom_services_validation.py::test_duplicate_service_name_documents_behaviour (url: https://staging.nxtwash.com/services/customServices/edit/30785)

-------------------------------- live log call ---------------------------------
ERROR    nxtwash:conftest.py:241 Test FAILED: tests/admin_portal/custom_services/test_custom_services_validation.py::test_duplicate_service_name_documents_behaviour (url: https://staging.nxtwash.com/services/customServices/edit/30785)
2026-07-29 02:38:58,149 ERROR nxtwash: Visible page text at failure:
Custom services
Edit custom service
Cancel
Save custom service
Service settings
Discount settings
Service name
Select service category
VK ASC3
Barcode
Loyalty points
Points awarded
Points to redeem
Service description
Force receipt printing
Active service
Open price
Global price
Global commission
Assign to
Location price
Exempt tax
State sales tax rate
City sales tax rate
Commission
VK AL27
Los angeles
5%
3%
VK AL28
Los angeles
5%
3%
VK AL36
Los angeles
5%
3%
VK AL35
Los angeles
5%
3%
VK ZT 9344b0
Los angeles
0%
0%
VK AL34
Los angeles
5%
3%
VK AL92
5%
3%
VK AL33
Los angeles
5%
3%
VK AL32
Los angeles
5%
3%
VK AL31
Los angeles
5%
3%
VK ZT c6d556
Los angeles
0%
0%
VK AL30
Los angeles
5%
3%
VK AL29
Los angeles
5%
3%
VK ZT 9e7bdf
Los angeles
0%
0%
ERROR    nxtwash:conftest.py:256 Visible page text at failure:
Custom services
Edit custom service
Cancel
Save custom service
Service settings
Discount settings
Service name
Select service category
VK ASC3
Barcode
Loyalty points
Points awarded
Points to redeem
Service description
Force receipt printing
Active service
Open price
Global price
Global commission
Assign to
Location price
Exempt tax
State sales tax rate
City sales tax rate
Commission
VK AL27
Los angeles
5%
3%
VK AL28
Los angeles
5%
3%
VK AL36
Los angeles
5%
3%
VK AL35
Los angeles
5%
3%
VK ZT 9344b0
Los angeles
0%
0%
VK AL34
Los angeles
5%
3%
VK AL92
5%
3%
VK AL33
Los angeles
5%
3%
VK AL32
Los angeles
5%
3%
VK AL31
Los angeles
5%
3%
VK ZT c6d556
Los angeles
0%
0%
VK AL30
Los angeles
5%
3%
VK AL29
Los angeles
5%
3%
VK ZT 9e7bdf
Los angeles
0%
0%
FAILED                                                                   [ 91%]
tests/admin_portal/custom_services/test_custom_services_validation.py::test_non_numeric_price_rejected PASSED [ 91%]
tests/admin_portal/custom_services/test_custom_services_validation.py::test_long_service_name_documents_behaviour PASSED [ 91%]
tests/admin_portal/tunnel_settings/test_tunnel_active.py::test_active_configuration_toggle_saves[TUN-ACT-001] PASSED [ 91%]
tests/admin_portal/tunnel_settings/test_tunnel_active.py::test_active_configuration_toggle_saves[TUN-ACT-002] XFAIL [ 91%]
tests/admin_portal/tunnel_settings/test_tunnel_active.py::test_status_badge_color_reflects_state PASSED [ 92%]
tests/admin_portal/tunnel_settings/test_tunnel_behavior.py::test_behavior_radio_mutual_exclusivity PASSED [ 92%]
tests/admin_portal/tunnel_settings/test_tunnel_behavior.py::test_behavior_default_sequence_stacking PASSED [ 92%]
tests/admin_portal/tunnel_settings/test_tunnel_behavior.py::test_behavior_radio_persists PASSED [ 92%]
tests/admin_portal/tunnel_settings/test_tunnel_create.py::test_add_tunnel_button_opens_form PASSED [ 92%]
tests/admin_portal/tunnel_settings/test_tunnel_create.py::test_required_fields_marked_with_asterisk PASSED [ 93%]
tests/admin_portal/tunnel_settings/test_tunnel_create.py::test_create_tunnel_full_save PASSED [ 93%]
tests/admin_portal/tunnel_settings/test_tunnel_create.py::test_new_tunnel_appears_immediately PASSED [ 93%]
tests/admin_portal/tunnel_settings/test_tunnel_create.py::test_site_dropdown_lists_active_sites PASSED [ 93%]
tests/admin_portal/tunnel_settings/test_tunnel_create.py::test_behavior_defaults_to_sequence_stacking PASSED [ 93%]
tests/admin_portal/tunnel_settings/test_tunnel_create.py::test_three_sections_present_on_create_form PASSED [ 94%]
tests/admin_portal/tunnel_settings/test_tunnel_create.py::test_cancel_discards_form_returns_to_list XPASS [ 94%]
tests/admin_portal/tunnel_settings/test_tunnel_create.py::test_create_tunnel_required_fields_only PASSED [ 94%]
tests/admin_portal/tunnel_settings/test_tunnel_create.py::test_required_field_validation[TUN-VAL-001] PASSED [ 94%]
tests/admin_portal/tunnel_settings/test_tunnel_create.py::test_required_field_validation[TUN-VAL-002] PASSED [ 94%]
tests/admin_portal/tunnel_settings/test_tunnel_create.py::test_required_field_validation[TUN-VAL-003] PASSED [ 95%]
tests/admin_portal/tunnel_settings/test_tunnel_retract_settings.py::test_retract_row_lifecycle XFAIL [ 95%]
tests/admin_portal/tunnel_settings/test_tunnel_retract_settings.py::test_multiple_retract_rows_added PASSED [ 95%]
tests/admin_portal/tunnel_settings/test_tunnel_retract_settings.py::test_retract_row_numbering_reflects_order PASSED [ 95%]
tests/admin_portal/tunnel_settings/test_tunnel_settings_section.py::test_tunnel_settings_section_expand_collapse XFAIL [ 95%]
tests/admin_portal/tunnel_settings/test_tunnel_settings_section.py::test_tunnel_operational_toggle_persists[TUN-TSN-002] XFAIL [ 95%]
tests/admin_portal/tunnel_settings/test_tunnel_settings_section.py::test_tunnel_operational_toggle_persists[TUN-TSN-003] XFAIL [ 96%]
tests/admin_portal/tunnel_settings/test_tunnel_settings_section.py::test_controller_id_dropdown_lists_options XFAIL [ 96%]
tests/admin_portal/tunnel_settings/test_tunnel_settings_section.py::test_controller_id_selection_persists XFAIL [ 96%]
tests/admin_portal/tunnel_settings/test_tunnel_settings_section.py::test_controller_id_label_spelled_correctly XFAIL [ 96%]
tests/admin_portal/tunnel_settings/test_tunnel_toggles.py::test_toggle_defaults_on_create_form[Auto-send] PASSED [ 96%]
tests/admin_portal/tunnel_settings/test_tunnel_toggles.py::test_toggle_defaults_on_create_form[MOXA-auto-send] PASSED [ 97%]
tests/admin_portal/tunnel_settings/test_tunnel_toggles.py::test_toggle_defaults_on_create_form[Skip-prompt-on-send-car] PASSED [ 97%]
tests/admin_portal/tunnel_settings/test_tunnel_toggles.py::test_toggle_defaults_on_create_form[Show-car-count] PASSED [ 97%]
tests/admin_portal/tunnel_settings/test_tunnel_toggles.py::test_toggle_defaults_on_create_form[Prompt-RFID-entry] PASSED [ 97%]
tests/admin_portal/tunnel_settings/test_tunnel_toggles.py::test_toggle_defaults_on_create_form[Automatic-Car-Selection] PASSED [ 97%]
tests/admin_portal/tunnel_settings/test_tunnel_toggles.py::test_toggle_defaults_on_create_form[Skip-retract-confirmation-dialog] PASSED [ 98%]
tests/admin_portal/tunnel_settings/test_tunnel_toggles.py::test_toggle_defaults_on_create_form[Active-tunnel-configuration] PASSED [ 98%]
tests/admin_portal/tunnel_settings/test_tunnel_toggles.py::test_toggle_saves_and_persists[TUN-TGL-001] PASSED [ 98%]
tests/admin_portal/tunnel_settings/test_tunnel_toggles.py::test_toggle_saves_and_persists[TUN-TGL-002] PASSED [ 98%]
tests/admin_portal/tunnel_settings/test_tunnel_toggles.py::test_toggle_saves_and_persists[TUN-TGL-003] PASSED [ 98%]
tests/admin_portal/tunnel_settings/test_tunnel_toggles.py::test_toggle_saves_and_persists[TUN-TGL-004] PASSED [ 99%]
tests/admin_portal/tunnel_settings/test_tunnel_toggles.py::test_toggle_saves_and_persists[TUN-TGL-005] PASSED [ 99%]
tests/admin_portal/tunnel_settings/test_tunnel_toggles.py::test_toggle_saves_and_persists[TUN-TGL-006] PASSED [ 99%]
tests/admin_portal/tunnel_settings/test_tunnel_toggles.py::test_toggle_saves_and_persists[TUN-TGL-007] PASSED [ 99%]
tests/admin_portal/tunnel_settings/test_tunnel_toggles.py::test_toggle_saves_and_persists[TUN-TGL-008] XFAIL [ 99%]
tests/admin_portal/tunnel_settings/test_tunnel_toggles.py::test_toggle_states_reflected_on_reopen PASSED [100%]

==================================== ERRORS ====================================
_ ERROR at setup of TestRedemptionsNav.test_page_bar_changes_do_not_navigate_away _
tests/admin_portal/redemptions/conftest.py:200: in rdm_page
    page.select_site(RDM_SITE)
pages/admin_portal/redemptions_page.py:214: in select_site
    self.driver.execute_script("arguments[0].click();", inner)
venv/lib/python3.11/site-packages/selenium/webdriver/remote/webdriver.py:578: in execute_script
    return self.execute(command, {"script": script, "args": converted_args})["value"]
           ^^^^^^^^^^^^^^^^^^^^^^^^^^^^^^^^^^^^^^^^^^^^^^^^^^^^^^^^^^^^^^^^^
venv/lib/python3.11/site-packages/selenium/webdriver/remote/webdriver.py:468: in execute
    self.error_handler.check_response(response)
venv/lib/python3.11/site-packages/selenium/webdriver/remote/errorhandler.py:232: in check_response
    raise exception_class(message, screen, stacktrace)
E   selenium.common.exceptions.StaleElementReferenceException: Message: stale element reference: stale element not found in the current frame
E     (Session info: chrome=150.0.7871.187); For documentation on this error, please visit: https://www.selenium.dev/documentation/webdriver/troubleshooting/errors#staleelementreferenceexception
E   Stacktrace:
E   0   chromedriver                        0x00000001034c1a84 cxxbridge1$str$ptr + 3195292
E   1   chromedriver                        0x00000001034b9b4c cxxbridge1$str$ptr + 3162724
E   2   chromedriver                        0x0000000102f632a4 _RNvCs9NA52FrZ4pF_7___rustc35___rust_no_alloc_shim_is_unstable_v2 + 73836
E   3   chromedriver                        0x0000000102f69464 _RNvCs9NA52FrZ4pF_7___rustc35___rust_no_alloc_shim_is_unstable_v2 + 98860
E   4   chromedriver                        0x0000000102f6b92c _RNvCs9NA52FrZ4pF_7___rustc35___rust_no_alloc_shim_is_unstable_v2 + 108276
E   5   chromedriver                        0x0000000102febd54 _RNvCs9NA52FrZ4pF_7___rustc35___rust_no_alloc_shim_is_unstable_v2 + 633628
E   6   chromedriver                        0x0000000102feb030 _RNvCs9NA52FrZ4pF_7___rustc35___rust_no_alloc_shim_is_unstable_v2 + 630264
E   7   chromedriver                        0x0000000102fa1434 _RNvCs9NA52FrZ4pF_7___rustc35___rust_no_alloc_shim_is_unstable_v2 + 328188
E   8   chromedriver                        0x000000010347ec40 cxxbridge1$str$ptr + 2921304
E   9   chromedriver                        0x00000001034823b8 cxxbridge1$str$ptr + 2935504
E   10  chromedriver                        0x00000001034650f8 cxxbridge1$str$ptr + 2816016
E   11  chromedriver                        0x0000000103482c4c cxxbridge1$str$ptr + 2937700
E   12  chromedriver                        0x00000001034563b0 cxxbridge1$str$ptr + 2755272
E   13  chromedriver                        0x00000001034a81f4 cxxbridge1$str$ptr + 3090700
E   14  chromedriver                        0x00000001034a8354 cxxbridge1$str$ptr + 3091052
E   15  chromedriver                        0x00000001034b97a4 cxxbridge1$str$ptr + 3161788
E   16  libsystem_pthread.dylib             0x0000000199325c08 _pthread_start + 136
E   17  libsystem_pthread.dylib             0x0000000199320ba8 thread_start + 8
_ ERROR at setup of TestRedemptionsSummaryCards.test_all_summary_cards_visible _
tests/admin_portal/redemptions/conftest.py:200: in rdm_page
    page.select_site(RDM_SITE)
pages/admin_portal/redemptions_page.py:218: in select_site
    inner.send_keys(Keys.COMMAND + "a")
venv/lib/python3.11/site-packages/selenium/webdriver/remote/webelement.py:276: in send_keys
    self._execute(
venv/lib/python3.11/site-packages/selenium/webdriver/remote/webelement.py:508: in _execute
    return self._parent.execute(command, params)
           ^^^^^^^^^^^^^^^^^^^^^^^^^^^^^^^^^^^^^
venv/lib/python3.11/site-packages/selenium/webdriver/remote/webdriver.py:468: in execute
    self.error_handler.check_response(response)
venv/lib/python3.11/site-packages/selenium/webdriver/remote/errorhandler.py:232: in check_response
    raise exception_class(message, screen, stacktrace)
E   selenium.common.exceptions.StaleElementReferenceException: Message: stale element reference: stale element not found in the current frame
E     (Session info: chrome=150.0.7871.187); For documentation on this error, please visit: https://www.selenium.dev/documentation/webdriver/troubleshooting/errors#staleelementreferenceexception
E   Stacktrace:
E   0   chromedriver                        0x0000000102c75a84 cxxbridge1$str$ptr + 3195292
E   1   chromedriver                        0x0000000102c6db4c cxxbridge1$str$ptr + 3162724
E   2   chromedriver                        0x00000001027172a4 _RNvCs9NA52FrZ4pF_7___rustc35___rust_no_alloc_shim_is_unstable_v2 + 73836
E   3   chromedriver                        0x000000010271d464 _RNvCs9NA52FrZ4pF_7___rustc35___rust_no_alloc_shim_is_unstable_v2 + 98860
E   4   chromedriver                        0x000000010271f678 _RNvCs9NA52FrZ4pF_7___rustc35___rust_no_alloc_shim_is_unstable_v2 + 107584
E   5   chromedriver                        0x000000010271f730 _RNvCs9NA52FrZ4pF_7___rustc35___rust_no_alloc_shim_is_unstable_v2 + 107768
E   6   chromedriver                        0x0000000102760724 _RNvCs9NA52FrZ4pF_7___rustc35___rust_no_alloc_shim_is_unstable_v2 + 373996
E   7   chromedriver                        0x0000000102759c70 _RNvCs9NA52FrZ4pF_7___rustc35___rust_no_alloc_shim_is_unstable_v2 + 346680
E   8   chromedriver                        0x0000000102756934 _RNvCs9NA52FrZ4pF_7___rustc35___rust_no_alloc_shim_is_unstable_v2 + 333564
E   9   chromedriver                        0x000000010279f030 _RNvCs9NA52FrZ4pF_7___rustc35___rust_no_alloc_shim_is_unstable_v2 + 630264
E   10  chromedriver                        0x0000000102755434 _RNvCs9NA52FrZ4pF_7___rustc35___rust_no_alloc_shim_is_unstable_v2 + 328188
E   11  chromedriver                        0x0000000102c32c40 cxxbridge1$str$ptr + 2921304
E   12  chromedriver                        0x0000000102c363b8 cxxbridge1$str$ptr + 2935504
E   13  chromedriver                        0x0000000102c190f8 cxxbridge1$str$ptr + 2816016
E   14  chromedriver                        0x0000000102c36c4c cxxbridge1$str$ptr + 2937700
E   15  chromedriver                        0x0000000102c0a3b0 cxxbridge1$str$ptr + 2755272
E   16  chromedriver                        0x0000000102c5c1f4 cxxbridge1$str$ptr + 3090700
E   17  chromedriver                        0x0000000102c5c354 cxxbridge1$str$ptr + 3091052
E   18  chromedriver                        0x0000000102c6d7a4 cxxbridge1$str$ptr + 3161788
E   19  libsystem_pthread.dylib             0x0000000199325c08 _pthread_start + 136
E   20  libsystem_pthread.dylib             0x0000000199320ba8 thread_start + 8
_ ERROR at setup of TestRedemptionsAccordionShared.test_section_zero_data_state[sec-memberships] _
tests/admin_portal/redemptions/conftest.py:241: in rdm_zero_data
    page.select_site(RDM_SITE)
pages/admin_portal/redemptions_page.py:219: in select_site
    inner.send_keys(Keys.BACKSPACE)
venv/lib/python3.11/site-packages/selenium/webdriver/remote/webelement.py:276: in send_keys
    self._execute(
venv/lib/python3.11/site-packages/selenium/webdriver/remote/webelement.py:508: in _execute
    return self._parent.execute(command, params)
           ^^^^^^^^^^^^^^^^^^^^^^^^^^^^^^^^^^^^^
venv/lib/python3.11/site-packages/selenium/webdriver/remote/webdriver.py:468: in execute
    self.error_handler.check_response(response)
venv/lib/python3.11/site-packages/selenium/webdriver/remote/errorhandler.py:232: in check_response
    raise exception_class(message, screen, stacktrace)
E   selenium.common.exceptions.StaleElementReferenceException: Message: stale element reference: stale element not found in the current frame
E     (Session info: chrome=150.0.7871.187); For documentation on this error, please visit: https://www.selenium.dev/documentation/webdriver/troubleshooting/errors#staleelementreferenceexception
E   Stacktrace:
E   0   chromedriver                        0x0000000104b49a84 cxxbridge1$str$ptr + 3195292
E   1   chromedriver                        0x0000000104b41b4c cxxbridge1$str$ptr + 3162724
E   2   chromedriver                        0x00000001045eb2a4 _RNvCs9NA52FrZ4pF_7___rustc35___rust_no_alloc_shim_is_unstable_v2 + 73836
E   3   chromedriver                        0x00000001045f1464 _RNvCs9NA52FrZ4pF_7___rustc35___rust_no_alloc_shim_is_unstable_v2 + 98860
E   4   chromedriver                        0x00000001045f3678 _RNvCs9NA52FrZ4pF_7___rustc35___rust_no_alloc_shim_is_unstable_v2 + 107584
E   5   chromedriver                        0x00000001045f3730 _RNvCs9NA52FrZ4pF_7___rustc35___rust_no_alloc_shim_is_unstable_v2 + 107768
E   6   chromedriver                        0x0000000104634724 _RNvCs9NA52FrZ4pF_7___rustc35___rust_no_alloc_shim_is_unstable_v2 + 373996
E   7   chromedriver                        0x00000001046347b0 _RNvCs9NA52FrZ4pF_7___rustc35___rust_no_alloc_shim_is_unstable_v2 + 374136
E   8   chromedriver                        0x000000010462e280 _RNvCs9NA52FrZ4pF_7___rustc35___rust_no_alloc_shim_is_unstable_v2 + 348232
E   9   chromedriver                        0x000000010462a934 _RNvCs9NA52FrZ4pF_7___rustc35___rust_no_alloc_shim_is_unstable_v2 + 333564
E   10  chromedriver                        0x0000000104673030 _RNvCs9NA52FrZ4pF_7___rustc35___rust_no_alloc_shim_is_unstable_v2 + 630264
E   11  chromedriver                        0x0000000104629434 _RNvCs9NA52FrZ4pF_7___rustc35___rust_no_alloc_shim_is_unstable_v2 + 328188
E   12  chromedriver                        0x0000000104b06c40 cxxbridge1$str$ptr + 2921304
E   13  chromedriver                        0x0000000104b0a3b8 cxxbridge1$str$ptr + 2935504
E   14  chromedriver                        0x0000000104aed0f8 cxxbridge1$str$ptr + 2816016
E   15  chromedriver                        0x0000000104b0ac4c cxxbridge1$str$ptr + 2937700
E   16  chromedriver                        0x0000000104ade3b0 cxxbridge1$str$ptr + 2755272
E   17  chromedriver                        0x0000000104b301f4 cxxbridge1$str$ptr + 3090700
E   18  chromedriver                        0x0000000104b30354 cxxbridge1$str$ptr + 3091052
E   19  chromedriver                        0x0000000104b417a4 cxxbridge1$str$ptr + 3161788
E   20  libsystem_pthread.dylib             0x0000000199325c08 _pthread_start + 136
E   21  libsystem_pthread.dylib             0x0000000199320ba8 thread_start + 8
__ ERROR at setup of TestRedemptionsCompWashes.test_comp_washes_summary_cards __
tests/admin_portal/redemptions/conftest.py:216: in rdm_expanded
    page.select_site(RDM_SITE)
pages/admin_portal/redemptions_page.py:218: in select_site
    inner.send_keys(Keys.COMMAND + "a")
venv/lib/python3.11/site-packages/selenium/webdriver/remote/webelement.py:276: in send_keys
    self._execute(
venv/lib/python3.11/site-packages/selenium/webdriver/remote/webelement.py:508: in _execute
    return self._parent.execute(command, params)
           ^^^^^^^^^^^^^^^^^^^^^^^^^^^^^^^^^^^^^
venv/lib/python3.11/site-packages/selenium/webdriver/remote/webdriver.py:468: in execute
    self.error_handler.check_response(response)
venv/lib/python3.11/site-packages/selenium/webdriver/remote/errorhandler.py:232: in check_response
    raise exception_class(message, screen, stacktrace)
E   selenium.common.exceptions.ElementNotInteractableException: Message: element not interactable
E     (Session info: chrome=150.0.7871.187); For documentation on this error, please visit: https://www.selenium.dev/documentation/webdriver/troubleshooting/errors#elementnotinteractableexception
E   Stacktrace:
E   0   chromedriver                        0x0000000102d71a84 cxxbridge1$str$ptr + 3195292
E   1   chromedriver                        0x0000000102d69b4c cxxbridge1$str$ptr + 3162724
E   2   chromedriver                        0x00000001028130a8 _RNvCs9NA52FrZ4pF_7___rustc35___rust_no_alloc_shim_is_unstable_v2 + 73328
E   3   chromedriver                        0x0000000102857d3c _RNvCs9NA52FrZ4pF_7___rustc35___rust_no_alloc_shim_is_unstable_v2 + 355076
E   4   chromedriver                        0x0000000102856354 _RNvCs9NA52FrZ4pF_7___rustc35___rust_no_alloc_shim_is_unstable_v2 + 348444
E   5   chromedriver                        0x0000000102852934 _RNvCs9NA52FrZ4pF_7___rustc35___rust_no_alloc_shim_is_unstable_v2 + 333564
E   6   chromedriver                        0x000000010289b030 _RNvCs9NA52FrZ4pF_7___rustc35___rust_no_alloc_shim_is_unstable_v2 + 630264
E   7   chromedriver                        0x0000000102851434 _RNvCs9NA52FrZ4pF_7___rustc35___rust_no_alloc_shim_is_unstable_v2 + 328188
E   8   chromedriver                        0x0000000102d2ec40 cxxbridge1$str$ptr + 2921304
E   9   chromedriver                        0x0000000102d323b8 cxxbridge1$str$ptr + 2935504
E   10  chromedriver                        0x0000000102d150f8 cxxbridge1$str$ptr + 2816016
E   11  chromedriver                        0x0000000102d32c4c cxxbridge1$str$ptr + 2937700
E   12  chromedriver                        0x0000000102d063b0 cxxbridge1$str$ptr + 2755272
E   13  chromedriver                        0x0000000102d581f4 cxxbridge1$str$ptr + 3090700
E   14  chromedriver                        0x0000000102d58354 cxxbridge1$str$ptr + 3091052
E   15  chromedriver                        0x0000000102d697a4 cxxbridge1$str$ptr + 3161788
E   16  libsystem_pthread.dylib             0x0000000199325c08 _pthread_start + 136
E   17  libsystem_pthread.dylib             0x0000000199320ba8 thread_start + 8
_________ ERROR at setup of test_active_toggle_on_shows_active_in_list _________
tests/admin_portal/kiosk_settings/conftest.py:107: in managed_kiosk
    page = create_kiosk_if_missing(browser)
           ^^^^^^^^^^^^^^^^^^^^^^^^^^^^^^^^
tests/admin_portal/kiosk_settings/conftest.py:96: in create_kiosk_if_missing
    page.wait_for_kiosk_row(name)
pages/admin_portal/kiosk_settings_page.py:138: in wait_for_kiosk_row
    return self.wait.until(EC.presence_of_element_located(locator))
           ^^^^^^^^^^^^^^^^^^^^^^^^^^^^^^^^^^^^^^^^^^^^^^^^^^^^^^^^
venv/lib/python3.11/site-packages/selenium/webdriver/support/wait.py:121: in until
    raise TimeoutException(message, screen, stacktrace)
E   selenium.common.exceptions.TimeoutException: Message: 
E   Stacktrace:
E   0   chromedriver                        0x0000000100f79a84 cxxbridge1$str$ptr + 3195292
E   1   chromedriver                        0x0000000100f71b4c cxxbridge1$str$ptr + 3162724
E   2   chromedriver                        0x0000000100a1b2a4 _RNvCs9NA52FrZ4pF_7___rustc35___rust_no_alloc_shim_is_unstable_v2 + 73836
E   3   chromedriver                        0x0000000100a63a44 _RNvCs9NA52FrZ4pF_7___rustc35___rust_no_alloc_shim_is_unstable_v2 + 370700
E   4   chromedriver                        0x0000000100aa3030 _RNvCs9NA52FrZ4pF_7___rustc35___rust_no_alloc_shim_is_unstable_v2 + 630264
E   5   chromedriver                        0x0000000100a59434 _RNvCs9NA52FrZ4pF_7___rustc35___rust_no_alloc_shim_is_unstable_v2 + 328188
E   6   chromedriver                        0x0000000100f36c40 cxxbridge1$str$ptr + 2921304
E   7   chromedriver                        0x0000000100f3a3b8 cxxbridge1$str$ptr + 2935504
E   8   chromedriver                        0x0000000100f1d0f8 cxxbridge1$str$ptr + 2816016
E   9   chromedriver                        0x0000000100f3ac4c cxxbridge1$str$ptr + 2937700
E   10  chromedriver                        0x0000000100f0e3b0 cxxbridge1$str$ptr + 2755272
E   11  chromedriver                        0x0000000100f601f4 cxxbridge1$str$ptr + 3090700
E   12  chromedriver                        0x0000000100f60354 cxxbridge1$str$ptr + 3091052
E   13  chromedriver                        0x0000000100f717a4 cxxbridge1$str$ptr + 3161788
E   14  libsystem_pthread.dylib             0x0000000199325c08 _pthread_start + 136
E   15  libsystem_pthread.dylib             0x0000000199320ba8 thread_start + 8
_______________ ERROR at setup of test_edit_kiosk_name_persists ________________
tests/admin_portal/kiosk_settings/conftest.py:107: in managed_kiosk
    page = create_kiosk_if_missing(browser)
           ^^^^^^^^^^^^^^^^^^^^^^^^^^^^^^^^
tests/admin_portal/kiosk_settings/conftest.py:96: in create_kiosk_if_missing
    page.wait_for_kiosk_row(name)
pages/admin_portal/kiosk_settings_page.py:138: in wait_for_kiosk_row
    return self.wait.until(EC.presence_of_element_located(locator))
           ^^^^^^^^^^^^^^^^^^^^^^^^^^^^^^^^^^^^^^^^^^^^^^^^^^^^^^^^
venv/lib/python3.11/site-packages/selenium/webdriver/support/wait.py:121: in until
    raise TimeoutException(message, screen, stacktrace)
E   selenium.common.exceptions.TimeoutException: Message: 
E   Stacktrace:
E   0   chromedriver                        0x0000000104b49a84 cxxbridge1$str$ptr + 3195292
E   1   chromedriver                        0x0000000104b41b4c cxxbridge1$str$ptr + 3162724
E   2   chromedriver                        0x00000001045eb2a4 _RNvCs9NA52FrZ4pF_7___rustc35___rust_no_alloc_shim_is_unstable_v2 + 73836
E   3   chromedriver                        0x0000000104633a44 _RNvCs9NA52FrZ4pF_7___rustc35___rust_no_alloc_shim_is_unstable_v2 + 370700
E   4   chromedriver                        0x0000000104673030 _RNvCs9NA52FrZ4pF_7___rustc35___rust_no_alloc_shim_is_unstable_v2 + 630264
E   5   chromedriver                        0x0000000104629434 _RNvCs9NA52FrZ4pF_7___rustc35___rust_no_alloc_shim_is_unstable_v2 + 328188
E   6   chromedriver                        0x0000000104b06c40 cxxbridge1$str$ptr + 2921304
E   7   chromedriver                        0x0000000104b0a3b8 cxxbridge1$str$ptr + 2935504
E   8   chromedriver                        0x0000000104aed0f8 cxxbridge1$str$ptr + 2816016
E   9   chromedriver                        0x0000000104b0ac4c cxxbridge1$str$ptr + 2937700
E   10  chromedriver                        0x0000000104ade3b0 cxxbridge1$str$ptr + 2755272
E   11  chromedriver                        0x0000000104b301f4 cxxbridge1$str$ptr + 3090700
E   12  chromedriver                        0x0000000104b30354 cxxbridge1$str$ptr + 3091052
E   13  chromedriver                        0x0000000104b417a4 cxxbridge1$str$ptr + 3161788
E   14  libsystem_pthread.dylib             0x0000000199325c08 _pthread_start + 136
E   15  libsystem_pthread.dylib             0x0000000199320ba8 thread_start + 8
________________ ERROR at setup of test_edit_clear_name_blocked ________________
tests/admin_portal/kiosk_settings/conftest.py:107: in managed_kiosk
    page = create_kiosk_if_missing(browser)
           ^^^^^^^^^^^^^^^^^^^^^^^^^^^^^^^^
tests/admin_portal/kiosk_settings/conftest.py:96: in create_kiosk_if_missing
    page.wait_for_kiosk_row(name)
pages/admin_portal/kiosk_settings_page.py:138: in wait_for_kiosk_row
    return self.wait.until(EC.presence_of_element_located(locator))
           ^^^^^^^^^^^^^^^^^^^^^^^^^^^^^^^^^^^^^^^^^^^^^^^^^^^^^^^^
venv/lib/python3.11/site-packages/selenium/webdriver/support/wait.py:121: in until
    raise TimeoutException(message, screen, stacktrace)
E   selenium.common.exceptions.TimeoutException: Message: 
E   Stacktrace:
E   0   chromedriver                        0x0000000104655a84 cxxbridge1$str$ptr + 3195292
E   1   chromedriver                        0x000000010464db4c cxxbridge1$str$ptr + 3162724
E   2   chromedriver                        0x00000001040f72a4 _RNvCs9NA52FrZ4pF_7___rustc35___rust_no_alloc_shim_is_unstable_v2 + 73836
E   3   chromedriver                        0x000000010413fa44 _RNvCs9NA52FrZ4pF_7___rustc35___rust_no_alloc_shim_is_unstable_v2 + 370700
E   4   chromedriver                        0x000000010417f030 _RNvCs9NA52FrZ4pF_7___rustc35___rust_no_alloc_shim_is_unstable_v2 + 630264
E   5   chromedriver                        0x0000000104135434 _RNvCs9NA52FrZ4pF_7___rustc35___rust_no_alloc_shim_is_unstable_v2 + 328188
E   6   chromedriver                        0x0000000104612c40 cxxbridge1$str$ptr + 2921304
E   7   chromedriver                        0x00000001046163b8 cxxbridge1$str$ptr + 2935504
E   8   chromedriver                        0x00000001045f90f8 cxxbridge1$str$ptr + 2816016
E   9   chromedriver                        0x0000000104616c4c cxxbridge1$str$ptr + 2937700
E   10  chromedriver                        0x00000001045ea3b0 cxxbridge1$str$ptr + 2755272
E   11  chromedriver                        0x000000010463c1f4 cxxbridge1$str$ptr + 3090700
E   12  chromedriver                        0x000000010463c354 cxxbridge1$str$ptr + 3091052
E   13  chromedriver                        0x000000010464d7a4 cxxbridge1$str$ptr + 3161788
E   14  libsystem_pthread.dylib             0x0000000199325c08 _pthread_start + 136
E   15  libsystem_pthread.dylib             0x0000000199320ba8 thread_start + 8
_______________ ERROR at setup of test_kiosk_list_status_column ________________
tests/admin_portal/kiosk_settings/conftest.py:107: in managed_kiosk
    page = create_kiosk_if_missing(browser)
           ^^^^^^^^^^^^^^^^^^^^^^^^^^^^^^^^
tests/admin_portal/kiosk_settings/conftest.py:96: in create_kiosk_if_missing
    page.wait_for_kiosk_row(name)
pages/admin_portal/kiosk_settings_page.py:138: in wait_for_kiosk_row
    return self.wait.until(EC.presence_of_element_located(locator))
           ^^^^^^^^^^^^^^^^^^^^^^^^^^^^^^^^^^^^^^^^^^^^^^^^^^^^^^^^
venv/lib/python3.11/site-packages/selenium/webdriver/support/wait.py:121: in until
    raise TimeoutException(message, screen, stacktrace)
E   selenium.common.exceptions.TimeoutException: Message: 
E   Stacktrace:
E   0   chromedriver                        0x00000001030b1a84 cxxbridge1$str$ptr + 3195292
E   1   chromedriver                        0x00000001030a9b4c cxxbridge1$str$ptr + 3162724
E   2   chromedriver                        0x0000000102b532a4 _RNvCs9NA52FrZ4pF_7___rustc35___rust_no_alloc_shim_is_unstable_v2 + 73836
E   3   chromedriver                        0x0000000102b9ba44 _RNvCs9NA52FrZ4pF_7___rustc35___rust_no_alloc_shim_is_unstable_v2 + 370700
E   4   chromedriver                        0x0000000102bdb030 _RNvCs9NA52FrZ4pF_7___rustc35___rust_no_alloc_shim_is_unstable_v2 + 630264
E   5   chromedriver                        0x0000000102b91434 _RNvCs9NA52FrZ4pF_7___rustc35___rust_no_alloc_shim_is_unstable_v2 + 328188
E   6   chromedriver                        0x000000010306ec40 cxxbridge1$str$ptr + 2921304
E   7   chromedriver                        0x00000001030723b8 cxxbridge1$str$ptr + 2935504
E   8   chromedriver                        0x00000001030550f8 cxxbridge1$str$ptr + 2816016
E   9   chromedriver                        0x0000000103072c4c cxxbridge1$str$ptr + 2937700
E   10  chromedriver                        0x00000001030463b0 cxxbridge1$str$ptr + 2755272
E   11  chromedriver                        0x00000001030981f4 cxxbridge1$str$ptr + 3090700
E   12  chromedriver                        0x0000000103098354 cxxbridge1$str$ptr + 3091052
E   13  chromedriver                        0x00000001030a97a4 cxxbridge1$str$ptr + 3161788
E   14  libsystem_pthread.dylib             0x0000000199325c08 _pthread_start + 136
E   15  libsystem_pthread.dylib             0x0000000199320ba8 thread_start + 8
_________________ ERROR at setup of test_search_by_exact_name __________________
tests/admin_portal/kiosk_settings/conftest.py:107: in managed_kiosk
    page = create_kiosk_if_missing(browser)
           ^^^^^^^^^^^^^^^^^^^^^^^^^^^^^^^^
tests/admin_portal/kiosk_settings/conftest.py:96: in create_kiosk_if_missing
    page.wait_for_kiosk_row(name)
pages/admin_portal/kiosk_settings_page.py:138: in wait_for_kiosk_row
    return self.wait.until(EC.presence_of_element_located(locator))
           ^^^^^^^^^^^^^^^^^^^^^^^^^^^^^^^^^^^^^^^^^^^^^^^^^^^^^^^^
venv/lib/python3.11/site-packages/selenium/webdriver/support/wait.py:121: in until
    raise TimeoutException(message, screen, stacktrace)
E   selenium.common.exceptions.TimeoutException: Message: 
E   Stacktrace:
E   0   chromedriver                        0x00000001054f1a84 cxxbridge1$str$ptr + 3195292
E   1   chromedriver                        0x00000001054e9b4c cxxbridge1$str$ptr + 3162724
E   2   chromedriver                        0x0000000104f932a4 _RNvCs9NA52FrZ4pF_7___rustc35___rust_no_alloc_shim_is_unstable_v2 + 73836
E   3   chromedriver                        0x0000000104fdba44 _RNvCs9NA52FrZ4pF_7___rustc35___rust_no_alloc_shim_is_unstable_v2 + 370700
E   4   chromedriver                        0x000000010501b030 _RNvCs9NA52FrZ4pF_7___rustc35___rust_no_alloc_shim_is_unstable_v2 + 630264
E   5   chromedriver                        0x0000000104fd1434 _RNvCs9NA52FrZ4pF_7___rustc35___rust_no_alloc_shim_is_unstable_v2 + 328188
E   6   chromedriver                        0x00000001054aec40 cxxbridge1$str$ptr + 2921304
E   7   chromedriver                        0x00000001054b23b8 cxxbridge1$str$ptr + 2935504
E   8   chromedriver                        0x00000001054950f8 cxxbridge1$str$ptr + 2816016
E   9   chromedriver                        0x00000001054b2c4c cxxbridge1$str$ptr + 2937700
E   10  chromedriver                        0x00000001054863b0 cxxbridge1$str$ptr + 2755272
E   11  chromedriver                        0x00000001054d81f4 cxxbridge1$str$ptr + 3090700
E   12  chromedriver                        0x00000001054d8354 cxxbridge1$str$ptr + 3091052
E   13  chromedriver                        0x00000001054e97a4 cxxbridge1$str$ptr + 3161788
E   14  libsystem_pthread.dylib             0x0000000199325c08 _pthread_start + 136
E   15  libsystem_pthread.dylib             0x0000000199320ba8 thread_start + 8
________________ ERROR at setup of test_search_by_partial_name _________________
tests/admin_portal/kiosk_settings/conftest.py:107: in managed_kiosk
    page = create_kiosk_if_missing(browser)
           ^^^^^^^^^^^^^^^^^^^^^^^^^^^^^^^^
tests/admin_portal/kiosk_settings/conftest.py:96: in create_kiosk_if_missing
    page.wait_for_kiosk_row(name)
pages/admin_portal/kiosk_settings_page.py:138: in wait_for_kiosk_row
    return self.wait.until(EC.presence_of_element_located(locator))
           ^^^^^^^^^^^^^^^^^^^^^^^^^^^^^^^^^^^^^^^^^^^^^^^^^^^^^^^^
venv/lib/python3.11/site-packages/selenium/webdriver/support/wait.py:121: in until
    raise TimeoutException(message, screen, stacktrace)
E   selenium.common.exceptions.TimeoutException: Message: 
E   Stacktrace:
E   0   chromedriver                        0x0000000104c75a84 cxxbridge1$str$ptr + 3195292
E   1   chromedriver                        0x0000000104c6db4c cxxbridge1$str$ptr + 3162724
E   2   chromedriver                        0x00000001047172a4 _RNvCs9NA52FrZ4pF_7___rustc35___rust_no_alloc_shim_is_unstable_v2 + 73836
E   3   chromedriver                        0x000000010475fa44 _RNvCs9NA52FrZ4pF_7___rustc35___rust_no_alloc_shim_is_unstable_v2 + 370700
E   4   chromedriver                        0x000000010479f030 _RNvCs9NA52FrZ4pF_7___rustc35___rust_no_alloc_shim_is_unstable_v2 + 630264
E   5   chromedriver                        0x0000000104755434 _RNvCs9NA52FrZ4pF_7___rustc35___rust_no_alloc_shim_is_unstable_v2 + 328188
E   6   chromedriver                        0x0000000104c32c40 cxxbridge1$str$ptr + 2921304
E   7   chromedriver                        0x0000000104c363b8 cxxbridge1$str$ptr + 2935504
E   8   chromedriver                        0x0000000104c190f8 cxxbridge1$str$ptr + 2816016
E   9   chromedriver                        0x0000000104c36c4c cxxbridge1$str$ptr + 2937700
E   10  chromedriver                        0x0000000104c0a3b0 cxxbridge1$str$ptr + 2755272
E   11  chromedriver                        0x0000000104c5c1f4 cxxbridge1$str$ptr + 3090700
E   12  chromedriver                        0x0000000104c5c354 cxxbridge1$str$ptr + 3091052
E   13  chromedriver                        0x0000000104c6d7a4 cxxbridge1$str$ptr + 3161788
E   14  libsystem_pthread.dylib             0x0000000199325c08 _pthread_start + 136
E   15  libsystem_pthread.dylib             0x0000000199320ba8 thread_start + 8
______________ ERROR at setup of test_clear_search_restores_list _______________
tests/admin_portal/kiosk_settings/conftest.py:107: in managed_kiosk
    page = create_kiosk_if_missing(browser)
           ^^^^^^^^^^^^^^^^^^^^^^^^^^^^^^^^
tests/admin_portal/kiosk_settings/conftest.py:96: in create_kiosk_if_missing
    page.wait_for_kiosk_row(name)
pages/admin_portal/kiosk_settings_page.py:138: in wait_for_kiosk_row
    return self.wait.until(EC.presence_of_element_located(locator))
           ^^^^^^^^^^^^^^^^^^^^^^^^^^^^^^^^^^^^^^^^^^^^^^^^^^^^^^^^
venv/lib/python3.11/site-packages/selenium/webdriver/support/wait.py:121: in until
    raise TimeoutException(message, screen, stacktrace)
E   selenium.common.exceptions.TimeoutException: Message: 
E   Stacktrace:
E   0   chromedriver                        0x0000000102e55a84 cxxbridge1$str$ptr + 3195292
E   1   chromedriver                        0x0000000102e4db4c cxxbridge1$str$ptr + 3162724
E   2   chromedriver                        0x00000001028f72a4 _RNvCs9NA52FrZ4pF_7___rustc35___rust_no_alloc_shim_is_unstable_v2 + 73836
E   3   chromedriver                        0x000000010293fa44 _RNvCs9NA52FrZ4pF_7___rustc35___rust_no_alloc_shim_is_unstable_v2 + 370700
E   4   chromedriver                        0x000000010297f030 _RNvCs9NA52FrZ4pF_7___rustc35___rust_no_alloc_shim_is_unstable_v2 + 630264
E   5   chromedriver                        0x0000000102935434 _RNvCs9NA52FrZ4pF_7___rustc35___rust_no_alloc_shim_is_unstable_v2 + 328188
E   6   chromedriver                        0x0000000102e12c40 cxxbridge1$str$ptr + 2921304
E   7   chromedriver                        0x0000000102e163b8 cxxbridge1$str$ptr + 2935504
E   8   chromedriver                        0x0000000102df90f8 cxxbridge1$str$ptr + 2816016
E   9   chromedriver                        0x0000000102e16c4c cxxbridge1$str$ptr + 2937700
E   10  chromedriver                        0x0000000102dea3b0 cxxbridge1$str$ptr + 2755272
E   11  chromedriver                        0x0000000102e3c1f4 cxxbridge1$str$ptr + 3090700
E   12  chromedriver                        0x0000000102e3c354 cxxbridge1$str$ptr + 3091052
E   13  chromedriver                        0x0000000102e4d7a4 cxxbridge1$str$ptr + 3161788
E   14  libsystem_pthread.dylib             0x0000000199325c08 _pthread_start + 136
E   15  libsystem_pthread.dylib             0x0000000199320ba8 thread_start + 8
_____________ ERROR at setup of test_wash_package_barcode_persists _____________
tests/admin_portal/wash_packages/conftest.py:110: in managed_package
    page = _reset_managed_package(browser)
           ^^^^^^^^^^^^^^^^^^^^^^^^^^^^^^^
tests/admin_portal/wash_packages/conftest.py:78: in _reset_managed_package
    page.create_package(
pages/admin_portal/wash_packages_page.py:827: in create_package
    """Create an active wash package and return to the list."""
pages/admin_portal/wash_packages_page.py:645: in fill_package_form
    self.set_global_price(global_price)
pages/admin_portal/wash_packages_page.py:604: in assign_site_with_price_and_commission
    def assign_site_with_price_and_commission(self, site_name, price, commission):
              ^^^^^^^^^^^^^^^^^^^^^^^^^^^^
pages/admin_portal/wash_packages_page.py:600: in get_site_row
    return els[0]
venv/lib/python3.11/site-packages/selenium/webdriver/support/wait.py:121: in until
    raise TimeoutException(message, screen, stacktrace)
E   selenium.common.exceptions.TimeoutException: Message: 
E   Stacktrace:
E   0   chromedriver                        0x0000000100ca1a84 cxxbridge1$str$ptr + 3195292
E   1   chromedriver                        0x0000000100c99b4c cxxbridge1$str$ptr + 3162724
E   2   chromedriver                        0x00000001007432a4 _RNvCs9NA52FrZ4pF_7___rustc35___rust_no_alloc_shim_is_unstable_v2 + 73836
E   3   chromedriver                        0x000000010078ba44 _RNvCs9NA52FrZ4pF_7___rustc35___rust_no_alloc_shim_is_unstable_v2 + 370700
E   4   chromedriver                        0x00000001007cb030 _RNvCs9NA52FrZ4pF_7___rustc35___rust_no_alloc_shim_is_unstable_v2 + 630264
E   5   chromedriver                        0x0000000100781434 _RNvCs9NA52FrZ4pF_7___rustc35___rust_no_alloc_shim_is_unstable_v2 + 328188
E   6   chromedriver                        0x0000000100c5ec40 cxxbridge1$str$ptr + 2921304
E   7   chromedriver                        0x0000000100c623b8 cxxbridge1$str$ptr + 2935504
E   8   chromedriver                        0x0000000100c450f8 cxxbridge1$str$ptr + 2816016
E   9   chromedriver                        0x0000000100c62c4c cxxbridge1$str$ptr + 2937700
E   10  chromedriver                        0x0000000100c363b0 cxxbridge1$str$ptr + 2755272
E   11  chromedriver                        0x0000000100c881f4 cxxbridge1$str$ptr + 3090700
E   12  chromedriver                        0x0000000100c88354 cxxbridge1$str$ptr + 3091052
E   13  chromedriver                        0x0000000100c997a4 cxxbridge1$str$ptr + 3161788
E   14  libsystem_pthread.dylib             0x0000000199325c08 _pthread_start + 136
E   15  libsystem_pthread.dylib             0x0000000199320ba8 thread_start + 8
____________ ERROR at setup of test_edit_wash_package_name_persists ____________
tests/admin_portal/wash_packages/conftest.py:110: in managed_package
    page = _reset_managed_package(browser)
           ^^^^^^^^^^^^^^^^^^^^^^^^^^^^^^^
tests/admin_portal/wash_packages/conftest.py:78: in _reset_managed_package
    page.create_package(
pages/admin_portal/wash_packages_page.py:827: in create_package
    """Create an active wash package and return to the list."""
pages/admin_portal/wash_packages_page.py:645: in fill_package_form
    self.set_global_price(global_price)
pages/admin_portal/wash_packages_page.py:604: in assign_site_with_price_and_commission
    def assign_site_with_price_and_commission(self, site_name, price, commission):
              ^^^^^^^^^^^^^^^^^^^^^^^^^^^^
pages/admin_portal/wash_packages_page.py:600: in get_site_row
    return els[0]
venv/lib/python3.11/site-packages/selenium/webdriver/support/wait.py:121: in until
    raise TimeoutException(message, screen, stacktrace)
E   selenium.common.exceptions.TimeoutException: Message: 
E   Stacktrace:
E   0   chromedriver                        0x0000000105189a84 cxxbridge1$str$ptr + 3195292
E   1   chromedriver                        0x0000000105181b4c cxxbridge1$str$ptr + 3162724
E   2   chromedriver                        0x0000000104c2b2a4 _RNvCs9NA52FrZ4pF_7___rustc35___rust_no_alloc_shim_is_unstable_v2 + 73836
E   3   chromedriver                        0x0000000104c73a44 _RNvCs9NA52FrZ4pF_7___rustc35___rust_no_alloc_shim_is_unstable_v2 + 370700
E   4   chromedriver                        0x0000000104cb3030 _RNvCs9NA52FrZ4pF_7___rustc35___rust_no_alloc_shim_is_unstable_v2 + 630264
E   5   chromedriver                        0x0000000104c69434 _RNvCs9NA52FrZ4pF_7___rustc35___rust_no_alloc_shim_is_unstable_v2 + 328188
E   6   chromedriver                        0x0000000105146c40 cxxbridge1$str$ptr + 2921304
E   7   chromedriver                        0x000000010514a3b8 cxxbridge1$str$ptr + 2935504
E   8   chromedriver                        0x000000010512d0f8 cxxbridge1$str$ptr + 2816016
E   9   chromedriver                        0x000000010514ac4c cxxbridge1$str$ptr + 2937700
E   10  chromedriver                        0x000000010511e3b0 cxxbridge1$str$ptr + 2755272
E   11  chromedriver                        0x00000001051701f4 cxxbridge1$str$ptr + 3090700
E   12  chromedriver                        0x0000000105170354 cxxbridge1$str$ptr + 3091052
E   13  chromedriver                        0x00000001051817a4 cxxbridge1$str$ptr + 3161788
E   14  libsystem_pthread.dylib             0x0000000199325c08 _pthread_start + 136
E   15  libsystem_pthread.dylib             0x0000000199320ba8 thread_start + 8
________ ERROR at setup of test_edit_wash_package_global_price_persists ________
tests/admin_portal/wash_packages/conftest.py:110: in managed_package
    page = _reset_managed_package(browser)
           ^^^^^^^^^^^^^^^^^^^^^^^^^^^^^^^
tests/admin_portal/wash_packages/conftest.py:78: in _reset_managed_package
    page.create_package(
pages/admin_portal/wash_packages_page.py:827: in create_package
    """Create an active wash package and return to the list."""
pages/admin_portal/wash_packages_page.py:645: in fill_package_form
    self.set_global_price(global_price)
pages/admin_portal/wash_packages_page.py:604: in assign_site_with_price_and_commission
    def assign_site_with_price_and_commission(self, site_name, price, commission):
              ^^^^^^^^^^^^^^^^^^^^^^^^^^^^
pages/admin_portal/wash_packages_page.py:600: in get_site_row
    return els[0]
venv/lib/python3.11/site-packages/selenium/webdriver/support/wait.py:121: in until
    raise TimeoutException(message, screen, stacktrace)
E   selenium.common.exceptions.TimeoutException: Message: 
E   Stacktrace:
E   0   chromedriver                        0x0000000104945a84 cxxbridge1$str$ptr + 3195292
E   1   chromedriver                        0x000000010493db4c cxxbridge1$str$ptr + 3162724
E   2   chromedriver                        0x00000001043e72a4 _RNvCs9NA52FrZ4pF_7___rustc35___rust_no_alloc_shim_is_unstable_v2 + 73836
E   3   chromedriver                        0x000000010442fa44 _RNvCs9NA52FrZ4pF_7___rustc35___rust_no_alloc_shim_is_unstable_v2 + 370700
E   4   chromedriver                        0x000000010446f030 _RNvCs9NA52FrZ4pF_7___rustc35___rust_no_alloc_shim_is_unstable_v2 + 630264
E   5   chromedriver                        0x0000000104425434 _RNvCs9NA52FrZ4pF_7___rustc35___rust_no_alloc_shim_is_unstable_v2 + 328188
E   6   chromedriver                        0x0000000104902c40 cxxbridge1$str$ptr + 2921304
E   7   chromedriver                        0x00000001049063b8 cxxbridge1$str$ptr + 2935504
E   8   chromedriver                        0x00000001048e90f8 cxxbridge1$str$ptr + 2816016
E   9   chromedriver                        0x0000000104906c4c cxxbridge1$str$ptr + 2937700
E   10  chromedriver                        0x00000001048da3b0 cxxbridge1$str$ptr + 2755272
E   11  chromedriver                        0x000000010492c1f4 cxxbridge1$str$ptr + 3090700
E   12  chromedriver                        0x000000010492c354 cxxbridge1$str$ptr + 3091052
E   13  chromedriver                        0x000000010493d7a4 cxxbridge1$str$ptr + 3161788
E   14  libsystem_pthread.dylib             0x0000000199325c08 _pthread_start + 136
E   15  libsystem_pthread.dylib             0x0000000199320ba8 thread_start + 8
_____ ERROR at setup of test_edit_wash_package_global_commission_persists ______
tests/admin_portal/wash_packages/conftest.py:110: in managed_package
    page = _reset_managed_package(browser)
           ^^^^^^^^^^^^^^^^^^^^^^^^^^^^^^^
tests/admin_portal/wash_packages/conftest.py:78: in _reset_managed_package
    page.create_package(
pages/admin_portal/wash_packages_page.py:827: in create_package
    """Create an active wash package and return to the list."""
pages/admin_portal/wash_packages_page.py:645: in fill_package_form
    self.set_global_price(global_price)
pages/admin_portal/wash_packages_page.py:604: in assign_site_with_price_and_commission
    def assign_site_with_price_and_commission(self, site_name, price, commission):
              ^^^^^^^^^^^^^^^^^^^^^^^^^^^^
pages/admin_portal/wash_packages_page.py:600: in get_site_row
    return els[0]
venv/lib/python3.11/site-packages/selenium/webdriver/support/wait.py:121: in until
    raise TimeoutException(message, screen, stacktrace)
E   selenium.common.exceptions.TimeoutException: Message: 
E   Stacktrace:
E   0   chromedriver                        0x00000001028f1a84 cxxbridge1$str$ptr + 3195292
E   1   chromedriver                        0x00000001028e9b4c cxxbridge1$str$ptr + 3162724
E   2   chromedriver                        0x00000001023932a4 _RNvCs9NA52FrZ4pF_7___rustc35___rust_no_alloc_shim_is_unstable_v2 + 73836
E   3   chromedriver                        0x00000001023dba44 _RNvCs9NA52FrZ4pF_7___rustc35___rust_no_alloc_shim_is_unstable_v2 + 370700
E   4   chromedriver                        0x000000010241b030 _RNvCs9NA52FrZ4pF_7___rustc35___rust_no_alloc_shim_is_unstable_v2 + 630264
E   5   chromedriver                        0x00000001023d1434 _RNvCs9NA52FrZ4pF_7___rustc35___rust_no_alloc_shim_is_unstable_v2 + 328188
E   6   chromedriver                        0x00000001028aec40 cxxbridge1$str$ptr + 2921304
E   7   chromedriver                        0x00000001028b23b8 cxxbridge1$str$ptr + 2935504
E   8   chromedriver                        0x00000001028950f8 cxxbridge1$str$ptr + 2816016
E   9   chromedriver                        0x00000001028b2c4c cxxbridge1$str$ptr + 2937700
E   10  chromedriver                        0x00000001028863b0 cxxbridge1$str$ptr + 2755272
E   11  chromedriver                        0x00000001028d81f4 cxxbridge1$str$ptr + 3090700
E   12  chromedriver                        0x00000001028d8354 cxxbridge1$str$ptr + 3091052
E   13  chromedriver                        0x00000001028e97a4 cxxbridge1$str$ptr + 3161788
E   14  libsystem_pthread.dylib             0x0000000199325c08 _pthread_start + 136
E   15  libsystem_pthread.dylib             0x0000000199320ba8 thread_start + 8
_______ ERROR at setup of test_edit_wash_package_loyalty_points_persist ________
tests/admin_portal/wash_packages/conftest.py:110: in managed_package
    page = _reset_managed_package(browser)
           ^^^^^^^^^^^^^^^^^^^^^^^^^^^^^^^
tests/admin_portal/wash_packages/conftest.py:78: in _reset_managed_package
    page.create_package(
pages/admin_portal/wash_packages_page.py:827: in create_package
    """Create an active wash package and return to the list."""
pages/admin_portal/wash_packages_page.py:645: in fill_package_form
    self.set_global_price(global_price)
pages/admin_portal/wash_packages_page.py:604: in assign_site_with_price_and_commission
    def assign_site_with_price_and_commission(self, site_name, price, commission):
              ^^^^^^^^^^^^^^^^^^^^^^^^^^^^
pages/admin_portal/wash_packages_page.py:600: in get_site_row
    return els[0]
venv/lib/python3.11/site-packages/selenium/webdriver/support/wait.py:121: in until
    raise TimeoutException(message, screen, stacktrace)
E   selenium.common.exceptions.TimeoutException: Message: 
E   Stacktrace:
E   0   chromedriver                        0x0000000100bd1a84 cxxbridge1$str$ptr + 3195292
E   1   chromedriver                        0x0000000100bc9b4c cxxbridge1$str$ptr + 3162724
E   2   chromedriver                        0x00000001006732a4 _RNvCs9NA52FrZ4pF_7___rustc35___rust_no_alloc_shim_is_unstable_v2 + 73836
E   3   chromedriver                        0x00000001006bba44 _RNvCs9NA52FrZ4pF_7___rustc35___rust_no_alloc_shim_is_unstable_v2 + 370700
E   4   chromedriver                        0x00000001006fb030 _RNvCs9NA52FrZ4pF_7___rustc35___rust_no_alloc_shim_is_unstable_v2 + 630264
E   5   chromedriver                        0x00000001006b1434 _RNvCs9NA52FrZ4pF_7___rustc35___rust_no_alloc_shim_is_unstable_v2 + 328188
E   6   chromedriver                        0x0000000100b8ec40 cxxbridge1$str$ptr + 2921304
E   7   chromedriver                        0x0000000100b923b8 cxxbridge1$str$ptr + 2935504
E   8   chromedriver                        0x0000000100b750f8 cxxbridge1$str$ptr + 2816016
E   9   chromedriver                        0x0000000100b92c4c cxxbridge1$str$ptr + 2937700
E   10  chromedriver                        0x0000000100b663b0 cxxbridge1$str$ptr + 2755272
E   11  chromedriver                        0x0000000100bb81f4 cxxbridge1$str$ptr + 3090700
E   12  chromedriver                        0x0000000100bb8354 cxxbridge1$str$ptr + 3091052
E   13  chromedriver                        0x0000000100bc97a4 cxxbridge1$str$ptr + 3161788
E   14  libsystem_pthread.dylib             0x0000000199325c08 _pthread_start + 136
E   15  libsystem_pthread.dylib             0x0000000199320ba8 thread_start + 8
___________ ERROR at setup of test_edit_wash_package_assigned_sites ____________
tests/admin_portal/wash_packages/conftest.py:110: in managed_package
    page = _reset_managed_package(browser)
           ^^^^^^^^^^^^^^^^^^^^^^^^^^^^^^^
tests/admin_portal/wash_packages/conftest.py:78: in _reset_managed_package
    page.create_package(
pages/admin_portal/wash_packages_page.py:827: in create_package
    """Create an active wash package and return to the list."""
pages/admin_portal/wash_packages_page.py:645: in fill_package_form
    self.set_global_price(global_price)
pages/admin_portal/wash_packages_page.py:604: in assign_site_with_price_and_commission
    def assign_site_with_price_and_commission(self, site_name, price, commission):
              ^^^^^^^^^^^^^^^^^^^^^^^^^^^^
pages/admin_portal/wash_packages_page.py:600: in get_site_row
    return els[0]
venv/lib/python3.11/site-packages/selenium/webdriver/support/wait.py:121: in until
    raise TimeoutException(message, screen, stacktrace)
E   selenium.common.exceptions.TimeoutException: Message: 
E   Stacktrace:
E   0   chromedriver                        0x0000000105465a84 cxxbridge1$str$ptr + 3195292
E   1   chromedriver                        0x000000010545db4c cxxbridge1$str$ptr + 3162724
E   2   chromedriver                        0x0000000104f072a4 _RNvCs9NA52FrZ4pF_7___rustc35___rust_no_alloc_shim_is_unstable_v2 + 73836
E   3   chromedriver                        0x0000000104f4fa44 _RNvCs9NA52FrZ4pF_7___rustc35___rust_no_alloc_shim_is_unstable_v2 + 370700
E   4   chromedriver                        0x0000000104f8f030 _RNvCs9NA52FrZ4pF_7___rustc35___rust_no_alloc_shim_is_unstable_v2 + 630264
E   5   chromedriver                        0x0000000104f45434 _RNvCs9NA52FrZ4pF_7___rustc35___rust_no_alloc_shim_is_unstable_v2 + 328188
E   6   chromedriver                        0x0000000105422c40 cxxbridge1$str$ptr + 2921304
E   7   chromedriver                        0x00000001054263b8 cxxbridge1$str$ptr + 2935504
E   8   chromedriver                        0x00000001054090f8 cxxbridge1$str$ptr + 2816016
E   9   chromedriver                        0x0000000105426c4c cxxbridge1$str$ptr + 2937700
E   10  chromedriver                        0x00000001053fa3b0 cxxbridge1$str$ptr + 2755272
E   11  chromedriver                        0x000000010544c1f4 cxxbridge1$str$ptr + 3090700
E   12  chromedriver                        0x000000010544c354 cxxbridge1$str$ptr + 3091052
E   13  chromedriver                        0x000000010545d7a4 cxxbridge1$str$ptr + 3161788
E   14  libsystem_pthread.dylib             0x0000000199325c08 _pthread_start + 136
E   15  libsystem_pthread.dylib             0x0000000199320ba8 thread_start + 8
_________________ ERROR at setup of test_activate_wash_package _________________
tests/admin_portal/wash_packages/conftest.py:110: in managed_package
    page = _reset_managed_package(browser)
           ^^^^^^^^^^^^^^^^^^^^^^^^^^^^^^^
tests/admin_portal/wash_packages/conftest.py:78: in _reset_managed_package
    page.create_package(
pages/admin_portal/wash_packages_page.py:827: in create_package
    """Create an active wash package and return to the list."""
pages/admin_portal/wash_packages_page.py:645: in fill_package_form
    self.set_global_price(global_price)
pages/admin_portal/wash_packages_page.py:604: in assign_site_with_price_and_commission
    def assign_site_with_price_and_commission(self, site_name, price, commission):
              ^^^^^^^^^^^^^^^^^^^^^^^^^^^^
pages/admin_portal/wash_packages_page.py:600: in get_site_row
    return els[0]
venv/lib/python3.11/site-packages/selenium/webdriver/support/wait.py:121: in until
    raise TimeoutException(message, screen, stacktrace)
E   selenium.common.exceptions.TimeoutException: Message: 
E   Stacktrace:
E   0   chromedriver                        0x0000000102e25a84 cxxbridge1$str$ptr + 3195292
E   1   chromedriver                        0x0000000102e1db4c cxxbridge1$str$ptr + 3162724
E   2   chromedriver                        0x00000001028c72a4 _RNvCs9NA52FrZ4pF_7___rustc35___rust_no_alloc_shim_is_unstable_v2 + 73836
E   3   chromedriver                        0x000000010290fa44 _RNvCs9NA52FrZ4pF_7___rustc35___rust_no_alloc_shim_is_unstable_v2 + 370700
E   4   chromedriver                        0x000000010294f030 _RNvCs9NA52FrZ4pF_7___rustc35___rust_no_alloc_shim_is_unstable_v2 + 630264
E   5   chromedriver                        0x0000000102905434 _RNvCs9NA52FrZ4pF_7___rustc35___rust_no_alloc_shim_is_unstable_v2 + 328188
E   6   chromedriver                        0x0000000102de2c40 cxxbridge1$str$ptr + 2921304
E   7   chromedriver                        0x0000000102de63b8 cxxbridge1$str$ptr + 2935504
E   8   chromedriver                        0x0000000102dc90f8 cxxbridge1$str$ptr + 2816016
E   9   chromedriver                        0x0000000102de6c4c cxxbridge1$str$ptr + 2937700
E   10  chromedriver                        0x0000000102dba3b0 cxxbridge1$str$ptr + 2755272
E   11  chromedriver                        0x0000000102e0c1f4 cxxbridge1$str$ptr + 3090700
E   12  chromedriver                        0x0000000102e0c354 cxxbridge1$str$ptr + 3091052
E   13  chromedriver                        0x0000000102e1d7a4 cxxbridge1$str$ptr + 3161788
E   14  libsystem_pthread.dylib             0x0000000199325c08 _pthread_start + 136
E   15  libsystem_pthread.dylib             0x0000000199320ba8 thread_start + 8
__________ ERROR at setup of test_assign_applicable_discount_persists __________
tests/admin_portal/wash_packages/conftest.py:110: in managed_package
    page = _reset_managed_package(browser)
           ^^^^^^^^^^^^^^^^^^^^^^^^^^^^^^^
tests/admin_portal/wash_packages/conftest.py:78: in _reset_managed_package
    page.create_package(
pages/admin_portal/wash_packages_page.py:827: in create_package
    """Create an active wash package and return to the list."""
pages/admin_portal/wash_packages_page.py:645: in fill_package_form
    self.set_global_price(global_price)
pages/admin_portal/wash_packages_page.py:604: in assign_site_with_price_and_commission
    def assign_site_with_price_and_commission(self, site_name, price, commission):
              ^^^^^^^^^^^^^^^^^^^^^^^^^^^^
pages/admin_portal/wash_packages_page.py:600: in get_site_row
    return els[0]
venv/lib/python3.11/site-packages/selenium/webdriver/support/wait.py:121: in until
    raise TimeoutException(message, screen, stacktrace)
E   selenium.common.exceptions.TimeoutException: Message: 
E   Stacktrace:
E   0   chromedriver                        0x0000000100a19a84 cxxbridge1$str$ptr + 3195292
E   1   chromedriver                        0x0000000100a11b4c cxxbridge1$str$ptr + 3162724
E   2   chromedriver                        0x00000001004bb2a4 _RNvCs9NA52FrZ4pF_7___rustc35___rust_no_alloc_shim_is_unstable_v2 + 73836
E   3   chromedriver                        0x0000000100503a44 _RNvCs9NA52FrZ4pF_7___rustc35___rust_no_alloc_shim_is_unstable_v2 + 370700
E   4   chromedriver                        0x0000000100543030 _RNvCs9NA52FrZ4pF_7___rustc35___rust_no_alloc_shim_is_unstable_v2 + 630264
E   5   chromedriver                        0x00000001004f9434 _RNvCs9NA52FrZ4pF_7___rustc35___rust_no_alloc_shim_is_unstable_v2 + 328188
E   6   chromedriver                        0x00000001009d6c40 cxxbridge1$str$ptr + 2921304
E   7   chromedriver                        0x00000001009da3b8 cxxbridge1$str$ptr + 2935504
E   8   chromedriver                        0x00000001009bd0f8 cxxbridge1$str$ptr + 2816016
E   9   chromedriver                        0x00000001009dac4c cxxbridge1$str$ptr + 2937700
E   10  chromedriver                        0x00000001009ae3b0 cxxbridge1$str$ptr + 2755272
E   11  chromedriver                        0x0000000100a001f4 cxxbridge1$str$ptr + 3090700
E   12  chromedriver                        0x0000000100a00354 cxxbridge1$str$ptr + 3091052
E   13  chromedriver                        0x0000000100a117a4 cxxbridge1$str$ptr + 3161788
E   14  libsystem_pthread.dylib             0x0000000199325c08 _pthread_start + 136
E   15  libsystem_pthread.dylib             0x0000000199320ba8 thread_start + 8
___________ ERROR at setup of test_assign_multiple_discounts_persist ___________
tests/admin_portal/wash_packages/conftest.py:110: in managed_package
    page = _reset_managed_package(browser)
           ^^^^^^^^^^^^^^^^^^^^^^^^^^^^^^^
tests/admin_portal/wash_packages/conftest.py:78: in _reset_managed_package
    page.create_package(
pages/admin_portal/wash_packages_page.py:827: in create_package
    """Create an active wash package and return to the list."""
pages/admin_portal/wash_packages_page.py:645: in fill_package_form
    self.set_global_price(global_price)
pages/admin_portal/wash_packages_page.py:604: in assign_site_with_price_and_commission
    def assign_site_with_price_and_commission(self, site_name, price, commission):
              ^^^^^^^^^^^^^^^^^^^^^^^^^^^^
pages/admin_portal/wash_packages_page.py:600: in get_site_row
    return els[0]
venv/lib/python3.11/site-packages/selenium/webdriver/support/wait.py:121: in until
    raise TimeoutException(message, screen, stacktrace)
E   selenium.common.exceptions.TimeoutException: Message: 
E   Stacktrace:
E   0   chromedriver                        0x0000000100911a84 cxxbridge1$str$ptr + 3195292
E   1   chromedriver                        0x0000000100909b4c cxxbridge1$str$ptr + 3162724
E   2   chromedriver                        0x00000001003b32a4 _RNvCs9NA52FrZ4pF_7___rustc35___rust_no_alloc_shim_is_unstable_v2 + 73836
E   3   chromedriver                        0x00000001003fba44 _RNvCs9NA52FrZ4pF_7___rustc35___rust_no_alloc_shim_is_unstable_v2 + 370700
E   4   chromedriver                        0x000000010043b030 _RNvCs9NA52FrZ4pF_7___rustc35___rust_no_alloc_shim_is_unstable_v2 + 630264
E   5   chromedriver                        0x00000001003f1434 _RNvCs9NA52FrZ4pF_7___rustc35___rust_no_alloc_shim_is_unstable_v2 + 328188
E   6   chromedriver                        0x00000001008cec40 cxxbridge1$str$ptr + 2921304
E   7   chromedriver                        0x00000001008d23b8 cxxbridge1$str$ptr + 2935504
E   8   chromedriver                        0x00000001008b50f8 cxxbridge1$str$ptr + 2816016
E   9   chromedriver                        0x00000001008d2c4c cxxbridge1$str$ptr + 2937700
E   10  chromedriver                        0x00000001008a63b0 cxxbridge1$str$ptr + 2755272
E   11  chromedriver                        0x00000001008f81f4 cxxbridge1$str$ptr + 3090700
E   12  chromedriver                        0x00000001008f8354 cxxbridge1$str$ptr + 3091052
E   13  chromedriver                        0x00000001009097a4 cxxbridge1$str$ptr + 3161788
E   14  libsystem_pthread.dylib             0x0000000199325c08 _pthread_start + 136
E   15  libsystem_pthread.dylib             0x0000000199320ba8 thread_start + 8
____________ ERROR at setup of test_loyalty_points_awarded_persists ____________
tests/admin_portal/wash_packages/conftest.py:110: in managed_package
    page = _reset_managed_package(browser)
           ^^^^^^^^^^^^^^^^^^^^^^^^^^^^^^^
tests/admin_portal/wash_packages/conftest.py:78: in _reset_managed_package
    page.create_package(
pages/admin_portal/wash_packages_page.py:827: in create_package
    """Create an active wash package and return to the list."""
pages/admin_portal/wash_packages_page.py:645: in fill_package_form
    self.set_global_price(global_price)
pages/admin_portal/wash_packages_page.py:604: in assign_site_with_price_and_commission
    def assign_site_with_price_and_commission(self, site_name, price, commission):
              ^^^^^^^^^^^^^^^^^^^^^^^^^^^^
pages/admin_portal/wash_packages_page.py:600: in get_site_row
    return els[0]
venv/lib/python3.11/site-packages/selenium/webdriver/support/wait.py:121: in until
    raise TimeoutException(message, screen, stacktrace)
E   selenium.common.exceptions.TimeoutException: Message: 
E   Stacktrace:
E   0   chromedriver                        0x0000000104f4da84 cxxbridge1$str$ptr + 3195292
E   1   chromedriver                        0x0000000104f45b4c cxxbridge1$str$ptr + 3162724
E   2   chromedriver                        0x00000001049ef2a4 _RNvCs9NA52FrZ4pF_7___rustc35___rust_no_alloc_shim_is_unstable_v2 + 73836
E   3   chromedriver                        0x0000000104a37a44 _RNvCs9NA52FrZ4pF_7___rustc35___rust_no_alloc_shim_is_unstable_v2 + 370700
E   4   chromedriver                        0x0000000104a77030 _RNvCs9NA52FrZ4pF_7___rustc35___rust_no_alloc_shim_is_unstable_v2 + 630264
E   5   chromedriver                        0x0000000104a2d434 _RNvCs9NA52FrZ4pF_7___rustc35___rust_no_alloc_shim_is_unstable_v2 + 328188
E   6   chromedriver                        0x0000000104f0ac40 cxxbridge1$str$ptr + 2921304
E   7   chromedriver                        0x0000000104f0e3b8 cxxbridge1$str$ptr + 2935504
E   8   chromedriver                        0x0000000104ef10f8 cxxbridge1$str$ptr + 2816016
E   9   chromedriver                        0x0000000104f0ec4c cxxbridge1$str$ptr + 2937700
E   10  chromedriver                        0x0000000104ee23b0 cxxbridge1$str$ptr + 2755272
E   11  chromedriver                        0x0000000104f341f4 cxxbridge1$str$ptr + 3090700
E   12  chromedriver                        0x0000000104f34354 cxxbridge1$str$ptr + 3091052
E   13  chromedriver                        0x0000000104f457a4 cxxbridge1$str$ptr + 3161788
E   14  libsystem_pthread.dylib             0x0000000199325c08 _pthread_start + 136
E   15  libsystem_pthread.dylib             0x0000000199320ba8 thread_start + 8
___________ ERROR at setup of test_loyalty_points_redeemed_persists ____________
tests/admin_portal/wash_packages/conftest.py:110: in managed_package
    page = _reset_managed_package(browser)
           ^^^^^^^^^^^^^^^^^^^^^^^^^^^^^^^
tests/admin_portal/wash_packages/conftest.py:78: in _reset_managed_package
    page.create_package(
pages/admin_portal/wash_packages_page.py:827: in create_package
    """Create an active wash package and return to the list."""
pages/admin_portal/wash_packages_page.py:645: in fill_package_form
    self.set_global_price(global_price)
pages/admin_portal/wash_packages_page.py:604: in assign_site_with_price_and_commission
    def assign_site_with_price_and_commission(self, site_name, price, commission):
              ^^^^^^^^^^^^^^^^^^^^^^^^^^^^
pages/admin_portal/wash_packages_page.py:600: in get_site_row
    return els[0]
venv/lib/python3.11/site-packages/selenium/webdriver/support/wait.py:121: in until
    raise TimeoutException(message, screen, stacktrace)
E   selenium.common.exceptions.TimeoutException: Message: 
E   Stacktrace:
E   0   chromedriver                        0x0000000102825a84 cxxbridge1$str$ptr + 3195292
E   1   chromedriver                        0x000000010281db4c cxxbridge1$str$ptr + 3162724
E   2   chromedriver                        0x00000001022c72a4 _RNvCs9NA52FrZ4pF_7___rustc35___rust_no_alloc_shim_is_unstable_v2 + 73836
E   3   chromedriver                        0x000000010230fa44 _RNvCs9NA52FrZ4pF_7___rustc35___rust_no_alloc_shim_is_unstable_v2 + 370700
E   4   chromedriver                        0x000000010234f030 _RNvCs9NA52FrZ4pF_7___rustc35___rust_no_alloc_shim_is_unstable_v2 + 630264
E   5   chromedriver                        0x0000000102305434 _RNvCs9NA52FrZ4pF_7___rustc35___rust_no_alloc_shim_is_unstable_v2 + 328188
E   6   chromedriver                        0x00000001027e2c40 cxxbridge1$str$ptr + 2921304
E   7   chromedriver                        0x00000001027e63b8 cxxbridge1$str$ptr + 2935504
E   8   chromedriver                        0x00000001027c90f8 cxxbridge1$str$ptr + 2816016
E   9   chromedriver                        0x00000001027e6c4c cxxbridge1$str$ptr + 2937700
E   10  chromedriver                        0x00000001027ba3b0 cxxbridge1$str$ptr + 2755272
E   11  chromedriver                        0x000000010280c1f4 cxxbridge1$str$ptr + 3090700
E   12  chromedriver                        0x000000010280c354 cxxbridge1$str$ptr + 3091052
E   13  chromedriver                        0x000000010281d7a4 cxxbridge1$str$ptr + 3161788
E   14  libsystem_pthread.dylib             0x0000000199325c08 _pthread_start + 136
E   15  libsystem_pthread.dylib             0x0000000199320ba8 thread_start + 8
_________ ERROR at setup of test_managed_package_provided_at_baseline __________
tests/admin_portal/wash_packages/conftest.py:110: in managed_package
    page = _reset_managed_package(browser)
           ^^^^^^^^^^^^^^^^^^^^^^^^^^^^^^^
tests/admin_portal/wash_packages/conftest.py:78: in _reset_managed_package
    page.create_package(
pages/admin_portal/wash_packages_page.py:827: in create_package
    """Create an active wash package and return to the list."""
pages/admin_portal/wash_packages_page.py:645: in fill_package_form
    self.set_global_price(global_price)
pages/admin_portal/wash_packages_page.py:604: in assign_site_with_price_and_commission
    def assign_site_with_price_and_commission(self, site_name, price, commission):
              ^^^^^^^^^^^^^^^^^^^^^^^^^^^^
pages/admin_portal/wash_packages_page.py:600: in get_site_row
    return els[0]
venv/lib/python3.11/site-packages/selenium/webdriver/support/wait.py:121: in until
    raise TimeoutException(message, screen, stacktrace)
E   selenium.common.exceptions.TimeoutException: Message: 
E   Stacktrace:
E   0   chromedriver                        0x0000000100d71a84 cxxbridge1$str$ptr + 3195292
E   1   chromedriver                        0x0000000100d69b4c cxxbridge1$str$ptr + 3162724
E   2   chromedriver                        0x00000001008132a4 _RNvCs9NA52FrZ4pF_7___rustc35___rust_no_alloc_shim_is_unstable_v2 + 73836
E   3   chromedriver                        0x000000010085ba44 _RNvCs9NA52FrZ4pF_7___rustc35___rust_no_alloc_shim_is_unstable_v2 + 370700
E   4   chromedriver                        0x000000010089b030 _RNvCs9NA52FrZ4pF_7___rustc35___rust_no_alloc_shim_is_unstable_v2 + 630264
E   5   chromedriver                        0x0000000100851434 _RNvCs9NA52FrZ4pF_7___rustc35___rust_no_alloc_shim_is_unstable_v2 + 328188
E   6   chromedriver                        0x0000000100d2ec40 cxxbridge1$str$ptr + 2921304
E   7   chromedriver                        0x0000000100d323b8 cxxbridge1$str$ptr + 2935504
E   8   chromedriver                        0x0000000100d150f8 cxxbridge1$str$ptr + 2816016
E   9   chromedriver                        0x0000000100d32c4c cxxbridge1$str$ptr + 2937700
E   10  chromedriver                        0x0000000100d063b0 cxxbridge1$str$ptr + 2755272
E   11  chromedriver                        0x0000000100d581f4 cxxbridge1$str$ptr + 3090700
E   12  chromedriver                        0x0000000100d58354 cxxbridge1$str$ptr + 3091052
E   13  chromedriver                        0x0000000100d697a4 cxxbridge1$str$ptr + 3161788
E   14  libsystem_pthread.dylib             0x0000000199325c08 _pthread_start + 136
E   15  libsystem_pthread.dylib             0x0000000199320ba8 thread_start + 8
_____ ERROR at setup of test_managed_package_mutation_is_reset_on_teardown _____
tests/admin_portal/wash_packages/conftest.py:110: in managed_package
    page = _reset_managed_package(browser)
           ^^^^^^^^^^^^^^^^^^^^^^^^^^^^^^^
tests/admin_portal/wash_packages/conftest.py:78: in _reset_managed_package
    page.create_package(
pages/admin_portal/wash_packages_page.py:827: in create_package
    """Create an active wash package and return to the list."""
pages/admin_portal/wash_packages_page.py:645: in fill_package_form
    self.set_global_price(global_price)
pages/admin_portal/wash_packages_page.py:604: in assign_site_with_price_and_commission
    def assign_site_with_price_and_commission(self, site_name, price, commission):
              ^^^^^^^^^^^^^^^^^^^^^^^^^^^^
pages/admin_portal/wash_packages_page.py:600: in get_site_row
    return els[0]
venv/lib/python3.11/site-packages/selenium/webdriver/support/wait.py:121: in until
    raise TimeoutException(message, screen, stacktrace)
E   selenium.common.exceptions.TimeoutException: Message: 
E   Stacktrace:
E   0   chromedriver                        0x0000000100789a84 cxxbridge1$str$ptr + 3195292
E   1   chromedriver                        0x0000000100781b4c cxxbridge1$str$ptr + 3162724
E   2   chromedriver                        0x000000010022b2a4 _RNvCs9NA52FrZ4pF_7___rustc35___rust_no_alloc_shim_is_unstable_v2 + 73836
E   3   chromedriver                        0x0000000100273a44 _RNvCs9NA52FrZ4pF_7___rustc35___rust_no_alloc_shim_is_unstable_v2 + 370700
E   4   chromedriver                        0x00000001002b3030 _RNvCs9NA52FrZ4pF_7___rustc35___rust_no_alloc_shim_is_unstable_v2 + 630264
E   5   chromedriver                        0x0000000100269434 _RNvCs9NA52FrZ4pF_7___rustc35___rust_no_alloc_shim_is_unstable_v2 + 328188
E   6   chromedriver                        0x0000000100746c40 cxxbridge1$str$ptr + 2921304
E   7   chromedriver                        0x000000010074a3b8 cxxbridge1$str$ptr + 2935504
E   8   chromedriver                        0x000000010072d0f8 cxxbridge1$str$ptr + 2816016
E   9   chromedriver                        0x000000010074ac4c cxxbridge1$str$ptr + 2937700
E   10  chromedriver                        0x000000010071e3b0 cxxbridge1$str$ptr + 2755272
E   11  chromedriver                        0x00000001007701f4 cxxbridge1$str$ptr + 3090700
E   12  chromedriver                        0x0000000100770354 cxxbridge1$str$ptr + 3091052
E   13  chromedriver                        0x00000001007817a4 cxxbridge1$str$ptr + 3161788
E   14  libsystem_pthread.dylib             0x0000000199325c08 _pthread_start + 136
E   15  libsystem_pthread.dylib             0x0000000199320ba8 thread_start + 8
____________ ERROR at setup of test_assign_multiple_sites_persists _____________
tests/admin_portal/wash_packages/conftest.py:110: in managed_package
    page = _reset_managed_package(browser)
           ^^^^^^^^^^^^^^^^^^^^^^^^^^^^^^^
tests/admin_portal/wash_packages/conftest.py:78: in _reset_managed_package
    page.create_package(
pages/admin_portal/wash_packages_page.py:827: in create_package
    """Create an active wash package and return to the list."""
pages/admin_portal/wash_packages_page.py:645: in fill_package_form
    self.set_global_price(global_price)
pages/admin_portal/wash_packages_page.py:604: in assign_site_with_price_and_commission
    def assign_site_with_price_and_commission(self, site_name, price, commission):
              ^^^^^^^^^^^^^^^^^^^^^^^^^^^^
pages/admin_portal/wash_packages_page.py:600: in get_site_row
    return els[0]
venv/lib/python3.11/site-packages/selenium/webdriver/support/wait.py:121: in until
    raise TimeoutException(message, screen, stacktrace)
E   selenium.common.exceptions.TimeoutException: Message: 
E   Stacktrace:
E   0   chromedriver                        0x0000000102625a84 cxxbridge1$str$ptr + 3195292
E   1   chromedriver                        0x000000010261db4c cxxbridge1$str$ptr + 3162724
E   2   chromedriver                        0x00000001020c72a4 _RNvCs9NA52FrZ4pF_7___rustc35___rust_no_alloc_shim_is_unstable_v2 + 73836
E   3   chromedriver                        0x000000010210fa44 _RNvCs9NA52FrZ4pF_7___rustc35___rust_no_alloc_shim_is_unstable_v2 + 370700
E   4   chromedriver                        0x000000010214f030 _RNvCs9NA52FrZ4pF_7___rustc35___rust_no_alloc_shim_is_unstable_v2 + 630264
E   5   chromedriver                        0x0000000102105434 _RNvCs9NA52FrZ4pF_7___rustc35___rust_no_alloc_shim_is_unstable_v2 + 328188
E   6   chromedriver                        0x00000001025e2c40 cxxbridge1$str$ptr + 2921304
E   7   chromedriver                        0x00000001025e63b8 cxxbridge1$str$ptr + 2935504
E   8   chromedriver                        0x00000001025c90f8 cxxbridge1$str$ptr + 2816016
E   9   chromedriver                        0x00000001025e6c4c cxxbridge1$str$ptr + 2937700
E   10  chromedriver                        0x00000001025ba3b0 cxxbridge1$str$ptr + 2755272
E   11  chromedriver                        0x000000010260c1f4 cxxbridge1$str$ptr + 3090700
E   12  chromedriver                        0x000000010260c354 cxxbridge1$str$ptr + 3091052
E   13  chromedriver                        0x000000010261d7a4 cxxbridge1$str$ptr + 3161788
E   14  libsystem_pthread.dylib             0x0000000199325c08 _pthread_start + 136
E   15  libsystem_pthread.dylib             0x0000000199320ba8 thread_start + 8
_________ ERROR at setup of test_select_all_sites_via_header_checkbox __________
tests/admin_portal/wash_packages/conftest.py:110: in managed_package
    page = _reset_managed_package(browser)
           ^^^^^^^^^^^^^^^^^^^^^^^^^^^^^^^
tests/admin_portal/wash_packages/conftest.py:78: in _reset_managed_package
    page.create_package(
pages/admin_portal/wash_packages_page.py:827: in create_package
    """Create an active wash package and return to the list."""
pages/admin_portal/wash_packages_page.py:645: in fill_package_form
    self.set_global_price(global_price)
pages/admin_portal/wash_packages_page.py:604: in assign_site_with_price_and_commission
    def assign_site_with_price_and_commission(self, site_name, price, commission):
              ^^^^^^^^^^^^^^^^^^^^^^^^^^^^
pages/admin_portal/wash_packages_page.py:600: in get_site_row
    return els[0]
venv/lib/python3.11/site-packages/selenium/webdriver/support/wait.py:121: in until
    raise TimeoutException(message, screen, stacktrace)
E   selenium.common.exceptions.TimeoutException: Message: 
E   Stacktrace:
E   0   chromedriver                        0x000000010522da84 cxxbridge1$str$ptr + 3195292
E   1   chromedriver                        0x0000000105225b4c cxxbridge1$str$ptr + 3162724
E   2   chromedriver                        0x0000000104ccf2a4 _RNvCs9NA52FrZ4pF_7___rustc35___rust_no_alloc_shim_is_unstable_v2 + 73836
E   3   chromedriver                        0x0000000104d17a44 _RNvCs9NA52FrZ4pF_7___rustc35___rust_no_alloc_shim_is_unstable_v2 + 370700
E   4   chromedriver                        0x0000000104d57030 _RNvCs9NA52FrZ4pF_7___rustc35___rust_no_alloc_shim_is_unstable_v2 + 630264
E   5   chromedriver                        0x0000000104d0d434 _RNvCs9NA52FrZ4pF_7___rustc35___rust_no_alloc_shim_is_unstable_v2 + 328188
E   6   chromedriver                        0x00000001051eac40 cxxbridge1$str$ptr + 2921304
E   7   chromedriver                        0x00000001051ee3b8 cxxbridge1$str$ptr + 2935504
E   8   chromedriver                        0x00000001051d10f8 cxxbridge1$str$ptr + 2816016
E   9   chromedriver                        0x00000001051eec4c cxxbridge1$str$ptr + 2937700
E   10  chromedriver                        0x00000001051c23b0 cxxbridge1$str$ptr + 2755272
E   11  chromedriver                        0x00000001052141f4 cxxbridge1$str$ptr + 3090700
E   12  chromedriver                        0x0000000105214354 cxxbridge1$str$ptr + 3091052
E   13  chromedriver                        0x00000001052257a4 cxxbridge1$str$ptr + 3161788
E   14  libsystem_pthread.dylib             0x0000000199325c08 _pthread_start + 136
E   15  libsystem_pthread.dylib             0x0000000199320ba8 thread_start + 8
____________ ERROR at setup of test_global_price_reflected_at_site _____________
tests/admin_portal/wash_packages/conftest.py:110: in managed_package
    page = _reset_managed_package(browser)
           ^^^^^^^^^^^^^^^^^^^^^^^^^^^^^^^
tests/admin_portal/wash_packages/conftest.py:78: in _reset_managed_package
    page.create_package(
pages/admin_portal/wash_packages_page.py:827: in create_package
    """Create an active wash package and return to the list."""
pages/admin_portal/wash_packages_page.py:645: in fill_package_form
    self.set_global_price(global_price)
pages/admin_portal/wash_packages_page.py:604: in assign_site_with_price_and_commission
    def assign_site_with_price_and_commission(self, site_name, price, commission):
              ^^^^^^^^^^^^^^^^^^^^^^^^^^^^
pages/admin_portal/wash_packages_page.py:600: in get_site_row
    return els[0]
venv/lib/python3.11/site-packages/selenium/webdriver/support/wait.py:121: in until
    raise TimeoutException(message, screen, stacktrace)
E   selenium.common.exceptions.TimeoutException: Message: 
E   Stacktrace:
E   0   chromedriver                        0x000000010275da84 cxxbridge1$str$ptr + 3195292
E   1   chromedriver                        0x0000000102755b4c cxxbridge1$str$ptr + 3162724
E   2   chromedriver                        0x00000001021ff2a4 _RNvCs9NA52FrZ4pF_7___rustc35___rust_no_alloc_shim_is_unstable_v2 + 73836
E   3   chromedriver                        0x0000000102247a44 _RNvCs9NA52FrZ4pF_7___rustc35___rust_no_alloc_shim_is_unstable_v2 + 370700
E   4   chromedriver                        0x0000000102287030 _RNvCs9NA52FrZ4pF_7___rustc35___rust_no_alloc_shim_is_unstable_v2 + 630264
E   5   chromedriver                        0x000000010223d434 _RNvCs9NA52FrZ4pF_7___rustc35___rust_no_alloc_shim_is_unstable_v2 + 328188
E   6   chromedriver                        0x000000010271ac40 cxxbridge1$str$ptr + 2921304
E   7   chromedriver                        0x000000010271e3b8 cxxbridge1$str$ptr + 2935504
E   8   chromedriver                        0x00000001027010f8 cxxbridge1$str$ptr + 2816016
E   9   chromedriver                        0x000000010271ec4c cxxbridge1$str$ptr + 2937700
E   10  chromedriver                        0x00000001026f23b0 cxxbridge1$str$ptr + 2755272
E   11  chromedriver                        0x00000001027441f4 cxxbridge1$str$ptr + 3090700
E   12  chromedriver                        0x0000000102744354 cxxbridge1$str$ptr + 3091052
E   13  chromedriver                        0x00000001027557a4 cxxbridge1$str$ptr + 3161788
E   14  libsystem_pthread.dylib             0x0000000199325c08 _pthread_start + 136
E   15  libsystem_pthread.dylib             0x0000000199320ba8 thread_start + 8
__ ERROR at setup of test_location_price_override_higher_than_global_persists __
tests/admin_portal/wash_packages/conftest.py:110: in managed_package
    page = _reset_managed_package(browser)
           ^^^^^^^^^^^^^^^^^^^^^^^^^^^^^^^
tests/admin_portal/wash_packages/conftest.py:78: in _reset_managed_package
    page.create_package(
pages/admin_portal/wash_packages_page.py:827: in create_package
    """Create an active wash package and return to the list."""
pages/admin_portal/wash_packages_page.py:645: in fill_package_form
    self.set_global_price(global_price)
pages/admin_portal/wash_packages_page.py:604: in assign_site_with_price_and_commission
    def assign_site_with_price_and_commission(self, site_name, price, commission):
              ^^^^^^^^^^^^^^^^^^^^^^^^^^^^
pages/admin_portal/wash_packages_page.py:600: in get_site_row
    return els[0]
venv/lib/python3.11/site-packages/selenium/webdriver/support/wait.py:121: in until
    raise TimeoutException(message, screen, stacktrace)
E   selenium.common.exceptions.TimeoutException: Message: 
E   Stacktrace:
E   0   chromedriver                        0x00000001049c1a84 cxxbridge1$str$ptr + 3195292
E   1   chromedriver                        0x00000001049b9b4c cxxbridge1$str$ptr + 3162724
E   2   chromedriver                        0x00000001044632a4 _RNvCs9NA52FrZ4pF_7___rustc35___rust_no_alloc_shim_is_unstable_v2 + 73836
E   3   chromedriver                        0x00000001044aba44 _RNvCs9NA52FrZ4pF_7___rustc35___rust_no_alloc_shim_is_unstable_v2 + 370700
E   4   chromedriver                        0x00000001044eb030 _RNvCs9NA52FrZ4pF_7___rustc35___rust_no_alloc_shim_is_unstable_v2 + 630264
E   5   chromedriver                        0x00000001044a1434 _RNvCs9NA52FrZ4pF_7___rustc35___rust_no_alloc_shim_is_unstable_v2 + 328188
E   6   chromedriver                        0x000000010497ec40 cxxbridge1$str$ptr + 2921304
E   7   chromedriver                        0x00000001049823b8 cxxbridge1$str$ptr + 2935504
E   8   chromedriver                        0x00000001049650f8 cxxbridge1$str$ptr + 2816016
E   9   chromedriver                        0x0000000104982c4c cxxbridge1$str$ptr + 2937700
E   10  chromedriver                        0x00000001049563b0 cxxbridge1$str$ptr + 2755272
E   11  chromedriver                        0x00000001049a81f4 cxxbridge1$str$ptr + 3090700
E   12  chromedriver                        0x00000001049a8354 cxxbridge1$str$ptr + 3091052
E   13  chromedriver                        0x00000001049b97a4 cxxbridge1$str$ptr + 3161788
E   14  libsystem_pthread.dylib             0x0000000199325c08 _pthread_start + 136
E   15  libsystem_pthread.dylib             0x0000000199320ba8 thread_start + 8
__ ERROR at setup of test_location_price_override_lower_than_global_persists ___
tests/admin_portal/wash_packages/conftest.py:110: in managed_package
    page = _reset_managed_package(browser)
           ^^^^^^^^^^^^^^^^^^^^^^^^^^^^^^^
tests/admin_portal/wash_packages/conftest.py:78: in _reset_managed_package
    page.create_package(
pages/admin_portal/wash_packages_page.py:827: in create_package
    """Create an active wash package and return to the list."""
pages/admin_portal/wash_packages_page.py:645: in fill_package_form
    self.set_global_price(global_price)
pages/admin_portal/wash_packages_page.py:604: in assign_site_with_price_and_commission
    def assign_site_with_price_and_commission(self, site_name, price, commission):
              ^^^^^^^^^^^^^^^^^^^^^^^^^^^^
pages/admin_portal/wash_packages_page.py:600: in get_site_row
    return els[0]
venv/lib/python3.11/site-packages/selenium/webdriver/support/wait.py:121: in until
    raise TimeoutException(message, screen, stacktrace)
E   selenium.common.exceptions.TimeoutException: Message: 
E   Stacktrace:
E   0   chromedriver                        0x0000000102eeda84 cxxbridge1$str$ptr + 3195292
E   1   chromedriver                        0x0000000102ee5b4c cxxbridge1$str$ptr + 3162724
E   2   chromedriver                        0x000000010298f2a4 _RNvCs9NA52FrZ4pF_7___rustc35___rust_no_alloc_shim_is_unstable_v2 + 73836
E   3   chromedriver                        0x00000001029d7a44 _RNvCs9NA52FrZ4pF_7___rustc35___rust_no_alloc_shim_is_unstable_v2 + 370700
E   4   chromedriver                        0x0000000102a17030 _RNvCs9NA52FrZ4pF_7___rustc35___rust_no_alloc_shim_is_unstable_v2 + 630264
E   5   chromedriver                        0x00000001029cd434 _RNvCs9NA52FrZ4pF_7___rustc35___rust_no_alloc_shim_is_unstable_v2 + 328188
E   6   chromedriver                        0x0000000102eaac40 cxxbridge1$str$ptr + 2921304
E   7   chromedriver                        0x0000000102eae3b8 cxxbridge1$str$ptr + 2935504
E   8   chromedriver                        0x0000000102e910f8 cxxbridge1$str$ptr + 2816016
E   9   chromedriver                        0x0000000102eaec4c cxxbridge1$str$ptr + 2937700
E   10  chromedriver                        0x0000000102e823b0 cxxbridge1$str$ptr + 2755272
E   11  chromedriver                        0x0000000102ed41f4 cxxbridge1$str$ptr + 3090700
E   12  chromedriver                        0x0000000102ed4354 cxxbridge1$str$ptr + 3091052
E   13  chromedriver                        0x0000000102ee57a4 cxxbridge1$str$ptr + 3161788
E   14  libsystem_pthread.dylib             0x0000000199325c08 _pthread_start + 136
E   15  libsystem_pthread.dylib             0x0000000199320ba8 thread_start + 8
_________ ERROR at setup of test_location_commission_override_persists _________
tests/admin_portal/wash_packages/conftest.py:110: in managed_package
    page = _reset_managed_package(browser)
           ^^^^^^^^^^^^^^^^^^^^^^^^^^^^^^^
tests/admin_portal/wash_packages/conftest.py:78: in _reset_managed_package
    page.create_package(
pages/admin_portal/wash_packages_page.py:827: in create_package
    """Create an active wash package and return to the list."""
pages/admin_portal/wash_packages_page.py:645: in fill_package_form
    self.set_global_price(global_price)
pages/admin_portal/wash_packages_page.py:604: in assign_site_with_price_and_commission
    def assign_site_with_price_and_commission(self, site_name, price, commission):
              ^^^^^^^^^^^^^^^^^^^^^^^^^^^^
pages/admin_portal/wash_packages_page.py:600: in get_site_row
    return els[0]
venv/lib/python3.11/site-packages/selenium/webdriver/support/wait.py:121: in until
    raise TimeoutException(message, screen, stacktrace)
E   selenium.common.exceptions.TimeoutException: Message: 
E   Stacktrace:
E   0   chromedriver                        0x00000001013f9a84 cxxbridge1$str$ptr + 3195292
E   1   chromedriver                        0x00000001013f1b4c cxxbridge1$str$ptr + 3162724
E   2   chromedriver                        0x0000000100e9b2a4 _RNvCs9NA52FrZ4pF_7___rustc35___rust_no_alloc_shim_is_unstable_v2 + 73836
E   3   chromedriver                        0x0000000100ee3a44 _RNvCs9NA52FrZ4pF_7___rustc35___rust_no_alloc_shim_is_unstable_v2 + 370700
E   4   chromedriver                        0x0000000100f23030 _RNvCs9NA52FrZ4pF_7___rustc35___rust_no_alloc_shim_is_unstable_v2 + 630264
E   5   chromedriver                        0x0000000100ed9434 _RNvCs9NA52FrZ4pF_7___rustc35___rust_no_alloc_shim_is_unstable_v2 + 328188
E   6   chromedriver                        0x00000001013b6c40 cxxbridge1$str$ptr + 2921304
E   7   chromedriver                        0x00000001013ba3b8 cxxbridge1$str$ptr + 2935504
E   8   chromedriver                        0x000000010139d0f8 cxxbridge1$str$ptr + 2816016
E   9   chromedriver                        0x00000001013bac4c cxxbridge1$str$ptr + 2937700
E   10  chromedriver                        0x000000010138e3b0 cxxbridge1$str$ptr + 2755272
E   11  chromedriver                        0x00000001013e01f4 cxxbridge1$str$ptr + 3090700
E   12  chromedriver                        0x00000001013e0354 cxxbridge1$str$ptr + 3091052
E   13  chromedriver                        0x00000001013f17a4 cxxbridge1$str$ptr + 3161788
E   14  libsystem_pthread.dylib             0x0000000199325c08 _pthread_start + 136
E   15  libsystem_pthread.dylib             0x0000000199320ba8 thread_start + 8
____ ERROR at setup of test_location_commission_higher_than_global_persists ____
tests/admin_portal/wash_packages/conftest.py:110: in managed_package
    page = _reset_managed_package(browser)
           ^^^^^^^^^^^^^^^^^^^^^^^^^^^^^^^
tests/admin_portal/wash_packages/conftest.py:78: in _reset_managed_package
    page.create_package(
pages/admin_portal/wash_packages_page.py:827: in create_package
    """Create an active wash package and return to the list."""
pages/admin_portal/wash_packages_page.py:645: in fill_package_form
    self.set_global_price(global_price)
pages/admin_portal/wash_packages_page.py:604: in assign_site_with_price_and_commission
    def assign_site_with_price_and_commission(self, site_name, price, commission):
              ^^^^^^^^^^^^^^^^^^^^^^^^^^^^
pages/admin_portal/wash_packages_page.py:600: in get_site_row
    return els[0]
venv/lib/python3.11/site-packages/selenium/webdriver/support/wait.py:121: in until
    raise TimeoutException(message, screen, stacktrace)
E   selenium.common.exceptions.TimeoutException: Message: 
E   Stacktrace:
E   0   chromedriver                        0x0000000100ca5a84 cxxbridge1$str$ptr + 3195292
E   1   chromedriver                        0x0000000100c9db4c cxxbridge1$str$ptr + 3162724
E   2   chromedriver                        0x00000001007472a4 _RNvCs9NA52FrZ4pF_7___rustc35___rust_no_alloc_shim_is_unstable_v2 + 73836
E   3   chromedriver                        0x000000010078fa44 _RNvCs9NA52FrZ4pF_7___rustc35___rust_no_alloc_shim_is_unstable_v2 + 370700
E   4   chromedriver                        0x00000001007cf030 _RNvCs9NA52FrZ4pF_7___rustc35___rust_no_alloc_shim_is_unstable_v2 + 630264
E   5   chromedriver                        0x0000000100785434 _RNvCs9NA52FrZ4pF_7___rustc35___rust_no_alloc_shim_is_unstable_v2 + 328188
E   6   chromedriver                        0x0000000100c62c40 cxxbridge1$str$ptr + 2921304
E   7   chromedriver                        0x0000000100c663b8 cxxbridge1$str$ptr + 2935504
E   8   chromedriver                        0x0000000100c490f8 cxxbridge1$str$ptr + 2816016
E   9   chromedriver                        0x0000000100c66c4c cxxbridge1$str$ptr + 2937700
E   10  chromedriver                        0x0000000100c3a3b0 cxxbridge1$str$ptr + 2755272
E   11  chromedriver                        0x0000000100c8c1f4 cxxbridge1$str$ptr + 3090700
E   12  chromedriver                        0x0000000100c8c354 cxxbridge1$str$ptr + 3091052
E   13  chromedriver                        0x0000000100c9d7a4 cxxbridge1$str$ptr + 3161788
E   14  libsystem_pthread.dylib             0x0000000199325c08 _pthread_start + 136
E   15  libsystem_pthread.dylib             0x0000000199320ba8 thread_start + 8
______________ ERROR at setup of test_pos_name_whitespace_trimmed ______________
tests/admin_portal/pos_settings/conftest.py:197: in managed_pos
    page = create_pos_if_missing(browser)
           ^^^^^^^^^^^^^^^^^^^^^^^^^^^^^^
tests/admin_portal/pos_settings/conftest.py:142: in create_pos_if_missing
    lane = get_free_lane(browser, site)
           ^^^^^^^^^^^^^^^^^^^^^^^^^^^^
tests/admin_portal/pos_settings/conftest.py:67: in get_free_lane
    form.select_site(site)
pages/admin_portal/pos_settings_page.py:504: in select_site
    self.select_react_dropdown_option(self.SITE_COMBOBOX, site)
pages/common/base_page.py:108: in select_react_dropdown_option
    option = WebDriverWait(self.driver, 20).until(
venv/lib/python3.11/site-packages/selenium/webdriver/support/wait.py:121: in until
    raise TimeoutException(message, screen, stacktrace)
E   selenium.common.exceptions.TimeoutException: Message:
______ ERROR at teardown of test_applicable_discount_persists_after_save _______
venv/lib/python3.11/site-packages/allure_commons/_allure.py:274: in __call__
    return self._fixture_function(*args, **kwargs)
           ^^^^^^^^^^^^^^^^^^^^^^^^^^^^^^^^^^^^^^^
tests/admin_portal/custom_services/conftest.py:85: in managed_service
    create_service_if_missing(browser)
tests/admin_portal/custom_services/conftest.py:50: in create_service_if_missing
    page.fill_service_form(
pages/admin_portal/custom_services_page.py:771: in fill_service_form
    self.assign_site_with_price_and_commission(site_name, global_price, global_commission)
pages/admin_portal/custom_services_page.py:622: in assign_site_with_price_and_commission
    price_input.click()
venv/lib/python3.11/site-packages/selenium/webdriver/remote/webelement.py:114: in click
    self._execute(Command.CLICK_ELEMENT)
venv/lib/python3.11/site-packages/selenium/webdriver/remote/webelement.py:508: in _execute
    return self._parent.execute(command, params)
           ^^^^^^^^^^^^^^^^^^^^^^^^^^^^^^^^^^^^^
venv/lib/python3.11/site-packages/selenium/webdriver/remote/webdriver.py:468: in execute
    self.error_handler.check_response(response)
venv/lib/python3.11/site-packages/selenium/webdriver/remote/errorhandler.py:232: in check_response
    raise exception_class(message, screen, stacktrace)
E   selenium.common.exceptions.ElementClickInterceptedException: Message: element click intercepted: Element is not clickable at point (853, 887)
E     (Session info: chrome=150.0.7871.187); For documentation on this error, please visit: https://www.selenium.dev/documentation/webdriver/troubleshooting/errors#elementclickinterceptedexception
E   Stacktrace:
E   0   chromedriver                        0x0000000104bc1a84 cxxbridge1$str$ptr + 3195292
E   1   chromedriver                        0x0000000104bb9b4c cxxbridge1$str$ptr + 3162724
E   2   chromedriver                        0x00000001046632a4 _RNvCs9NA52FrZ4pF_7___rustc35___rust_no_alloc_shim_is_unstable_v2 + 73836
E   3   chromedriver                        0x00000001046b1154 _RNvCs9NA52FrZ4pF_7___rustc35___rust_no_alloc_shim_is_unstable_v2 + 392988
E   4   chromedriver                        0x00000001046af9c0 _RNvCs9NA52FrZ4pF_7___rustc35___rust_no_alloc_shim_is_unstable_v2 + 386952
E   5   chromedriver                        0x00000001046ada6c _RNvCs9NA52FrZ4pF_7___rustc35___rust_no_alloc_shim_is_unstable_v2 + 378932
E   6   chromedriver                        0x00000001046ace14 _RNvCs9NA52FrZ4pF_7___rustc35___rust_no_alloc_shim_is_unstable_v2 + 375772
E   7   chromedriver                        0x00000001046a2eac _RNvCs9NA52FrZ4pF_7___rustc35___rust_no_alloc_shim_is_unstable_v2 + 334964
E   8   chromedriver                        0x00000001046a2934 _RNvCs9NA52FrZ4pF_7___rustc35___rust_no_alloc_shim_is_unstable_v2 + 333564
E   9   chromedriver                        0x00000001046eb030 _RNvCs9NA52FrZ4pF_7___rustc35___rust_no_alloc_shim_is_unstable_v2 + 630264
E   10  chromedriver                        0x00000001046a1434 _RNvCs9NA52FrZ4pF_7___rustc35___rust_no_alloc_shim_is_unstable_v2 + 328188
E   11  chromedriver                        0x0000000104b7ec40 cxxbridge1$str$ptr + 2921304
E   12  chromedriver                        0x0000000104b823b8 cxxbridge1$str$ptr + 2935504
E   13  chromedriver                        0x0000000104b650f8 cxxbridge1$str$ptr + 2816016
E   14  chromedriver                        0x0000000104b82c4c cxxbridge1$str$ptr + 2937700
E   15  chromedriver                        0x0000000104b563b0 cxxbridge1$str$ptr + 2755272
E   16  chromedriver                        0x0000000104ba81f4 cxxbridge1$str$ptr + 3090700
E   17  chromedriver                        0x0000000104ba8354 cxxbridge1$str$ptr + 3091052
E   18  chromedriver                        0x0000000104bb97a4 cxxbridge1$str$ptr + 3161788
E   19  libsystem_pthread.dylib             0x0000000199325c08 _pthread_start + 136
E   20  libsystem_pthread.dylib             0x0000000199320ba8 thread_start + 8
________ ERROR at teardown of test_remove_applicable_discount_persists _________
venv/lib/python3.11/site-packages/allure_commons/_allure.py:274: in __call__
    return self._fixture_function(*args, **kwargs)
           ^^^^^^^^^^^^^^^^^^^^^^^^^^^^^^^^^^^^^^^
tests/admin_portal/custom_services/conftest.py:85: in managed_service
    create_service_if_missing(browser)
tests/admin_portal/custom_services/conftest.py:50: in create_service_if_missing
    page.fill_service_form(
pages/admin_portal/custom_services_page.py:771: in fill_service_form
    self.assign_site_with_price_and_commission(site_name, global_price, global_commission)
pages/admin_portal/custom_services_page.py:622: in assign_site_with_price_and_commission
    price_input.click()
venv/lib/python3.11/site-packages/selenium/webdriver/remote/webelement.py:114: in click
    self._execute(Command.CLICK_ELEMENT)
venv/lib/python3.11/site-packages/selenium/webdriver/remote/webelement.py:508: in _execute
    return self._parent.execute(command, params)
           ^^^^^^^^^^^^^^^^^^^^^^^^^^^^^^^^^^^^^
venv/lib/python3.11/site-packages/selenium/webdriver/remote/webdriver.py:468: in execute
    self.error_handler.check_response(response)
venv/lib/python3.11/site-packages/selenium/webdriver/remote/errorhandler.py:232: in check_response
    raise exception_class(message, screen, stacktrace)
E   selenium.common.exceptions.ElementClickInterceptedException: Message: element click intercepted: Element is not clickable at point (853, 887)
E     (Session info: chrome=150.0.7871.187); For documentation on this error, please visit: https://www.selenium.dev/documentation/webdriver/troubleshooting/errors#elementclickinterceptedexception
E   Stacktrace:
E   0   chromedriver                        0x0000000102c6da84 cxxbridge1$str$ptr + 3195292
E   1   chromedriver                        0x0000000102c65b4c cxxbridge1$str$ptr + 3162724
E   2   chromedriver                        0x000000010270f2a4 _RNvCs9NA52FrZ4pF_7___rustc35___rust_no_alloc_shim_is_unstable_v2 + 73836
E   3   chromedriver                        0x000000010275d154 _RNvCs9NA52FrZ4pF_7___rustc35___rust_no_alloc_shim_is_unstable_v2 + 392988
E   4   chromedriver                        0x000000010275b9c0 _RNvCs9NA52FrZ4pF_7___rustc35___rust_no_alloc_shim_is_unstable_v2 + 386952
E   5   chromedriver                        0x0000000102759a6c _RNvCs9NA52FrZ4pF_7___rustc35___rust_no_alloc_shim_is_unstable_v2 + 378932
E   6   chromedriver                        0x0000000102758e14 _RNvCs9NA52FrZ4pF_7___rustc35___rust_no_alloc_shim_is_unstable_v2 + 375772
E   7   chromedriver                        0x000000010274eeac _RNvCs9NA52FrZ4pF_7___rustc35___rust_no_alloc_shim_is_unstable_v2 + 334964
E   8   chromedriver                        0x000000010274e934 _RNvCs9NA52FrZ4pF_7___rustc35___rust_no_alloc_shim_is_unstable_v2 + 333564
E   9   chromedriver                        0x0000000102797030 _RNvCs9NA52FrZ4pF_7___rustc35___rust_no_alloc_shim_is_unstable_v2 + 630264
E   10  chromedriver                        0x000000010274d434 _RNvCs9NA52FrZ4pF_7___rustc35___rust_no_alloc_shim_is_unstable_v2 + 328188
E   11  chromedriver                        0x0000000102c2ac40 cxxbridge1$str$ptr + 2921304
E   12  chromedriver                        0x0000000102c2e3b8 cxxbridge1$str$ptr + 2935504
E   13  chromedriver                        0x0000000102c110f8 cxxbridge1$str$ptr + 2816016
E   14  chromedriver                        0x0000000102c2ec4c cxxbridge1$str$ptr + 2937700
E   15  chromedriver                        0x0000000102c023b0 cxxbridge1$str$ptr + 2755272
E   16  chromedriver                        0x0000000102c541f4 cxxbridge1$str$ptr + 3090700
E   17  chromedriver                        0x0000000102c54354 cxxbridge1$str$ptr + 3091052
E   18  chromedriver                        0x0000000102c657a4 cxxbridge1$str$ptr + 3161788
E   19  libsystem_pthread.dylib             0x0000000199325c08 _pthread_start + 136
E   20  libsystem_pthread.dylib             0x0000000199320ba8 thread_start + 8
______________ ERROR at setup of test_edit_global_price_persists _______________
tests/admin_portal/custom_services/conftest.py:83: in managed_service
    page = create_service_if_missing(browser)
           ^^^^^^^^^^^^^^^^^^^^^^^^^^^^^^^^^^
tests/admin_portal/custom_services/conftest.py:50: in create_service_if_missing
    page.fill_service_form(
pages/admin_portal/custom_services_page.py:771: in fill_service_form
    self.assign_site_with_price_and_commission(site_name, global_price, global_commission)
pages/admin_portal/custom_services_page.py:622: in assign_site_with_price_and_commission
    price_input.click()
venv/lib/python3.11/site-packages/selenium/webdriver/remote/webelement.py:114: in click
    self._execute(Command.CLICK_ELEMENT)
venv/lib/python3.11/site-packages/selenium/webdriver/remote/webelement.py:508: in _execute
    return self._parent.execute(command, params)
           ^^^^^^^^^^^^^^^^^^^^^^^^^^^^^^^^^^^^^
venv/lib/python3.11/site-packages/selenium/webdriver/remote/webdriver.py:468: in execute
    self.error_handler.check_response(response)
venv/lib/python3.11/site-packages/selenium/webdriver/remote/errorhandler.py:232: in check_response
    raise exception_class(message, screen, stacktrace)
E   selenium.common.exceptions.ElementClickInterceptedException: Message: element click intercepted: Element is not clickable at point (853, 887)
E     (Session info: chrome=150.0.7871.187); For documentation on this error, please visit: https://www.selenium.dev/documentation/webdriver/troubleshooting/errors#elementclickinterceptedexception
E   Stacktrace:
E   0   chromedriver                        0x0000000100d29a84 cxxbridge1$str$ptr + 3195292
E   1   chromedriver                        0x0000000100d21b4c cxxbridge1$str$ptr + 3162724
E   2   chromedriver                        0x00000001007cb2a4 _RNvCs9NA52FrZ4pF_7___rustc35___rust_no_alloc_shim_is_unstable_v2 + 73836
E   3   chromedriver                        0x0000000100819154 _RNvCs9NA52FrZ4pF_7___rustc35___rust_no_alloc_shim_is_unstable_v2 + 392988
E   4   chromedriver                        0x00000001008179c0 _RNvCs9NA52FrZ4pF_7___rustc35___rust_no_alloc_shim_is_unstable_v2 + 386952
E   5   chromedriver                        0x0000000100815a6c _RNvCs9NA52FrZ4pF_7___rustc35___rust_no_alloc_shim_is_unstable_v2 + 378932
E   6   chromedriver                        0x0000000100814e14 _RNvCs9NA52FrZ4pF_7___rustc35___rust_no_alloc_shim_is_unstable_v2 + 375772
E   7   chromedriver                        0x000000010080aeac _RNvCs9NA52FrZ4pF_7___rustc35___rust_no_alloc_shim_is_unstable_v2 + 334964
E   8   chromedriver                        0x000000010080a934 _RNvCs9NA52FrZ4pF_7___rustc35___rust_no_alloc_shim_is_unstable_v2 + 333564
E   9   chromedriver                        0x0000000100853030 _RNvCs9NA52FrZ4pF_7___rustc35___rust_no_alloc_shim_is_unstable_v2 + 630264
E   10  chromedriver                        0x0000000100809434 _RNvCs9NA52FrZ4pF_7___rustc35___rust_no_alloc_shim_is_unstable_v2 + 328188
E   11  chromedriver                        0x0000000100ce6c40 cxxbridge1$str$ptr + 2921304
E   12  chromedriver                        0x0000000100cea3b8 cxxbridge1$str$ptr + 2935504
E   13  chromedriver                        0x0000000100ccd0f8 cxxbridge1$str$ptr + 2816016
E   14  chromedriver                        0x0000000100ceac4c cxxbridge1$str$ptr + 2937700
E   15  chromedriver                        0x0000000100cbe3b0 cxxbridge1$str$ptr + 2755272
E   16  chromedriver                        0x0000000100d101f4 cxxbridge1$str$ptr + 3090700
E   17  chromedriver                        0x0000000100d10354 cxxbridge1$str$ptr + 3091052
E   18  chromedriver                        0x0000000100d217a4 cxxbridge1$str$ptr + 3161788
E   19  libsystem_pthread.dylib             0x0000000199325c08 _pthread_start + 136
E   20  libsystem_pthread.dylib             0x0000000199320ba8 thread_start + 8
_________ ERROR at teardown of test_edit_site_price_override_persists __________
venv/lib/python3.11/site-packages/allure_commons/_allure.py:274: in __call__
    return self._fixture_function(*args, **kwargs)
           ^^^^^^^^^^^^^^^^^^^^^^^^^^^^^^^^^^^^^^^
tests/admin_portal/custom_services/conftest.py:85: in managed_service
    create_service_if_missing(browser)
tests/admin_portal/custom_services/conftest.py:50: in create_service_if_missing
    page.fill_service_form(
pages/admin_portal/custom_services_page.py:771: in fill_service_form
    self.assign_site_with_price_and_commission(site_name, global_price, global_commission)
pages/admin_portal/custom_services_page.py:622: in assign_site_with_price_and_commission
    price_input.click()
venv/lib/python3.11/site-packages/selenium/webdriver/remote/webelement.py:114: in click
    self._execute(Command.CLICK_ELEMENT)
venv/lib/python3.11/site-packages/selenium/webdriver/remote/webelement.py:508: in _execute
    return self._parent.execute(command, params)
           ^^^^^^^^^^^^^^^^^^^^^^^^^^^^^^^^^^^^^
venv/lib/python3.11/site-packages/selenium/webdriver/remote/webdriver.py:468: in execute
    self.error_handler.check_response(response)
venv/lib/python3.11/site-packages/selenium/webdriver/remote/errorhandler.py:232: in check_response
    raise exception_class(message, screen, stacktrace)
E   selenium.common.exceptions.ElementClickInterceptedException: Message: element click intercepted: Element is not clickable at point (853, 887)
E     (Session info: chrome=150.0.7871.187); For documentation on this error, please visit: https://www.selenium.dev/documentation/webdriver/troubleshooting/errors#elementclickinterceptedexception
E   Stacktrace:
E   0   chromedriver                        0x00000001030c1a84 cxxbridge1$str$ptr + 3195292
E   1   chromedriver                        0x00000001030b9b4c cxxbridge1$str$ptr + 3162724
E   2   chromedriver                        0x0000000102b632a4 _RNvCs9NA52FrZ4pF_7___rustc35___rust_no_alloc_shim_is_unstable_v2 + 73836
E   3   chromedriver                        0x0000000102bb1154 _RNvCs9NA52FrZ4pF_7___rustc35___rust_no_alloc_shim_is_unstable_v2 + 392988
E   4   chromedriver                        0x0000000102baf9c0 _RNvCs9NA52FrZ4pF_7___rustc35___rust_no_alloc_shim_is_unstable_v2 + 386952
E   5   chromedriver                        0x0000000102bada6c _RNvCs9NA52FrZ4pF_7___rustc35___rust_no_alloc_shim_is_unstable_v2 + 378932
E   6   chromedriver                        0x0000000102bace14 _RNvCs9NA52FrZ4pF_7___rustc35___rust_no_alloc_shim_is_unstable_v2 + 375772
E   7   chromedriver                        0x0000000102ba2eac _RNvCs9NA52FrZ4pF_7___rustc35___rust_no_alloc_shim_is_unstable_v2 + 334964
E   8   chromedriver                        0x0000000102ba2934 _RNvCs9NA52FrZ4pF_7___rustc35___rust_no_alloc_shim_is_unstable_v2 + 333564
E   9   chromedriver                        0x0000000102beb030 _RNvCs9NA52FrZ4pF_7___rustc35___rust_no_alloc_shim_is_unstable_v2 + 630264
E   10  chromedriver                        0x0000000102ba1434 _RNvCs9NA52FrZ4pF_7___rustc35___rust_no_alloc_shim_is_unstable_v2 + 328188
E   11  chromedriver                        0x000000010307ec40 cxxbridge1$str$ptr + 2921304
E   12  chromedriver                        0x00000001030823b8 cxxbridge1$str$ptr + 2935504
E   13  chromedriver                        0x00000001030650f8 cxxbridge1$str$ptr + 2816016
E   14  chromedriver                        0x0000000103082c4c cxxbridge1$str$ptr + 2937700
E   15  chromedriver                        0x00000001030563b0 cxxbridge1$str$ptr + 2755272
E   16  chromedriver                        0x00000001030a81f4 cxxbridge1$str$ptr + 3090700
E   17  chromedriver                        0x00000001030a8354 cxxbridge1$str$ptr + 3091052
E   18  chromedriver                        0x00000001030b97a4 cxxbridge1$str$ptr + 3161788
E   19  libsystem_pthread.dylib             0x0000000199325c08 _pthread_start + 136
E   20  libsystem_pthread.dylib             0x0000000199320ba8 thread_start + 8
_________ ERROR at setup of test_edited_service_persists_after_reload __________
tests/admin_portal/custom_services/conftest.py:83: in managed_service
    page = create_service_if_missing(browser)
           ^^^^^^^^^^^^^^^^^^^^^^^^^^^^^^^^^^
tests/admin_portal/custom_services/conftest.py:50: in create_service_if_missing
    page.fill_service_form(
pages/admin_portal/custom_services_page.py:771: in fill_service_form
    self.assign_site_with_price_and_commission(site_name, global_price, global_commission)
pages/admin_portal/custom_services_page.py:622: in assign_site_with_price_and_commission
    price_input.click()
venv/lib/python3.11/site-packages/selenium/webdriver/remote/webelement.py:114: in click
    self._execute(Command.CLICK_ELEMENT)
venv/lib/python3.11/site-packages/selenium/webdriver/remote/webelement.py:508: in _execute
    return self._parent.execute(command, params)
           ^^^^^^^^^^^^^^^^^^^^^^^^^^^^^^^^^^^^^
venv/lib/python3.11/site-packages/selenium/webdriver/remote/webdriver.py:468: in execute
    self.error_handler.check_response(response)
venv/lib/python3.11/site-packages/selenium/webdriver/remote/errorhandler.py:232: in check_response
    raise exception_class(message, screen, stacktrace)
E   selenium.common.exceptions.ElementClickInterceptedException: Message: element click intercepted: Element is not clickable at point (853, 887)
E     (Session info: chrome=150.0.7871.187); For documentation on this error, please visit: https://www.selenium.dev/documentation/webdriver/troubleshooting/errors#elementclickinterceptedexception
E   Stacktrace:
E   0   chromedriver                        0x0000000100855a84 cxxbridge1$str$ptr + 3195292
E   1   chromedriver                        0x000000010084db4c cxxbridge1$str$ptr + 3162724
E   2   chromedriver                        0x00000001002f72a4 _RNvCs9NA52FrZ4pF_7___rustc35___rust_no_alloc_shim_is_unstable_v2 + 73836
E   3   chromedriver                        0x0000000100345154 _RNvCs9NA52FrZ4pF_7___rustc35___rust_no_alloc_shim_is_unstable_v2 + 392988
E   4   chromedriver                        0x00000001003439c0 _RNvCs9NA52FrZ4pF_7___rustc35___rust_no_alloc_shim_is_unstable_v2 + 386952
E   5   chromedriver                        0x0000000100341a6c _RNvCs9NA52FrZ4pF_7___rustc35___rust_no_alloc_shim_is_unstable_v2 + 378932
E   6   chromedriver                        0x0000000100340e14 _RNvCs9NA52FrZ4pF_7___rustc35___rust_no_alloc_shim_is_unstable_v2 + 375772
E   7   chromedriver                        0x0000000100336eac _RNvCs9NA52FrZ4pF_7___rustc35___rust_no_alloc_shim_is_unstable_v2 + 334964
E   8   chromedriver                        0x0000000100336934 _RNvCs9NA52FrZ4pF_7___rustc35___rust_no_alloc_shim_is_unstable_v2 + 333564
E   9   chromedriver                        0x000000010037f030 _RNvCs9NA52FrZ4pF_7___rustc35___rust_no_alloc_shim_is_unstable_v2 + 630264
E   10  chromedriver                        0x0000000100335434 _RNvCs9NA52FrZ4pF_7___rustc35___rust_no_alloc_shim_is_unstable_v2 + 328188
E   11  chromedriver                        0x0000000100812c40 cxxbridge1$str$ptr + 2921304
E   12  chromedriver                        0x00000001008163b8 cxxbridge1$str$ptr + 2935504
E   13  chromedriver                        0x00000001007f90f8 cxxbridge1$str$ptr + 2816016
E   14  chromedriver                        0x0000000100816c4c cxxbridge1$str$ptr + 2937700
E   15  chromedriver                        0x00000001007ea3b0 cxxbridge1$str$ptr + 2755272
E   16  chromedriver                        0x000000010083c1f4 cxxbridge1$str$ptr + 3090700
E   17  chromedriver                        0x000000010083c354 cxxbridge1$str$ptr + 3091052
E   18  chromedriver                        0x000000010084d7a4 cxxbridge1$str$ptr + 3161788
E   19  libsystem_pthread.dylib             0x0000000199325c08 _pthread_start + 136
E   20  libsystem_pthread.dylib             0x0000000199320ba8 thread_start + 8
=================================== FAILURES ===================================
____________________ test_kiosk_list_pagination_shows_count ____________________
tests/admin_portal/kiosk_settings/test_kiosk_list.py:58: in test_kiosk_list_pagination_shows_count
    create_kiosk_if_missing(browser)
tests/admin_portal/kiosk_settings/conftest.py:96: in create_kiosk_if_missing
    page.wait_for_kiosk_row(name)
pages/admin_portal/kiosk_settings_page.py:138: in wait_for_kiosk_row
    return self.wait.until(EC.presence_of_element_located(locator))
           ^^^^^^^^^^^^^^^^^^^^^^^^^^^^^^^^^^^^^^^^^^^^^^^^^^^^^^^^
venv/lib/python3.11/site-packages/selenium/webdriver/support/wait.py:121: in until
    raise TimeoutException(message, screen, stacktrace)
E   selenium.common.exceptions.TimeoutException: Message: 
E   Stacktrace:
E   0   chromedriver                        0x0000000102a35a84 cxxbridge1$str$ptr + 3195292
E   1   chromedriver                        0x0000000102a2db4c cxxbridge1$str$ptr + 3162724
E   2   chromedriver                        0x00000001024d72a4 _RNvCs9NA52FrZ4pF_7___rustc35___rust_no_alloc_shim_is_unstable_v2 + 73836
E   3   chromedriver                        0x000000010251fa44 _RNvCs9NA52FrZ4pF_7___rustc35___rust_no_alloc_shim_is_unstable_v2 + 370700
E   4   chromedriver                        0x000000010255f030 _RNvCs9NA52FrZ4pF_7___rustc35___rust_no_alloc_shim_is_unstable_v2 + 630264
E   5   chromedriver                        0x0000000102515434 _RNvCs9NA52FrZ4pF_7___rustc35___rust_no_alloc_shim_is_unstable_v2 + 328188
E   6   chromedriver                        0x00000001029f2c40 cxxbridge1$str$ptr + 2921304
E   7   chromedriver                        0x00000001029f63b8 cxxbridge1$str$ptr + 2935504
E   8   chromedriver                        0x00000001029d90f8 cxxbridge1$str$ptr + 2816016
E   9   chromedriver                        0x00000001029f6c4c cxxbridge1$str$ptr + 2937700
E   10  chromedriver                        0x00000001029ca3b0 cxxbridge1$str$ptr + 2755272
E   11  chromedriver                        0x0000000102a1c1f4 cxxbridge1$str$ptr + 3090700
E   12  chromedriver                        0x0000000102a1c354 cxxbridge1$str$ptr + 3091052
E   13  chromedriver                        0x0000000102a2d7a4 cxxbridge1$str$ptr + 3161788
E   14  libsystem_pthread.dylib             0x0000000199325c08 _pthread_start + 136
E   15  libsystem_pthread.dylib             0x0000000199320ba8 thread_start + 8
_______________________ test_duplicate_barcode_behaviour _______________________
tests/admin_portal/wash_packages/test_wash_packages_barcode.py:48: in test_duplicate_barcode_behaviour
    page.fill_package_form(
pages/admin_portal/wash_packages_page.py:645: in fill_package_form
    self.set_global_price(global_price)
pages/admin_portal/wash_packages_page.py:604: in assign_site_with_price_and_commission
    def assign_site_with_price_and_commission(self, site_name, price, commission):
              ^^^^^^^^^^^^^^^^^^^^^^^^^^^^
pages/admin_portal/wash_packages_page.py:600: in get_site_row
    return els[0]
venv/lib/python3.11/site-packages/selenium/webdriver/support/wait.py:121: in until
    raise TimeoutException(message, screen, stacktrace)
E   selenium.common.exceptions.TimeoutException: Message: 
E   Stacktrace:
E   0   chromedriver                        0x0000000102c71a84 cxxbridge1$str$ptr + 3195292
E   1   chromedriver                        0x0000000102c69b4c cxxbridge1$str$ptr + 3162724
E   2   chromedriver                        0x00000001027132a4 _RNvCs9NA52FrZ4pF_7___rustc35___rust_no_alloc_shim_is_unstable_v2 + 73836
E   3   chromedriver                        0x000000010275ba44 _RNvCs9NA52FrZ4pF_7___rustc35___rust_no_alloc_shim_is_unstable_v2 + 370700
E   4   chromedriver                        0x000000010279b030 _RNvCs9NA52FrZ4pF_7___rustc35___rust_no_alloc_shim_is_unstable_v2 + 630264
E   5   chromedriver                        0x0000000102751434 _RNvCs9NA52FrZ4pF_7___rustc35___rust_no_alloc_shim_is_unstable_v2 + 328188
E   6   chromedriver                        0x0000000102c2ec40 cxxbridge1$str$ptr + 2921304
E   7   chromedriver                        0x0000000102c323b8 cxxbridge1$str$ptr + 2935504
E   8   chromedriver                        0x0000000102c150f8 cxxbridge1$str$ptr + 2816016
E   9   chromedriver                        0x0000000102c32c4c cxxbridge1$str$ptr + 2937700
E   10  chromedriver                        0x0000000102c063b0 cxxbridge1$str$ptr + 2755272
E   11  chromedriver                        0x0000000102c581f4 cxxbridge1$str$ptr + 3090700
E   12  chromedriver                        0x0000000102c58354 cxxbridge1$str$ptr + 3091052
E   13  chromedriver                        0x0000000102c697a4 cxxbridge1$str$ptr + 3161788
E   14  libsystem_pthread.dylib             0x0000000199325c08 _pthread_start + 136
E   15  libsystem_pthread.dylib             0x0000000199320ba8 thread_start + 8
_________________ test_wash_packages_search_variants_and_clear _________________
tests/admin_portal/wash_packages/test_wash_packages_coverage_gap.py:48: in test_wash_packages_search_variants_and_clear
    page = create_wash_package_if_missing(browser)
           ^^^^^^^^^^^^^^^^^^^^^^^^^^^^^^^^^^^^^^^
tests/admin_portal/wash_packages/conftest.py:57: in create_wash_package_if_missing
    page.create_package(
pages/admin_portal/wash_packages_page.py:827: in create_package
    """Create an active wash package and return to the list."""
pages/admin_portal/wash_packages_page.py:645: in fill_package_form
    self.set_global_price(global_price)
pages/admin_portal/wash_packages_page.py:604: in assign_site_with_price_and_commission
    def assign_site_with_price_and_commission(self, site_name, price, commission):
              ^^^^^^^^^^^^^^^^^^^^^^^^^^^^
pages/admin_portal/wash_packages_page.py:600: in get_site_row
    return els[0]
venv/lib/python3.11/site-packages/selenium/webdriver/support/wait.py:121: in until
    raise TimeoutException(message, screen, stacktrace)
E   selenium.common.exceptions.TimeoutException: Message: 
E   Stacktrace:
E   0   chromedriver                        0x0000000102a01a84 cxxbridge1$str$ptr + 3195292
E   1   chromedriver                        0x00000001029f9b4c cxxbridge1$str$ptr + 3162724
E   2   chromedriver                        0x00000001024a32a4 _RNvCs9NA52FrZ4pF_7___rustc35___rust_no_alloc_shim_is_unstable_v2 + 73836
E   3   chromedriver                        0x00000001024eba44 _RNvCs9NA52FrZ4pF_7___rustc35___rust_no_alloc_shim_is_unstable_v2 + 370700
E   4   chromedriver                        0x000000010252b030 _RNvCs9NA52FrZ4pF_7___rustc35___rust_no_alloc_shim_is_unstable_v2 + 630264
E   5   chromedriver                        0x00000001024e1434 _RNvCs9NA52FrZ4pF_7___rustc35___rust_no_alloc_shim_is_unstable_v2 + 328188
E   6   chromedriver                        0x00000001029bec40 cxxbridge1$str$ptr + 2921304
E   7   chromedriver                        0x00000001029c23b8 cxxbridge1$str$ptr + 2935504
E   8   chromedriver                        0x00000001029a50f8 cxxbridge1$str$ptr + 2816016
E   9   chromedriver                        0x00000001029c2c4c cxxbridge1$str$ptr + 2937700
E   10  chromedriver                        0x00000001029963b0 cxxbridge1$str$ptr + 2755272
E   11  chromedriver                        0x00000001029e81f4 cxxbridge1$str$ptr + 3090700
E   12  chromedriver                        0x00000001029e8354 cxxbridge1$str$ptr + 3091052
E   13  chromedriver                        0x00000001029f97a4 cxxbridge1$str$ptr + 3161788
E   14  libsystem_pthread.dylib             0x0000000199325c08 _pthread_start + 136
E   15  libsystem_pthread.dylib             0x0000000199320ba8 thread_start + 8
----------------------------- Captured stderr call -----------------------------
2026-07-29 00:48:39,581 INFO nxtwash: Verifying Wash Packages search variants
------------------------------ Captured log call -------------------------------
INFO     nxtwash:test_wash_packages_coverage_gap.py:47 Verifying Wash Packages search variants
_______________ test_wash_package_existing_search_is_repeatable ________________
tests/admin_portal/wash_packages/test_wash_packages_edge_cases.py:55: in test_wash_package_existing_search_is_repeatable
    assert page.wait_for_package_row(PACKAGE_NAME).is_displayed()
           ^^^^^^^^^^^^^^^^^^^^^^^^^^^^^^^^^^^^^^^
pages/admin_portal/wash_packages_page.py:239: in wait_for_package_row
    def wait_for_package_row(self, package_name):
venv/lib/python3.11/site-packages/selenium/webdriver/support/wait.py:121: in until
    raise TimeoutException(message, screen, stacktrace)
E   selenium.common.exceptions.TimeoutException: Message: 
E   Stacktrace:
E   0   chromedriver                        0x0000000101065a84 cxxbridge1$str$ptr + 3195292
E   1   chromedriver                        0x000000010105db4c cxxbridge1$str$ptr + 3162724
E   2   chromedriver                        0x0000000100b072a4 _RNvCs9NA52FrZ4pF_7___rustc35___rust_no_alloc_shim_is_unstable_v2 + 73836
E   3   chromedriver                        0x0000000100b4fa44 _RNvCs9NA52FrZ4pF_7___rustc35___rust_no_alloc_shim_is_unstable_v2 + 370700
E   4   chromedriver                        0x0000000100b8f030 _RNvCs9NA52FrZ4pF_7___rustc35___rust_no_alloc_shim_is_unstable_v2 + 630264
E   5   chromedriver                        0x0000000100b45434 _RNvCs9NA52FrZ4pF_7___rustc35___rust_no_alloc_shim_is_unstable_v2 + 328188
E   6   chromedriver                        0x0000000101022c40 cxxbridge1$str$ptr + 2921304
E   7   chromedriver                        0x00000001010263b8 cxxbridge1$str$ptr + 2935504
E   8   chromedriver                        0x00000001010090f8 cxxbridge1$str$ptr + 2816016
E   9   chromedriver                        0x0000000101026c4c cxxbridge1$str$ptr + 2937700
E   10  chromedriver                        0x0000000100ffa3b0 cxxbridge1$str$ptr + 2755272
E   11  chromedriver                        0x000000010104c1f4 cxxbridge1$str$ptr + 3090700
E   12  chromedriver                        0x000000010104c354 cxxbridge1$str$ptr + 3091052
E   13  chromedriver                        0x000000010105d7a4 cxxbridge1$str$ptr + 3161788
E   14  libsystem_pthread.dylib             0x0000000199325c08 _pthread_start + 136
E   15  libsystem_pthread.dylib             0x0000000199320ba8 thread_start + 8
________________ test_create_duplicate_wash_package_is_blocked _________________
tests/admin_portal/wash_packages/test_wash_packages_negative.py:40: in test_create_duplicate_wash_package_is_blocked
    create_wash_package_if_missing(browser)
tests/admin_portal/wash_packages/conftest.py:57: in create_wash_package_if_missing
    page.create_package(
pages/admin_portal/wash_packages_page.py:827: in create_package
    """Create an active wash package and return to the list."""
pages/admin_portal/wash_packages_page.py:645: in fill_package_form
    self.set_global_price(global_price)
pages/admin_portal/wash_packages_page.py:604: in assign_site_with_price_and_commission
    def assign_site_with_price_and_commission(self, site_name, price, commission):
              ^^^^^^^^^^^^^^^^^^^^^^^^^^^^
pages/admin_portal/wash_packages_page.py:600: in get_site_row
    return els[0]
venv/lib/python3.11/site-packages/selenium/webdriver/support/wait.py:121: in until
    raise TimeoutException(message, screen, stacktrace)
E   selenium.common.exceptions.TimeoutException: Message: 
E   Stacktrace:
E   0   chromedriver                        0x000000010464da84 cxxbridge1$str$ptr + 3195292
E   1   chromedriver                        0x0000000104645b4c cxxbridge1$str$ptr + 3162724
E   2   chromedriver                        0x00000001040ef2a4 _RNvCs9NA52FrZ4pF_7___rustc35___rust_no_alloc_shim_is_unstable_v2 + 73836
E   3   chromedriver                        0x0000000104137a44 _RNvCs9NA52FrZ4pF_7___rustc35___rust_no_alloc_shim_is_unstable_v2 + 370700
E   4   chromedriver                        0x0000000104177030 _RNvCs9NA52FrZ4pF_7___rustc35___rust_no_alloc_shim_is_unstable_v2 + 630264
E   5   chromedriver                        0x000000010412d434 _RNvCs9NA52FrZ4pF_7___rustc35___rust_no_alloc_shim_is_unstable_v2 + 328188
E   6   chromedriver                        0x000000010460ac40 cxxbridge1$str$ptr + 2921304
E   7   chromedriver                        0x000000010460e3b8 cxxbridge1$str$ptr + 2935504
E   8   chromedriver                        0x00000001045f10f8 cxxbridge1$str$ptr + 2816016
E   9   chromedriver                        0x000000010460ec4c cxxbridge1$str$ptr + 2937700
E   10  chromedriver                        0x00000001045e23b0 cxxbridge1$str$ptr + 2755272
E   11  chromedriver                        0x00000001046341f4 cxxbridge1$str$ptr + 3090700
E   12  chromedriver                        0x0000000104634354 cxxbridge1$str$ptr + 3091052
E   13  chromedriver                        0x00000001046457a4 cxxbridge1$str$ptr + 3161788
E   14  libsystem_pthread.dylib             0x0000000199325c08 _pthread_start + 136
E   15  libsystem_pthread.dylib             0x0000000199320ba8 thread_start + 8
_______________________ test_create_active_wash_package ________________________
tests/admin_portal/wash_packages/test_wash_packages_positive.py:29: in test_create_active_wash_package
    page = create_wash_package_if_missing(browser)
           ^^^^^^^^^^^^^^^^^^^^^^^^^^^^^^^^^^^^^^^
tests/admin_portal/wash_packages/conftest.py:57: in create_wash_package_if_missing
    page.create_package(
pages/admin_portal/wash_packages_page.py:827: in create_package
    """Create an active wash package and return to the list."""
pages/admin_portal/wash_packages_page.py:645: in fill_package_form
    self.set_global_price(global_price)
pages/admin_portal/wash_packages_page.py:604: in assign_site_with_price_and_commission
    def assign_site_with_price_and_commission(self, site_name, price, commission):
              ^^^^^^^^^^^^^^^^^^^^^^^^^^^^
pages/admin_portal/wash_packages_page.py:600: in get_site_row
    return els[0]
venv/lib/python3.11/site-packages/selenium/webdriver/support/wait.py:121: in until
    raise TimeoutException(message, screen, stacktrace)
E   selenium.common.exceptions.TimeoutException: Message: 
E   Stacktrace:
E   0   chromedriver                        0x0000000102639a84 cxxbridge1$str$ptr + 3195292
E   1   chromedriver                        0x0000000102631b4c cxxbridge1$str$ptr + 3162724
E   2   chromedriver                        0x00000001020db2a4 _RNvCs9NA52FrZ4pF_7___rustc35___rust_no_alloc_shim_is_unstable_v2 + 73836
E   3   chromedriver                        0x0000000102123a44 _RNvCs9NA52FrZ4pF_7___rustc35___rust_no_alloc_shim_is_unstable_v2 + 370700
E   4   chromedriver                        0x0000000102163030 _RNvCs9NA52FrZ4pF_7___rustc35___rust_no_alloc_shim_is_unstable_v2 + 630264
E   5   chromedriver                        0x0000000102119434 _RNvCs9NA52FrZ4pF_7___rustc35___rust_no_alloc_shim_is_unstable_v2 + 328188
E   6   chromedriver                        0x00000001025f6c40 cxxbridge1$str$ptr + 2921304
E   7   chromedriver                        0x00000001025fa3b8 cxxbridge1$str$ptr + 2935504
E   8   chromedriver                        0x00000001025dd0f8 cxxbridge1$str$ptr + 2816016
E   9   chromedriver                        0x00000001025fac4c cxxbridge1$str$ptr + 2937700
E   10  chromedriver                        0x00000001025ce3b0 cxxbridge1$str$ptr + 2755272
E   11  chromedriver                        0x00000001026201f4 cxxbridge1$str$ptr + 3090700
E   12  chromedriver                        0x0000000102620354 cxxbridge1$str$ptr + 3091052
E   13  chromedriver                        0x00000001026317a4 cxxbridge1$str$ptr + 3161788
E   14  libsystem_pthread.dylib             0x0000000199325c08 _pthread_start + 136
E   15  libsystem_pthread.dylib             0x0000000199320ba8 thread_start + 8
______________________ test_create_inactive_wash_package _______________________
tests/admin_portal/wash_packages/test_wash_packages_positive.py:43: in test_create_inactive_wash_package
    page.fill_package_form(
pages/admin_portal/wash_packages_page.py:645: in fill_package_form
    self.set_global_price(global_price)
pages/admin_portal/wash_packages_page.py:604: in assign_site_with_price_and_commission
    def assign_site_with_price_and_commission(self, site_name, price, commission):
              ^^^^^^^^^^^^^^^^^^^^^^^^^^^^
pages/admin_portal/wash_packages_page.py:600: in get_site_row
    return els[0]
venv/lib/python3.11/site-packages/selenium/webdriver/support/wait.py:121: in until
    raise TimeoutException(message, screen, stacktrace)
E   selenium.common.exceptions.TimeoutException: Message: 
E   Stacktrace:
E   0   chromedriver                        0x00000001010c9a84 cxxbridge1$str$ptr + 3195292
E   1   chromedriver                        0x00000001010c1b4c cxxbridge1$str$ptr + 3162724
E   2   chromedriver                        0x0000000100b6b2a4 _RNvCs9NA52FrZ4pF_7___rustc35___rust_no_alloc_shim_is_unstable_v2 + 73836
E   3   chromedriver                        0x0000000100bb3a44 _RNvCs9NA52FrZ4pF_7___rustc35___rust_no_alloc_shim_is_unstable_v2 + 370700
E   4   chromedriver                        0x0000000100bf3030 _RNvCs9NA52FrZ4pF_7___rustc35___rust_no_alloc_shim_is_unstable_v2 + 630264
E   5   chromedriver                        0x0000000100ba9434 _RNvCs9NA52FrZ4pF_7___rustc35___rust_no_alloc_shim_is_unstable_v2 + 328188
E   6   chromedriver                        0x0000000101086c40 cxxbridge1$str$ptr + 2921304
E   7   chromedriver                        0x000000010108a3b8 cxxbridge1$str$ptr + 2935504
E   8   chromedriver                        0x000000010106d0f8 cxxbridge1$str$ptr + 2816016
E   9   chromedriver                        0x000000010108ac4c cxxbridge1$str$ptr + 2937700
E   10  chromedriver                        0x000000010105e3b0 cxxbridge1$str$ptr + 2755272
E   11  chromedriver                        0x00000001010b01f4 cxxbridge1$str$ptr + 3090700
E   12  chromedriver                        0x00000001010b0354 cxxbridge1$str$ptr + 3091052
E   13  chromedriver                        0x00000001010c17a4 cxxbridge1$str$ptr + 3161788
E   14  libsystem_pthread.dylib             0x0000000199325c08 _pthread_start + 136
E   15  libsystem_pthread.dylib             0x0000000199320ba8 thread_start + 8
___________________ test_create_wash_package_without_barcode ___________________
tests/admin_portal/wash_packages/test_wash_packages_positive.py:65: in test_create_wash_package_without_barcode
    page.fill_package_form(
pages/admin_portal/wash_packages_page.py:645: in fill_package_form
    self.set_global_price(global_price)
pages/admin_portal/wash_packages_page.py:604: in assign_site_with_price_and_commission
    def assign_site_with_price_and_commission(self, site_name, price, commission):
              ^^^^^^^^^^^^^^^^^^^^^^^^^^^^
pages/admin_portal/wash_packages_page.py:600: in get_site_row
    return els[0]
venv/lib/python3.11/site-packages/selenium/webdriver/support/wait.py:121: in until
    raise TimeoutException(message, screen, stacktrace)
E   selenium.common.exceptions.TimeoutException: Message: 
E   Stacktrace:
E   0   chromedriver                        0x00000001049b5a84 cxxbridge1$str$ptr + 3195292
E   1   chromedriver                        0x00000001049adb4c cxxbridge1$str$ptr + 3162724
E   2   chromedriver                        0x00000001044572a4 _RNvCs9NA52FrZ4pF_7___rustc35___rust_no_alloc_shim_is_unstable_v2 + 73836
E   3   chromedriver                        0x000000010449fa44 _RNvCs9NA52FrZ4pF_7___rustc35___rust_no_alloc_shim_is_unstable_v2 + 370700
E   4   chromedriver                        0x00000001044df030 _RNvCs9NA52FrZ4pF_7___rustc35___rust_no_alloc_shim_is_unstable_v2 + 630264
E   5   chromedriver                        0x0000000104495434 _RNvCs9NA52FrZ4pF_7___rustc35___rust_no_alloc_shim_is_unstable_v2 + 328188
E   6   chromedriver                        0x0000000104972c40 cxxbridge1$str$ptr + 2921304
E   7   chromedriver                        0x00000001049763b8 cxxbridge1$str$ptr + 2935504
E   8   chromedriver                        0x00000001049590f8 cxxbridge1$str$ptr + 2816016
E   9   chromedriver                        0x0000000104976c4c cxxbridge1$str$ptr + 2937700
E   10  chromedriver                        0x000000010494a3b0 cxxbridge1$str$ptr + 2755272
E   11  chromedriver                        0x000000010499c1f4 cxxbridge1$str$ptr + 3090700
E   12  chromedriver                        0x000000010499c354 cxxbridge1$str$ptr + 3091052
E   13  chromedriver                        0x00000001049ad7a4 cxxbridge1$str$ptr + 3161788
E   14  libsystem_pthread.dylib             0x0000000199325c08 _pthread_start + 136
E   15  libsystem_pthread.dylib             0x0000000199320ba8 thread_start + 8
_______________ test_create_wash_package_without_loyalty_points ________________
tests/admin_portal/wash_packages/test_wash_packages_positive.py:91: in test_create_wash_package_without_loyalty_points
    page.assign_site_with_price_and_commission(ASSIGNMENT_SITE, GLOBAL_PRICE, GLOBAL_COMMISSION)
pages/admin_portal/wash_packages_page.py:604: in assign_site_with_price_and_commission
    def assign_site_with_price_and_commission(self, site_name, price, commission):
              ^^^^^^^^^^^^^^^^^^^^^^^^^^^^
pages/admin_portal/wash_packages_page.py:600: in get_site_row
    return els[0]
venv/lib/python3.11/site-packages/selenium/webdriver/support/wait.py:121: in until
    raise TimeoutException(message, screen, stacktrace)
E   selenium.common.exceptions.TimeoutException: Message: 
E   Stacktrace:
E   0   chromedriver                        0x00000001048b1a84 cxxbridge1$str$ptr + 3195292
E   1   chromedriver                        0x00000001048a9b4c cxxbridge1$str$ptr + 3162724
E   2   chromedriver                        0x00000001043532a4 _RNvCs9NA52FrZ4pF_7___rustc35___rust_no_alloc_shim_is_unstable_v2 + 73836
E   3   chromedriver                        0x000000010439ba44 _RNvCs9NA52FrZ4pF_7___rustc35___rust_no_alloc_shim_is_unstable_v2 + 370700
E   4   chromedriver                        0x00000001043db030 _RNvCs9NA52FrZ4pF_7___rustc35___rust_no_alloc_shim_is_unstable_v2 + 630264
E   5   chromedriver                        0x0000000104391434 _RNvCs9NA52FrZ4pF_7___rustc35___rust_no_alloc_shim_is_unstable_v2 + 328188
E   6   chromedriver                        0x000000010486ec40 cxxbridge1$str$ptr + 2921304
E   7   chromedriver                        0x00000001048723b8 cxxbridge1$str$ptr + 2935504
E   8   chromedriver                        0x00000001048550f8 cxxbridge1$str$ptr + 2816016
E   9   chromedriver                        0x0000000104872c4c cxxbridge1$str$ptr + 2937700
E   10  chromedriver                        0x00000001048463b0 cxxbridge1$str$ptr + 2755272
E   11  chromedriver                        0x00000001048981f4 cxxbridge1$str$ptr + 3090700
E   12  chromedriver                        0x0000000104898354 cxxbridge1$str$ptr + 3091052
E   13  chromedriver                        0x00000001048a97a4 cxxbridge1$str$ptr + 3161788
E   14  libsystem_pthread.dylib             0x0000000199325c08 _pthread_start + 136
E   15  libsystem_pthread.dylib             0x0000000199320ba8 thread_start + 8
__________________ test_create_wash_package_without_discount ___________________
tests/admin_portal/wash_packages/test_wash_packages_positive.py:106: in test_create_wash_package_without_discount
    page.fill_package_form(
pages/admin_portal/wash_packages_page.py:645: in fill_package_form
    self.set_global_price(global_price)
pages/admin_portal/wash_packages_page.py:604: in assign_site_with_price_and_commission
    def assign_site_with_price_and_commission(self, site_name, price, commission):
              ^^^^^^^^^^^^^^^^^^^^^^^^^^^^
pages/admin_portal/wash_packages_page.py:600: in get_site_row
    return els[0]
venv/lib/python3.11/site-packages/selenium/webdriver/support/wait.py:121: in until
    raise TimeoutException(message, screen, stacktrace)
E   selenium.common.exceptions.TimeoutException: Message: 
E   Stacktrace:
E   0   chromedriver                        0x00000001046e1a84 cxxbridge1$str$ptr + 3195292
E   1   chromedriver                        0x00000001046d9b4c cxxbridge1$str$ptr + 3162724
E   2   chromedriver                        0x00000001041832a4 _RNvCs9NA52FrZ4pF_7___rustc35___rust_no_alloc_shim_is_unstable_v2 + 73836
E   3   chromedriver                        0x00000001041cba44 _RNvCs9NA52FrZ4pF_7___rustc35___rust_no_alloc_shim_is_unstable_v2 + 370700
E   4   chromedriver                        0x000000010420b030 _RNvCs9NA52FrZ4pF_7___rustc35___rust_no_alloc_shim_is_unstable_v2 + 630264
E   5   chromedriver                        0x00000001041c1434 _RNvCs9NA52FrZ4pF_7___rustc35___rust_no_alloc_shim_is_unstable_v2 + 328188
E   6   chromedriver                        0x000000010469ec40 cxxbridge1$str$ptr + 2921304
E   7   chromedriver                        0x00000001046a23b8 cxxbridge1$str$ptr + 2935504
E   8   chromedriver                        0x00000001046850f8 cxxbridge1$str$ptr + 2816016
E   9   chromedriver                        0x00000001046a2c4c cxxbridge1$str$ptr + 2937700
E   10  chromedriver                        0x00000001046763b0 cxxbridge1$str$ptr + 2755272
E   11  chromedriver                        0x00000001046c81f4 cxxbridge1$str$ptr + 3090700
E   12  chromedriver                        0x00000001046c8354 cxxbridge1$str$ptr + 3091052
E   13  chromedriver                        0x00000001046d97a4 cxxbridge1$str$ptr + 3161788
E   14  libsystem_pthread.dylib             0x0000000199325c08 _pthread_start + 136
E   15  libsystem_pthread.dylib             0x0000000199320ba8 thread_start + 8
______________________ test_wash_package_settings_persist ______________________
tests/admin_portal/wash_packages/test_wash_packages_positive.py:125: in test_wash_package_settings_persist
    page = create_wash_package_if_missing(browser)
           ^^^^^^^^^^^^^^^^^^^^^^^^^^^^^^^^^^^^^^^
tests/admin_portal/wash_packages/conftest.py:57: in create_wash_package_if_missing
    page.create_package(
pages/admin_portal/wash_packages_page.py:827: in create_package
    """Create an active wash package and return to the list."""
pages/admin_portal/wash_packages_page.py:645: in fill_package_form
    self.set_global_price(global_price)
pages/admin_portal/wash_packages_page.py:604: in assign_site_with_price_and_commission
    def assign_site_with_price_and_commission(self, site_name, price, commission):
              ^^^^^^^^^^^^^^^^^^^^^^^^^^^^
pages/admin_portal/wash_packages_page.py:600: in get_site_row
    return els[0]
venv/lib/python3.11/site-packages/selenium/webdriver/support/wait.py:121: in until
    raise TimeoutException(message, screen, stacktrace)
E   selenium.common.exceptions.TimeoutException: Message: 
E   Stacktrace:
E   0   chromedriver                        0x0000000102679a84 cxxbridge1$str$ptr + 3195292
E   1   chromedriver                        0x0000000102671b4c cxxbridge1$str$ptr + 3162724
E   2   chromedriver                        0x000000010211b2a4 _RNvCs9NA52FrZ4pF_7___rustc35___rust_no_alloc_shim_is_unstable_v2 + 73836
E   3   chromedriver                        0x0000000102163a44 _RNvCs9NA52FrZ4pF_7___rustc35___rust_no_alloc_shim_is_unstable_v2 + 370700
E   4   chromedriver                        0x00000001021a3030 _RNvCs9NA52FrZ4pF_7___rustc35___rust_no_alloc_shim_is_unstable_v2 + 630264
E   5   chromedriver                        0x0000000102159434 _RNvCs9NA52FrZ4pF_7___rustc35___rust_no_alloc_shim_is_unstable_v2 + 328188
E   6   chromedriver                        0x0000000102636c40 cxxbridge1$str$ptr + 2921304
E   7   chromedriver                        0x000000010263a3b8 cxxbridge1$str$ptr + 2935504
E   8   chromedriver                        0x000000010261d0f8 cxxbridge1$str$ptr + 2816016
E   9   chromedriver                        0x000000010263ac4c cxxbridge1$str$ptr + 2937700
E   10  chromedriver                        0x000000010260e3b0 cxxbridge1$str$ptr + 2755272
E   11  chromedriver                        0x00000001026601f4 cxxbridge1$str$ptr + 3090700
E   12  chromedriver                        0x0000000102660354 cxxbridge1$str$ptr + 3091052
E   13  chromedriver                        0x00000001026717a4 cxxbridge1$str$ptr + 3161788
E   14  libsystem_pthread.dylib             0x0000000199325c08 _pthread_start + 136
E   15  libsystem_pthread.dylib             0x0000000199320ba8 thread_start + 8
______________________ test_wash_packages_existing_search ______________________
tests/admin_portal/wash_packages/test_wash_packages_search_filter.py:25: in test_wash_packages_existing_search
    page = create_wash_package_if_missing(browser)
           ^^^^^^^^^^^^^^^^^^^^^^^^^^^^^^^^^^^^^^^
tests/admin_portal/wash_packages/conftest.py:57: in create_wash_package_if_missing
    page.create_package(
pages/admin_portal/wash_packages_page.py:827: in create_package
    """Create an active wash package and return to the list."""
pages/admin_portal/wash_packages_page.py:645: in fill_package_form
    self.set_global_price(global_price)
pages/admin_portal/wash_packages_page.py:604: in assign_site_with_price_and_commission
    def assign_site_with_price_and_commission(self, site_name, price, commission):
              ^^^^^^^^^^^^^^^^^^^^^^^^^^^^
pages/admin_portal/wash_packages_page.py:600: in get_site_row
    return els[0]
venv/lib/python3.11/site-packages/selenium/webdriver/support/wait.py:121: in until
    raise TimeoutException(message, screen, stacktrace)
E   selenium.common.exceptions.TimeoutException: Message: 
E   Stacktrace:
E   0   chromedriver                        0x0000000104c41a84 cxxbridge1$str$ptr + 3195292
E   1   chromedriver                        0x0000000104c39b4c cxxbridge1$str$ptr + 3162724
E   2   chromedriver                        0x00000001046e32a4 _RNvCs9NA52FrZ4pF_7___rustc35___rust_no_alloc_shim_is_unstable_v2 + 73836
E   3   chromedriver                        0x000000010472ba44 _RNvCs9NA52FrZ4pF_7___rustc35___rust_no_alloc_shim_is_unstable_v2 + 370700
E   4   chromedriver                        0x000000010476b030 _RNvCs9NA52FrZ4pF_7___rustc35___rust_no_alloc_shim_is_unstable_v2 + 630264
E   5   chromedriver                        0x0000000104721434 _RNvCs9NA52FrZ4pF_7___rustc35___rust_no_alloc_shim_is_unstable_v2 + 328188
E   6   chromedriver                        0x0000000104bfec40 cxxbridge1$str$ptr + 2921304
E   7   chromedriver                        0x0000000104c023b8 cxxbridge1$str$ptr + 2935504
E   8   chromedriver                        0x0000000104be50f8 cxxbridge1$str$ptr + 2816016
E   9   chromedriver                        0x0000000104c02c4c cxxbridge1$str$ptr + 2937700
E   10  chromedriver                        0x0000000104bd63b0 cxxbridge1$str$ptr + 2755272
E   11  chromedriver                        0x0000000104c281f4 cxxbridge1$str$ptr + 3090700
E   12  chromedriver                        0x0000000104c28354 cxxbridge1$str$ptr + 3091052
E   13  chromedriver                        0x0000000104c397a4 cxxbridge1$str$ptr + 3161788
E   14  libsystem_pthread.dylib             0x0000000199325c08 _pthread_start + 136
E   15  libsystem_pthread.dylib             0x0000000199320ba8 thread_start + 8
________________ test_wash_packages_clear_search_restores_list _________________
tests/admin_portal/wash_packages/test_wash_packages_search_filter.py:55: in test_wash_packages_clear_search_restores_list
    page = create_wash_package_if_missing(browser)
           ^^^^^^^^^^^^^^^^^^^^^^^^^^^^^^^^^^^^^^^
tests/admin_portal/wash_packages/conftest.py:57: in create_wash_package_if_missing
    page.create_package(
pages/admin_portal/wash_packages_page.py:827: in create_package
    """Create an active wash package and return to the list."""
pages/admin_portal/wash_packages_page.py:645: in fill_package_form
    self.set_global_price(global_price)
pages/admin_portal/wash_packages_page.py:604: in assign_site_with_price_and_commission
    def assign_site_with_price_and_commission(self, site_name, price, commission):
              ^^^^^^^^^^^^^^^^^^^^^^^^^^^^
pages/admin_portal/wash_packages_page.py:600: in get_site_row
    return els[0]
venv/lib/python3.11/site-packages/selenium/webdriver/support/wait.py:121: in until
    raise TimeoutException(message, screen, stacktrace)
E   selenium.common.exceptions.TimeoutException: Message: 
E   Stacktrace:
E   0   chromedriver                        0x00000001028ada84 cxxbridge1$str$ptr + 3195292
E   1   chromedriver                        0x00000001028a5b4c cxxbridge1$str$ptr + 3162724
E   2   chromedriver                        0x000000010234f2a4 _RNvCs9NA52FrZ4pF_7___rustc35___rust_no_alloc_shim_is_unstable_v2 + 73836
E   3   chromedriver                        0x0000000102397a44 _RNvCs9NA52FrZ4pF_7___rustc35___rust_no_alloc_shim_is_unstable_v2 + 370700
E   4   chromedriver                        0x00000001023d7030 _RNvCs9NA52FrZ4pF_7___rustc35___rust_no_alloc_shim_is_unstable_v2 + 630264
E   5   chromedriver                        0x000000010238d434 _RNvCs9NA52FrZ4pF_7___rustc35___rust_no_alloc_shim_is_unstable_v2 + 328188
E   6   chromedriver                        0x000000010286ac40 cxxbridge1$str$ptr + 2921304
E   7   chromedriver                        0x000000010286e3b8 cxxbridge1$str$ptr + 2935504
E   8   chromedriver                        0x00000001028510f8 cxxbridge1$str$ptr + 2816016
E   9   chromedriver                        0x000000010286ec4c cxxbridge1$str$ptr + 2937700
E   10  chromedriver                        0x00000001028423b0 cxxbridge1$str$ptr + 2755272
E   11  chromedriver                        0x00000001028941f4 cxxbridge1$str$ptr + 3090700
E   12  chromedriver                        0x0000000102894354 cxxbridge1$str$ptr + 3091052
E   13  chromedriver                        0x00000001028a57a4 cxxbridge1$str$ptr + 3161788
E   14  libsystem_pthread.dylib             0x0000000199325c08 _pthread_start + 136
E   15  libsystem_pthread.dylib             0x0000000199320ba8 thread_start + 8
_____________________ test_filter_by_site_narrows_results ______________________
tests/admin_portal/wash_packages/test_wash_packages_search_filter.py:105: in test_filter_by_site_narrows_results
    create_wash_package_if_missing(browser)
tests/admin_portal/wash_packages/conftest.py:57: in create_wash_package_if_missing
    page.create_package(
pages/admin_portal/wash_packages_page.py:827: in create_package
    """Create an active wash package and return to the list."""
pages/admin_portal/wash_packages_page.py:645: in fill_package_form
    self.set_global_price(global_price)
pages/admin_portal/wash_packages_page.py:604: in assign_site_with_price_and_commission
    def assign_site_with_price_and_commission(self, site_name, price, commission):
              ^^^^^^^^^^^^^^^^^^^^^^^^^^^^
pages/admin_portal/wash_packages_page.py:600: in get_site_row
    return els[0]
venv/lib/python3.11/site-packages/selenium/webdriver/support/wait.py:121: in until
    raise TimeoutException(message, screen, stacktrace)
E   selenium.common.exceptions.TimeoutException: Message: 
E   Stacktrace:
E   0   chromedriver                        0x000000010269da84 cxxbridge1$str$ptr + 3195292
E   1   chromedriver                        0x0000000102695b4c cxxbridge1$str$ptr + 3162724
E   2   chromedriver                        0x000000010213f2a4 _RNvCs9NA52FrZ4pF_7___rustc35___rust_no_alloc_shim_is_unstable_v2 + 73836
E   3   chromedriver                        0x0000000102187a44 _RNvCs9NA52FrZ4pF_7___rustc35___rust_no_alloc_shim_is_unstable_v2 + 370700
E   4   chromedriver                        0x00000001021c7030 _RNvCs9NA52FrZ4pF_7___rustc35___rust_no_alloc_shim_is_unstable_v2 + 630264
E   5   chromedriver                        0x000000010217d434 _RNvCs9NA52FrZ4pF_7___rustc35___rust_no_alloc_shim_is_unstable_v2 + 328188
E   6   chromedriver                        0x000000010265ac40 cxxbridge1$str$ptr + 2921304
E   7   chromedriver                        0x000000010265e3b8 cxxbridge1$str$ptr + 2935504
E   8   chromedriver                        0x00000001026410f8 cxxbridge1$str$ptr + 2816016
E   9   chromedriver                        0x000000010265ec4c cxxbridge1$str$ptr + 2937700
E   10  chromedriver                        0x00000001026323b0 cxxbridge1$str$ptr + 2755272
E   11  chromedriver                        0x00000001026841f4 cxxbridge1$str$ptr + 3090700
E   12  chromedriver                        0x0000000102684354 cxxbridge1$str$ptr + 3091052
E   13  chromedriver                        0x00000001026957a4 cxxbridge1$str$ptr + 3161788
E   14  libsystem_pthread.dylib             0x0000000199325c08 _pthread_start + 136
E   15  libsystem_pthread.dylib             0x0000000199320ba8 thread_start + 8
_______________________ test_discount_settings_tab_loads _______________________
tests/admin_portal/wash_packages/test_wash_packages_ui.py:80: in test_discount_settings_tab_loads
    page.open_edit_package(EXISTING_PACKAGE)
pages/admin_portal/wash_packages_page.py:375: in open_edit_package
    self.wait_for_list_loaded()
          ^^^^^^^^^^^^^^^^^^^^^^
pages/admin_portal/wash_packages_page.py:239: in wait_for_package_row
    def wait_for_package_row(self, package_name):
venv/lib/python3.11/site-packages/selenium/webdriver/support/wait.py:121: in until
    raise TimeoutException(message, screen, stacktrace)
E   selenium.common.exceptions.TimeoutException: Message: 
E   Stacktrace:
E   0   chromedriver                        0x00000001033dda84 cxxbridge1$str$ptr + 3195292
E   1   chromedriver                        0x00000001033d5b4c cxxbridge1$str$ptr + 3162724
E   2   chromedriver                        0x0000000102e7f2a4 _RNvCs9NA52FrZ4pF_7___rustc35___rust_no_alloc_shim_is_unstable_v2 + 73836
E   3   chromedriver                        0x0000000102ec7a44 _RNvCs9NA52FrZ4pF_7___rustc35___rust_no_alloc_shim_is_unstable_v2 + 370700
E   4   chromedriver                        0x0000000102f07030 _RNvCs9NA52FrZ4pF_7___rustc35___rust_no_alloc_shim_is_unstable_v2 + 630264
E   5   chromedriver                        0x0000000102ebd434 _RNvCs9NA52FrZ4pF_7___rustc35___rust_no_alloc_shim_is_unstable_v2 + 328188
E   6   chromedriver                        0x000000010339ac40 cxxbridge1$str$ptr + 2921304
E   7   chromedriver                        0x000000010339e3b8 cxxbridge1$str$ptr + 2935504
E   8   chromedriver                        0x00000001033810f8 cxxbridge1$str$ptr + 2816016
E   9   chromedriver                        0x000000010339ec4c cxxbridge1$str$ptr + 2937700
E   10  chromedriver                        0x00000001033723b0 cxxbridge1$str$ptr + 2755272
E   11  chromedriver                        0x00000001033c41f4 cxxbridge1$str$ptr + 3090700
E   12  chromedriver                        0x00000001033c4354 cxxbridge1$str$ptr + 3091052
E   13  chromedriver                        0x00000001033d57a4 cxxbridge1$str$ptr + 3161788
E   14  libsystem_pthread.dylib             0x0000000199325c08 _pthread_start + 136
E   15  libsystem_pthread.dylib             0x0000000199320ba8 thread_start + 8
______________ test_assigned_site_appears_in_site_grid_after_save ______________
tests/admin_portal/custom_services/test_custom_services_dependency.py:27: in test_assigned_site_appears_in_site_grid_after_save
    create_service_if_missing(browser)
tests/admin_portal/custom_services/conftest.py:50: in create_service_if_missing
    page.fill_service_form(
pages/admin_portal/custom_services_page.py:771: in fill_service_form
    self.assign_site_with_price_and_commission(site_name, global_price, global_commission)
pages/admin_portal/custom_services_page.py:622: in assign_site_with_price_and_commission
    price_input.click()
venv/lib/python3.11/site-packages/selenium/webdriver/remote/webelement.py:114: in click
    self._execute(Command.CLICK_ELEMENT)
venv/lib/python3.11/site-packages/selenium/webdriver/remote/webelement.py:508: in _execute
    return self._parent.execute(command, params)
           ^^^^^^^^^^^^^^^^^^^^^^^^^^^^^^^^^^^^^
venv/lib/python3.11/site-packages/selenium/webdriver/remote/webdriver.py:468: in execute
    self.error_handler.check_response(response)
venv/lib/python3.11/site-packages/selenium/webdriver/remote/errorhandler.py:232: in check_response
    raise exception_class(message, screen, stacktrace)
E   selenium.common.exceptions.ElementClickInterceptedException: Message: element click intercepted: Element is not clickable at point (853, 887)
E     (Session info: chrome=150.0.7871.187); For documentation on this error, please visit: https://www.selenium.dev/documentation/webdriver/troubleshooting/errors#elementclickinterceptedexception
E   Stacktrace:
E   0   chromedriver                        0x00000001026d5a84 cxxbridge1$str$ptr + 3195292
E   1   chromedriver                        0x00000001026cdb4c cxxbridge1$str$ptr + 3162724
E   2   chromedriver                        0x00000001021772a4 _RNvCs9NA52FrZ4pF_7___rustc35___rust_no_alloc_shim_is_unstable_v2 + 73836
E   3   chromedriver                        0x00000001021c5154 _RNvCs9NA52FrZ4pF_7___rustc35___rust_no_alloc_shim_is_unstable_v2 + 392988
E   4   chromedriver                        0x00000001021c39c0 _RNvCs9NA52FrZ4pF_7___rustc35___rust_no_alloc_shim_is_unstable_v2 + 386952
E   5   chromedriver                        0x00000001021c1a6c _RNvCs9NA52FrZ4pF_7___rustc35___rust_no_alloc_shim_is_unstable_v2 + 378932
E   6   chromedriver                        0x00000001021c0e14 _RNvCs9NA52FrZ4pF_7___rustc35___rust_no_alloc_shim_is_unstable_v2 + 375772
E   7   chromedriver                        0x00000001021b6eac _RNvCs9NA52FrZ4pF_7___rustc35___rust_no_alloc_shim_is_unstable_v2 + 334964
E   8   chromedriver                        0x00000001021b6934 _RNvCs9NA52FrZ4pF_7___rustc35___rust_no_alloc_shim_is_unstable_v2 + 333564
E   9   chromedriver                        0x00000001021ff030 _RNvCs9NA52FrZ4pF_7___rustc35___rust_no_alloc_shim_is_unstable_v2 + 630264
E   10  chromedriver                        0x00000001021b5434 _RNvCs9NA52FrZ4pF_7___rustc35___rust_no_alloc_shim_is_unstable_v2 + 328188
E   11  chromedriver                        0x0000000102692c40 cxxbridge1$str$ptr + 2921304
E   12  chromedriver                        0x00000001026963b8 cxxbridge1$str$ptr + 2935504
E   13  chromedriver                        0x00000001026790f8 cxxbridge1$str$ptr + 2816016
E   14  chromedriver                        0x0000000102696c4c cxxbridge1$str$ptr + 2937700
E   15  chromedriver                        0x000000010266a3b0 cxxbridge1$str$ptr + 2755272
E   16  chromedriver                        0x00000001026bc1f4 cxxbridge1$str$ptr + 3090700
E   17  chromedriver                        0x00000001026bc354 cxxbridge1$str$ptr + 3091052
E   18  chromedriver                        0x00000001026cd7a4 cxxbridge1$str$ptr + 3161788
E   19  libsystem_pthread.dylib             0x0000000199325c08 _pthread_start + 136
E   20  libsystem_pthread.dylib             0x0000000199320ba8 thread_start + 8
______________ test_multiple_applicable_discounts_can_be_selected ______________
tests/admin_portal/custom_services/test_custom_services_discount.py:63: in test_multiple_applicable_discounts_can_be_selected
    page.select_applicable_discount(APPLICABLE_DISCOUNT)
pages/admin_portal/custom_services_page.py:692: in select_applicable_discount
    self.wait.until(
venv/lib/python3.11/site-packages/selenium/webdriver/support/wait.py:121: in until
    raise TimeoutException(message, screen, stacktrace)
E   selenium.common.exceptions.TimeoutException: Message: 
E   Stacktrace:
E   0   chromedriver                        0x0000000102621a84 cxxbridge1$str$ptr + 3195292
E   1   chromedriver                        0x0000000102619b4c cxxbridge1$str$ptr + 3162724
E   2   chromedriver                        0x00000001020c32a4 _RNvCs9NA52FrZ4pF_7___rustc35___rust_no_alloc_shim_is_unstable_v2 + 73836
E   3   chromedriver                        0x000000010210ba44 _RNvCs9NA52FrZ4pF_7___rustc35___rust_no_alloc_shim_is_unstable_v2 + 370700
E   4   chromedriver                        0x000000010214b030 _RNvCs9NA52FrZ4pF_7___rustc35___rust_no_alloc_shim_is_unstable_v2 + 630264
E   5   chromedriver                        0x0000000102101434 _RNvCs9NA52FrZ4pF_7___rustc35___rust_no_alloc_shim_is_unstable_v2 + 328188
E   6   chromedriver                        0x00000001025dec40 cxxbridge1$str$ptr + 2921304
E   7   chromedriver                        0x00000001025e23b8 cxxbridge1$str$ptr + 2935504
E   8   chromedriver                        0x00000001025c50f8 cxxbridge1$str$ptr + 2816016
E   9   chromedriver                        0x00000001025e2c4c cxxbridge1$str$ptr + 2937700
E   10  chromedriver                        0x00000001025b63b0 cxxbridge1$str$ptr + 2755272
E   11  chromedriver                        0x00000001026081f4 cxxbridge1$str$ptr + 3090700
E   12  chromedriver                        0x0000000102608354 cxxbridge1$str$ptr + 3091052
E   13  chromedriver                        0x00000001026197a4 cxxbridge1$str$ptr + 3161788
E   14  libsystem_pthread.dylib             0x0000000199325c08 _pthread_start + 136
E   15  libsystem_pthread.dylib             0x0000000199320ba8 thread_start + 8
__________________ test_discount_tab_accessible_on_edit_form ___________________
tests/admin_portal/custom_services/test_custom_services_discount.py:101: in test_discount_tab_accessible_on_edit_form
    ???
tests/admin_portal/custom_services/conftest.py:50: in create_service_if_missing
    page.fill_service_form(
pages/admin_portal/custom_services_page.py:771: in fill_service_form
    self.assign_site_with_price_and_commission(site_name, global_price, global_commission)
pages/admin_portal/custom_services_page.py:622: in assign_site_with_price_and_commission
    price_input.click()
venv/lib/python3.11/site-packages/selenium/webdriver/remote/webelement.py:114: in click
    self._execute(Command.CLICK_ELEMENT)
venv/lib/python3.11/site-packages/selenium/webdriver/remote/webelement.py:508: in _execute
    return self._parent.execute(command, params)
           ^^^^^^^^^^^^^^^^^^^^^^^^^^^^^^^^^^^^^
venv/lib/python3.11/site-packages/selenium/webdriver/remote/webdriver.py:468: in execute
    self.error_handler.check_response(response)
venv/lib/python3.11/site-packages/selenium/webdriver/remote/errorhandler.py:232: in check_response
    raise exception_class(message, screen, stacktrace)
E   selenium.common.exceptions.ElementClickInterceptedException: Message: element click intercepted: Element is not clickable at point (853, 887)
E     (Session info: chrome=150.0.7871.187); For documentation on this error, please visit: https://www.selenium.dev/documentation/webdriver/troubleshooting/errors#elementclickinterceptedexception
E   Stacktrace:
E   0   chromedriver                        0x00000001054d9a84 cxxbridge1$str$ptr + 3195292
E   1   chromedriver                        0x00000001054d1b4c cxxbridge1$str$ptr + 3162724
E   2   chromedriver                        0x0000000104f7b2a4 _RNvCs9NA52FrZ4pF_7___rustc35___rust_no_alloc_shim_is_unstable_v2 + 73836
E   3   chromedriver                        0x0000000104fc9154 _RNvCs9NA52FrZ4pF_7___rustc35___rust_no_alloc_shim_is_unstable_v2 + 392988
E   4   chromedriver                        0x0000000104fc79c0 _RNvCs9NA52FrZ4pF_7___rustc35___rust_no_alloc_shim_is_unstable_v2 + 386952
E   5   chromedriver                        0x0000000104fc5a6c _RNvCs9NA52FrZ4pF_7___rustc35___rust_no_alloc_shim_is_unstable_v2 + 378932
E   6   chromedriver                        0x0000000104fc4e14 _RNvCs9NA52FrZ4pF_7___rustc35___rust_no_alloc_shim_is_unstable_v2 + 375772
E   7   chromedriver                        0x0000000104fbaeac _RNvCs9NA52FrZ4pF_7___rustc35___rust_no_alloc_shim_is_unstable_v2 + 334964
E   8   chromedriver                        0x0000000104fba934 _RNvCs9NA52FrZ4pF_7___rustc35___rust_no_alloc_shim_is_unstable_v2 + 333564
E   9   chromedriver                        0x0000000105003030 _RNvCs9NA52FrZ4pF_7___rustc35___rust_no_alloc_shim_is_unstable_v2 + 630264
E   10  chromedriver                        0x0000000104fb9434 _RNvCs9NA52FrZ4pF_7___rustc35___rust_no_alloc_shim_is_unstable_v2 + 328188
E   11  chromedriver                        0x0000000105496c40 cxxbridge1$str$ptr + 2921304
E   12  chromedriver                        0x000000010549a3b8 cxxbridge1$str$ptr + 2935504
E   13  chromedriver                        0x000000010547d0f8 cxxbridge1$str$ptr + 2816016
E   14  chromedriver                        0x000000010549ac4c cxxbridge1$str$ptr + 2937700
E   15  chromedriver                        0x000000010546e3b0 cxxbridge1$str$ptr + 2755272
E   16  chromedriver                        0x00000001054c01f4 cxxbridge1$str$ptr + 3090700
E   17  chromedriver                        0x00000001054c0354 cxxbridge1$str$ptr + 3091052
E   18  chromedriver                        0x00000001054d17a4 cxxbridge1$str$ptr + 3161788
E   19  libsystem_pthread.dylib             0x0000000199325c08 _pthread_start + 136
E   20  libsystem_pthread.dylib             0x0000000199320ba8 thread_start + 8
___________________ test_discount_combobox_filters_by_typing ___________________
tests/admin_portal/custom_services/test_custom_services_discount.py:121: in test_discount_combobox_filters_by_typing
    ???
venv/lib/python3.11/site-packages/selenium/webdriver/remote/webelement.py:114: in click
    self._execute(Command.CLICK_ELEMENT)
venv/lib/python3.11/site-packages/selenium/webdriver/remote/webelement.py:508: in _execute
    return self._parent.execute(command, params)
           ^^^^^^^^^^^^^^^^^^^^^^^^^^^^^^^^^^^^^
venv/lib/python3.11/site-packages/selenium/webdriver/remote/webdriver.py:468: in execute
    self.error_handler.check_response(response)
venv/lib/python3.11/site-packages/selenium/webdriver/remote/errorhandler.py:232: in check_response
    raise exception_class(message, screen, stacktrace)
E   selenium.common.exceptions.StaleElementReferenceException: Message: stale element reference: stale element not found in the current frame
E     (Session info: chrome=150.0.7871.187); For documentation on this error, please visit: https://www.selenium.dev/documentation/webdriver/troubleshooting/errors#staleelementreferenceexception
E   Stacktrace:
E   0   chromedriver                        0x00000001030b9a84 cxxbridge1$str$ptr + 3195292
E   1   chromedriver                        0x00000001030b1b4c cxxbridge1$str$ptr + 3162724
E   2   chromedriver                        0x0000000102b5b2a4 _RNvCs9NA52FrZ4pF_7___rustc35___rust_no_alloc_shim_is_unstable_v2 + 73836
E   3   chromedriver                        0x0000000102b61464 _RNvCs9NA52FrZ4pF_7___rustc35___rust_no_alloc_shim_is_unstable_v2 + 98860
E   4   chromedriver                        0x0000000102b63678 _RNvCs9NA52FrZ4pF_7___rustc35___rust_no_alloc_shim_is_unstable_v2 + 107584
E   5   chromedriver                        0x0000000102b63730 _RNvCs9NA52FrZ4pF_7___rustc35___rust_no_alloc_shim_is_unstable_v2 + 107768
E   6   chromedriver                        0x0000000102ba908c _RNvCs9NA52FrZ4pF_7___rustc35___rust_no_alloc_shim_is_unstable_v2 + 392788
E   7   chromedriver                        0x0000000102ba75b4 _RNvCs9NA52FrZ4pF_7___rustc35___rust_no_alloc_shim_is_unstable_v2 + 385916
E   8   chromedriver                        0x0000000102ba5a6c _RNvCs9NA52FrZ4pF_7___rustc35___rust_no_alloc_shim_is_unstable_v2 + 378932
E   9   chromedriver                        0x0000000102ba4e14 _RNvCs9NA52FrZ4pF_7___rustc35___rust_no_alloc_shim_is_unstable_v2 + 375772
E   10  chromedriver                        0x0000000102b9b25c _RNvCs9NA52FrZ4pF_7___rustc35___rust_no_alloc_shim_is_unstable_v2 + 335908
E   11  chromedriver                        0x0000000102b9a934 _RNvCs9NA52FrZ4pF_7___rustc35___rust_no_alloc_shim_is_unstable_v2 + 333564
E   12  chromedriver                        0x0000000102be3030 _RNvCs9NA52FrZ4pF_7___rustc35___rust_no_alloc_shim_is_unstable_v2 + 630264
E   13  chromedriver                        0x0000000102b99434 _RNvCs9NA52FrZ4pF_7___rustc35___rust_no_alloc_shim_is_unstable_v2 + 328188
E   14  chromedriver                        0x0000000103076c40 cxxbridge1$str$ptr + 2921304
E   15  chromedriver                        0x000000010307a3b8 cxxbridge1$str$ptr + 2935504
E   16  chromedriver                        0x000000010305d0f8 cxxbridge1$str$ptr + 2816016
E   17  chromedriver                        0x000000010307ac4c cxxbridge1$str$ptr + 2937700
E   18  chromedriver                        0x000000010304e3b0 cxxbridge1$str$ptr + 2755272
E   19  chromedriver                        0x00000001030a01f4 cxxbridge1$str$ptr + 3090700
E   20  chromedriver                        0x00000001030a0354 cxxbridge1$str$ptr + 3091052
E   21  chromedriver                        0x00000001030b17a4 cxxbridge1$str$ptr + 3161788
E   22  libsystem_pthread.dylib             0x0000000199325c08 _pthread_start + 136
E   23  libsystem_pthread.dylib             0x0000000199320ba8 thread_start + 8
_______________________ test_edit_service_name_persists ________________________
tests/admin_portal/custom_services/test_custom_services_edit.py:48: in test_edit_service_name_persists
    ???
pages/admin_portal/custom_services_page.py:244: in wait_for_service_row
    return self.wait.until(
venv/lib/python3.11/site-packages/selenium/webdriver/support/wait.py:121: in until
    raise TimeoutException(message, screen, stacktrace)
E   selenium.common.exceptions.TimeoutException: Message: 
E   Stacktrace:
E   0   chromedriver                        0x0000000102f2da84 cxxbridge1$str$ptr + 3195292
E   1   chromedriver                        0x0000000102f25b4c cxxbridge1$str$ptr + 3162724
E   2   chromedriver                        0x00000001029cf2a4 _RNvCs9NA52FrZ4pF_7___rustc35___rust_no_alloc_shim_is_unstable_v2 + 73836
E   3   chromedriver                        0x0000000102a17a44 _RNvCs9NA52FrZ4pF_7___rustc35___rust_no_alloc_shim_is_unstable_v2 + 370700
E   4   chromedriver                        0x0000000102a57030 _RNvCs9NA52FrZ4pF_7___rustc35___rust_no_alloc_shim_is_unstable_v2 + 630264
E   5   chromedriver                        0x0000000102a0d434 _RNvCs9NA52FrZ4pF_7___rustc35___rust_no_alloc_shim_is_unstable_v2 + 328188
E   6   chromedriver                        0x0000000102eeac40 cxxbridge1$str$ptr + 2921304
E   7   chromedriver                        0x0000000102eee3b8 cxxbridge1$str$ptr + 2935504
E   8   chromedriver                        0x0000000102ed10f8 cxxbridge1$str$ptr + 2816016
E   9   chromedriver                        0x0000000102eeec4c cxxbridge1$str$ptr + 2937700
E   10  chromedriver                        0x0000000102ec23b0 cxxbridge1$str$ptr + 2755272
E   11  chromedriver                        0x0000000102f141f4 cxxbridge1$str$ptr + 3090700
E   12  chromedriver                        0x0000000102f14354 cxxbridge1$str$ptr + 3091052
E   13  chromedriver                        0x0000000102f257a4 cxxbridge1$str$ptr + 3161788
E   14  libsystem_pthread.dylib             0x0000000199325c08 _pthread_start + 136
E   15  libsystem_pthread.dylib             0x0000000199320ba8 thread_start + 8
_________________________ test_cancel_out_of_edit_form _________________________
tests/admin_portal/custom_services/test_custom_services_edit.py:153: in test_cancel_out_of_edit_form
    ???
tests/admin_portal/custom_services/conftest.py:50: in create_service_if_missing
    page.fill_service_form(
pages/admin_portal/custom_services_page.py:771: in fill_service_form
    self.assign_site_with_price_and_commission(site_name, global_price, global_commission)
pages/admin_portal/custom_services_page.py:622: in assign_site_with_price_and_commission
    price_input.click()
venv/lib/python3.11/site-packages/selenium/webdriver/remote/webelement.py:114: in click
    self._execute(Command.CLICK_ELEMENT)
venv/lib/python3.11/site-packages/selenium/webdriver/remote/webelement.py:508: in _execute
    return self._parent.execute(command, params)
           ^^^^^^^^^^^^^^^^^^^^^^^^^^^^^^^^^^^^^
venv/lib/python3.11/site-packages/selenium/webdriver/remote/webdriver.py:468: in execute
    self.error_handler.check_response(response)
venv/lib/python3.11/site-packages/selenium/webdriver/remote/errorhandler.py:232: in check_response
    raise exception_class(message, screen, stacktrace)
E   selenium.common.exceptions.ElementClickInterceptedException: Message: element click intercepted: Element is not clickable at point (853, 887)
E     (Session info: chrome=150.0.7871.187); For documentation on this error, please visit: https://www.selenium.dev/documentation/webdriver/troubleshooting/errors#elementclickinterceptedexception
E   Stacktrace:
E   0   chromedriver                        0x0000000100775a84 cxxbridge1$str$ptr + 3195292
E   1   chromedriver                        0x000000010076db4c cxxbridge1$str$ptr + 3162724
E   2   chromedriver                        0x00000001002172a4 _RNvCs9NA52FrZ4pF_7___rustc35___rust_no_alloc_shim_is_unstable_v2 + 73836
E   3   chromedriver                        0x0000000100265154 _RNvCs9NA52FrZ4pF_7___rustc35___rust_no_alloc_shim_is_unstable_v2 + 392988
E   4   chromedriver                        0x00000001002639c0 _RNvCs9NA52FrZ4pF_7___rustc35___rust_no_alloc_shim_is_unstable_v2 + 386952
E   5   chromedriver                        0x0000000100261a6c _RNvCs9NA52FrZ4pF_7___rustc35___rust_no_alloc_shim_is_unstable_v2 + 378932
E   6   chromedriver                        0x0000000100260e14 _RNvCs9NA52FrZ4pF_7___rustc35___rust_no_alloc_shim_is_unstable_v2 + 375772
E   7   chromedriver                        0x0000000100256eac _RNvCs9NA52FrZ4pF_7___rustc35___rust_no_alloc_shim_is_unstable_v2 + 334964
E   8   chromedriver                        0x0000000100256934 _RNvCs9NA52FrZ4pF_7___rustc35___rust_no_alloc_shim_is_unstable_v2 + 333564
E   9   chromedriver                        0x000000010029f030 _RNvCs9NA52FrZ4pF_7___rustc35___rust_no_alloc_shim_is_unstable_v2 + 630264
E   10  chromedriver                        0x0000000100255434 _RNvCs9NA52FrZ4pF_7___rustc35___rust_no_alloc_shim_is_unstable_v2 + 328188
E   11  chromedriver                        0x0000000100732c40 cxxbridge1$str$ptr + 2921304
E   12  chromedriver                        0x00000001007363b8 cxxbridge1$str$ptr + 2935504
E   13  chromedriver                        0x00000001007190f8 cxxbridge1$str$ptr + 2816016
E   14  chromedriver                        0x0000000100736c4c cxxbridge1$str$ptr + 2937700
E   15  chromedriver                        0x000000010070a3b0 cxxbridge1$str$ptr + 2755272
E   16  chromedriver                        0x000000010075c1f4 cxxbridge1$str$ptr + 3090700
E   17  chromedriver                        0x000000010075c354 cxxbridge1$str$ptr + 3091052
E   18  chromedriver                        0x000000010076d7a4 cxxbridge1$str$ptr + 3161788
E   19  libsystem_pthread.dylib             0x0000000199325c08 _pthread_start + 136
E   20  libsystem_pthread.dylib             0x0000000199320ba8 thread_start + 8
________________ test_new_service_global_price_visible_in_list _________________
tests/admin_portal/custom_services/test_custom_services_positive.py:91: in test_new_service_global_price_visible_in_list
    page = create_service_if_missing(browser)
           ^^^^^^^^^^^^^^^^^^^^^^^^^^^^^^^^^^
tests/admin_portal/custom_services/conftest.py:50: in create_service_if_missing
    page.fill_service_form(
pages/admin_portal/custom_services_page.py:771: in fill_service_form
    self.assign_site_with_price_and_commission(site_name, global_price, global_commission)
pages/admin_portal/custom_services_page.py:622: in assign_site_with_price_and_commission
    price_input.click()
venv/lib/python3.11/site-packages/selenium/webdriver/remote/webelement.py:114: in click
    self._execute(Command.CLICK_ELEMENT)
venv/lib/python3.11/site-packages/selenium/webdriver/remote/webelement.py:508: in _execute
    return self._parent.execute(command, params)
           ^^^^^^^^^^^^^^^^^^^^^^^^^^^^^^^^^^^^^
venv/lib/python3.11/site-packages/selenium/webdriver/remote/webdriver.py:468: in execute
    self.error_handler.check_response(response)
venv/lib/python3.11/site-packages/selenium/webdriver/remote/errorhandler.py:232: in check_response
    raise exception_class(message, screen, stacktrace)
E   selenium.common.exceptions.ElementClickInterceptedException: Message: element click intercepted: Element is not clickable at point (853, 887)
E     (Session info: chrome=150.0.7871.187); For documentation on this error, please visit: https://www.selenium.dev/documentation/webdriver/troubleshooting/errors#elementclickinterceptedexception
E   Stacktrace:
E   0   chromedriver                        0x0000000101239a84 cxxbridge1$str$ptr + 3195292
E   1   chromedriver                        0x0000000101231b4c cxxbridge1$str$ptr + 3162724
E   2   chromedriver                        0x0000000100cdb2a4 _RNvCs9NA52FrZ4pF_7___rustc35___rust_no_alloc_shim_is_unstable_v2 + 73836
E   3   chromedriver                        0x0000000100d29154 _RNvCs9NA52FrZ4pF_7___rustc35___rust_no_alloc_shim_is_unstable_v2 + 392988
E   4   chromedriver                        0x0000000100d279c0 _RNvCs9NA52FrZ4pF_7___rustc35___rust_no_alloc_shim_is_unstable_v2 + 386952
E   5   chromedriver                        0x0000000100d25a6c _RNvCs9NA52FrZ4pF_7___rustc35___rust_no_alloc_shim_is_unstable_v2 + 378932
E   6   chromedriver                        0x0000000100d24e14 _RNvCs9NA52FrZ4pF_7___rustc35___rust_no_alloc_shim_is_unstable_v2 + 375772
E   7   chromedriver                        0x0000000100d1aeac _RNvCs9NA52FrZ4pF_7___rustc35___rust_no_alloc_shim_is_unstable_v2 + 334964
E   8   chromedriver                        0x0000000100d1a934 _RNvCs9NA52FrZ4pF_7___rustc35___rust_no_alloc_shim_is_unstable_v2 + 333564
E   9   chromedriver                        0x0000000100d63030 _RNvCs9NA52FrZ4pF_7___rustc35___rust_no_alloc_shim_is_unstable_v2 + 630264
E   10  chromedriver                        0x0000000100d19434 _RNvCs9NA52FrZ4pF_7___rustc35___rust_no_alloc_shim_is_unstable_v2 + 328188
E   11  chromedriver                        0x00000001011f6c40 cxxbridge1$str$ptr + 2921304
E   12  chromedriver                        0x00000001011fa3b8 cxxbridge1$str$ptr + 2935504
E   13  chromedriver                        0x00000001011dd0f8 cxxbridge1$str$ptr + 2816016
E   14  chromedriver                        0x00000001011fac4c cxxbridge1$str$ptr + 2937700
E   15  chromedriver                        0x00000001011ce3b0 cxxbridge1$str$ptr + 2755272
E   16  chromedriver                        0x00000001012201f4 cxxbridge1$str$ptr + 3090700
E   17  chromedriver                        0x0000000101220354 cxxbridge1$str$ptr + 3091052
E   18  chromedriver                        0x00000001012317a4 cxxbridge1$str$ptr + 3161788
E   19  libsystem_pthread.dylib             0x0000000199325c08 _pthread_start + 136
E   20  libsystem_pthread.dylib             0x0000000199320ba8 thread_start + 8
__________________ test_created_service_persists_after_reload __________________
tests/admin_portal/custom_services/test_custom_services_positive.py:262: in test_created_service_persists_after_reload
    create_service_if_missing(browser)
tests/admin_portal/custom_services/conftest.py:50: in create_service_if_missing
    page.fill_service_form(
pages/admin_portal/custom_services_page.py:771: in fill_service_form
    self.assign_site_with_price_and_commission(site_name, global_price, global_commission)
pages/admin_portal/custom_services_page.py:622: in assign_site_with_price_and_commission
    price_input.click()
venv/lib/python3.11/site-packages/selenium/webdriver/remote/webelement.py:114: in click
    self._execute(Command.CLICK_ELEMENT)
venv/lib/python3.11/site-packages/selenium/webdriver/remote/webelement.py:508: in _execute
    return self._parent.execute(command, params)
           ^^^^^^^^^^^^^^^^^^^^^^^^^^^^^^^^^^^^^
venv/lib/python3.11/site-packages/selenium/webdriver/remote/webdriver.py:468: in execute
    self.error_handler.check_response(response)
venv/lib/python3.11/site-packages/selenium/webdriver/remote/errorhandler.py:232: in check_response
    raise exception_class(message, screen, stacktrace)
E   selenium.common.exceptions.ElementClickInterceptedException: Message: element click intercepted: Element is not clickable at point (853, 887)
E     (Session info: chrome=150.0.7871.187); For documentation on this error, please visit: https://www.selenium.dev/documentation/webdriver/troubleshooting/errors#elementclickinterceptedexception
E   Stacktrace:
E   0   chromedriver                        0x0000000104c89a84 cxxbridge1$str$ptr + 3195292
E   1   chromedriver                        0x0000000104c81b4c cxxbridge1$str$ptr + 3162724
E   2   chromedriver                        0x000000010472b2a4 _RNvCs9NA52FrZ4pF_7___rustc35___rust_no_alloc_shim_is_unstable_v2 + 73836
E   3   chromedriver                        0x0000000104779154 _RNvCs9NA52FrZ4pF_7___rustc35___rust_no_alloc_shim_is_unstable_v2 + 392988
E   4   chromedriver                        0x00000001047779c0 _RNvCs9NA52FrZ4pF_7___rustc35___rust_no_alloc_shim_is_unstable_v2 + 386952
E   5   chromedriver                        0x0000000104775a6c _RNvCs9NA52FrZ4pF_7___rustc35___rust_no_alloc_shim_is_unstable_v2 + 378932
E   6   chromedriver                        0x0000000104774e14 _RNvCs9NA52FrZ4pF_7___rustc35___rust_no_alloc_shim_is_unstable_v2 + 375772
E   7   chromedriver                        0x000000010476aeac _RNvCs9NA52FrZ4pF_7___rustc35___rust_no_alloc_shim_is_unstable_v2 + 334964
E   8   chromedriver                        0x000000010476a934 _RNvCs9NA52FrZ4pF_7___rustc35___rust_no_alloc_shim_is_unstable_v2 + 333564
E   9   chromedriver                        0x00000001047b3030 _RNvCs9NA52FrZ4pF_7___rustc35___rust_no_alloc_shim_is_unstable_v2 + 630264
E   10  chromedriver                        0x0000000104769434 _RNvCs9NA52FrZ4pF_7___rustc35___rust_no_alloc_shim_is_unstable_v2 + 328188
E   11  chromedriver                        0x0000000104c46c40 cxxbridge1$str$ptr + 2921304
E   12  chromedriver                        0x0000000104c4a3b8 cxxbridge1$str$ptr + 2935504
E   13  chromedriver                        0x0000000104c2d0f8 cxxbridge1$str$ptr + 2816016
E   14  chromedriver                        0x0000000104c4ac4c cxxbridge1$str$ptr + 2937700
E   15  chromedriver                        0x0000000104c1e3b0 cxxbridge1$str$ptr + 2755272
E   16  chromedriver                        0x0000000104c701f4 cxxbridge1$str$ptr + 3090700
E   17  chromedriver                        0x0000000104c70354 cxxbridge1$str$ptr + 3091052
E   18  chromedriver                        0x0000000104c817a4 cxxbridge1$str$ptr + 3161788
E   19  libsystem_pthread.dylib             0x0000000199325c08 _pthread_start + 136
E   20  libsystem_pthread.dylib             0x0000000199320ba8 thread_start + 8
________________________ test_search_exact_service_name ________________________
tests/admin_portal/custom_services/test_custom_services_search_filter.py:30: in test_search_exact_service_name
    create_service_if_missing(browser)
tests/admin_portal/custom_services/conftest.py:50: in create_service_if_missing
    page.fill_service_form(
pages/admin_portal/custom_services_page.py:771: in fill_service_form
    self.assign_site_with_price_and_commission(site_name, global_price, global_commission)
pages/admin_portal/custom_services_page.py:622: in assign_site_with_price_and_commission
    price_input.click()
venv/lib/python3.11/site-packages/selenium/webdriver/remote/webelement.py:114: in click
    self._execute(Command.CLICK_ELEMENT)
venv/lib/python3.11/site-packages/selenium/webdriver/remote/webelement.py:508: in _execute
    return self._parent.execute(command, params)
           ^^^^^^^^^^^^^^^^^^^^^^^^^^^^^^^^^^^^^
venv/lib/python3.11/site-packages/selenium/webdriver/remote/webdriver.py:468: in execute
    self.error_handler.check_response(response)
venv/lib/python3.11/site-packages/selenium/webdriver/remote/errorhandler.py:232: in check_response
    raise exception_class(message, screen, stacktrace)
E   selenium.common.exceptions.ElementClickInterceptedException: Message: element click intercepted: Element is not clickable at point (853, 887)
E     (Session info: chrome=150.0.7871.187); For documentation on this error, please visit: https://www.selenium.dev/documentation/webdriver/troubleshooting/errors#elementclickinterceptedexception
E   Stacktrace:
E   0   chromedriver                        0x00000001006c9a84 cxxbridge1$str$ptr + 3195292
E   1   chromedriver                        0x00000001006c1b4c cxxbridge1$str$ptr + 3162724
E   2   chromedriver                        0x000000010016b2a4 _RNvCs9NA52FrZ4pF_7___rustc35___rust_no_alloc_shim_is_unstable_v2 + 73836
E   3   chromedriver                        0x00000001001b9154 _RNvCs9NA52FrZ4pF_7___rustc35___rust_no_alloc_shim_is_unstable_v2 + 392988
E   4   chromedriver                        0x00000001001b79c0 _RNvCs9NA52FrZ4pF_7___rustc35___rust_no_alloc_shim_is_unstable_v2 + 386952
E   5   chromedriver                        0x00000001001b5a6c _RNvCs9NA52FrZ4pF_7___rustc35___rust_no_alloc_shim_is_unstable_v2 + 378932
E   6   chromedriver                        0x00000001001b4e14 _RNvCs9NA52FrZ4pF_7___rustc35___rust_no_alloc_shim_is_unstable_v2 + 375772
E   7   chromedriver                        0x00000001001aaeac _RNvCs9NA52FrZ4pF_7___rustc35___rust_no_alloc_shim_is_unstable_v2 + 334964
E   8   chromedriver                        0x00000001001aa934 _RNvCs9NA52FrZ4pF_7___rustc35___rust_no_alloc_shim_is_unstable_v2 + 333564
E   9   chromedriver                        0x00000001001f3030 _RNvCs9NA52FrZ4pF_7___rustc35___rust_no_alloc_shim_is_unstable_v2 + 630264
E   10  chromedriver                        0x00000001001a9434 _RNvCs9NA52FrZ4pF_7___rustc35___rust_no_alloc_shim_is_unstable_v2 + 328188
E   11  chromedriver                        0x0000000100686c40 cxxbridge1$str$ptr + 2921304
E   12  chromedriver                        0x000000010068a3b8 cxxbridge1$str$ptr + 2935504
E   13  chromedriver                        0x000000010066d0f8 cxxbridge1$str$ptr + 2816016
E   14  chromedriver                        0x000000010068ac4c cxxbridge1$str$ptr + 2937700
E   15  chromedriver                        0x000000010065e3b0 cxxbridge1$str$ptr + 2755272
E   16  chromedriver                        0x00000001006b01f4 cxxbridge1$str$ptr + 3090700
E   17  chromedriver                        0x00000001006b0354 cxxbridge1$str$ptr + 3091052
E   18  chromedriver                        0x00000001006c17a4 cxxbridge1$str$ptr + 3161788
E   19  libsystem_pthread.dylib             0x0000000199325c08 _pthread_start + 136
E   20  libsystem_pthread.dylib             0x0000000199320ba8 thread_start + 8
_____________________ test_clear_search_restores_full_list _____________________
tests/admin_portal/custom_services/test_custom_services_search_filter.py:69: in test_clear_search_restores_full_list
    create_service_if_missing(browser)
tests/admin_portal/custom_services/conftest.py:50: in create_service_if_missing
    page.fill_service_form(
pages/admin_portal/custom_services_page.py:771: in fill_service_form
    self.assign_site_with_price_and_commission(site_name, global_price, global_commission)
pages/admin_portal/custom_services_page.py:622: in assign_site_with_price_and_commission
    price_input.click()
venv/lib/python3.11/site-packages/selenium/webdriver/remote/webelement.py:114: in click
    self._execute(Command.CLICK_ELEMENT)
venv/lib/python3.11/site-packages/selenium/webdriver/remote/webelement.py:508: in _execute
    return self._parent.execute(command, params)
           ^^^^^^^^^^^^^^^^^^^^^^^^^^^^^^^^^^^^^
venv/lib/python3.11/site-packages/selenium/webdriver/remote/webdriver.py:468: in execute
    self.error_handler.check_response(response)
venv/lib/python3.11/site-packages/selenium/webdriver/remote/errorhandler.py:232: in check_response
    raise exception_class(message, screen, stacktrace)
E   selenium.common.exceptions.ElementClickInterceptedException: Message: element click intercepted: Element is not clickable at point (853, 887)
E     (Session info: chrome=150.0.7871.187); For documentation on this error, please visit: https://www.selenium.dev/documentation/webdriver/troubleshooting/errors#elementclickinterceptedexception
E   Stacktrace:
E   0   chromedriver                        0x00000001047e5a84 cxxbridge1$str$ptr + 3195292
E   1   chromedriver                        0x00000001047ddb4c cxxbridge1$str$ptr + 3162724
E   2   chromedriver                        0x00000001042872a4 _RNvCs9NA52FrZ4pF_7___rustc35___rust_no_alloc_shim_is_unstable_v2 + 73836
E   3   chromedriver                        0x00000001042d5154 _RNvCs9NA52FrZ4pF_7___rustc35___rust_no_alloc_shim_is_unstable_v2 + 392988
E   4   chromedriver                        0x00000001042d39c0 _RNvCs9NA52FrZ4pF_7___rustc35___rust_no_alloc_shim_is_unstable_v2 + 386952
E   5   chromedriver                        0x00000001042d1a6c _RNvCs9NA52FrZ4pF_7___rustc35___rust_no_alloc_shim_is_unstable_v2 + 378932
E   6   chromedriver                        0x00000001042d0e14 _RNvCs9NA52FrZ4pF_7___rustc35___rust_no_alloc_shim_is_unstable_v2 + 375772
E   7   chromedriver                        0x00000001042c6eac _RNvCs9NA52FrZ4pF_7___rustc35___rust_no_alloc_shim_is_unstable_v2 + 334964
E   8   chromedriver                        0x00000001042c6934 _RNvCs9NA52FrZ4pF_7___rustc35___rust_no_alloc_shim_is_unstable_v2 + 333564
E   9   chromedriver                        0x000000010430f030 _RNvCs9NA52FrZ4pF_7___rustc35___rust_no_alloc_shim_is_unstable_v2 + 630264
E   10  chromedriver                        0x00000001042c5434 _RNvCs9NA52FrZ4pF_7___rustc35___rust_no_alloc_shim_is_unstable_v2 + 328188
E   11  chromedriver                        0x00000001047a2c40 cxxbridge1$str$ptr + 2921304
E   12  chromedriver                        0x00000001047a63b8 cxxbridge1$str$ptr + 2935504
E   13  chromedriver                        0x00000001047890f8 cxxbridge1$str$ptr + 2816016
E   14  chromedriver                        0x00000001047a6c4c cxxbridge1$str$ptr + 2937700
E   15  chromedriver                        0x000000010477a3b0 cxxbridge1$str$ptr + 2755272
E   16  chromedriver                        0x00000001047cc1f4 cxxbridge1$str$ptr + 3090700
E   17  chromedriver                        0x00000001047cc354 cxxbridge1$str$ptr + 3091052
E   18  chromedriver                        0x00000001047dd7a4 cxxbridge1$str$ptr + 3161788
E   19  libsystem_pthread.dylib             0x0000000199325c08 _pthread_start + 136
E   20  libsystem_pthread.dylib             0x0000000199320ba8 thread_start + 8
_____________________ test_filter_by_site_narrows_results ______________________
tests/admin_portal/custom_services/test_custom_services_search_filter.py:83: in test_filter_by_site_narrows_results
    create_service_if_missing(browser)
tests/admin_portal/custom_services/conftest.py:50: in create_service_if_missing
    page.fill_service_form(
pages/admin_portal/custom_services_page.py:771: in fill_service_form
    self.assign_site_with_price_and_commission(site_name, global_price, global_commission)
pages/admin_portal/custom_services_page.py:622: in assign_site_with_price_and_commission
    price_input.click()
venv/lib/python3.11/site-packages/selenium/webdriver/remote/webelement.py:114: in click
    self._execute(Command.CLICK_ELEMENT)
venv/lib/python3.11/site-packages/selenium/webdriver/remote/webelement.py:508: in _execute
    return self._parent.execute(command, params)
           ^^^^^^^^^^^^^^^^^^^^^^^^^^^^^^^^^^^^^
venv/lib/python3.11/site-packages/selenium/webdriver/remote/webdriver.py:468: in execute
    self.error_handler.check_response(response)
venv/lib/python3.11/site-packages/selenium/webdriver/remote/errorhandler.py:232: in check_response
    raise exception_class(message, screen, stacktrace)
E   selenium.common.exceptions.ElementClickInterceptedException: Message: element click intercepted: Element is not clickable at point (853, 887)
E     (Session info: chrome=150.0.7871.187); For documentation on this error, please visit: https://www.selenium.dev/documentation/webdriver/troubleshooting/errors#elementclickinterceptedexception
E   Stacktrace:
E   0   chromedriver                        0x0000000102c65a84 cxxbridge1$str$ptr + 3195292
E   1   chromedriver                        0x0000000102c5db4c cxxbridge1$str$ptr + 3162724
E   2   chromedriver                        0x00000001027072a4 _RNvCs9NA52FrZ4pF_7___rustc35___rust_no_alloc_shim_is_unstable_v2 + 73836
E   3   chromedriver                        0x0000000102755154 _RNvCs9NA52FrZ4pF_7___rustc35___rust_no_alloc_shim_is_unstable_v2 + 392988
E   4   chromedriver                        0x00000001027539c0 _RNvCs9NA52FrZ4pF_7___rustc35___rust_no_alloc_shim_is_unstable_v2 + 386952
E   5   chromedriver                        0x0000000102751a6c _RNvCs9NA52FrZ4pF_7___rustc35___rust_no_alloc_shim_is_unstable_v2 + 378932
E   6   chromedriver                        0x0000000102750e14 _RNvCs9NA52FrZ4pF_7___rustc35___rust_no_alloc_shim_is_unstable_v2 + 375772
E   7   chromedriver                        0x0000000102746eac _RNvCs9NA52FrZ4pF_7___rustc35___rust_no_alloc_shim_is_unstable_v2 + 334964
E   8   chromedriver                        0x0000000102746934 _RNvCs9NA52FrZ4pF_7___rustc35___rust_no_alloc_shim_is_unstable_v2 + 333564
E   9   chromedriver                        0x000000010278f030 _RNvCs9NA52FrZ4pF_7___rustc35___rust_no_alloc_shim_is_unstable_v2 + 630264
E   10  chromedriver                        0x0000000102745434 _RNvCs9NA52FrZ4pF_7___rustc35___rust_no_alloc_shim_is_unstable_v2 + 328188
E   11  chromedriver                        0x0000000102c22c40 cxxbridge1$str$ptr + 2921304
E   12  chromedriver                        0x0000000102c263b8 cxxbridge1$str$ptr + 2935504
E   13  chromedriver                        0x0000000102c090f8 cxxbridge1$str$ptr + 2816016
E   14  chromedriver                        0x0000000102c26c4c cxxbridge1$str$ptr + 2937700
E   15  chromedriver                        0x0000000102bfa3b0 cxxbridge1$str$ptr + 2755272
E   16  chromedriver                        0x0000000102c4c1f4 cxxbridge1$str$ptr + 3090700
E   17  chromedriver                        0x0000000102c4c354 cxxbridge1$str$ptr + 3091052
E   18  chromedriver                        0x0000000102c5d7a4 cxxbridge1$str$ptr + 3161788
E   19  libsystem_pthread.dylib             0x0000000199325c08 _pthread_start + 136
E   20  libsystem_pthread.dylib             0x0000000199320ba8 thread_start + 8
______________________ test_reset_filters_clears_filters _______________________
tests/admin_portal/custom_services/test_custom_services_search_filter.py:153: in test_reset_filters_clears_filters
    create_service_if_missing(browser)
tests/admin_portal/custom_services/conftest.py:50: in create_service_if_missing
    page.fill_service_form(
pages/admin_portal/custom_services_page.py:771: in fill_service_form
    self.assign_site_with_price_and_commission(site_name, global_price, global_commission)
pages/admin_portal/custom_services_page.py:622: in assign_site_with_price_and_commission
    price_input.click()
venv/lib/python3.11/site-packages/selenium/webdriver/remote/webelement.py:114: in click
    self._execute(Command.CLICK_ELEMENT)
venv/lib/python3.11/site-packages/selenium/webdriver/remote/webelement.py:508: in _execute
    return self._parent.execute(command, params)
           ^^^^^^^^^^^^^^^^^^^^^^^^^^^^^^^^^^^^^
venv/lib/python3.11/site-packages/selenium/webdriver/remote/webdriver.py:468: in execute
    self.error_handler.check_response(response)
venv/lib/python3.11/site-packages/selenium/webdriver/remote/errorhandler.py:232: in check_response
    raise exception_class(message, screen, stacktrace)
E   selenium.common.exceptions.ElementClickInterceptedException: Message: element click intercepted: Element is not clickable at point (853, 887)
E     (Session info: chrome=150.0.7871.187); For documentation on this error, please visit: https://www.selenium.dev/documentation/webdriver/troubleshooting/errors#elementclickinterceptedexception
E   Stacktrace:
E   0   chromedriver                        0x00000001027cda84 cxxbridge1$str$ptr + 3195292
E   1   chromedriver                        0x00000001027c5b4c cxxbridge1$str$ptr + 3162724
E   2   chromedriver                        0x000000010226f2a4 _RNvCs9NA52FrZ4pF_7___rustc35___rust_no_alloc_shim_is_unstable_v2 + 73836
E   3   chromedriver                        0x00000001022bd154 _RNvCs9NA52FrZ4pF_7___rustc35___rust_no_alloc_shim_is_unstable_v2 + 392988
E   4   chromedriver                        0x00000001022bb9c0 _RNvCs9NA52FrZ4pF_7___rustc35___rust_no_alloc_shim_is_unstable_v2 + 386952
E   5   chromedriver                        0x00000001022b9a6c _RNvCs9NA52FrZ4pF_7___rustc35___rust_no_alloc_shim_is_unstable_v2 + 378932
E   6   chromedriver                        0x00000001022b8e14 _RNvCs9NA52FrZ4pF_7___rustc35___rust_no_alloc_shim_is_unstable_v2 + 375772
E   7   chromedriver                        0x00000001022aeeac _RNvCs9NA52FrZ4pF_7___rustc35___rust_no_alloc_shim_is_unstable_v2 + 334964
E   8   chromedriver                        0x00000001022ae934 _RNvCs9NA52FrZ4pF_7___rustc35___rust_no_alloc_shim_is_unstable_v2 + 333564
E   9   chromedriver                        0x00000001022f7030 _RNvCs9NA52FrZ4pF_7___rustc35___rust_no_alloc_shim_is_unstable_v2 + 630264
E   10  chromedriver                        0x00000001022ad434 _RNvCs9NA52FrZ4pF_7___rustc35___rust_no_alloc_shim_is_unstable_v2 + 328188
E   11  chromedriver                        0x000000010278ac40 cxxbridge1$str$ptr + 2921304
E   12  chromedriver                        0x000000010278e3b8 cxxbridge1$str$ptr + 2935504
E   13  chromedriver                        0x00000001027710f8 cxxbridge1$str$ptr + 2816016
E   14  chromedriver                        0x000000010278ec4c cxxbridge1$str$ptr + 2937700
E   15  chromedriver                        0x00000001027623b0 cxxbridge1$str$ptr + 2755272
E   16  chromedriver                        0x00000001027b41f4 cxxbridge1$str$ptr + 3090700
E   17  chromedriver                        0x00000001027b4354 cxxbridge1$str$ptr + 3091052
E   18  chromedriver                        0x00000001027c57a4 cxxbridge1$str$ptr + 3161788
E   19  libsystem_pthread.dylib             0x0000000199325c08 _pthread_start + 136
E   20  libsystem_pthread.dylib             0x0000000199320ba8 thread_start + 8
_______________ test_duplicate_service_name_documents_behaviour ________________
tests/admin_portal/custom_services/test_custom_services_validation.py:103: in test_duplicate_service_name_documents_behaviour
    create_service_if_missing(browser)
tests/admin_portal/custom_services/conftest.py:50: in create_service_if_missing
    page.fill_service_form(
pages/admin_portal/custom_services_page.py:771: in fill_service_form
    self.assign_site_with_price_and_commission(site_name, global_price, global_commission)
pages/admin_portal/custom_services_page.py:622: in assign_site_with_price_and_commission
    price_input.click()
venv/lib/python3.11/site-packages/selenium/webdriver/remote/webelement.py:114: in click
    self._execute(Command.CLICK_ELEMENT)
venv/lib/python3.11/site-packages/selenium/webdriver/remote/webelement.py:508: in _execute
    return self._parent.execute(command, params)
           ^^^^^^^^^^^^^^^^^^^^^^^^^^^^^^^^^^^^^
venv/lib/python3.11/site-packages/selenium/webdriver/remote/webdriver.py:468: in execute
    self.error_handler.check_response(response)
venv/lib/python3.11/site-packages/selenium/webdriver/remote/errorhandler.py:232: in check_response
    raise exception_class(message, screen, stacktrace)
E   selenium.common.exceptions.ElementClickInterceptedException: Message: element click intercepted: Element is not clickable at point (853, 887)
E     (Session info: chrome=150.0.7871.187); For documentation on this error, please visit: https://www.selenium.dev/documentation/webdriver/troubleshooting/errors#elementclickinterceptedexception
E   Stacktrace:
E   0   chromedriver                        0x0000000100c8da84 cxxbridge1$str$ptr + 3195292
E   1   chromedriver                        0x0000000100c85b4c cxxbridge1$str$ptr + 3162724
E   2   chromedriver                        0x000000010072f2a4 _RNvCs9NA52FrZ4pF_7___rustc35___rust_no_alloc_shim_is_unstable_v2 + 73836
E   3   chromedriver                        0x000000010077d154 _RNvCs9NA52FrZ4pF_7___rustc35___rust_no_alloc_shim_is_unstable_v2 + 392988
E   4   chromedriver                        0x000000010077b9c0 _RNvCs9NA52FrZ4pF_7___rustc35___rust_no_alloc_shim_is_unstable_v2 + 386952
E   5   chromedriver                        0x0000000100779a6c _RNvCs9NA52FrZ4pF_7___rustc35___rust_no_alloc_shim_is_unstable_v2 + 378932
E   6   chromedriver                        0x0000000100778e14 _RNvCs9NA52FrZ4pF_7___rustc35___rust_no_alloc_shim_is_unstable_v2 + 375772
E   7   chromedriver                        0x000000010076eeac _RNvCs9NA52FrZ4pF_7___rustc35___rust_no_alloc_shim_is_unstable_v2 + 334964
E   8   chromedriver                        0x000000010076e934 _RNvCs9NA52FrZ4pF_7___rustc35___rust_no_alloc_shim_is_unstable_v2 + 333564
E   9   chromedriver                        0x00000001007b7030 _RNvCs9NA52FrZ4pF_7___rustc35___rust_no_alloc_shim_is_unstable_v2 + 630264
E   10  chromedriver                        0x000000010076d434 _RNvCs9NA52FrZ4pF_7___rustc35___rust_no_alloc_shim_is_unstable_v2 + 328188
E   11  chromedriver                        0x0000000100c4ac40 cxxbridge1$str$ptr + 2921304
E   12  chromedriver                        0x0000000100c4e3b8 cxxbridge1$str$ptr + 2935504
E   13  chromedriver                        0x0000000100c310f8 cxxbridge1$str$ptr + 2816016
E   14  chromedriver                        0x0000000100c4ec4c cxxbridge1$str$ptr + 2937700
E   15  chromedriver                        0x0000000100c223b0 cxxbridge1$str$ptr + 2755272
E   16  chromedriver                        0x0000000100c741f4 cxxbridge1$str$ptr + 3090700
E   17  chromedriver                        0x0000000100c74354 cxxbridge1$str$ptr + 3091052
E   18  chromedriver                        0x0000000100c857a4 cxxbridge1$str$ptr + 3161788
E   19  libsystem_pthread.dylib             0x0000000199325c08 _pthread_start + 136
E   20  libsystem_pthread.dylib             0x0000000199320ba8 thread_start + 8
- generated xml file: /Users/vk/Documents/NxtWash Automation/nxtwash-automation/reports/runs/20260728_144049/shard-2-junit.xml -
=========================== short test summary info ============================
FAILED tests/admin_portal/kiosk_settings/test_kiosk_list.py::test_kiosk_list_pagination_shows_count
FAILED tests/admin_portal/wash_packages/test_wash_packages_barcode.py::test_duplicate_barcode_behaviour
FAILED tests/admin_portal/wash_packages/test_wash_packages_coverage_gap.py::test_wash_packages_search_variants_and_clear
FAILED tests/admin_portal/wash_packages/test_wash_packages_edge_cases.py::test_wash_package_existing_search_is_repeatable
FAILED tests/admin_portal/wash_packages/test_wash_packages_negative.py::test_create_duplicate_wash_package_is_blocked
FAILED tests/admin_portal/wash_packages/test_wash_packages_positive.py::test_create_active_wash_package
FAILED tests/admin_portal/wash_packages/test_wash_packages_positive.py::test_create_inactive_wash_package
FAILED tests/admin_portal/wash_packages/test_wash_packages_positive.py::test_create_wash_package_without_barcode
FAILED tests/admin_portal/wash_packages/test_wash_packages_positive.py::test_create_wash_package_without_loyalty_points
FAILED tests/admin_portal/wash_packages/test_wash_packages_positive.py::test_create_wash_package_without_discount
FAILED tests/admin_portal/wash_packages/test_wash_packages_positive.py::test_wash_package_settings_persist
FAILED tests/admin_portal/wash_packages/test_wash_packages_search_filter.py::test_wash_packages_existing_search
FAILED tests/admin_portal/wash_packages/test_wash_packages_search_filter.py::test_wash_packages_clear_search_restores_list
FAILED tests/admin_portal/wash_packages/test_wash_packages_search_filter.py::test_filter_by_site_narrows_results
FAILED tests/admin_portal/wash_packages/test_wash_packages_ui.py::test_discount_settings_tab_loads
FAILED tests/admin_portal/custom_services/test_custom_services_dependency.py::test_assigned_site_appears_in_site_grid_after_save
FAILED tests/admin_portal/custom_services/test_custom_services_discount.py::test_multiple_applicable_discounts_can_be_selected
FAILED tests/admin_portal/custom_services/test_custom_services_discount.py::test_discount_tab_accessible_on_edit_form
FAILED tests/admin_portal/custom_services/test_custom_services_discount.py::test_discount_combobox_filters_by_typing
FAILED tests/admin_portal/custom_services/test_custom_services_edit.py::test_edit_service_name_persists
FAILED tests/admin_portal/custom_services/test_custom_services_edit.py::test_cancel_out_of_edit_form
FAILED tests/admin_portal/custom_services/test_custom_services_positive.py::test_new_service_global_price_visible_in_list
FAILED tests/admin_portal/custom_services/test_custom_services_positive.py::test_created_service_persists_after_reload
FAILED tests/admin_portal/custom_services/test_custom_services_search_filter.py::test_search_exact_service_name
FAILED tests/admin_portal/custom_services/test_custom_services_search_filter.py::test_clear_search_restores_full_list
FAILED tests/admin_portal/custom_services/test_custom_services_search_filter.py::test_filter_by_site_narrows_results
FAILED tests/admin_portal/custom_services/test_custom_services_search_filter.py::test_reset_filters_clears_filters
FAILED tests/admin_portal/custom_services/test_custom_services_validation.py::test_duplicate_service_name_documents_behaviour
ERROR tests/admin_portal/redemptions/test_redemptions.py::TestRedemptionsNav::test_page_bar_changes_do_not_navigate_away
ERROR tests/admin_portal/redemptions/test_redemptions.py::TestRedemptionsSummaryCards::test_all_summary_cards_visible
ERROR tests/admin_portal/redemptions/test_redemptions.py::TestRedemptionsAccordionShared::test_section_zero_data_state[sec-memberships]
ERROR tests/admin_portal/redemptions/test_redemptions.py::TestRedemptionsCompWashes::test_comp_washes_summary_cards
ERROR tests/admin_portal/kiosk_settings/test_kiosk_active_connection.py::test_active_toggle_on_shows_active_in_list
ERROR tests/admin_portal/kiosk_settings/test_kiosk_edit.py::test_edit_kiosk_name_persists
ERROR tests/admin_portal/kiosk_settings/test_kiosk_edit.py::test_edit_clear_name_blocked
ERROR tests/admin_portal/kiosk_settings/test_kiosk_list.py::test_kiosk_list_status_column
ERROR tests/admin_portal/kiosk_settings/test_kiosk_search.py::test_search_by_exact_name
ERROR tests/admin_portal/kiosk_settings/test_kiosk_search.py::test_search_by_partial_name
ERROR tests/admin_portal/kiosk_settings/test_kiosk_search.py::test_clear_search_restores_list
ERROR tests/admin_portal/wash_packages/test_wash_packages_barcode.py::test_wash_package_barcode_persists
ERROR tests/admin_portal/wash_packages/test_wash_packages_edit.py::test_edit_wash_package_name_persists
ERROR tests/admin_portal/wash_packages/test_wash_packages_edit.py::test_edit_wash_package_global_price_persists
ERROR tests/admin_portal/wash_packages/test_wash_packages_edit.py::test_edit_wash_package_global_commission_persists
ERROR tests/admin_portal/wash_packages/test_wash_packages_edit.py::test_edit_wash_package_loyalty_points_persist
ERROR tests/admin_portal/wash_packages/test_wash_packages_edit.py::test_edit_wash_package_assigned_sites
ERROR tests/admin_portal/wash_packages/test_wash_packages_edit.py::test_activate_wash_package
ERROR tests/admin_portal/wash_packages/test_wash_packages_edit.py::test_assign_applicable_discount_persists
ERROR tests/admin_portal/wash_packages/test_wash_packages_edit.py::test_assign_multiple_discounts_persist
ERROR tests/admin_portal/wash_packages/test_wash_packages_loyalty.py::test_loyalty_points_awarded_persists
ERROR tests/admin_portal/wash_packages/test_wash_packages_loyalty.py::test_loyalty_points_redeemed_persists
ERROR tests/admin_portal/wash_packages/test_wash_packages_managed.py::test_managed_package_provided_at_baseline
ERROR tests/admin_portal/wash_packages/test_wash_packages_managed.py::test_managed_package_mutation_is_reset_on_teardown
ERROR tests/admin_portal/wash_packages/test_wash_packages_site_assignment.py::test_assign_multiple_sites_persists
ERROR tests/admin_portal/wash_packages/test_wash_packages_site_assignment.py::test_select_all_sites_via_header_checkbox
ERROR tests/admin_portal/wash_packages/test_wash_packages_site_assignment.py::test_global_price_reflected_at_site
ERROR tests/admin_portal/wash_packages/test_wash_packages_site_assignment.py::test_location_price_override_higher_than_global_persists
ERROR tests/admin_portal/wash_packages/test_wash_packages_site_assignment.py::test_location_price_override_lower_than_global_persists
ERROR tests/admin_portal/wash_packages/test_wash_packages_site_assignment.py::test_location_commission_override_persists
ERROR tests/admin_portal/wash_packages/test_wash_packages_site_assignment.py::test_location_commission_higher_than_global_persists
ERROR tests/admin_portal/pos_settings/test_pos_edge_cases.py::test_pos_name_whitespace_trimmed
ERROR tests/admin_portal/custom_services/test_custom_services_discount.py::test_applicable_discount_persists_after_save
ERROR tests/admin_portal/custom_services/test_custom_services_discount.py::test_remove_applicable_discount_persists
ERROR tests/admin_portal/custom_services/test_custom_services_edit.py::test_edit_global_price_persists
ERROR tests/admin_portal/custom_services/test_custom_services_edit.py::test_edit_site_price_override_persists
ERROR tests/admin_portal/custom_services/test_custom_services_edit.py::test_edited_service_persists_after_reload
= 28 failed, 261 passed, 64 skipped, 135 xfailed, 1 xpassed, 37 errors in 18020.72s (5:00:20) =
