2026-07-28 13:48:01,592 INFO nxtwash: Test run starting against 'staging' environment
============================= test session starts ==============================
platform darwin -- Python 3.11.2, pytest-9.0.3, pluggy-1.6.0 -- /Users/vk/Documents/NxtWash Automation/nxtwash-automation/venv/bin/python
cachedir: .pytest_cache
metadata: {'Python': '3.11.2', 'Platform': 'macOS-26.2-arm64-arm-64bit', 'Packages': {'pytest': '9.0.3', 'pluggy': '1.6.0'}, 'Plugins': {'html': '4.1.1', 'allure-pytest': '2.16.0', 'xdist': '3.8.0', 'Faker': '40.19.1', 'timeout': '2.4.0', 'metadata': '3.1.1', 'rerunfailures': '15.1'}}
rootdir: /Users/vk/Documents/NxtWash Automation/nxtwash-automation
configfile: pytest.ini
plugins: html-4.1.1, allure-pytest-2.16.0, xdist-3.8.0, Faker-40.19.1, timeout-2.4.0, metadata-3.1.1, rerunfailures-15.1
timeout: 420.0s
timeout method: signal
timeout func_only: False
collecting ... collected 519 items

tests/admin_portal/revenue_overview/test_revenue_overview.py::test_page_loads_at_correct_url PASSED [  0%]
tests/admin_portal/revenue_overview/test_revenue_overview.py::test_filter_modal_auto_opens PASSED [  0%]
tests/admin_portal/revenue_overview/test_revenue_overview.py::test_modal_contains_all_controls PASSED [  0%]
tests/admin_portal/revenue_overview/test_revenue_overview.py::test_metrics_shell_renders_behind_modal PASSED [  0%]
tests/admin_portal/revenue_overview/test_revenue_overview.py::test_page_title_and_info_icon_render PASSED [  0%]
tests/admin_portal/revenue_overview/test_revenue_overview.py::test_sidebar_highlights_active_item PASSED [  1%]
tests/admin_portal/revenue_overview/test_revenue_overview.py::test_sites_dropdown_lists_all_active_sites PASSED [  1%]
tests/admin_portal/revenue_overview/test_revenue_overview.py::test_date_preset_dropdown_lists_seven_options PASSED [  1%]
tests/admin_portal/revenue_overview/test_revenue_overview.py::test_modal_opens_with_default_state PASSED [  1%]
tests/admin_portal/revenue_overview/test_revenue_overview.py::test_changing_preset_auto_updates_date_range PASSED [  1%]
tests/admin_portal/revenue_overview/test_revenue_overview.py::test_single_day_checkbox_switches_to_single_date PASSED [  2%]
tests/admin_portal/revenue_overview/test_revenue_overview.py::test_apply_filters_closes_modal_and_renders_metrics PASSED [  2%]
tests/admin_portal/revenue_overview/test_revenue_overview.py::test_filter_values_reflected_in_page_level_bar PASSED [  2%]
tests/admin_portal/revenue_overview/test_revenue_overview.py::test_modal_does_not_reopen_from_page_level_bar PASSED [  2%]
tests/admin_portal/revenue_overview/test_revenue_overview.py::test_page_level_sites_dropdown_lists_all_sites PASSED [  2%]
tests/admin_portal/revenue_overview/test_revenue_overview.py::test_selecting_single_site_scopes_all_sections PASSED [  3%]
tests/admin_portal/revenue_overview/test_revenue_overview.py::test_selecting_multiple_sites_aggregates_revenue PASSED [  3%]
tests/admin_portal/revenue_overview/test_revenue_overview.py::test_selected_sites_render_as_chips PASSED [  3%]
tests/admin_portal/revenue_overview/test_revenue_overview.py::test_overflow_counter_chip_shown_for_many_sites PASSED [  3%]
tests/admin_portal/revenue_overview/test_revenue_overview.py::test_selected_options_highlighted_in_dropdown XFAIL_site-select__option--is-
selected) — verify in DevTools before removing xfail.)                   [  3%]
tests/admin_portal/revenue_overview/test_revenue_overview.py::test_deselecting_option_removes_it PASSED [  4%]
tests/admin_portal/revenue_overview/test_revenue_overview.py::test_clear_control_removes_all_chips XFAIL_site-select__clear-indicator) — verify
in DevTools before removing xfail.)                                      [  4%]
tests/admin_portal/revenue_overview/test_revenue_overview.py::test_clearing_sites_shows_empty_state PASSED [  4%]
tests/admin_portal/revenue_overview/test_revenue_overview.py::test_site_dropdown_scrolls_for_many_sites PASSED [  4%]
tests/admin_portal/revenue_overview/test_revenue_overview.py::test_site_change_auto_applies_no_apply_button PASSED [  4%]
tests/admin_portal/revenue_overview/test_revenue_overview.py::test_deactivated_sites_not_in_dropdown PASSED [  5%]
tests/admin_portal/revenue_overview/test_revenue_overview.py::test_page_level_preset_lists_seven_options PASSED [  5%]
tests/admin_portal/revenue_overview/test_revenue_overview.py::test_preset_updates_range_and_data[RVO-DTE-002] PASSED [  5%]
tests/admin_portal/revenue_overview/test_revenue_overview.py::test_preset_updates_range_and_data[RVO-DTE-003] PASSED [  5%]
tests/admin_portal/revenue_overview/test_revenue_overview.py::test_preset_updates_range_and_data[RVO-DTE-004] PASSED [  5%]
tests/admin_portal/revenue_overview/test_revenue_overview.py::test_preset_updates_range_and_data[RVO-DTE-005] PASSED [  5%]
tests/admin_portal/revenue_overview/test_revenue_overview.py::test_preset_updates_range_and_data[RVO-DTE-006] PASSED [  6%]
tests/admin_portal/revenue_overview/test_revenue_overview.py::test_preset_updates_range_and_data[RVO-DTE-007] PASSED [  6%]
tests/admin_portal/revenue_overview/test_revenue_overview.py::test_preset_updates_range_and_data[RVO-DTE-008] PASSED [  6%]
tests/admin_portal/revenue_overview/test_revenue_overview.py::test_custom_range_switches_preset_to_custom PASSED [  6%]
tests/admin_portal/revenue_overview/test_revenue_overview.py::test_date_range_field_opens_calendar_picker PASSED [  6%]
tests/admin_portal/revenue_overview/test_revenue_overview.py::test_future_dates_disabled_in_calendar XFAILass heuristics — verify calendar day
button DOM in DevTools before removing xfail.)                           [  7%]
tests/admin_portal/revenue_overview/test_revenue_overview.py::test_year_selector_visible_in_calendar XFAILfy calendar year control DOM in
DevTools before removing xfail.)                                         [  7%]
tests/admin_portal/revenue_overview/test_revenue_overview.py::test_date_preset_auto_applies_on_metrics_screen PASSED [  7%]
tests/admin_portal/revenue_overview/test_revenue_overview.py::test_custom_range_same_start_end PASSED [  7%]
tests/admin_portal/revenue_overview/test_revenue_overview.py::test_month_boundary_date_range PASSED [  7%]
tests/admin_portal/revenue_overview/test_revenue_overview.py::test_five_kpi_cards_render PASSED [  8%]
tests/admin_portal/revenue_overview/test_revenue_overview.py::test_kpi_cards_show_zero_when_no_data PASSED [  8%]
tests/admin_portal/revenue_overview/test_revenue_overview.py::test_kpi_values_update_on_site_change PASSED [  8%]
tests/admin_portal/revenue_overview/test_revenue_overview.py::test_kpi_values_update_on_date_change PASSED [  8%]
tests/admin_portal/revenue_overview/test_revenue_overview.py::test_kpi_values_currency_format PASSED [  8%]
tests/admin_portal/revenue_overview/test_revenue_overview.py::test_chart_renders_when_data_exists PASSED [  9%]
tests/admin_portal/revenue_overview/test_revenue_overview.py::test_chart_shows_no_info_when_no_data PASSED [  9%]
tests/admin_portal/revenue_overview/test_revenue_overview.py::test_legend_lists_all_series PASSED [  9%]
tests/admin_portal/revenue_overview/test_revenue_overview.py::test_hover_segment_shows_tooltip PASSED [  9%]
tests/admin_portal/revenue_overview/test_revenue_overview.py::test_hover_updates_centre_label PASSED [  9%]
tests/admin_portal/revenue_overview/test_revenue_overview.py::test_centre_label_resets_on_pointer_leave XPASSart-library specific — verify in
DevTools before removing xfail.)                                         [ 10%]
tests/admin_portal/revenue_overview/test_revenue_overview.py::test_legend_toggle_hides_segment SKIPPED [ 10%]
tests/admin_portal/revenue_overview/test_revenue_overview.py::test_centre_label_not_recalculated_after_legend_toggle SKIPPED [ 10%]
tests/admin_portal/revenue_overview/test_revenue_overview.py::test_hiding_all_legend_series_no_error SKIPPED [ 10%]
tests/admin_portal/revenue_overview/test_revenue_overview.py::test_segment_colours_are_stable PASSED [ 10%]
tests/admin_portal/revenue_overview/test_revenue_overview.py::test_zero_revenue_series_in_legend_no_arc PASSED [ 10%]
tests/admin_portal/revenue_overview/test_revenue_overview.py::test_chart_rerenders_on_filter_change PASSED [ 11%]
tests/admin_portal/revenue_overview/test_revenue_overview.py::test_membership_tab_displayed_with_count PASSED [ 11%]
tests/admin_portal/revenue_overview/test_revenue_overview.py::test_membership_tab_selected_by_default PASSED [ 11%]
tests/admin_portal/revenue_overview/test_revenue_overview.py::test_membership_tab_shows_three_subtabs PASSED [ 11%]
tests/admin_portal/revenue_overview/test_revenue_overview.py::test_all_membership_subtabs_clickable 2026-07-28 14:04:45,538 ERROR nxtwash: Test FAILED: tests/admin_portal/revenue_overview/test_revenue_overview.py::test_all_membership_subtabs_clickable (url: https://staging.nxtwash.com/reports/detailed/revenue)

-------------------------------- live log call ---------------------------------
ERROR    nxtwash:conftest.py:241 Test FAILED: tests/admin_portal/revenue_overview/test_revenue_overview.py::test_all_membership_subtabs_clickable (url: https://staging.nxtwash.com/reports/detailed/revenue)
2026-07-28 14:04:46,146 ERROR nxtwash: Visible page text at failure:
Revenue Metrics
Sites / Locations
VK Test carwash 2
VK AL02
VK Test Wash 01
VK Test carwash 2
test123 udpated
VK AL02
VK AL03
VK ZT c26508
VK AL20
VK AL21
VK AL22
Export XLSX
This month
Select date range
Single day
Total Revenue
$190.00
New Members
$0.00
Recharges
$0.00
Resignups
$0.00
Retail Sales
$190.00
Revenue distribution
Membership Revenue
3
Retail Revenue
7
New Sales
1
Recharges
0
Resignups
2
Wash Prepaid
$0.00
1 items
0.0% of total net revenue
ERROR    nxtwash:conftest.py:256 Visible page text at failure:
Revenue Metrics
Sites / Locations
VK Test carwash 2
VK AL02
VK Test Wash 01
VK Test carwash 2
test123 udpated
VK AL02
VK AL03
VK ZT c26508
VK AL20
VK AL21
VK AL22
Export XLSX
This month
Select date range
Single day
Total Revenue
$190.00
New Members
$0.00
Recharges
$0.00
Resignups
$0.00
Retail Sales
$190.00
Revenue distribution
Membership Revenue
3
Retail Revenue
7
New Sales
1
Recharges
0
Resignups
2
Wash Prepaid
$0.00
1 items
0.0% of total net revenue
FAILED                                                                   [ 11%]
tests/admin_portal/revenue_overview/test_revenue_overview.py::test_membership_count_invariant PASSED [ 12%]
tests/admin_portal/revenue_overview/test_revenue_overview.py::test_new_sales_subtab_lists_plans 2026-07-28 14:05:36,710 ERROR nxtwash: Test FAILED: tests/admin_portal/revenue_overview/test_revenue_overview.py::test_new_sales_subtab_lists_plans (url: https://staging.nxtwash.com/reports/detailed/revenue)

-------------------------------- live log call ---------------------------------
ERROR    nxtwash:conftest.py:241 Test FAILED: tests/admin_portal/revenue_overview/test_revenue_overview.py::test_new_sales_subtab_lists_plans (url: https://staging.nxtwash.com/reports/detailed/revenue)
2026-07-28 14:05:37,326 ERROR nxtwash: Visible page text at failure:
Revenue Metrics
Sites / Locations
VK Test carwash 2
VK AL02
VK Test Wash 01
VK Test carwash 2
test123 udpated
VK AL02
VK AL03
VK ZT c26508
VK AL20
VK AL21
VK AL22
Export XLSX
This month
Select date range
Single day
Total Revenue
$190.00
New Members
$0.00
Recharges
$0.00
Resignups
$0.00
Retail Sales
$190.00
Revenue distribution
Membership Revenue
3
Retail Revenue
7
New Sales
1
Recharges
0
Resignups
2
Wash Prepaid
$0.00
1 items
0.0% of total net revenue
ERROR    nxtwash:conftest.py:256 Visible page text at failure:
Revenue Metrics
Sites / Locations
VK Test carwash 2
VK AL02
VK Test Wash 01
VK Test carwash 2
test123 udpated
VK AL02
VK AL03
VK ZT c26508
VK AL20
VK AL21
VK AL22
Export XLSX
This month
Select date range
Single day
Total Revenue
$190.00
New Members
$0.00
Recharges
$0.00
Resignups
$0.00
Retail Sales
$190.00
Revenue distribution
Membership Revenue
3
Retail Revenue
7
New Sales
1
Recharges
0
Resignups
2
Wash Prepaid
$0.00
1 items
0.0% of total net revenue
FAILED                                                                   [ 12%]
tests/admin_portal/revenue_overview/test_revenue_overview.py::test_recharges_subtab_zero_count_renders_cleanly 2026-07-28 14:06:28,773 ERROR nxtwash: Test FAILED: tests/admin_portal/revenue_overview/test_revenue_overview.py::test_recharges_subtab_zero_count_renders_cleanly (url: https://staging.nxtwash.com/reports/detailed/revenue)

-------------------------------- live log call ---------------------------------
ERROR    nxtwash:conftest.py:241 Test FAILED: tests/admin_portal/revenue_overview/test_revenue_overview.py::test_recharges_subtab_zero_count_renders_cleanly (url: https://staging.nxtwash.com/reports/detailed/revenue)
2026-07-28 14:06:29,384 ERROR nxtwash: Visible page text at failure:
Revenue Metrics
Sites / Locations
VK Test carwash 2
VK AL02
VK Test Wash 01
VK Test carwash 2
test123 udpated
VK AL02
VK AL03
VK ZT c26508
VK AL20
VK AL21
VK AL22
Export XLSX
This month
Select date range
Single day
Total Revenue
$190.00
New Members
$0.00
Recharges
$0.00
Resignups
$0.00
Retail Sales
$190.00
Revenue distribution
Membership Revenue
3
Retail Revenue
7
New Sales
1
Recharges
0
Resignups
2
Wash Prepaid
$0.00
1 items
0.0% of total net revenue
ERROR    nxtwash:conftest.py:256 Visible page text at failure:
Revenue Metrics
Sites / Locations
VK Test carwash 2
VK AL02
VK Test Wash 01
VK Test carwash 2
test123 udpated
VK AL02
VK AL03
VK ZT c26508
VK AL20
VK AL21
VK AL22
Export XLSX
This month
Select date range
Single day
Total Revenue
$190.00
New Members
$0.00
Recharges
$0.00
Resignups
$0.00
Retail Sales
$190.00
Revenue distribution
Membership Revenue
3
Retail Revenue
7
New Sales
1
Recharges
0
Resignups
2
Wash Prepaid
$0.00
1 items
0.0% of total net revenue
FAILED                                                                   [ 12%]
tests/admin_portal/revenue_overview/test_revenue_overview.py::test_resignups_subtab_lists_rows 2026-07-28 14:07:07,465 ERROR nxtwash: Test FAILED: tests/admin_portal/revenue_overview/test_revenue_overview.py::test_resignups_subtab_lists_rows (url: https://staging.nxtwash.com/reports/detailed/revenue)

-------------------------------- live log call ---------------------------------
ERROR    nxtwash:conftest.py:241 Test FAILED: tests/admin_portal/revenue_overview/test_revenue_overview.py::test_resignups_subtab_lists_rows (url: https://staging.nxtwash.com/reports/detailed/revenue)
2026-07-28 14:07:08,083 ERROR nxtwash: Visible page text at failure:
Revenue Metrics
Sites / Locations
VK Test carwash 2
VK AL02
VK Test Wash 01
VK Test carwash 2
test123 udpated
VK AL02
VK AL03
VK ZT c26508
VK AL20
VK AL21
VK AL22
Export XLSX
This month
Select date range
Single day
Total Revenue
$190.00
New Members
$0.00
Recharges
$0.00
Resignups
$0.00
Retail Sales
$190.00
Revenue distribution
Membership Revenue
3
Retail Revenue
7
New Sales
1
Recharges
0
Resignups
2
Wash Prepaid
$0.00
1 items
0.0% of total net revenue
ERROR    nxtwash:conftest.py:256 Visible page text at failure:
Revenue Metrics
Sites / Locations
VK Test carwash 2
VK AL02
VK Test Wash 01
VK Test carwash 2
test123 udpated
VK AL02
VK AL03
VK ZT c26508
VK AL20
VK AL21
VK AL22
Export XLSX
This month
Select date range
Single day
Total Revenue
$190.00
New Members
$0.00
Recharges
$0.00
Resignups
$0.00
Retail Sales
$190.00
Revenue distribution
Membership Revenue
3
Retail Revenue
7
New Sales
1
Recharges
0
Resignups
2
Wash Prepaid
$0.00
1 items
0.0% of total net revenue
FAILED                                                                   [ 12%]
tests/admin_portal/revenue_overview/test_revenue_overview.py::test_subtab_row_count_equals_badge XFAILy list-item locator in DevTools
before removing xfail.)                                                  [ 12%]
tests/admin_portal/revenue_overview/test_revenue_overview.py::test_switching_subtabs_does_not_change_kpi_or_chart 2026-07-28 14:08:19,618 ERROR nxtwash: Test FAILED: tests/admin_portal/revenue_overview/test_revenue_overview.py::test_switching_subtabs_does_not_change_kpi_or_chart (url: https://staging.nxtwash.com/reports/detailed/revenue)

-------------------------------- live log call ---------------------------------
ERROR    nxtwash:conftest.py:241 Test FAILED: tests/admin_portal/revenue_overview/test_revenue_overview.py::test_switching_subtabs_does_not_change_kpi_or_chart (url: https://staging.nxtwash.com/reports/detailed/revenue)
2026-07-28 14:08:20,308 ERROR nxtwash: Visible page text at failure:
Revenue Metrics
Sites / Locations
VK Test carwash 2
VK AL02
VK Test Wash 01
VK Test carwash 2
test123 udpated
VK AL02
VK AL03
VK ZT c26508
VK AL20
VK AL21
VK AL22
Export XLSX
This month
Select date range
Single day
Total Revenue
$190.00
New Members
$0.00
Recharges
$0.00
Resignups
$0.00
Retail Sales
$190.00
Revenue distribution
Membership Revenue
3
Retail Revenue
7
New Sales
1
Recharges
0
Resignups
2
Wash Prepaid
$0.00
1 items
0.0% of total net revenue
ERROR    nxtwash:conftest.py:256 Visible page text at failure:
Revenue Metrics
Sites / Locations
VK Test carwash 2
VK AL02
VK Test Wash 01
VK Test carwash 2
test123 udpated
VK AL02
VK AL03
VK ZT c26508
VK AL20
VK AL21
VK AL22
Export XLSX
This month
Select date range
Single day
Total Revenue
$190.00
New Members
$0.00
Recharges
$0.00
Resignups
$0.00
Retail Sales
$190.00
Revenue distribution
Membership Revenue
3
Retail Revenue
7
New Sales
1
Recharges
0
Resignups
2
Wash Prepaid
$0.00
1 items
0.0% of total net revenue
FAILED                                                                   [ 13%]
tests/admin_portal/revenue_overview/test_revenue_overview.py::test_membership_plan_names_match_module 2026-07-28 14:08:55,593 ERROR nxtwash: Test FAILED: tests/admin_portal/revenue_overview/test_revenue_overview.py::test_membership_plan_names_match_module (url: https://staging.nxtwash.com/reports/detailed/revenue)

-------------------------------- live log call ---------------------------------
ERROR    nxtwash:conftest.py:241 Test FAILED: tests/admin_portal/revenue_overview/test_revenue_overview.py::test_membership_plan_names_match_module (url: https://staging.nxtwash.com/reports/detailed/revenue)
2026-07-28 14:08:56,233 ERROR nxtwash: Visible page text at failure:
Revenue Metrics
Sites / Locations
VK Test carwash 2
VK AL02
VK Test Wash 01
VK Test carwash 2
test123 udpated
VK AL02
VK AL03
VK ZT c26508
VK AL20
VK AL21
VK AL22
Export XLSX
This month
Select date range
Single day
Total Revenue
$190.00
New Members
$0.00
Recharges
$0.00
Resignups
$0.00
Retail Sales
$190.00
Revenue distribution
Membership Revenue
3
Retail Revenue
7
New Sales
1
Recharges
0
Resignups
2
Wash Prepaid
$0.00
1 items
0.0% of total net revenue
ERROR    nxtwash:conftest.py:256 Visible page text at failure:
Revenue Metrics
Sites / Locations
VK Test carwash 2
VK AL02
VK Test Wash 01
VK Test carwash 2
test123 udpated
VK AL02
VK AL03
VK ZT c26508
VK AL20
VK AL21
VK AL22
Export XLSX
This month
Select date range
Single day
Total Revenue
$190.00
New Members
$0.00
Recharges
$0.00
Resignups
$0.00
Retail Sales
$190.00
Revenue distribution
Membership Revenue
3
Retail Revenue
7
New Sales
1
Recharges
0
Resignups
2
Wash Prepaid
$0.00
1 items
0.0% of total net revenue
FAILED                                                                   [ 13%]
tests/admin_portal/revenue_overview/test_revenue_overview.py::test_retail_tab_displayed_with_count PASSED [ 13%]
tests/admin_portal/revenue_overview/test_revenue_overview.py::test_retail_tab_shows_two_subtabs XFAIL 'Wash Package'/'Wash Extra' subtabs not
present on current page)                                                 [ 13%]
tests/admin_portal/revenue_overview/test_revenue_overview.py::test_retail_count_invariant 2026-07-28 14:09:51,476 ERROR nxtwash: Test FAILED: tests/admin_portal/revenue_overview/test_revenue_overview.py::test_retail_count_invariant (url: https://staging.nxtwash.com/reports/detailed/revenue)

-------------------------------- live log call ---------------------------------
ERROR    nxtwash:conftest.py:241 Test FAILED: tests/admin_portal/revenue_overview/test_revenue_overview.py::test_retail_count_invariant (url: https://staging.nxtwash.com/reports/detailed/revenue)
2026-07-28 14:09:52,137 ERROR nxtwash: Visible page text at failure:
Revenue Metrics
Sites / Locations
VK Test carwash 2
VK AL02
VK Test Wash 01
VK Test carwash 2
test123 udpated
VK AL02
VK AL03
VK ZT c26508
VK AL20
VK AL21
VK AL22
Export XLSX
This month
Select date range
Single day
Total Revenue
$190.00
New Members
$0.00
Recharges
$0.00
Resignups
$0.00
Retail Sales
$190.00
Revenue distribution
Membership Revenue
3
Retail Revenue
7
New Sales
1
Recharges
0
Resignups
2
Wash Prepaid
$0.00
1 items
0.0% of total net revenue
ERROR    nxtwash:conftest.py:256 Visible page text at failure:
Revenue Metrics
Sites / Locations
VK Test carwash 2
VK AL02
VK Test Wash 01
VK Test carwash 2
test123 udpated
VK AL02
VK AL03
VK ZT c26508
VK AL20
VK AL21
VK AL22
Export XLSX
This month
Select date range
Single day
Total Revenue
$190.00
New Members
$0.00
Recharges
$0.00
Resignups
$0.00
Retail Sales
$190.00
Revenue distribution
Membership Revenue
3
Retail Revenue
7
New Sales
1
Recharges
0
Resignups
2
Wash Prepaid
$0.00
1 items
0.0% of total net revenue
FAILED                                                                   [ 13%]
tests/admin_portal/revenue_overview/test_revenue_overview.py::test_wash_package_subtab_lists_packages 2026-07-28 14:10:27,006 ERROR nxtwash: Test FAILED: tests/admin_portal/revenue_overview/test_revenue_overview.py::test_wash_package_subtab_lists_packages (url: https://staging.nxtwash.com/reports/detailed/revenue)

-------------------------------- live log call ---------------------------------
ERROR    nxtwash:conftest.py:241 Test FAILED: tests/admin_portal/revenue_overview/test_revenue_overview.py::test_wash_package_subtab_lists_packages (url: https://staging.nxtwash.com/reports/detailed/revenue)
2026-07-28 14:10:27,625 ERROR nxtwash: Visible page text at failure:
Revenue Metrics
Sites / Locations
VK Test carwash 2
VK AL02
VK Test Wash 01
VK Test carwash 2
test123 udpated
VK AL02
VK AL03
VK ZT c26508
VK AL20
VK AL21
VK AL22
Export XLSX
This month
Select date range
Single day
Total Revenue
$190.00
New Members
$0.00
Recharges
$0.00
Resignups
$0.00
Retail Sales
$190.00
Revenue distribution
Membership Revenue
3
Retail Revenue
7
New Sales
1
Recharges
0
Resignups
2
Wash Prepaid
$0.00
1 items
0.0% of total net revenue
ERROR    nxtwash:conftest.py:256 Visible page text at failure:
Revenue Metrics
Sites / Locations
VK Test carwash 2
VK AL02
VK Test Wash 01
VK Test carwash 2
test123 udpated
VK AL02
VK AL03
VK ZT c26508
VK AL20
VK AL21
VK AL22
Export XLSX
This month
Select date range
Single day
Total Revenue
$190.00
New Members
$0.00
Recharges
$0.00
Resignups
$0.00
Retail Sales
$190.00
Revenue distribution
Membership Revenue
3
Retail Revenue
7
New Sales
1
Recharges
0
Resignups
2
Wash Prepaid
$0.00
1 items
0.0% of total net revenue
FAILED                                                                   [ 14%]
tests/admin_portal/revenue_overview/test_revenue_overview.py::test_wash_extra_subtab_lists_extras 2026-07-28 14:11:04,865 ERROR nxtwash: Test FAILED: tests/admin_portal/revenue_overview/test_revenue_overview.py::test_wash_extra_subtab_lists_extras (url: https://staging.nxtwash.com/reports/detailed/revenue)

-------------------------------- live log call ---------------------------------
ERROR    nxtwash:conftest.py:241 Test FAILED: tests/admin_portal/revenue_overview/test_revenue_overview.py::test_wash_extra_subtab_lists_extras (url: https://staging.nxtwash.com/reports/detailed/revenue)
2026-07-28 14:11:05,475 ERROR nxtwash: Visible page text at failure:
Revenue Metrics
Sites / Locations
VK Test carwash 2
VK AL02
VK Test Wash 01
VK Test carwash 2
test123 udpated
VK AL02
VK AL03
VK ZT c26508
VK AL20
VK AL21
VK AL22
Export XLSX
This month
Select date range
Single day
Total Revenue
$190.00
New Members
$0.00
Recharges
$0.00
Resignups
$0.00
Retail Sales
$190.00
Revenue distribution
Membership Revenue
3
Retail Revenue
7
New Sales
1
Recharges
0
Resignups
2
Wash Prepaid
$0.00
1 items
0.0% of total net revenue
ERROR    nxtwash:conftest.py:256 Visible page text at failure:
Revenue Metrics
Sites / Locations
VK Test carwash 2
VK AL02
VK Test Wash 01
VK Test carwash 2
test123 udpated
VK AL02
VK AL03
VK ZT c26508
VK AL20
VK AL21
VK AL22
Export XLSX
This month
Select date range
Single day
Total Revenue
$190.00
New Members
$0.00
Recharges
$0.00
Resignups
$0.00
Retail Sales
$190.00
Revenue distribution
Membership Revenue
3
Retail Revenue
7
New Sales
1
Recharges
0
Resignups
2
Wash Prepaid
$0.00
1 items
0.0% of total net revenue
FAILED                                                                   [ 14%]
tests/admin_portal/revenue_overview/test_revenue_overview.py::test_wash_package_names_match_module 2026-07-28 14:11:41,935 ERROR nxtwash: Test FAILED: tests/admin_portal/revenue_overview/test_revenue_overview.py::test_wash_package_names_match_module (url: https://staging.nxtwash.com/reports/detailed/revenue)

-------------------------------- live log call ---------------------------------
ERROR    nxtwash:conftest.py:241 Test FAILED: tests/admin_portal/revenue_overview/test_revenue_overview.py::test_wash_package_names_match_module (url: https://staging.nxtwash.com/reports/detailed/revenue)
2026-07-28 14:11:42,535 ERROR nxtwash: Visible page text at failure:
Revenue Metrics
Sites / Locations
VK Test carwash 2
VK AL02
VK Test Wash 01
VK Test carwash 2
test123 udpated
VK AL02
VK AL03
VK ZT c26508
VK AL20
VK AL21
VK AL22
Export XLSX
This month
Select date range
Single day
Total Revenue
$190.00
New Members
$0.00
Recharges
$0.00
Resignups
$0.00
Retail Sales
$190.00
Revenue distribution
Membership Revenue
3
Retail Revenue
7
New Sales
1
Recharges
0
Resignups
2
Wash Prepaid
$0.00
1 items
0.0% of total net revenue
ERROR    nxtwash:conftest.py:256 Visible page text at failure:
Revenue Metrics
Sites / Locations
VK Test carwash 2
VK AL02
VK Test Wash 01
VK Test carwash 2
test123 udpated
VK AL02
VK AL03
VK ZT c26508
VK AL20
VK AL21
VK AL22
Export XLSX
This month
Select date range
Single day
Total Revenue
$190.00
New Members
$0.00
Recharges
$0.00
Resignups
$0.00
Retail Sales
$190.00
Revenue distribution
Membership Revenue
3
Retail Revenue
7
New Sales
1
Recharges
0
Resignups
2
Wash Prepaid
$0.00
1 items
0.0% of total net revenue
FAILED                                                                   [ 14%]
tests/admin_portal/revenue_overview/test_revenue_overview.py::test_wash_extra_names_match_module 2026-07-28 14:12:16,471 ERROR nxtwash: Test FAILED: tests/admin_portal/revenue_overview/test_revenue_overview.py::test_wash_extra_names_match_module (url: https://staging.nxtwash.com/reports/detailed/revenue)

-------------------------------- live log call ---------------------------------
ERROR    nxtwash:conftest.py:241 Test FAILED: tests/admin_portal/revenue_overview/test_revenue_overview.py::test_wash_extra_names_match_module (url: https://staging.nxtwash.com/reports/detailed/revenue)
2026-07-28 14:12:17,061 ERROR nxtwash: Visible page text at failure:
Revenue Metrics
Sites / Locations
VK Test carwash 2
VK AL02
VK Test Wash 01
VK Test carwash 2
test123 udpated
VK AL02
VK AL03
VK ZT c26508
VK AL20
VK AL21
VK AL22
Export XLSX
This month
Select date range
Single day
Total Revenue
$190.00
New Members
$0.00
Recharges
$0.00
Resignups
$0.00
Retail Sales
$190.00
Revenue distribution
Membership Revenue
3
Retail Revenue
7
New Sales
1
Recharges
0
Resignups
2
Wash Prepaid
$0.00
1 items
0.0% of total net revenue
ERROR    nxtwash:conftest.py:256 Visible page text at failure:
Revenue Metrics
Sites / Locations
VK Test carwash 2
VK AL02
VK Test Wash 01
VK Test carwash 2
test123 udpated
VK AL02
VK AL03
VK ZT c26508
VK AL20
VK AL21
VK AL22
Export XLSX
This month
Select date range
Single day
Total Revenue
$190.00
New Members
$0.00
Recharges
$0.00
Resignups
$0.00
Retail Sales
$190.00
Revenue distribution
Membership Revenue
3
Retail Revenue
7
New Sales
1
Recharges
0
Resignups
2
Wash Prepaid
$0.00
1 items
0.0% of total net revenue
FAILED                                                                   [ 14%]
tests/admin_portal/revenue_overview/test_revenue_overview.py::test_switching_tabs_preserves_kpi_and_chart PASSED [ 14%]
tests/admin_portal/revenue_overview/test_revenue_overview.py::test_retail_tab_empty_list_when_count_zero PASSED [ 15%]
tests/admin_portal/revenue_overview/test_revenue_overview.py::test_each_row_shows_four_data_points 2026-07-28 14:13:36,554 ERROR nxtwash: Test FAILED: tests/admin_portal/revenue_overview/test_revenue_overview.py::test_each_row_shows_four_data_points (url: https://staging.nxtwash.com/reports/detailed/revenue)

-------------------------------- live log call ---------------------------------
ERROR    nxtwash:conftest.py:241 Test FAILED: tests/admin_portal/revenue_overview/test_revenue_overview.py::test_each_row_shows_four_data_points (url: https://staging.nxtwash.com/reports/detailed/revenue)
2026-07-28 14:13:37,153 ERROR nxtwash: Visible page text at failure:
Revenue Metrics
Sites / Locations
VK Test carwash 2
VK AL02
VK Test Wash 01
VK Test carwash 2
test123 udpated
VK AL02
VK AL03
VK ZT c26508
VK AL20
VK AL21
VK AL22
Export XLSX
This month
Select date range
Single day
Total Revenue
$190.00
New Members
$0.00
Recharges
$0.00
Resignups
$0.00
Retail Sales
$190.00
Revenue distribution
Membership Revenue
3
Retail Revenue
7
New Sales
1
Recharges
0
Resignups
2
Wash Prepaid
$0.00
1 items
0.0% of total net revenue
ERROR    nxtwash:conftest.py:256 Visible page text at failure:
Revenue Metrics
Sites / Locations
VK Test carwash 2
VK AL02
VK Test Wash 01
VK Test carwash 2
test123 udpated
VK AL02
VK AL03
VK ZT c26508
VK AL20
VK AL21
VK AL22
Export XLSX
This month
Select date range
Single day
Total Revenue
$190.00
New Members
$0.00
Recharges
$0.00
Resignups
$0.00
Retail Sales
$190.00
Revenue distribution
Membership Revenue
3
Retail Revenue
7
New Sales
1
Recharges
0
Resignups
2
Wash Prepaid
$0.00
1 items
0.0% of total net revenue
FAILED                                                                   [ 15%]
tests/admin_portal/revenue_overview/test_revenue_overview.py::test_single_item_count_grammar PASSED [ 15%]
tests/admin_portal/revenue_overview/test_revenue_overview.py::test_zero_amount_shows_zero_percent PASSED [ 15%]
tests/admin_portal/revenue_overview/test_revenue_overview.py::test_long_names_truncate_without_breaking 2026-07-28 14:15:02,965 ERROR nxtwash: Test FAILED: tests/admin_portal/revenue_overview/test_revenue_overview.py::test_long_names_truncate_without_breaking (url: https://staging.nxtwash.com/reports/detailed/revenue)

-------------------------------- live log call ---------------------------------
ERROR    nxtwash:conftest.py:241 Test FAILED: tests/admin_portal/revenue_overview/test_revenue_overview.py::test_long_names_truncate_without_breaking (url: https://staging.nxtwash.com/reports/detailed/revenue)
2026-07-28 14:15:03,554 ERROR nxtwash: Visible page text at failure:
Revenue Metrics
Sites / Locations
VK Test carwash 2
VK AL02
VK Test Wash 01
VK Test carwash 2
test123 udpated
VK AL02
VK AL03
VK ZT c26508
VK AL20
VK AL21
VK AL22
Export XLSX
This month
Select date range
Single day
Total Revenue
$190.00
New Members
$0.00
Recharges
$0.00
Resignups
$0.00
Retail Sales
$190.00
Revenue distribution
Membership Revenue
3
Retail Revenue
7
New Sales
1
Recharges
0
Resignups
2
Wash Prepaid
$0.00
1 items
0.0% of total net revenue
ERROR    nxtwash:conftest.py:256 Visible page text at failure:
Revenue Metrics
Sites / Locations
VK Test carwash 2
VK AL02
VK Test Wash 01
VK Test carwash 2
test123 udpated
VK AL02
VK AL03
VK ZT c26508
VK AL20
VK AL21
VK AL22
Export XLSX
This month
Select date range
Single day
Total Revenue
$190.00
New Members
$0.00
Recharges
$0.00
Resignups
$0.00
Retail Sales
$190.00
Revenue distribution
Membership Revenue
3
Retail Revenue
7
New Sales
1
Recharges
0
Resignups
2
Wash Prepaid
$0.00
1 items
0.0% of total net revenue
FAILED                                                                   [ 15%]
tests/admin_portal/revenue_overview/test_revenue_overview.py::test_list_refreshes_on_filter_change PASSED [ 15%]
tests/admin_portal/revenue_overview/test_revenue_overview.py::test_export_button_present PASSED [ 16%]
tests/admin_portal/revenue_overview/test_revenue_overview.py::test_export_triggers_download PASSED [ 16%]
tests/admin_portal/revenue_overview/test_revenue_overview.py::test_info_icon_tooltip_text PASSED [ 16%]
tests/admin_portal/revenue_overview/test_revenue_overview.py::test_tooltip_dismisses_on_click_away PASSED [ 16%]
tests/admin_portal/revenue_overview/test_revenue_overview.py::test_tooltip_content_is_static PASSED [ 16%]
tests/admin_portal/revenue_overview/test_revenue_overview.py::test_zero_transaction_site_renders_cleanly PASSED [ 17%]
tests/admin_portal/revenue_overview/test_revenue_overview.py::test_today_with_no_transactions_renders_cleanly PASSED [ 17%]
tests/admin_portal/revenue_overview/test_revenue_overview.py::test_rapid_preset_switching_no_stale_data PASSED [ 17%]
tests/admin_portal/revenue_overview/test_revenue_overview.py::test_rapid_site_toggle_no_stale_data PASSED [ 17%]
tests/admin_portal/revenue_overview/test_revenue_overview.py::test_retail_only_site_renders_cleanly PASSED [ 17%]
tests/admin_portal/revenue_overview/test_revenue_overview.py::test_direct_url_opens_filter_modal PASSED [ 18%]
tests/admin_portal/revenue_overview/test_revenue_overview.py::test_overview_full_report_link_navigates_here XFAILlink not findable from outer
frame context)                                                           [ 18%]
tests/admin_portal/revenue_overview/test_revenue_overview.py::test_sites_dropdown_reflects_sites_module 2026-07-28 14:19:13,135 ERROR nxtwash: Test FAILED: tests/admin_portal/revenue_overview/test_revenue_overview.py::test_sites_dropdown_reflects_sites_module (url: https://staging.nxtwash.com/reports/detailed/revenue)

-------------------------------- live log call ---------------------------------
ERROR    nxtwash:conftest.py:241 Test FAILED: tests/admin_portal/revenue_overview/test_revenue_overview.py::test_sites_dropdown_reflects_sites_module (url: https://staging.nxtwash.com/reports/detailed/revenue)
2026-07-28 14:19:13,728 ERROR nxtwash: Visible page text at failure:
Revenue Metrics
Sites / Locations
VK Test Wash 01
VK Test carwash 2
VK AL02
VK AL03
VK AL04
VK AL05
VK AL06
VK AL07
vkauto1
VK AL01
VK AL08
VK AL09
VK AL10
VK AL11
VK AL12
VK AL13
VK ZT 146465
VK AL14
VK AL15
VK ZT 2b4279
VK AL16
VK AL17
VK ZT c54675
VK AL18
VK AL19
VK ZT c26508
VK AL20
VK AL21
VK AL22
VK ZT ae9b9c
VK ZT 9eaa54
VK ZT 71c6f6
VK ZT d4ccd8
VK ZT c4a124
VK AL23
VK ZT 46d34b
VK AL24
VK AL25
VK ZT 8f811b
VK AL26
VK ZT 4e248f
VK AL27
VK AL28
VK ZT 9e7bdf
VK AL29
VK AL30
VK ZT c6d556
VK AL31
VK AL32
VK AL33
VK AL92
Export XLSX
Today
Select date range
Single day
Total Revenue
$0.00
New Members
$0.00
Recharges
$0.00
Resignups
$0.00
Retail Sales
$0.00
Revenue distribution
No information for this period
Membership Revenue
Retail Revenue
New Sales
Recharges
Resignups
Sites / Locations
Select site to filter...
Date range presets
Today
Select date range
Single day
Apply filters
ERROR    nxtwash:conftest.py:256 Visible page text at failure:
Revenue Metrics
Sites / Locations
VK Test Wash 01
VK Test carwash 2
VK AL02
VK AL03
VK AL04
VK AL05
VK AL06
VK AL07
vkauto1
VK AL01
VK AL08
VK AL09
VK AL10
VK AL11
VK AL12
VK AL13
VK ZT 146465
VK AL14
VK AL15
VK ZT 2b4279
VK AL16
VK AL17
VK ZT c54675
VK AL18
VK AL19
VK ZT c26508
VK AL20
VK AL21
VK AL22
VK ZT ae9b9c
VK ZT 9eaa54
VK ZT 71c6f6
VK ZT d4ccd8
VK ZT c4a124
VK AL23
VK ZT 46d34b
VK AL24
VK AL25
VK ZT 8f811b
VK AL26
VK ZT 4e248f
VK AL27
VK AL28
VK ZT 9e7bdf
VK AL29
VK AL30
VK ZT c6d556
VK AL31
VK AL32
VK AL33
VK AL92
Export XLSX
Today
Select date range
Single day
Total Revenue
$0.00
New Members
$0.00
Recharges
$0.00
Resignups
$0.00
Retail Sales
$0.00
Revenue distribution
No information for this period
Membership Revenue
Retail Revenue
New Sales
Recharges
Resignups
Sites / Locations
Select site to filter...
Date range presets
Today
Select date range
Single day
Apply filters
FAILED                                                                   [ 18%]
tests/admin_portal/revenue_overview/test_revenue_overview.py::TestSingleDayMode::test_single_day_changes_label_and_field PASSED [ 18%]
tests/admin_portal/revenue_overview/test_revenue_overview.py::TestSingleDayMode::test_single_day_forces_preset_to_custom XFAILday is checked;
preset retains its previous value (e.g. 'Today'))                        [ 18%]
tests/admin_portal/revenue_overview/test_revenue_overview.py::TestSingleDayMode::test_select_date_in_single_day_mode PASSED [ 19%]
tests/admin_portal/revenue_overview/test_revenue_overview.py::TestSingleDayMode::test_uncheck_single_day_reverts_to_range PASSED [ 19%]
tests/admin_portal/performance_metrics/test_performance_metrics.py::test_page_loads_at_correct_url PASSED [ 19%]
tests/admin_portal/performance_metrics/test_performance_metrics.py::test_filter_modal_auto_opens PASSED [ 19%]
tests/admin_portal/performance_metrics/test_performance_metrics.py::test_filter_modal_contains_four_controls PASSED [ 19%]
tests/admin_portal/performance_metrics/test_performance_metrics.py::test_metrics_shell_renders_behind_modal PASSED [ 20%]
tests/admin_portal/performance_metrics/test_performance_metrics.py::test_page_renders_two_widgets PASSED [ 20%]
tests/admin_portal/performance_metrics/test_performance_metrics.py::test_sidebar_highlights_active_item XFAILm (likely Tailwind
color/background class) with no detectable aria-current, data-active, or
'active'/'selected'/'current' class on any ancestor element. Needs
DevTools inspection to identify the exact class name.)                   [ 20%]
tests/admin_portal/performance_metrics/test_performance_metrics.py::test_sites_dropdown_lists_all_active_sites PASSED [ 20%]
tests/admin_portal/performance_metrics/test_performance_metrics.py::test_modal_opens_with_default_state PASSED [ 20%]
tests/admin_portal/performance_metrics/test_performance_metrics.py::test_date_preset_dropdown_lists_six_options PASSED [ 21%]
tests/admin_portal/performance_metrics/test_performance_metrics.py::test_preset_auto_updates_date_range PASSED [ 21%]
tests/admin_portal/performance_metrics/test_performance_metrics.py::test_apply_closes_modal_and_renders_widgets PASSED [ 21%]
tests/admin_portal/performance_metrics/test_performance_metrics.py::test_filter_values_reflected_in_page_bar PASSED [ 21%]
tests/admin_portal/performance_metrics/test_performance_metrics.py::test_modal_does_not_reopen_from_page_bar PASSED [ 21%]
tests/admin_portal/performance_metrics/test_performance_metrics.py::test_sites_dropdown_uses_checkboxes PASSED [ 21%]
tests/admin_portal/performance_metrics/test_performance_metrics.py::test_all_sites_option_present_and_default PASSED [ 22%]
tests/admin_portal/performance_metrics/test_performance_metrics.py::test_all_sites_aggregates_data PASSED [ 22%]
tests/admin_portal/performance_metrics/test_performance_metrics.py::test_single_site_scopes_both_widgets PASSED [ 22%]
tests/admin_portal/performance_metrics/test_performance_metrics.py::test_multiple_sites_aggregate_data XFAIL after selection — was masked by a
SITE_CHIPS locator bug that double-counted each chip. Needs DevTools
inspection to determine if VK AL02 is available in the PM site dropdown
and why the second select_site call produces no chip.)                   [ 22%]
tests/admin_portal/performance_metrics/test_performance_metrics.py::test_membership_history_site_name_scoped XFAILs' even when a subset of
sites is selected)                                                       [ 22%]
tests/admin_portal/performance_metrics/test_performance_metrics.py::test_selected_sites_render_as_chips PASSED [ 23%]
tests/admin_portal/performance_metrics/test_performance_metrics.py::test_checkbox_state_reflects_selection PASSED [ 23%]
tests/admin_portal/performance_metrics/test_performance_metrics.py::test_unchecking_removes_site PASSED [ 23%]
tests/admin_portal/performance_metrics/test_performance_metrics.py::test_clear_all_removes_all_sites PASSED [ 23%]
tests/admin_portal/performance_metrics/test_performance_metrics.py::test_dropdown_scrolls_with_many_options PASSED [ 23%]
tests/admin_portal/performance_metrics/test_performance_metrics.py::test_page_level_site_change_auto_applies PASSED [ 24%]
tests/admin_portal/performance_metrics/test_performance_metrics.py::test_deactivated_sites_excluded PASSED [ 24%]
tests/admin_portal/performance_metrics/test_performance_metrics.py::test_page_level_preset_dropdown_has_six_options PASSED [ 24%]
tests/admin_portal/performance_metrics/test_performance_metrics.py::test_date_preset_sets_correct_range[Today] PASSED [ 24%]
tests/admin_portal/performance_metrics/test_performance_metrics.py::test_date_preset_sets_correct_range[Yesterday] PASSED [ 24%]
tests/admin_portal/performance_metrics/test_performance_metrics.py::test_date_preset_sets_correct_range[This week] PASSED [ 25%]
tests/admin_portal/performance_metrics/test_performance_metrics.py::test_date_preset_sets_correct_range[Last week] PASSED [ 25%]
tests/admin_portal/performance_metrics/test_performance_metrics.py::test_date_preset_sets_correct_range[This month] PASSED [ 25%]
tests/admin_portal/performance_metrics/test_performance_metrics.py::test_date_preset_sets_correct_range[Last month] PASSED [ 25%]
tests/admin_portal/performance_metrics/test_performance_metrics.py::test_custom_range_calendar_picker_opens PASSED [ 25%]
tests/admin_portal/performance_metrics/test_performance_metrics.py::test_today_highlighted_in_calendar PASSED [ 26%]
tests/admin_portal/performance_metrics/test_performance_metrics.py::test_future_dates_not_selectable PASSED [ 26%]
tests/admin_portal/performance_metrics/test_performance_metrics.py::test_custom_range_updates_and_refreshes PASSED [ 26%]
tests/admin_portal/performance_metrics/test_performance_metrics.py::test_clear_date_range_button XFAILd in the current build — direct JS click on
all buttons in the input's ancestor tree does not change the field
value. Either the clear button is absent or requires a React internal
state event that Selenium cannot dispatch. Needs DevTools inspection to
identify the clear mechanism.)                                           [ 26%]
tests/admin_portal/performance_metrics/test_performance_metrics.py::test_single_day_range_shows_cvr_constraint PASSED [ 26%]
tests/admin_portal/performance_metrics/test_performance_metrics.py::test_month_boundary_spanning_range PASSED [ 26%]
tests/admin_portal/performance_metrics/test_performance_metrics.py::test_multi_year_range_no_error PASSED [ 27%]
tests/admin_portal/performance_metrics/test_performance_metrics.py::test_preset_change_in_page_bar_auto_applies PASSED [ 27%]
tests/admin_portal/performance_metrics/test_performance_metrics.py::test_conversion_rate_chart_renders PASSED [ 27%]
tests/admin_portal/performance_metrics/test_performance_metrics.py::test_cvr_week_range_boundary[CVR-002-CVR-003-short_range] PASSED [ 27%]
tests/admin_portal/performance_metrics/test_performance_metrics.py::test_cvr_week_range_boundary[CVR-004-gte_7days] PASSED [ 27%]
tests/admin_portal/performance_metrics/test_performance_metrics.py::test_cvr_legend_shows_series_name PASSED [ 28%]
tests/admin_portal/performance_metrics/test_performance_metrics.py::test_cvr_y_axis_percentage_range PASSED [ 28%]
tests/admin_portal/performance_metrics/test_performance_metrics.py::test_cvr_rerenders_on_filter_change PASSED [ 28%]
tests/admin_portal/performance_metrics/test_performance_metrics.py::test_membership_history_table_renders PASSED [ 28%]
tests/admin_portal/performance_metrics/test_performance_metrics.py::test_default_column_headers[Date] PASSED [ 28%]
tests/admin_portal/performance_metrics/test_performance_metrics.py::test_default_column_headers[Site Name] PASSED [ 29%]
tests/admin_portal/performance_metrics/test_performance_metrics.py::test_default_column_headers[Total] PASSED [ 29%]
tests/admin_portal/performance_metrics/test_performance_metrics.py::test_default_column_headers[Recurring] PASSED [ 29%]
tests/admin_portal/performance_metrics/test_performance_metrics.py::test_default_column_headers[Prepaid] PASSED [ 29%]
tests/admin_portal/performance_metrics/test_performance_metrics.py::test_default_column_headers[New] 2026-07-28 14:44:14,547 ERROR nxtwash: Test FAILED: tests/admin_portal/performance_metrics/test_performance_metrics.py::test_default_column_headers[New] (url: https://staging.nxtwash.com/performance-metrics)

-------------------------------- live log call ---------------------------------
ERROR    nxtwash:conftest.py:241 Test FAILED: tests/admin_portal/performance_metrics/test_performance_metrics.py::test_default_column_headers[New] (url: https://staging.nxtwash.com/performance-metrics)
2026-07-28 14:44:15,313 ERROR nxtwash: Visible page text at failure:
Overview
Sites / Locations
Services
Customers
Users / Employees
Kiosk Settings
Gas Pump Settings
POS Settings
Tunnel Settings
Self Serve
Reports
Vishal Kumar
Owner
Sites/Locations
VK Test carwash 2
Predefined date range
Last month
Pick custom date range
Export
Choose option
Performance Metrics
Conversion rate
Retail transactions 100%
Membership history
DATE
SITE NAME
TOTAL
RECURRING
PREPAID
NEW
NEW RECURRING
NEW PREPAID
RESIGNUP
RECHARGES
CURRENT DAY RECHARGES COUNT
PREV. DAY RECHARGE
CANCELLED
DECLINED
DECLINED & CANCELED
CURRENT DAY DECLINES COUNT
PREVIOUS DAY DECLINES COUNT
NET MOVEMENT
Jun 30, 2026
TUE
All Sites 1 0 1 0 0 0 0 0 0 0 0 0 0 0 0 0
Jun 29, 2026
MON
All Sites 1 0 1 0 0 0 0 0 0 0 0 0 0 0 0 0
Jun 28, 2026
SUN
All Sites 1 0 1 0 0 0 0 0 0 0 0 0 0 0 0 0
Jun 27, 2026
SAT
All Sites 1 0 1 0 0 0 0 0 0 0 0 0 0 0 0 0
Jun 26, 2026
FRI
All Sites 1 0 1 0 0 0 0 0 0 0 0 0 0 0 0 0
Jun 25, 2026
THU
All Sites 1 0 1 0 0 0 0 0 0 0 0 0 0 0 0 0
Jun 24, 2026
WED
All Sites 1 0 1 0 0 0 0 0 0 0 0 0 0 0 0 0
Jun 23, 2026
TUE
All Sites 1 0 1 0 0 0 0 0 0 0 0 0 0 0 0 0
Jun 22, 2026
MON
All Sites 1 0 1 0 0 0 0 0 0 0 0 0 0 0 0 0
Jun 21, 2026
SUN
All Sites 1 0 1 0 0 0 0 0 0 0 0 0 0 0 0 0
Jun 20, 2026
SAT
All Sites 1 0 1 0 0 0 0 0 0 0 0 0 0 0 0 0
Jun 19, 2026
FRI
All Sites 1 0 1 0 0 0 0 0 0 0 0 0 0 0 0 0
Jun 18, 2026
THU
All Sites 1 0 1 0 0 0 0 0 0 0 0 0 0 0 0 0
Jun 17, 2026
WED
All Sites 1 0 1 0 0 0 0 0 0 0 0 0 0 0 0 0
Jun 16, 2026
TUE
All Sites 1 0 1 0 0 0 0 0 0 0 0 0 0 0 0 0
Jun 15, 2026
MON
All Sites 1 0 1 0 0 0 0 0 0 0 0 0 0 0 0 0
Jun 14, 2026
SUN
All Sites 1 0 1 0 0 0 0 0 0 0 0 0 0 0 0 0
Jun 13, 2026
SAT
All Sites 1 0 1 0 0 0 0 0 0 0 0 0 0 0 0 0
Jun 12, 2026
FRI
All Sites 1 0 1 0 0 0 0 0 0 0 0 0 0 0 0 0
Jun 11, 2026
THU
All Sites 1 0 1 0 0 0 0 0 0 0 0 0 0 0 0 0
Jun 10, 2026
WED
All Sites 1 0 1 0 0 0 0 0 0 0 0 0 0 0 0 0
Jun 9, 2026
TUE
All Sites 1 0 1 0 0 0 0 0 0 0 0 0 0 0 0 0
Jun 8, 2026
MON
All Sites 1 0 1 0 0 0 0 0 0 0 0 0 0 0 0 0
Jun 7, 2026
SUN
All Sites 1 0 1 0 0 0 0 0 0 0 0 
ERROR    nxtwash:conftest.py:256 Visible page text at failure:
Overview
Sites / Locations
Services
Customers
Users / Employees
Kiosk Settings
Gas Pump Settings
POS Settings
Tunnel Settings
Self Serve
Reports
Vishal Kumar
Owner
Sites/Locations
VK Test carwash 2
Predefined date range
Last month
Pick custom date range
Export
Choose option
Performance Metrics
Conversion rate
Retail transactions 100%
Membership history
DATE
SITE NAME
TOTAL
RECURRING
PREPAID
NEW
NEW RECURRING
NEW PREPAID
RESIGNUP
RECHARGES
CURRENT DAY RECHARGES COUNT
PREV. DAY RECHARGE
CANCELLED
DECLINED
DECLINED & CANCELED
CURRENT DAY DECLINES COUNT
PREVIOUS DAY DECLINES COUNT
NET MOVEMENT
Jun 30, 2026
TUE
All Sites 1 0 1 0 0 0 0 0 0 0 0 0 0 0 0 0
Jun 29, 2026
MON
All Sites 1 0 1 0 0 0 0 0 0 0 0 0 0 0 0 0
Jun 28, 2026
SUN
All Sites 1 0 1 0 0 0 0 0 0 0 0 0 0 0 0 0
Jun 27, 2026
SAT
All Sites 1 0 1 0 0 0 0 0 0 0 0 0 0 0 0 0
Jun 26, 2026
FRI
All Sites 1 0 1 0 0 0 0 0 0 0 0 0 0 0 0 0
Jun 25, 2026
THU
All Sites 1 0 1 0 0 0 0 0 0 0 0 0 0 0 0 0
Jun 24, 2026
WED
All Sites 1 0 1 0 0 0 0 0 0 0 0 0 0 0 0 0
Jun 23, 2026
TUE
All Sites 1 0 1 0 0 0 0 0 0 0 0 0 0 0 0 0
Jun 22, 2026
MON
All Sites 1 0 1 0 0 0 0 0 0 0 0 0 0 0 0 0
Jun 21, 2026
SUN
All Sites 1 0 1 0 0 0 0 0 0 0 0 0 0 0 0 0
Jun 20, 2026
SAT
All Sites 1 0 1 0 0 0 0 0 0 0 0 0 0 0 0 0
Jun 19, 2026
FRI
All Sites 1 0 1 0 0 0 0 0 0 0 0 0 0 0 0 0
Jun 18, 2026
THU
All Sites 1 0 1 0 0 0 0 0 0 0 0 0 0 0 0 0
Jun 17, 2026
WED
All Sites 1 0 1 0 0 0 0 0 0 0 0 0 0 0 0 0
Jun 16, 2026
TUE
All Sites 1 0 1 0 0 0 0 0 0 0 0 0 0 0 0 0
Jun 15, 2026
MON
All Sites 1 0 1 0 0 0 0 0 0 0 0 0 0 0 0 0
Jun 14, 2026
SUN
All Sites 1 0 1 0 0 0 0 0 0 0 0 0 0 0 0 0
Jun 13, 2026
SAT
All Sites 1 0 1 0 0 0 0 0 0 0 0 0 0 0 0 0
Jun 12, 2026
FRI
All Sites 1 0 1 0 0 0 0 0 0 0 0 0 0 0 0 0
Jun 11, 2026
THU
All Sites 1 0 1 0 0 0 0 0 0 0 0 0 0 0 0 0
Jun 10, 2026
WED
All Sites 1 0 1 0 0 0 0 0 0 0 0 0 0 0 0 0
Jun 9, 2026
TUE
All Sites 1 0 1 0 0 0 0 0 0 0 0 0 0 0 0 0
Jun 8, 2026
MON
All Sites 1 0 1 0 0 0 0 0 0 0 0 0 0 0 0 0
Jun 7, 2026
SUN
All Sites 1 0 1 0 0 0 0 0 0 0 0 
FAILED                                                                   [ 29%]
tests/admin_portal/performance_metrics/test_performance_metrics.py::test_default_column_headers[New Recurring] PASSED [ 30%]
tests/admin_portal/performance_metrics/test_performance_metrics.py::test_default_column_headers[New Prepaid] PASSED [ 30%]
tests/admin_portal/performance_metrics/test_performance_metrics.py::test_default_column_headers[Resignup] PASSED [ 30%]
tests/admin_portal/performance_metrics/test_performance_metrics.py::test_default_column_headers[Recharges] PASSED [ 30%]
tests/admin_portal/performance_metrics/test_performance_metrics.py::test_default_column_headers[Current day recharges] PASSED [ 30%]
tests/admin_portal/performance_metrics/test_performance_metrics.py::test_default_column_headers[Prev. day recharge] PASSED [ 31%]
tests/admin_portal/performance_metrics/test_performance_metrics.py::test_default_column_headers[Cancelled] PASSED [ 31%]
tests/admin_portal/performance_metrics/test_performance_metrics.py::test_default_column_headers[Declined] PASSED [ 31%]
tests/admin_portal/performance_metrics/test_performance_metrics.py::test_default_column_headers[Declined & Canceled] PASSED [ 31%]
tests/admin_portal/performance_metrics/test_performance_metrics.py::test_default_column_headers[Current day declines count] PASSED [ 31%]
tests/admin_portal/performance_metrics/test_performance_metrics.py::test_default_column_headers[Previous day declines count] PASSED [ 31%]
tests/admin_portal/performance_metrics/test_performance_metrics.py::test_default_column_headers[Net movement] PASSED [ 32%]
tests/admin_portal/performance_metrics/test_performance_metrics.py::test_no_data_message_when_empty PASSED [ 32%]
tests/admin_portal/performance_metrics/test_performance_metrics.py::test_rows_sorted_descending_by_date PASSED [ 32%]
tests/admin_portal/performance_metrics/test_performance_metrics.py::test_mht_includes_most_recent_rows PASSED [ 32%]
tests/admin_portal/performance_metrics/test_performance_metrics.py::test_date_cells_with_weekday_and_color PASSED [ 32%]
tests/admin_portal/performance_metrics/test_performance_metrics.py::test_column_headers_have_sort_controls XFAILort-class icons in the
current build — sort UI is not yet implemented)                          [ 33%]
tests/admin_portal/performance_metrics/test_performance_metrics.py::test_clicking_header_toggles_sort XFAILrt interaction is not yet
implemented in the current build)                                        [ 33%]
tests/admin_portal/performance_metrics/test_performance_metrics.py::test_horizontal_scrollbar_visible PASSED [ 33%]
tests/admin_portal/performance_metrics/test_performance_metrics.py::test_color_coded_semantics PASSED [ 33%]
tests/admin_portal/performance_metrics/test_performance_metrics.py::test_zero_values_render_as_zero PASSED [ 33%]
tests/admin_portal/performance_metrics/test_performance_metrics.py::test_cancelled_vs_canceled_spelling PASSED [ 34%]
tests/admin_portal/performance_metrics/test_performance_metrics.py::test_resignup_label_mismatch PASSED [ 34%]
tests/admin_portal/performance_metrics/test_performance_metrics.py::test_mht_updates_on_filter_change PASSED [ 34%]
tests/admin_portal/performance_metrics/test_performance_metrics.py::test_settings_icon_opens_modal PASSED [ 34%]
tests/admin_portal/performance_metrics/test_performance_metrics.py::test_modal_lists_17_column_toggles PASSED [ 34%]
tests/admin_portal/performance_metrics/test_performance_metrics.py::test_all_toggles_on_by_default PASSED [ 35%]
tests/admin_portal/performance_metrics/test_performance_metrics.py::TestColumnSettings::test_toggle_off_removes_column PASSED [ 35%]
tests/admin_portal/performance_metrics/test_performance_metrics.py::TestColumnSettings::test_toggle_on_restores_column PASSED [ 35%]
tests/admin_portal/performance_metrics/test_performance_metrics.py::TestColumnSettings::test_master_switch_toggles_all_off PASSED [ 35%]
tests/admin_portal/performance_metrics/test_performance_metrics.py::TestColumnSettings::test_date_column_always_visible PASSED [ 35%]
tests/admin_portal/card_declines/test_card_declines.py::TestCardDeclinesNav::test_page_loads_at_correct_url PASSED [ 36%]
tests/admin_portal/card_declines/test_card_declines.py::TestCardDeclinesNav::test_filter_modal_auto_opens PASSED [ 36%]
tests/admin_portal/card_declines/test_card_declines.py::TestCardDeclinesNav::test_modal_contains_all_controls PASSED [ 36%]
tests/admin_portal/card_declines/test_card_declines.py::TestCardDeclinesNav::test_modal_opens_with_all_sites_default PASSED [ 36%]
tests/admin_portal/card_declines/test_card_declines.py::TestCardDeclinesNav::test_apply_filters_closes_modal PASSED [ 36%]
tests/admin_portal/card_declines/test_card_declines.py::TestCardDeclinesNav::test_filter_values_reflected_in_page_bar PASSED [ 36%]
tests/admin_portal/card_declines/test_card_declines.py::TestCardDeclinesNav::test_page_bar_changes_do_not_reopen_modal PASSED [ 37%]
tests/admin_portal/card_declines/test_card_declines.py::TestCardDeclinesNav::test_page_content_visible_after_apply PASSED [ 37%]
tests/admin_portal/card_declines/test_card_declines.py::TestCardDeclinesSiteFilter::test_sites_dropdown_lists_active_sites XFAIL options
sometimes not rendered before JS query runs.)                            [ 37%]
tests/admin_portal/card_declines/test_card_declines.py::TestCardDeclinesSiteFilter::test_all_sites_is_default PASSED [ 37%]
tests/admin_portal/card_declines/test_card_declines.py::TestCardDeclinesSiteFilter::test_selecting_site_creates_chip PASSED [ 37%]
tests/admin_portal/card_declines/test_card_declines.py::TestCardDeclinesSiteFilter::test_multi_site_selection_accepted PASSED [ 38%]
tests/admin_portal/card_declines/test_card_declines.py::TestCardDeclinesSiteFilter::test_single_site_scopes_data PASSED [ 38%]
tests/admin_portal/card_declines/test_card_declines.py::TestCardDeclinesSiteFilter::test_removing_chip_reduces_site_filter ERROR [ 38%]
tests/admin_portal/card_declines/test_card_declines.py::TestCardDeclinesSiteFilter::test_clear_all_sites PASSED [ 38%]
tests/admin_portal/card_declines/test_card_declines.py::TestCardDeclinesSiteFilter::test_site_dropdown_uses_checkboxes XFAIL options sometimes
not rendered before JS query runs.)                                      [ 38%]
tests/admin_portal/card_declines/test_card_declines.py::TestCardDeclinesSiteFilter::test_site_dropdown_lists_multiple_sites XFAIL options
sometimes not rendered before JS query runs.)                            [ 39%]
tests/admin_portal/card_declines/test_card_declines.py::TestCardDeclinesSiteFilter::test_page_bar_site_change_no_modal PASSED [ 39%]
tests/admin_portal/card_declines/test_card_declines.py::TestCardDeclinesSiteFilter::test_chart_title_updates_on_site_filter XFAILine chart title
continues to display 'All Sites' rather than updating to reflect the
active filter.  Flagged for product fix; xfail until resolved.)          [ 39%]
tests/admin_portal/card_declines/test_card_declines.py::TestCardDeclinesSiteFilter::test_cdl_site_present_in_dropdown PASSED [ 39%]
tests/admin_portal/card_declines/test_card_declines.py::TestCardDeclinesSiteFilter::test_widgets_refresh_on_site_change[CDL-KPI-003] PASSED [ 39%]
tests/admin_portal/card_declines/test_card_declines.py::TestCardDeclinesSiteFilter::test_widgets_refresh_on_site_change[CDL-MTX-012] PASSED [ 40%]
tests/admin_portal/card_declines/test_card_declines.py::TestCardDeclinesSiteFilter::test_widgets_refresh_on_site_change[CDL-BWS-007] PASSED [ 40%]
tests/admin_portal/card_declines/test_card_declines.py::TestCardDeclinesSiteFilter::test_widgets_refresh_on_site_change[CDL-TDS-005] PASSED [ 40%]
tests/admin_portal/card_declines/test_card_declines.py::TestCardDeclinesSiteFilter::test_widgets_refresh_on_site_change[CDL-HMP-005] PASSED [ 40%]
tests/admin_portal/card_declines/test_card_declines.py::TestCardDeclinesDateFilter::test_date_preset_count PASSED [ 40%]
tests/admin_portal/card_declines/test_card_declines.py::TestCardDeclinesDateFilter::test_date_preset_dropdown_options PASSED [ 41%]
tests/admin_portal/card_declines/test_card_declines.py::TestCardDeclinesDateFilter::test_selecting_preset_fills_date_range PASSED [ 41%]
tests/admin_portal/card_declines/test_card_declines.py::TestCardDeclinesDateFilter::test_preset_populates_date_range[CDL-DTE-002] PASSED [ 41%]
tests/admin_portal/card_declines/test_card_declines.py::TestCardDeclinesDateFilter::test_preset_populates_date_range[CDL-DTE-003] PASSED [ 41%]
tests/admin_portal/card_declines/test_card_declines.py::TestCardDeclinesDateFilter::test_preset_populates_date_range[CDL-DTE-004] PASSED [ 41%]
tests/admin_portal/card_declines/test_card_declines.py::TestCardDeclinesDateFilter::test_preset_populates_date_range[CDL-DTE-005] PASSED [ 42%]
tests/admin_portal/card_declines/test_card_declines.py::TestCardDeclinesDateFilter::test_preset_populates_date_range[CDL-DTE-006] PASSED [ 42%]
tests/admin_portal/card_declines/test_card_declines.py::TestCardDeclinesDateFilter::test_preset_populates_date_range[CDL-DTE-007] PASSED [ 42%]
tests/admin_portal/card_declines/test_card_declines.py::TestCardDeclinesGlossary::test_glossary_section_visible PASSED [ 42%]
tests/admin_portal/card_declines/test_card_declines.py::TestCardDeclinesGlossary::test_glossary_term_visible[CDL-GLS-002-01] PASSED [ 42%]
tests/admin_portal/card_declines/test_card_declines.py::TestCardDeclinesGlossary::test_glossary_term_visible[CDL-GLS-002-02] PASSED [ 42%]
tests/admin_portal/card_declines/test_card_declines.py::TestCardDeclinesGlossary::test_glossary_term_visible[CDL-GLS-002-03] PASSED [ 43%]
tests/admin_portal/card_declines/test_card_declines.py::TestCardDeclinesGlossary::test_glossary_term_visible[CDL-GLS-002-04] PASSED [ 43%]
tests/admin_portal/card_declines/test_card_declines.py::TestCardDeclinesGlossary::test_glossary_term_visible[CDL-GLS-002-05] ERROR [ 43%]
tests/admin_portal/card_declines/test_card_declines.py::TestCardDeclinesGlossary::test_glossary_term_visible[CDL-GLS-002-06] PASSED [ 43%]
tests/admin_portal/card_declines/test_card_declines.py::TestCardDeclinesGlossary::test_glossary_term_visible[CDL-GLS-002-07] PASSED [ 43%]
tests/admin_portal/card_declines/test_card_declines.py::TestCardDeclinesGlossary::test_glossary_term_visible[CDL-GLS-002-08] PASSED [ 44%]
tests/admin_portal/card_declines/test_card_declines.py::TestCardDeclinesGlossary::test_glossary_term_visible[CDL-GLS-002-09] XPASSary widget
rather than a plain body-text term.  get_body_text() may not capture it
if it is inside a styled aside or tooltip.  Verify exact DOM text via
DevTools before removing xfail.)                                         [ 44%]
tests/admin_portal/card_declines/test_card_declines.py::TestCardDeclinesGlossary::test_glossary_visible_for_zero_data PASSED [ 44%]
tests/admin_portal/card_declines/test_card_declines.py::TestCardDeclinesKPI::test_kpi_card_visible[CDL-KPI-001-01] PASSED [ 44%]
tests/admin_portal/card_declines/test_card_declines.py::TestCardDeclinesKPI::test_kpi_card_visible[CDL-KPI-001-02] PASSED [ 44%]
tests/admin_portal/card_declines/test_card_declines.py::TestCardDeclinesKPI::test_kpi_card_visible[CDL-KPI-001-03] PASSED [ 45%]
tests/admin_portal/card_declines/test_card_declines.py::TestCardDeclinesKPI::test_kpi_card_visible[CDL-KPI-001-04] PASSED [ 45%]
tests/admin_portal/card_declines/test_card_declines.py::TestCardDeclinesKPI::test_kpi_card_visible[CDL-KPI-001-05] PASSED [ 45%]
tests/admin_portal/card_declines/test_card_declines.py::TestCardDeclinesKPI::test_kpi_card_visible[CDL-KPI-001-06] PASSED [ 45%]
tests/admin_portal/card_declines/test_card_declines.py::TestCardDeclinesKPI::test_kpi_card_visible[CDL-KPI-001-07] PASSED [ 45%]
tests/admin_portal/card_declines/test_card_declines.py::TestCardDeclinesKPI::test_kpi_card_visible[CDL-KPI-001-08] PASSED [ 46%]
tests/admin_portal/card_declines/test_card_declines.py::TestCardDeclinesKPI::test_kpi_values_non_zero XPASS [ 46%]
tests/admin_portal/card_declines/test_card_declines.py::TestCardDeclinesKPI::test_kpi_zero_data_state PASSED [ 46%]
tests/admin_portal/card_declines/test_card_declines.py::TestCardDeclinesMatrix::test_matrix_section_visible PASSED [ 46%]
tests/admin_portal/card_declines/test_card_declines.py::TestCardDeclinesMatrix::test_matrix_column_present[CDL-MTX-002-01] PASSED [ 46%]
tests/admin_portal/card_declines/test_card_declines.py::TestCardDeclinesMatrix::test_matrix_column_present[CDL-MTX-002-02] PASSED [ 47%]
tests/admin_portal/card_declines/test_card_declines.py::TestCardDeclinesMatrix::test_matrix_column_present[CDL-MTX-002-03] PASSED [ 47%]
tests/admin_portal/card_declines/test_card_declines.py::TestCardDeclinesMatrix::test_matrix_column_present[CDL-MTX-002-04] PASSED [ 47%]
tests/admin_portal/card_declines/test_card_declines.py::TestCardDeclinesMatrix::test_matrix_column_present[CDL-MTX-002-05] PASSED [ 47%]
tests/admin_portal/card_declines/test_card_declines.py::TestCardDeclinesMatrix::test_matrix_column_present[CDL-MTX-002-06] ERROR [ 47%]
tests/admin_portal/card_declines/test_card_declines.py::TestCardDeclinesMatrix::test_matrix_column_present[CDL-MTX-002-07] PASSED [ 47%]
tests/admin_portal/card_declines/test_card_declines.py::TestCardDeclinesMatrix::test_matrix_column_present[CDL-MTX-002-08] PASSED [ 48%]
tests/admin_portal/card_declines/test_card_declines.py::TestCardDeclinesMatrix::test_matrix_column_present[CDL-MTX-002-09] PASSED [ 48%]
tests/admin_portal/card_declines/test_card_declines.py::TestCardDeclinesMatrix::test_matrix_column_present[CDL-MTX-002-10] PASSED [ 48%]
tests/admin_portal/card_declines/test_card_declines.py::TestCardDeclinesMatrix::test_matrix_column_present[CDL-MTX-002-11] PASSED [ 48%]
tests/admin_portal/card_declines/test_card_declines.py::TestCardDeclinesMatrix::test_matrix_column_present[CDL-MTX-002-12] PASSED [ 48%]
tests/admin_portal/card_declines/test_card_declines.py::TestCardDeclinesMatrix::test_matrix_column_present[CDL-MTX-002-13] PASSED [ 49%]
tests/admin_portal/card_declines/test_card_declines.py::TestCardDeclinesMatrix::test_matrix_has_data_rows XPASS [ 49%]
tests/admin_portal/card_declines/test_card_declines.py::TestCardDeclinesMatrix::test_matrix_pagination_present SKIPPEDast month) likely has
fewer rows than the pagination page-size threshold.  Re-run with a
site/date range that produces more CC decline rows, or verify the
pagination component class via DevTools.)                                [ 49%]
tests/admin_portal/card_declines/test_card_declines.py::TestCardDeclinesMatrix::test_matrix_zero_data_state PASSED [ 49%]
tests/admin_portal/card_declines/test_card_declines.py::TestCardDeclinesBestWorst::test_bws_section_visible PASSED [ 49%]
tests/admin_portal/card_declines/test_card_declines.py::TestCardDeclinesBestWorst::test_best_sites_visible PASSED [ 50%]
tests/admin_portal/card_declines/test_card_declines.py::TestCardDeclinesBestWorst::test_worst_sites_visible PASSED [ 50%]
tests/admin_portal/card_declines/test_card_declines.py::TestCardDeclinesBestWorst::test_bws_excludes_defect_site XPASSst Sites widget even
when it is explicitly excluded from the site filter.  Flagged for
product investigation; xfail until fix is deployed.)                     [ 50%]
tests/admin_portal/card_declines/test_card_declines.py::TestCardDeclinesDailySummary::test_daily_summary_section_visible PASSED [ 50%]
tests/admin_portal/card_declines/test_card_declines.py::TestCardDeclinesDailySummary::test_daily_summary_has_content PASSED [ 50%]
tests/admin_portal/card_declines/test_card_declines.py::TestCardDeclinesHeatmap::test_heatmap_section_visible ERROR [ 51%]
tests/admin_portal/card_declines/test_card_declines.py::TestCardDeclinesReasonDist::test_reason_dist_section_visible PASSED [ 51%]
tests/admin_portal/card_declines/test_card_declines.py::TestSingleDaySync::test_modal_single_day_checkbox_visible <- tests/admin_portal/mixins.py PASSED [ 51%]
tests/admin_portal/card_declines/test_card_declines.py::TestSingleDaySync::test_modal_single_day_changes_date_field <- tests/admin_portal/mixins.py PASSED [ 51%]
tests/admin_portal/card_declines/test_card_declines.py::TestSingleDaySync::test_modal_sdm_syncs_to_page_bar <- tests/admin_portal/mixins.py PASSED [ 51%]
tests/admin_portal/card_declines/test_card_declines.py::TestSingleDaySync::test_page_bar_sdm_uncheck_syncs_to_modal <- tests/admin_portal/mixins.py ERROR [ 52%]
tests/admin_portal/wash_extras/test_wash_extras_dependency.py::test_active_wash_extra_visible_at_pos SKIPPEDred.) [ 52%]
tests/admin_portal/wash_extras/test_wash_extras_dependency.py::test_deactivated_wash_extra_removed_from_pos SKIPPEDred.) [ 52%]
tests/admin_portal/wash_extras/test_wash_extras_dependency.py::test_deactivated_discount_not_applied_on_wash_extra SKIPPEDbehaviour. Deferred.) [ 52%]
tests/admin_portal/wash_extras/test_wash_extras_dependency.py::test_open_price_toggle_enabled_saves SKIPPEDequires POS integration. Deferred.) [ 52%]
tests/admin_portal/wash_extras/test_wash_extras_dependency.py::test_description_shows_on_ecommerce_site SKIPPED display. Deferred.) [ 52%]
tests/admin_portal/wash_extras/test_wash_extras_dependency.py::test_controller_code_saves SKIPPEDur. Deferred.) [ 53%]
tests/admin_portal/wash_extras/test_wash_extras_dependency.py::test_duplicate_controller_code_rejected SKIPPEDde rejection. Deferred.) [ 53%]
tests/admin_portal/wash_extras/test_wash_extras_discount.py::test_assign_single_discount_persists PASSED [ 53%]
tests/admin_portal/wash_extras/test_wash_extras_discount.py::test_assign_multiple_discounts_persist SKIPPEDfy SECOND_DISCOUNT constant in
this file.)                                                              [ 53%]
tests/admin_portal/wash_extras/test_wash_extras_discount.py::test_remove_assigned_discount_persists PASSED [ 53%]
tests/admin_portal/wash_extras/test_wash_extras_discount.py::test_save_wash_extra_without_discount 2026-07-28 15:34:28,863 ERROR nxtwash: Test FAILED: tests/admin_portal/wash_extras/test_wash_extras_discount.py::test_save_wash_extra_without_discount (url: https://staging.nxtwash.com/services/washExtras/edit/30783)

-------------------------------- live log call ---------------------------------
ERROR    nxtwash:conftest.py:241 Test FAILED: tests/admin_portal/wash_extras/test_wash_extras_discount.py::test_save_wash_extra_without_discount (url: https://staging.nxtwash.com/services/washExtras/edit/30783)
2026-07-28 15:34:29,501 ERROR nxtwash: Visible page text at failure:
Wash extras
Edit wash extra
Cancel
Save wash extra
Service settings
Discount settings
Applicable discounts
Discounts applied to this service
Plus discount
ERROR    nxtwash:conftest.py:256 Visible page text at failure:
Wash extras
Edit wash extra
Cancel
Save wash extra
Service settings
Discount settings
Applicable discounts
Discounts applied to this service
Plus discount
FAILED                                                                   [ 54%]
tests/admin_portal/wash_extras/test_wash_extras_discount.py::test_only_active_discounts_appear_in_dropdown PASSED [ 54%]
tests/admin_portal/wash_extras/test_wash_extras_edge_cases.py::test_wash_extra_create_is_idempotent PASSED [ 54%]
tests/admin_portal/wash_extras/test_wash_extras_edge_cases.py::test_wash_extra_long_name_does_not_break_form PASSED [ 54%]
tests/admin_portal/wash_extras/test_wash_extras_edge_cases.py::test_zero_loyalty_points_accepted PASSED [ 54%]
tests/admin_portal/wash_extras/test_wash_extras_edge_cases.py::test_info_tooltip_visible_for_points_awarded PASSED [ 55%]
tests/admin_portal/wash_extras/test_wash_extras_edge_cases.py::test_info_tooltip_visible_for_points_to_redeem PASSED [ 55%]
tests/admin_portal/wash_extras/test_wash_extras_edit.py::test_edit_wash_extra_updates_name_prices_and_discount PASSED [ 55%]
tests/admin_portal/wash_extras/test_wash_extras_edit.py::test_edit_wash_extra_values_persist XFAILtiming.) [ 55%]
tests/admin_portal/wash_extras/test_wash_extras_edit.py::test_edit_wash_extra_global_commission_persists PASSED [ 55%]
tests/admin_portal/wash_extras/test_wash_extras_edit.py::test_edit_wash_extra_loyalty_points_persist SKIPPEDrded requires Loyalty module
integration. Deferred.)                                                  [ 56%]
tests/admin_portal/wash_extras/test_wash_extras_edit.py::test_edit_wash_extra_assigned_sites_persist PASSED [ 56%]
tests/admin_portal/wash_extras/test_wash_extras_edit.py::test_edit_wash_extra_discount_configuration_persists PASSED [ 56%]
tests/admin_portal/wash_extras/test_wash_extras_edit.py::test_activate_wash_extra PASSED [ 56%]
tests/admin_portal/wash_extras/test_wash_extras_edit.py::test_deactivate_wash_extra PASSED [ 56%]
tests/admin_portal/wash_extras/test_wash_extras_loyalty.py::test_valid_points_awarded_saves SKIPPEDmed. Deferred.) [ 57%]
tests/admin_portal/wash_extras/test_wash_extras_loyalty.py::test_valid_points_to_redeem_saves SKIPPEDmed. Deferred.) [ 57%]
tests/admin_portal/wash_extras/test_wash_extras_loyalty.py::test_zero_points_awarded_accepted PASSED [ 57%]
tests/admin_portal/wash_extras/test_wash_extras_loyalty.py::test_negative_loyalty_points_rejected PASSED [ 57%]
tests/admin_portal/wash_extras/test_wash_extras_loyalty.py::test_save_without_loyalty_points PASSED [ 57%]
tests/admin_portal/wash_extras/test_wash_extras_loyalty.py::test_info_tooltip_visible_for_points_awarded PASSED [ 57%]
tests/admin_portal/wash_extras/test_wash_extras_loyalty.py::test_info_tooltip_visible_for_points_to_redeem PASSED [ 58%]
tests/admin_portal/wash_extras/test_wash_extras_negative.py::test_wash_extras_search_payloads_do_not_break_grid PASSED [ 58%]
tests/admin_portal/wash_extras/test_wash_extras_negative.py::test_duplicate_wash_extra_name_is_blocked PASSED [ 58%]
tests/admin_portal/wash_extras/test_wash_extras_negative.py::test_whitespace_only_service_name_is_rejected PASSED [ 58%]
tests/admin_portal/wash_extras/test_wash_extras_negative.py::test_negative_global_price_is_rejected PASSED [ 58%]
tests/admin_portal/wash_extras/test_wash_extras_negative.py::test_negative_global_commission_is_rejected PASSED [ 59%]
tests/admin_portal/wash_extras/test_wash_extras_negative.py::test_duplicate_barcode_is_rejected SKIPPEDextra. Deferred until barcode fixtures
are established.)                                                        [ 59%]
tests/admin_portal/wash_extras/test_wash_extras_positive.py::test_create_wash_extra 2026-07-28 15:45:55,893 ERROR nxtwash: Test FAILED: tests/admin_portal/wash_extras/test_wash_extras_positive.py::test_create_wash_extra (url: https://staging.nxtwash.com/services/washExtras)

-------------------------------- live log call ---------------------------------
ERROR    nxtwash:conftest.py:241 Test FAILED: tests/admin_portal/wash_extras/test_wash_extras_positive.py::test_create_wash_extra (url: https://staging.nxtwash.com/services/washExtras)
2026-07-28 15:45:56,533 ERROR nxtwash: Visible page text at failure:
Wash extras
Filter by
+ Add new wash extra
Wash extra name
Price
Status
Page
of
0
Results per page
100
Showing 0 - 0 of 0
Please wait
ERROR    nxtwash:conftest.py:256 Visible page text at failure:
Wash extras
Filter by
+ Add new wash extra
Wash extra name
Price
Status
Page
of
0
Results per page
100
Showing 0 - 0 of 0
Please wait
FAILED                                                                   [ 59%]
tests/admin_portal/wash_extras/test_wash_extras_positive.py::test_wash_extra_settings_persist PASSED [ 59%]
tests/admin_portal/wash_extras/test_wash_extras_positive.py::test_create_inactive_wash_extra PASSED [ 59%]
tests/admin_portal/wash_extras/test_wash_extras_positive.py::test_wash_extra_decimal_price_accepted PASSED [ 60%]
tests/admin_portal/wash_extras/test_wash_extras_positive.py::test_wash_extra_valid_commission_saves PASSED [ 60%]
tests/admin_portal/wash_extras/test_wash_extras_positive.py::test_wash_extra_save_without_commission_succeeds PASSED [ 60%]
tests/admin_portal/wash_extras/test_wash_extras_positive.py::test_wash_extra_save_without_barcode_succeeds PASSED [ 60%]
tests/admin_portal/wash_extras/test_wash_extras_positive.py::test_wash_extra_save_without_description_succeeds PASSED [ 60%]
tests/admin_portal/wash_extras/test_wash_extras_positive.py::test_open_price_toggle_is_off_by_default PASSED [ 61%]
tests/admin_portal/wash_extras/test_wash_extras_search_filter.py::test_wash_extras_existing_search PASSED [ 61%]
tests/admin_portal/wash_extras/test_wash_extras_search_filter.py::test_wash_extras_partial_search_returns_matches PASSED [ 61%]
tests/admin_portal/wash_extras/test_wash_extras_search_filter.py::test_wash_extras_missing_search PASSED [ 61%]
tests/admin_portal/wash_extras/test_wash_extras_search_filter.py::test_wash_extras_clear_search_restores_list PASSED [ 61%]
tests/admin_portal/wash_extras/test_wash_extras_search_filter.py::test_wash_extras_filter_by_site_narrows_results PASSED [ 62%]
tests/admin_portal/wash_extras/test_wash_extras_search_filter.py::test_wash_extras_filter_active_returns_active_only PASSED [ 62%]
tests/admin_portal/wash_extras/test_wash_extras_search_filter.py::test_wash_extras_filter_active_toggle_off_shows_all PASSED [ 62%]
tests/admin_portal/wash_extras/test_wash_extras_search_filter.py::test_wash_extras_filter_site_and_active_combined PASSED [ 62%]
tests/admin_portal/wash_extras/test_wash_extras_search_filter.py::test_wash_extras_filter_reset_all_restores_list PASSED [ 62%]
tests/admin_portal/wash_extras/test_wash_extras_site_assignment.py::test_assign_single_site_persists PASSED [ 63%]
tests/admin_portal/wash_extras/test_wash_extras_site_assignment.py::test_assign_multiple_sites_persists 2026-07-28 15:53:39,855 ERROR nxtwash: Test FAILED: tests/admin_portal/wash_extras/test_wash_extras_site_assignment.py::test_assign_multiple_sites_persists (url: https://staging.nxtwash.com/services/washExtras/edit/30784)

-------------------------------- live log call ---------------------------------
ERROR    nxtwash:conftest.py:241 Test FAILED: tests/admin_portal/wash_extras/test_wash_extras_site_assignment.py::test_assign_multiple_sites_persists (url: https://staging.nxtwash.com/services/washExtras/edit/30784)
2026-07-28 15:53:40,572 ERROR nxtwash: Visible page text at failure:
Wash extras
Edit wash extra
Cancel
Save wash extra
Service settings
Discount settings
Service name
Barcode
Loyalty points
Points awarded
Points to redeem
Service description
Force receipt printing
Active service
Open price
Global price
Global commission
Assign to
Controller code
Location price
Exempt tax
State sales tax rate
City sales tax rate
Commission
VK AL92
5%
3%
VK AL33
Los angeles
5%
3%
VK AL32
Los angeles
5%
3%
VK AL31
Los angeles
5%
3%
VK ZT c6d556
Los angeles
0%
0%
VK AL30
Los angeles
5%
3%
VK AL29
Los angeles
5%
3%
VK ZT 9e7bdf
Los angeles
0%
0%
VK AL28
Los angeles
5%
3%
VK AL27
Los angeles
5%
3%
VK ZT 4e248f
Los angeles
0%
0%
VK AL26
Los angeles
5%
3%
VK ZT 8f811b
Columbia
0%
0%
VK AL25
Columbia
5%
3%
ERROR    nxtwash:conftest.py:256 Visible page text at failure:
Wash extras
Edit wash extra
Cancel
Save wash extra
Service settings
Discount settings
Service name
Barcode
Loyalty points
Points awarded
Points to redeem
Service description
Force receipt printing
Active service
Open price
Global price
Global commission
Assign to
Controller code
Location price
Exempt tax
State sales tax rate
City sales tax rate
Commission
VK AL92
5%
3%
VK AL33
Los angeles
5%
3%
VK AL32
Los angeles
5%
3%
VK AL31
Los angeles
5%
3%
VK ZT c6d556
Los angeles
0%
0%
VK AL30
Los angeles
5%
3%
VK AL29
Los angeles
5%
3%
VK ZT 9e7bdf
Los angeles
0%
0%
VK AL28
Los angeles
5%
3%
VK AL27
Los angeles
5%
3%
VK ZT 4e248f
Los angeles
0%
0%
VK AL26
Los angeles
5%
3%
VK ZT 8f811b
Columbia
0%
0%
VK AL25
Columbia
5%
3%
FAILED                                                                   [ 63%]
tests/admin_portal/wash_extras/test_wash_extras_site_assignment.py::test_assign_all_sites_via_header_checkbox SKIPPEDtual DOM. Adjust
LOCATION_ASSIGNMENT_HEADER_CHECKBOX in WashExtrasPage.)                  [ 63%]
tests/admin_portal/wash_extras/test_wash_extras_site_assignment.py::test_save_wash_extra_with_no_site_assigned PASSED [ 63%]
tests/admin_portal/wash_extras/test_wash_extras_site_assignment.py::test_deselect_previously_assigned_site SKIPPEDuires per-row unchecking
support. Deferred.)                                                      [ 63%]
tests/admin_portal/wash_extras/test_wash_extras_site_assignment.py::test_global_price_reflected_at_site_level PASSED [ 63%]
tests/admin_portal/wash_extras/test_wash_extras_site_assignment.py::test_location_price_override_persists SKIPPEDate not updated.) [ 64%]
tests/admin_portal/wash_extras/test_wash_extras_site_assignment.py::test_negative_location_price_is_rejected PASSED [ 64%]
tests/admin_portal/wash_extras/test_wash_extras_site_assignment.py::test_enable_tax_exemption_for_site_persists SKIPPEDr verification against
the actual DOM. Deferred.)                                               [ 64%]
tests/admin_portal/wash_extras/test_wash_extras_site_assignment.py::test_disable_tax_exemption_for_site_persists SKIPPEDr verification against
the actual DOM. Deferred.)                                               [ 64%]
tests/admin_portal/wash_extras/test_wash_extras_site_assignment.py::test_state_city_tax_fields_are_read_only PASSED [ 64%]
tests/admin_portal/wash_extras/test_wash_extras_site_assignment.py::test_location_commission_override_persists SKIPPED-component state not
updated.)                                                                [ 65%]
tests/admin_portal/wash_extras/test_wash_extras_site_assignment.py::test_negative_location_commission_is_rejected PASSED [ 65%]
tests/admin_portal/wash_extras/test_wash_extras_ui.py::test_wash_extras_page_loads_with_primary_controls PASSED [ 65%]
tests/admin_portal/wash_extras/test_wash_extras_ui.py::test_wash_extras_grid_columns_are_visible PASSED [ 65%]
tests/admin_portal/wash_extras/test_wash_extras_ui.py::test_wash_extras_filter_panel_shows_controls PASSED [ 65%]
tests/admin_portal/wash_extras/test_wash_extras_ui.py::test_add_wash_extra_form_loads PASSED [ 66%]
tests/admin_portal/wash_extras/test_wash_extras_ui.py::test_wash_extras_export_file_validation XFAILy configuration and CSV/XLS parser
utilities. Deferred.)                                                    [ 66%]
tests/admin_portal/wash_extras/test_wash_extras_validation.py::test_wash_extra_required_service_name_validation PASSED [ 66%]
tests/admin_portal/wash_extras/test_wash_extras_validation.py::test_wash_extra_blank_global_price_is_blocked PASSED [ 66%]
tests/admin_portal/wash_extras/test_wash_extras_validation.py::test_wash_extra_zero_price_boundary_behaviour PASSED [ 66%]
tests/admin_portal/wash_extras/test_wash_extras_validation.py::test_wash_extra_max_length_name_handled PASSED [ 67%]
tests/admin_portal/wash_extras/test_wash_extras_validation.py::test_wash_extra_invalid_numeric_values_do_not_break_form PASSED [ 67%]
tests/admin_portal/user_roles/test_user_roles_create.py::test_user_roles_add_form_opens PASSED [ 67%]
tests/admin_portal/user_roles/test_user_roles_create.py::test_create_active_user_role 2026-07-28 16:02:16,624 ERROR nxtwash: Test FAILED: tests/admin_portal/user_roles/test_user_roles_create.py::test_create_active_user_role (url: https://staging.nxtwash.com/users/userRoles)

-------------------------------- live log call ---------------------------------
ERROR    nxtwash:conftest.py:241 Test FAILED: tests/admin_portal/user_roles/test_user_roles_create.py::test_create_active_user_role (url: https://staging.nxtwash.com/users/userRoles)
2026-07-28 16:02:17,247 ERROR nxtwash: Visible page text at failure:
User roles
Filter by (1)
+ Add user role
User role name
Role Type
Created date
Status
No records available
Page
of
0
Results per page
100
Showing 0 - 0 of 0
ERROR    nxtwash:conftest.py:256 Visible page text at failure:
User roles
Filter by (1)
+ Add user role
User role name
Role Type
Created date
Status
No records available
Page
of
0
Results per page
100
Showing 0 - 0 of 0
FAILED                                                                   [ 67%]
tests/admin_portal/user_roles/test_user_roles_create.py::test_create_inactive_user_role PASSED [ 67%]
tests/admin_portal/user_roles/test_user_roles_create.py::test_create_role_name_required PASSED [ 68%]
tests/admin_portal/user_roles/test_user_roles_create.py::test_create_role_priority_required PASSED [ 68%]
tests/admin_portal/user_roles/test_user_roles_create.py::test_create_duplicate_role_rejected 
-------------------------------- live log call ---------------------------------
WARNING  nxtwash:user_roles_page.py:404 Role save did not navigate away. Page message: user roles
add new user role
cancel
save
user role name
priority order
active user role
assign to locations
i
vk al92
vk al33
vk al32
vk al31
vk zt c6d556
vk al30
vk al29
vk zt 9e7bdf
vk al28
vk al27
vk zt 4e248f
vk al26
vk zt 8f811b
vk al25
vk al24
vk zt 46d34b
vk al23
vk zt c4a124
vk zt d4ccd8
vk zt 71c6f6
vk zt 9eaa54
vk zt ae9b9c
test 12
vk al22
vk al21
vk al20
vk zt c26508
vk al19
vk al18
vk zt c54675
vk al17
vk al16
vk zt 2b4279
vk al15
vk al14
vk zt 146465
vk al13
vk al12
vk al11
vk al10
vk al09
vk al08
vk al01
vkauto1
vk al07
vk al06
vk al05
vk al04
vk al03
vk al02
test123 udpated
vk t
PASSED                                                                   [ 68%]
tests/admin_portal/user_roles/test_user_roles_create.py::test_create_role_cancel_discards PASSED [ 68%]
tests/admin_portal/user_roles/test_user_roles_create.py::test_create_role_name_whitespace_trimmed_or_rejected 
-------------------------------- live log call ---------------------------------
WARNING  nxtwash:user_roles_page.py:404 Role save did not navigate away. Page message: user roles
add new user role
cancel
save
user role name
priority order
active user role
assign to locations
i
vk al92
vk al33
vk al32
vk al31
vk zt c6d556
vk al30
vk al29
vk zt 9e7bdf
vk al28
vk al27
vk zt 4e248f
vk al26
vk zt 8f811b
vk al25
vk al24
vk zt 46d34b
vk al23
vk zt c4a124
vk zt d4ccd8
vk zt 71c6f6
vk zt 9eaa54
vk zt ae9b9c
test 12
vk al22
vk al21
vk al20
vk zt c26508
vk al19
vk al18
vk zt c54675
vk al17
vk al16
vk zt 2b4279
vk al15
vk al14
vk zt 146465
vk al13
vk al12
vk al11
vk al10
vk al09
vk al08
vk al01
vkauto1
vk al07
vk al06
vk al05
vk al04
vk al03
vk al02
test123 udpated
vk t
PASSED                                                                   [ 68%]
tests/admin_portal/user_roles/test_user_roles_create.py::test_create_role_name_max_length_saves PASSED [ 68%]
tests/admin_portal/user_roles/test_user_roles_create.py::test_newly_created_role_appears_immediately PASSED [ 69%]
tests/admin_portal/user_roles/test_user_roles_create.py::test_create_role_priority_integers_only PASSED [ 69%]
tests/admin_portal/user_roles/test_user_roles_create.py::test_create_vk_company_user_role PASSED [ 69%]
tests/admin_portal/user_roles/test_user_roles_edge_cases.py::test_duplicate_name_vs_inactive_role PASSED [ 69%]
tests/admin_portal/user_roles/test_user_roles_edge_cases.py::test_case_sensitivity_duplicate PASSED [ 69%]
tests/admin_portal/user_roles/test_user_roles_edge_cases.py::test_predefined_role_fields_editable SKIPPED [ 70%]
tests/admin_portal/user_roles/test_user_roles_edge_cases.py::test_deactivate_assigned_role_documents_behavior PASSED [ 70%]
tests/admin_portal/user_roles/test_user_roles_edge_cases.py::test_data_persists_after_logout_relogin XPASS_admin_logged_in cannot
find the login form after cookie clear. Fix by setting url to the admin
login path.)                                                             [ 70%]
tests/admin_portal/user_roles/test_user_roles_edge_cases.py::test_priority_zero_documents_behavior PASSED [ 70%]
tests/admin_portal/user_roles/test_user_roles_edge_cases.py::test_duplicate_priority_documents_behavior PASSED [ 70%]
tests/admin_portal/user_roles/test_user_roles_edge_cases.py::test_deactivate_label_correct_terminology 2026-07-28 16:14:32,112 ERROR nxtwash: Test FAILED: tests/admin_portal/user_roles/test_user_roles_edge_cases.py::test_deactivate_label_correct_terminology (url: https://staging.nxtwash.com/users/userRoles/edit/10181)

-------------------------------- live log call ---------------------------------
ERROR    nxtwash:conftest.py:241 Test FAILED: tests/admin_portal/user_roles/test_user_roles_edge_cases.py::test_deactivate_label_correct_terminology (url: https://staging.nxtwash.com/users/userRoles/edit/10181)
2026-07-28 16:14:32,770 ERROR nxtwash: Visible page text at failure:
User roles
Edit user role
Cancel
Save
ERROR    nxtwash:conftest.py:256 Visible page text at failure:
User roles
Edit user role
Cancel
Save
FAILED                                                                   [ 71%]
tests/admin_portal/user_roles/test_user_roles_edge_cases.py::test_predefined_name_edit_guard SKIPPED [ 71%]
tests/admin_portal/user_roles/test_user_roles_edit.py::test_user_roles_edit_form_opens PASSED [ 71%]
tests/admin_portal/user_roles/test_user_roles_edit.py::test_edit_role_name_persists XPASSact's controlled-input state may not register the
name change and the save no-ops. Verify manually: open VK UR01 edit
form, change name to 'VK UR01 edited', save, and confirm the new name
appears in the list.)                                                    [ 71%]
tests/admin_portal/user_roles/test_user_roles_edit.py::test_edit_role_priority_persists XPASSt does not reliably update React's controlled-input
state; the save stores the original DB value rather than the entered
one. Verify manually: open VK UR01 edit form, change priority to 8,
save, reopen and confirm priority reads 8.)                              [ 71%]
tests/admin_portal/user_roles/test_user_roles_edit.py::test_activate_inactive_role 2026-07-28 16:22:17,746 ERROR nxtwash: Test FAILED: tests/admin_portal/user_roles/test_user_roles_edit.py::test_activate_inactive_role (url: https://staging.nxtwash.com/users/userRoles)

-------------------------------- live log call ---------------------------------
ERROR    nxtwash:conftest.py:241 Test FAILED: tests/admin_portal/user_roles/test_user_roles_edit.py::test_activate_inactive_role (url: https://staging.nxtwash.com/users/userRoles)
2026-07-28 16:22:18,328 ERROR nxtwash: Visible page text at failure:
User roles
Filter by (1)
+ Add user role
User role name
Role Type
Created date
Status
No records available
Page
of
0
Results per page
100
Showing 0 - 0 of 0
ERROR    nxtwash:conftest.py:256 Visible page text at failure:
User roles
Filter by (1)
+ Add user role
User role name
Role Type
Created date
Status
No records available
Page
of
0
Results per page
100
Showing 0 - 0 of 0
FAILED                                                                   [ 72%]
tests/admin_portal/user_roles/test_user_roles_edit.py::test_deactivate_active_role PASSED [ 72%]
tests/admin_portal/user_roles/test_user_roles_edit.py::test_edit_role_cancel_discards PASSED [ 72%]
tests/admin_portal/user_roles/test_user_roles_edit.py::test_edit_role_name_required PASSED [ 72%]
tests/admin_portal/user_roles/test_user_roles_export.py::test_user_roles_export_button_clickable XFAILrify exact button label and element
type in DevTools before removing xfail.)                                 [ 72%]
tests/admin_portal/user_roles/test_user_roles_filter.py::test_user_roles_filter_panel_opens PASSED [ 73%]
tests/admin_portal/user_roles/test_user_roles_filter.py::test_user_roles_filter_active_shows_active_only 2026-07-28 16:30:13,867 ERROR nxtwash: Test FAILED: tests/admin_portal/user_roles/test_user_roles_filter.py::test_user_roles_filter_active_shows_active_only (url: https://staging.nxtwash.com/users/userRoles)

-------------------------------- live log call ---------------------------------
ERROR    nxtwash:conftest.py:241 Test FAILED: tests/admin_portal/user_roles/test_user_roles_filter.py::test_user_roles_filter_active_shows_active_only (url: https://staging.nxtwash.com/users/userRoles)
2026-07-28 16:30:14,453 ERROR nxtwash: Visible page text at failure:
User roles
Filter by (1)
+ Add user role
User role name
Role Type
Created date
Status
No records available
Page
of
0
Results per page
100
Showing 0 - 0 of 0
ERROR    nxtwash:conftest.py:256 Visible page text at failure:
User roles
Filter by (1)
+ Add user role
User role name
Role Type
Created date
Status
No records available
Page
of
0
Results per page
100
Showing 0 - 0 of 0
FAILED                                                                   [ 73%]
tests/admin_portal/user_roles/test_user_roles_filter.py::test_user_roles_filter_off_shows_all PASSED [ 73%]
tests/admin_portal/user_roles/test_user_roles_filter.py::test_user_roles_filter_by_site PASSED [ 73%]
tests/admin_portal/user_roles/test_user_roles_filter.py::test_user_roles_filter_combined_site_and_active PASSED [ 73%]
tests/admin_portal/user_roles/test_user_roles_filter.py::test_user_roles_filter_count_matches_rows XPASSy label text pattern (e.g. 'Showing
X-Y of Z') in DevTools before removing xfail.)                           [ 73%]
tests/admin_portal/user_roles/test_user_roles_filter.py::test_user_roles_site_filter_alphabetical XFAILons from other dropdowns. Verify
in DevTools that only site-filter options are returned.)                 [ 74%]
tests/admin_portal/user_roles/test_user_roles_filter.py::test_user_roles_reset_all_clears_filters PASSED [ 74%]
tests/admin_portal/user_roles/test_user_roles_list.py::test_user_roles_list_page_loads PASSED [ 74%]
tests/admin_portal/user_roles/test_user_roles_list.py::test_user_roles_list_required_columns PASSED [ 74%]
tests/admin_portal/user_roles/test_user_roles_list.py::test_user_roles_default_roles_present PASSED [ 74%]
tests/admin_portal/user_roles/test_user_roles_list.py::test_user_roles_pagination_count PASSED [ 75%]
tests/admin_portal/user_roles/test_user_roles_list.py::test_user_roles_rows_per_page_changes_display XFAILrify select/@name or aria-label
attribute in DevTools before removing xfail.)                            [ 75%]
tests/admin_portal/user_roles/test_user_roles_locations.py::test_assign_single_location_persists XPASSerify actual DOM structure in DevTools
and tune _location_checkbox() if needed.)                                [ 75%]
tests/admin_portal/user_roles/test_user_roles_locations.py::test_assign_multiple_locations_persist XPASSn list. Requires DOM verification of
checkbox locator.)                                                       [ 75%]
tests/admin_portal/user_roles/test_user_roles_locations.py::test_location_list_includes_configured_sites XPASSeturn non-site labels. Verify
checkbox label DOM structure in DevTools before removing xfail.)         [ 75%]
tests/admin_portal/user_roles/test_user_roles_locations.py::test_remove_location_persists XPASSification of checkbox locator.) [ 76%]
tests/admin_portal/user_roles/test_user_roles_permissions.py::test_permission_sections_collapsed_by_default XFAIL verification. Remove xfail once
section structure is confirmed in DevTools.)                             [ 76%]
tests/admin_portal/user_roles/test_user_roles_permissions.py::test_expand_permission_section_reveals_toggles XFAIL verification. Remove
xfail once section structure is confirmed in DevTools.)                  [ 76%]
------------------------------ live log teardown -------------------------------
WARNING  nxtwash:user_roles_page.py:404 Role save did not navigate away. Page message: user roles
add new user role
cancel
save
user role name
priority order
active user role
assign to locations
i
vk al92
vk al33
vk al32
vk al31
vk zt c6d556
vk al30
vk al29
vk zt 9e7bdf
vk al28
vk al27
vk zt 4e248f
vk al26
vk zt 8f811b
vk al25
vk al24
vk zt 46d34b
vk al23
vk zt c4a124
vk zt d4ccd8
vk zt 71c6f6
vk zt 9eaa54
vk zt ae9b9c
test 12
vk al22
vk al21
vk al20
vk zt c26508
vk al19
vk al18
vk zt c54675
vk al17
vk al16
vk zt 2b4279
vk al15
vk al14
vk zt 146465
vk al13
vk al12
vk al11
vk al10
vk al09
vk al08
vk al01
vkauto1
vk al07
vk al06
vk al05
vk al04
vk al03
vk al02
test123 udpated
vk t

tests/admin_portal/user_roles/test_user_roles_permissions.py::test_parent_toggle_on_enables_all_children XFAIL verification. Remove xfail once
section structure is confirmed in DevTools.)                             [ 76%]
tests/admin_portal/user_roles/test_user_roles_permissions.py::test_parent_toggle_off_disables_all_children XFAIL verification. Remove xfail once
section structure is confirmed in DevTools.)                             [ 76%]
tests/admin_portal/user_roles/test_user_roles_permissions.py::test_child_toggle_independent XFAIL verification. Remove xfail once section
structure is confirmed in DevTools.)                                     [ 77%]
tests/admin_portal/user_roles/test_user_roles_permissions.py::test_permissions_persist_after_save XFAIL verification. Remove xfail once section
structure is confirmed in DevTools.)                                     [ 77%]
tests/admin_portal/user_roles/test_user_roles_permissions.py::test_all_permissions_off_saves_ok XPASS verification. Remove xfail once section
structure is confirmed in DevTools.)                                     [ 77%]
tests/admin_portal/user_roles/test_user_roles_search.py::test_user_roles_search_exact_name PASSED [ 77%]
tests/admin_portal/user_roles/test_user_roles_search.py::test_user_roles_search_partial_name XPASSe VK UR01 (ensure_active_switch_on does not
persist via the current automation approach). When VK UR01 is inactive
the active-only default filter hides it and the search returns no
results. Verify manually: ensure VK UR01 is active, search 'VK U',
confirm the role appears.)                                               [ 77%]
tests/admin_portal/user_roles/test_user_roles_search.py::test_user_roles_search_nonexistent_shows_empty PASSED [ 78%]
tests/admin_portal/user_roles/test_user_roles_search.py::test_user_roles_clear_search_restores_list PASSED [ 78%]
tests/admin_portal/user_roles/test_user_roles_section_permissions.py::test_section_permissions_persist_after_save[Sites] XFAILerification. Remove xfail once each section structure is confirmed in
DevTools.)                                                               [ 78%]
tests/admin_portal/user_roles/test_user_roles_section_permissions.py::test_section_permissions_persist_after_save[Services] XFAILerification. Remove xfail once each section structure is confirmed in
DevTools.)                                                               [ 78%]
tests/admin_portal/user_roles/test_user_roles_section_permissions.py::test_section_permissions_persist_after_save[Customers] XFAILerification. Remove xfail once each section structure is confirmed in
DevTools.)                                                               [ 78%]
tests/admin_portal/user_roles/test_user_roles_section_permissions.py::test_section_permissions_persist_after_save[Users] XFAILerification. Remove xfail once each section structure is confirmed in
DevTools.)                                                               [ 78%]
tests/admin_portal/user_roles/test_user_roles_section_permissions.py::test_section_permissions_persist_after_save[Employees] XFAILerification. Remove xfail once each section structure is confirmed in
DevTools.)                                                               [ 79%]
tests/admin_portal/user_roles/test_user_roles_section_permissions.py::test_section_permissions_persist_after_save[User_Roles] XFAILerification. Remove xfail once each section structure is confirmed in
DevTools.)                                                               [ 79%]
tests/admin_portal/user_roles/test_user_roles_section_permissions.py::test_section_permissions_persist_after_save[Kiosk_Settings] XFAILerification. Remove xfail once each section structure is confirmed in
DevTools.)                                                               [ 79%]
tests/admin_portal/user_roles/test_user_roles_section_permissions.py::test_section_permissions_persist_after_save[Kiosk_App] XFAILerification. Remove xfail once each section structure is confirmed in
DevTools.)                                                               [ 79%]
tests/admin_portal/user_roles/test_user_roles_section_permissions.py::test_section_permissions_persist_after_save[POS_Settings] XFAILerification. Remove xfail once each section structure is confirmed in
DevTools.)                                                               [ 79%]
tests/admin_portal/user_roles/test_user_roles_section_permissions.py::test_section_permissions_persist_after_save[POS_App] XFAILerification. Remove xfail once each section structure is confirmed in
DevTools.)                                                               [ 80%]
tests/admin_portal/user_roles/test_user_roles_section_permissions.py::test_section_permissions_persist_after_save[Tunnel_Settings] XFAILd in
DevTools.)                                                               [ 80%]
tests/admin_portal/user_roles/test_user_roles_section_permissions.py::test_section_permissions_persist_after_save[Gas_Pump_Settings] XFAILin
DevTools.)                                                               [ 80%]
tests/admin_portal/user_roles/test_user_roles_section_permissions.py::test_section_permissions_persist_after_save[Reports] XFAILerification. Remove xfail once each section structure is confirmed in
DevTools.)                                                               [ 80%]
tests/admin_portal/cash_report/test_cash_report.py::TestNavigation::test_page_loads_at_correct_url PASSED [ 80%]
tests/admin_portal/cash_report/test_cash_report.py::TestNavigation::test_filter_modal_auto_opens PASSED [ 81%]
tests/admin_portal/cash_report/test_cash_report.py::TestNavigation::test_modal_contains_all_controls PASSED [ 81%]
tests/admin_portal/cash_report/test_cash_report.py::TestNavigation::test_page_title_visible_after_apply PASSED [ 81%]
tests/admin_portal/cash_report/test_cash_report.py::TestNavigation::test_sidebar_highlights_active_item PASSED [ 81%]
tests/admin_portal/cash_report/test_cash_report.py::TestFilterModal::test_sites_dropdown_lists_active_sites PASSED [ 81%]
tests/admin_portal/cash_report/test_cash_report.py::TestFilterModal::test_date_preset_dropdown_options PASSED [ 82%]
tests/admin_portal/cash_report/test_cash_report.py::TestFilterModal::test_modal_opens_with_no_default_site PASSED [ 82%]
tests/admin_portal/cash_report/test_cash_report.py::TestFilterModal::test_selecting_preset_fills_date_range PASSED [ 82%]
tests/admin_portal/cash_report/test_cash_report.py::TestFilterModal::test_apply_filters_closes_modal_and_renders_metrics PASSED [ 82%]
tests/admin_portal/cash_report/test_cash_report.py::TestFilterModal::test_filter_values_reflected_in_page_bar PASSED [ 82%]
tests/admin_portal/cash_report/test_cash_report.py::TestFilterModal::test_page_bar_changes_do_not_reopen_modal PASSED [ 83%]
tests/admin_portal/cash_report/test_cash_report.py::TestSiteFilter::test_no_all_sites_option PASSED [ 83%]
tests/admin_portal/cash_report/test_cash_report.py::TestSiteFilter::test_selecting_site_creates_chip PASSED [ 83%]
tests/admin_portal/cash_report/test_cash_report.py::TestSiteFilter::test_test_site_in_dropdown PASSED [ 83%]
tests/admin_portal/cash_report/test_cash_report.py::TestSiteFilter::test_clearing_chip_removes_site_filter PASSED [ 83%]
tests/admin_portal/cash_report/test_cash_report.py::TestDateFilter::test_date_preset_count PASSED [ 84%]
tests/admin_portal/cash_report/test_cash_report.py::TestDateFilter::test_preset_populates_date_range[CSH-DTE-002] PASSED [ 84%]
tests/admin_portal/cash_report/test_cash_report.py::TestDateFilter::test_preset_populates_date_range[CSH-DTE-003] PASSED [ 84%]
tests/admin_portal/cash_report/test_cash_report.py::TestDateFilter::test_preset_populates_date_range[CSH-DTE-004] PASSED [ 84%]
tests/admin_portal/cash_report/test_cash_report.py::TestDateFilter::test_preset_populates_date_range[CSH-DTE-005] PASSED [ 84%]
tests/admin_portal/cash_report/test_cash_report.py::TestDateFilter::test_preset_populates_date_range[CSH-DTE-006] PASSED [ 84%]
tests/admin_portal/cash_report/test_cash_report.py::TestDateFilter::test_preset_populates_date_range[CSH-DTE-007] PASSED [ 85%]
tests/admin_portal/cash_report/test_cash_report.py::TestSingleDayMode::test_modal_single_day_checkbox_visible <- tests/admin_portal/mixins.py PASSED [ 85%]
tests/admin_portal/cash_report/test_cash_report.py::TestSingleDayMode::test_modal_single_day_changes_date_field <- tests/admin_portal/mixins.py PASSED [ 85%]
tests/admin_portal/cash_report/test_cash_report.py::TestSingleDayMode::test_modal_sdm_syncs_to_page_bar SKIPPEDed via DevTools) [ 85%]
tests/admin_portal/cash_report/test_cash_report.py::TestSingleDayMode::test_page_bar_sdm_uncheck_syncs_to_modal SKIPPEDed via DevTools) [ 85%]
tests/admin_portal/cash_report/test_cash_report.py::TestTabNavigation::test_three_tabs_visible PASSED [ 86%]
tests/admin_portal/cash_report/test_cash_report.py::TestTabNavigation::test_analytics_tab_active_by_default PASSED [ 86%]
tests/admin_portal/cash_report/test_cash_report.py::TestTabNavigation::test_kiosk_tab_click PASSED [ 86%]
tests/admin_portal/cash_report/test_cash_report.py::TestTabNavigation::test_pos_tab_click PASSED [ 86%]
tests/admin_portal/cash_report/test_cash_report.py::TestTabNavigation::test_analytics_tab_restores PASSED [ 86%]
tests/admin_portal/cash_report/test_cash_report.py::TestExport::test_export_xlsx_button_visible PASSED [ 87%]
tests/admin_portal/cash_report/test_cash_report.py::TestExport::test_export_xlsx_triggers_download PASSED [ 87%]
tests/admin_portal/cash_report/test_cash_report.py::TestAnalyticsTab::test_analytics_tab_shows_metrics PASSED [ 87%]
tests/admin_portal/cash_report/test_cash_report.py::TestAnalyticsTab::test_analytics_metrics_not_all_zero PASSED [ 87%]
tests/admin_portal/cash_report/test_cash_report.py::TestAnalyticsTab::test_analytics_zero_data_message PASSED [ 87%]
tests/admin_portal/cash_report/test_cash_report.py::TestKioskTab::test_kiosk_balance_summary_visible SKIPPEDed via DevTools) [ 88%]
tests/admin_portal/cash_report/test_cash_report.py::TestKioskTab::test_kiosk_balance_summary_has_headers SKIPPED [ 88%]
tests/admin_portal/cash_report/test_cash_report.py::TestKioskTab::test_kiosk_balance_summary_has_data SKIPPED [ 88%]
tests/admin_portal/cash_report/test_cash_report.py::TestKioskTab::test_kiosk_balance_summary_pagination SKIPPED [ 88%]
tests/admin_portal/cash_report/test_cash_report.py::TestKioskTab::test_kiosk_denomination_visible PASSED [ 88%]
tests/admin_portal/cash_report/test_cash_report.py::TestKioskTab::test_kiosk_denomination_has_headers SKIPPEDTML table; widget type
unconfirmed via DevTools)                                                [ 89%]
tests/admin_portal/cash_report/test_cash_report.py::TestKioskTab::test_kiosk_denomination_pagination SKIPPED [ 89%]
tests/admin_portal/cash_report/test_cash_report.py::TestKioskTab::test_kiosk_transactions_visible SKIPPEDvia DevTools) [ 89%]
tests/admin_portal/cash_report/test_cash_report.py::TestKioskTab::test_kiosk_transactions_has_headers SKIPPED [ 89%]
tests/admin_portal/cash_report/test_cash_report.py::TestKioskTab::test_kiosk_transactions_pagination SKIPPED [ 89%]
tests/admin_portal/cash_report/test_cash_report.py::TestKioskTab::test_kiosk_zero_data_state PASSED [ 89%]
tests/admin_portal/cash_report/test_cash_report.py::TestPOSTab::test_pos_balance_summary_visible SKIPPED via DevTools) [ 90%]
tests/admin_portal/cash_report/test_cash_report.py::TestPOSTab::test_pos_balance_summary_has_headers SKIPPED [ 90%]
tests/admin_portal/cash_report/test_cash_report.py::TestPOSTab::test_pos_balance_summary_pagination SKIPPED [ 90%]
tests/admin_portal/cash_report/test_cash_report.py::TestPOSTab::test_pos_bank_drop_visible SKIPPEDevTools) [ 90%]
tests/admin_portal/cash_report/test_cash_report.py::TestPOSTab::test_pos_bank_drop_pagination SKIPPED [ 90%]
tests/admin_portal/cash_report/test_cash_report.py::TestPOSTab::test_pos_transactions_visible SKIPPEDa DevTools) [ 91%]
tests/admin_portal/cash_report/test_cash_report.py::TestPOSTab::test_pos_transactions_pagination SKIPPED [ 91%]
tests/admin_portal/cash_report/test_cash_report.py::TestPOSTab::test_pos_zero_data_state PASSED [ 91%]
tests/admin_portal/login/test_login.py::test_admin_login PASSED          [ 91%]
tests/admin_portal/login/test_login_negative.py::test_login_invalid_email_valid_password_does_not_authenticate PASSED [ 91%]
tests/admin_portal/login/test_login_negative.py::test_login_valid_email_invalid_password_does_not_authenticate PASSED [ 92%]
tests/admin_portal/login/test_login_negative.py::test_login_invalid_email_invalid_password_does_not_authenticate PASSED [ 92%]
tests/admin_portal/login/test_login_password.py::test_password_is_masked_by_default PASSED [ 92%]
tests/admin_portal/login/test_login_password.py::test_password_visibility_toggle_shows_password XFAIL [ 92%]
tests/admin_portal/login/test_login_password.py::test_password_visibility_toggle_hides_password_again PASSED [ 92%]
tests/admin_portal/login/test_login_password.py::test_very_long_password_does_not_break_login_ui PASSED [ 93%]
tests/admin_portal/login/test_login_positive.py::test_login_with_valid_credentials PASSED [ 93%]
tests/admin_portal/login/test_login_positive.py::test_login_using_enter_key PASSED [ 93%]
tests/admin_portal/login/test_login_positive.py::test_session_persists_after_refresh PASSED [ 93%]
tests/admin_portal/login/test_login_positive.py::test_authenticated_user_cannot_access_login_page PASSED [ 93%]
tests/admin_portal/login/test_login_positive.py::test_login_with_email_leading_space XFAIL [ 94%]
tests/admin_portal/login/test_login_positive.py::test_login_with_email_trailing_space PASSED [ 94%]
tests/admin_portal/login/test_login_positive.py::test_login_with_email_case_variation PASSED [ 94%]
tests/admin_portal/login/test_login_positive.py::test_session_remains_active_in_new_tab PASSED [ 94%]
tests/admin_portal/login/test_login_security_smoke.py::test_login_security_payloads_do_not_authenticate[' OR 1=1 ---password] PASSED [ 94%]
tests/admin_portal/login/test_login_security_smoke.py::test_login_security_payloads_do_not_authenticate[admin@example.com-' OR 1=1 --] PASSED [ 94%]
tests/admin_portal/login/test_login_security_smoke.py::test_login_security_payloads_do_not_authenticate[<script>alert(1)</script>-password] PASSED [ 95%]
tests/admin_portal/login/test_login_security_smoke.py::test_login_security_payloads_do_not_authenticate[admin@example.com-<script>alert(1)</script>] PASSED [ 95%]
tests/admin_portal/login/test_login_session.py::test_direct_protected_url_without_login_redirects_to_login PASSED [ 95%]
tests/admin_portal/login/test_login_ui.py::test_login_page_loads PASSED  [ 95%]
tests/admin_portal/login/test_login_ui.py::test_login_page_url_is_correct PASSED [ 95%]
tests/admin_portal/login/test_login_ui.py::test_login_logo_is_available SKIPPEDOGO_IMAGE locator in login_page.py after checking /login HTML) [ 96%]
tests/admin_portal/login/test_login_ui.py::test_login_fields_and_button_are_visible PASSED [ 96%]
tests/admin_portal/login/test_login_ui.py::test_password_visibility_icon_is_displayed PASSED [ 96%]
tests/admin_portal/login/test_login_ui.py::test_login_field_labels_are_displayed PASSED [ 96%]
tests/admin_portal/login/test_login_ui.py::test_login_footer_is_displayed PASSED [ 96%]
tests/admin_portal/login/test_login_ui.py::test_login_browser_title PASSED [ 97%]
tests/admin_portal/login/test_login_ui.py::test_login_layout_renders_after_refresh SKIPPEDis_available first) [ 97%]
tests/admin_portal/login/test_login_ui.py::test_login_tab_order_email_password_login_button PASSED [ 97%]
tests/admin_portal/login/test_login_validation.py::test_login_validation_both_fields_empty PASSED [ 97%]
tests/admin_portal/login/test_login_validation.py::test_login_validation_email_empty PASSED [ 97%]
tests/admin_portal/login/test_login_validation.py::test_login_validation_password_empty PASSED [ 98%]
tests/admin_portal/login/test_login_validation.py::test_login_validation_email_spaces_only PASSED [ 98%]
tests/admin_portal/login/test_login_validation.py::test_login_validation_password_spaces_only PASSED [ 98%]
tests/admin_portal/login/test_login_validation.py::test_login_validation_invalid_email_formats[abc] PASSED [ 98%]
tests/admin_portal/login/test_login_validation.py::test_login_validation_invalid_email_formats[abc@] PASSED [ 98%]
tests/admin_portal/login/test_login_validation.py::test_login_validation_invalid_email_formats[@gmail.com] PASSED [ 99%]
tests/admin_portal/login/test_login_validation.py::test_login_validation_invalid_email_formats[abc@gmail] PASSED [ 99%]
tests/admin_portal/login/test_login_validation.py::test_login_validation_invalid_email_formats[abc.gmail.com] PASSED [ 99%]
tests/admin_portal/login/test_login_validation.py::test_login_validation_invalid_email_formats[abc@@gmail.com] PASSED [ 99%]
tests/admin_portal/login/test_login_validation.py::test_login_validation_invalid_email_formats[abc @gmail.com] PASSED [ 99%]
tests/admin_portal/login/test_login_validation.py::test_login_validation_maximum_email_length_does_not_break_ui PASSED [100%]

==================================== ERRORS ====================================
_ ERROR at setup of TestCardDeclinesSiteFilter.test_removing_chip_reduces_site_filter _

browser = <selenium.webdriver.chrome.webdriver.WebDriver (session="7d9326cf740a76470c01af1fe5ea9fdb")>

    @pytest.fixture
    def cdl_page(browser):
        """Phase 2 — CDL_SITE + Last month applied; lands on the metrics screen."""
        page = open_cdl_page(browser)
>       page.select_site(CDL_SITE)

tests/admin_portal/card_declines/conftest.py:163: 
_ _ _ _ _ _ _ _ _ _ _ _ _ _ _ _ _ _ _ _ _ _ _ _ _ _ _ _ _ _ _ _ _ _ _ _ _ _ _ _ 
pages/admin_portal/card_declines_page.py:221: in select_site
    ActionChains(self.driver).move_to_element(inner).click(inner).perform()
venv/lib/python3.11/site-packages/selenium/webdriver/common/action_chains.py:99: in perform
    self.w3c_actions.perform()
venv/lib/python3.11/site-packages/selenium/webdriver/common/actions/action_builder.py:148: in perform
    self.driver.execute(Command.W3C_ACTIONS, enc)
venv/lib/python3.11/site-packages/selenium/webdriver/remote/webdriver.py:468: in execute
    self.error_handler.check_response(response)
_ _ _ _ _ _ _ _ _ _ _ _ _ _ _ _ _ _ _ _ _ _ _ _ _ _ _ _ _ _ _ _ _ _ _ _ _ _ _ _ 

self = <selenium.webdriver.remote.errorhandler.ErrorHandler object at 0x10597b550>
response = {'status': 404, 'value': '{"value":{"error":"stale element reference","message":"stale element reference: stale elemen...000199325c08 _pthread_start + 136\\n20  libsystem_pthread.dylib             0x0000000199320ba8 thread_start + 8\\n"}}'}

    def check_response(self, response: dict[str, Any]) -> None:
        """Check that a JSON response from the WebDriver does not have an error.
    
        Args:
            response: The JSON response from the WebDriver server as a dictionary
                object.
    
        Raises:
            WebDriverException: If the response contains an error message.
        """
        status = response.get("status", None)
        if not status or status == ErrorCode.SUCCESS:
            return
        value = None
        message = response.get("message", "")
        screen: str = response.get("screen", "")
        stacktrace = None
        if isinstance(status, int):
            value_json = response.get("value", None)
            if value_json and isinstance(value_json, str):
                try:
                    value = json.loads(value_json)
                    if isinstance(value, dict):
                        if len(value) == 1:
                            value = value["value"]
                        status = value.get("error", None)
                        if not status:
                            status = value.get("status", ErrorCode.UNKNOWN_ERROR)
                            message = value.get("value") or value.get("message")
                            if not isinstance(message, str):
                                value = message
                                message = message.get("message") if isinstance(message, dict) else None
                        else:
                            message = value.get("message", None)
                except ValueError:
                    pass
    
        exception_class: type[WebDriverException]
        e = ErrorCode()
        error_codes = [item for item in dir(e) if not item.startswith("__")]
        for error_code in error_codes:
            error_info = getattr(ErrorCode, error_code)
            if isinstance(error_info, list) and status in error_info:
                exception_class = getattr(ExceptionMapping, error_code, WebDriverException)
                break
        else:
            exception_class = WebDriverException
    
        if not value:
            value = response["value"]
        if isinstance(value, str):
            raise exception_class(value)
        if message == "" and "message" in value:
            message = value["message"]
    
        screen = None  # type: ignore[assignment]
        if "screen" in value:
            screen = value["screen"]
    
        stacktrace = None
        st_value = value.get("stackTrace") or value.get("stacktrace")
        if st_value:
            if isinstance(st_value, str):
                stacktrace = st_value.split("\n")
            else:
                stacktrace = []
                try:
                    for frame in st_value:
                        line = frame.get("lineNumber", "")
                        file = frame.get("fileName", "<anonymous>")
                        if line:
                            file = f"{file}:{line}"
                        meth = frame.get("methodName", "<anonymous>")
                        if "className" in frame:
                            meth = f"{frame['className']}.{meth}"
                        msg = "    at %s (%s)"
                        msg = msg % (meth, file)
                        stacktrace.append(msg)
                except TypeError:
                    pass
        if exception_class == UnexpectedAlertPresentException:
            alert_text = None
            if "data" in value:
                alert_text = value["data"].get("text")
            elif "alert" in value:
                alert_text = value["alert"].get("text")
            raise exception_class(message, screen, stacktrace, alert_text)
>       raise exception_class(message, screen, stacktrace)
E       selenium.common.exceptions.StaleElementReferenceException: Message: stale element reference: stale element not found in the current frame
E         (Session info: chrome=150.0.7871.187); For documentation on this error, please visit: https://www.selenium.dev/documentation/webdriver/troubleshooting/errors#staleelementreferenceexception
E       Stacktrace:
E       0   chromedriver                        0x0000000102731a84 cxxbridge1$str$ptr + 3195292
E       1   chromedriver                        0x0000000102729b4c cxxbridge1$str$ptr + 3162724
E       2   chromedriver                        0x00000001021d32a4 _RNvCs9NA52FrZ4pF_7___rustc35___rust_no_alloc_shim_is_unstable_v2 + 73836
E       3   chromedriver                        0x00000001021d9464 _RNvCs9NA52FrZ4pF_7___rustc35___rust_no_alloc_shim_is_unstable_v2 + 98860
E       4   chromedriver                        0x00000001021db678 _RNvCs9NA52FrZ4pF_7___rustc35___rust_no_alloc_shim_is_unstable_v2 + 107584
E       5   chromedriver                        0x00000001021db730 _RNvCs9NA52FrZ4pF_7___rustc35___rust_no_alloc_shim_is_unstable_v2 + 107768
E       6   chromedriver                        0x000000010222087c _RNvCs9NA52FrZ4pF_7___rustc35___rust_no_alloc_shim_is_unstable_v2 + 390724
E       7   chromedriver                        0x0000000102220294 _RNvCs9NA52FrZ4pF_7___rustc35___rust_no_alloc_shim_is_unstable_v2 + 389212
E       8   chromedriver                        0x00000001022622e4 _RNvCs9NA52FrZ4pF_7___rustc35___rust_no_alloc_shim_is_unstable_v2 + 659628
E       9   chromedriver                        0x000000010225b030 _RNvCs9NA52FrZ4pF_7___rustc35___rust_no_alloc_shim_is_unstable_v2 + 630264
E       10  chromedriver                        0x0000000102211434 _RNvCs9NA52FrZ4pF_7___rustc35___rust_no_alloc_shim_is_unstable_v2 + 328188
E       11  chromedriver                        0x00000001026eec40 cxxbridge1$str$ptr + 2921304
E       12  chromedriver                        0x00000001026f23b8 cxxbridge1$str$ptr + 2935504
E       13  chromedriver                        0x00000001026d50f8 cxxbridge1$str$ptr + 2816016
E       14  chromedriver                        0x00000001026f2c4c cxxbridge1$str$ptr + 2937700
E       15  chromedriver                        0x00000001026c63b0 cxxbridge1$str$ptr + 2755272
E       16  chromedriver                        0x00000001027181f4 cxxbridge1$str$ptr + 3090700
E       17  chromedriver                        0x0000000102718354 cxxbridge1$str$ptr + 3091052
E       18  chromedriver                        0x00000001027297a4 cxxbridge1$str$ptr + 3161788
E       19  libsystem_pthread.dylib             0x0000000199325c08 _pthread_start + 136
E       20  libsystem_pthread.dylib             0x0000000199320ba8 thread_start + 8

venv/lib/python3.11/site-packages/selenium/webdriver/remote/errorhandler.py:232: StaleElementReferenceException
_ ERROR at setup of TestCardDeclinesGlossary.test_glossary_term_visible[CDL-GLS-002-05] _

browser = <selenium.webdriver.chrome.webdriver.WebDriver (session="39466ed0953145afb42cad58fba2c3dd")>

    @pytest.fixture
    def cdl_page(browser):
        """Phase 2 — CDL_SITE + Last month applied; lands on the metrics screen."""
        page = open_cdl_page(browser)
>       page.select_site(CDL_SITE)

tests/admin_portal/card_declines/conftest.py:163: 
_ _ _ _ _ _ _ _ _ _ _ _ _ _ _ _ _ _ _ _ _ _ _ _ _ _ _ _ _ _ _ _ _ _ _ _ _ _ _ _ 
pages/admin_portal/card_declines_page.py:221: in select_site
    ActionChains(self.driver).move_to_element(inner).click(inner).perform()
venv/lib/python3.11/site-packages/selenium/webdriver/common/action_chains.py:99: in perform
    self.w3c_actions.perform()
venv/lib/python3.11/site-packages/selenium/webdriver/common/actions/action_builder.py:148: in perform
    self.driver.execute(Command.W3C_ACTIONS, enc)
venv/lib/python3.11/site-packages/selenium/webdriver/remote/webdriver.py:468: in execute
    self.error_handler.check_response(response)
_ _ _ _ _ _ _ _ _ _ _ _ _ _ _ _ _ _ _ _ _ _ _ _ _ _ _ _ _ _ _ _ _ _ _ _ _ _ _ _ 

self = <selenium.webdriver.remote.errorhandler.ErrorHandler object at 0x105cc8650>
response = {'status': 404, 'value': '{"value":{"error":"stale element reference","message":"stale element reference: stale elemen...000199325c08 _pthread_start + 136\\n20  libsystem_pthread.dylib             0x0000000199320ba8 thread_start + 8\\n"}}'}

    def check_response(self, response: dict[str, Any]) -> None:
        """Check that a JSON response from the WebDriver does not have an error.
    
        Args:
            response: The JSON response from the WebDriver server as a dictionary
                object.
    
        Raises:
            WebDriverException: If the response contains an error message.
        """
        status = response.get("status", None)
        if not status or status == ErrorCode.SUCCESS:
            return
        value = None
        message = response.get("message", "")
        screen: str = response.get("screen", "")
        stacktrace = None
        if isinstance(status, int):
            value_json = response.get("value", None)
            if value_json and isinstance(value_json, str):
                try:
                    value = json.loads(value_json)
                    if isinstance(value, dict):
                        if len(value) == 1:
                            value = value["value"]
                        status = value.get("error", None)
                        if not status:
                            status = value.get("status", ErrorCode.UNKNOWN_ERROR)
                            message = value.get("value") or value.get("message")
                            if not isinstance(message, str):
                                value = message
                                message = message.get("message") if isinstance(message, dict) else None
                        else:
                            message = value.get("message", None)
                except ValueError:
                    pass
    
        exception_class: type[WebDriverException]
        e = ErrorCode()
        error_codes = [item for item in dir(e) if not item.startswith("__")]
        for error_code in error_codes:
            error_info = getattr(ErrorCode, error_code)
            if isinstance(error_info, list) and status in error_info:
                exception_class = getattr(ExceptionMapping, error_code, WebDriverException)
                break
        else:
            exception_class = WebDriverException
    
        if not value:
            value = response["value"]
        if isinstance(value, str):
            raise exception_class(value)
        if message == "" and "message" in value:
            message = value["message"]
    
        screen = None  # type: ignore[assignment]
        if "screen" in value:
            screen = value["screen"]
    
        stacktrace = None
        st_value = value.get("stackTrace") or value.get("stacktrace")
        if st_value:
            if isinstance(st_value, str):
                stacktrace = st_value.split("\n")
            else:
                stacktrace = []
                try:
                    for frame in st_value:
                        line = frame.get("lineNumber", "")
                        file = frame.get("fileName", "<anonymous>")
                        if line:
                            file = f"{file}:{line}"
                        meth = frame.get("methodName", "<anonymous>")
                        if "className" in frame:
                            meth = f"{frame['className']}.{meth}"
                        msg = "    at %s (%s)"
                        msg = msg % (meth, file)
                        stacktrace.append(msg)
                except TypeError:
                    pass
        if exception_class == UnexpectedAlertPresentException:
            alert_text = None
            if "data" in value:
                alert_text = value["data"].get("text")
            elif "alert" in value:
                alert_text = value["alert"].get("text")
            raise exception_class(message, screen, stacktrace, alert_text)
>       raise exception_class(message, screen, stacktrace)
E       selenium.common.exceptions.StaleElementReferenceException: Message: stale element reference: stale element not found in the current frame
E         (Session info: chrome=150.0.7871.187); For documentation on this error, please visit: https://www.selenium.dev/documentation/webdriver/troubleshooting/errors#staleelementreferenceexception
E       Stacktrace:
E       0   chromedriver                        0x0000000100cb5a84 cxxbridge1$str$ptr + 3195292
E       1   chromedriver                        0x0000000100cadb4c cxxbridge1$str$ptr + 3162724
E       2   chromedriver                        0x00000001007572a4 _RNvCs9NA52FrZ4pF_7___rustc35___rust_no_alloc_shim_is_unstable_v2 + 73836
E       3   chromedriver                        0x000000010075d464 _RNvCs9NA52FrZ4pF_7___rustc35___rust_no_alloc_shim_is_unstable_v2 + 98860
E       4   chromedriver                        0x000000010075f678 _RNvCs9NA52FrZ4pF_7___rustc35___rust_no_alloc_shim_is_unstable_v2 + 107584
E       5   chromedriver                        0x000000010075f730 _RNvCs9NA52FrZ4pF_7___rustc35___rust_no_alloc_shim_is_unstable_v2 + 107768
E       6   chromedriver                        0x00000001007a487c _RNvCs9NA52FrZ4pF_7___rustc35___rust_no_alloc_shim_is_unstable_v2 + 390724
E       7   chromedriver                        0x00000001007a4294 _RNvCs9NA52FrZ4pF_7___rustc35___rust_no_alloc_shim_is_unstable_v2 + 389212
E       8   chromedriver                        0x00000001007e62e4 _RNvCs9NA52FrZ4pF_7___rustc35___rust_no_alloc_shim_is_unstable_v2 + 659628
E       9   chromedriver                        0x00000001007df030 _RNvCs9NA52FrZ4pF_7___rustc35___rust_no_alloc_shim_is_unstable_v2 + 630264
E       10  chromedriver                        0x0000000100795434 _RNvCs9NA52FrZ4pF_7___rustc35___rust_no_alloc_shim_is_unstable_v2 + 328188
E       11  chromedriver                        0x0000000100c72c40 cxxbridge1$str$ptr + 2921304
E       12  chromedriver                        0x0000000100c763b8 cxxbridge1$str$ptr + 2935504
E       13  chromedriver                        0x0000000100c590f8 cxxbridge1$str$ptr + 2816016
E       14  chromedriver                        0x0000000100c76c4c cxxbridge1$str$ptr + 2937700
E       15  chromedriver                        0x0000000100c4a3b0 cxxbridge1$str$ptr + 2755272
E       16  chromedriver                        0x0000000100c9c1f4 cxxbridge1$str$ptr + 3090700
E       17  chromedriver                        0x0000000100c9c354 cxxbridge1$str$ptr + 3091052
E       18  chromedriver                        0x0000000100cad7a4 cxxbridge1$str$ptr + 3161788
E       19  libsystem_pthread.dylib             0x0000000199325c08 _pthread_start + 136
E       20  libsystem_pthread.dylib             0x0000000199320ba8 thread_start + 8

venv/lib/python3.11/site-packages/selenium/webdriver/remote/errorhandler.py:232: StaleElementReferenceException
_ ERROR at setup of TestCardDeclinesMatrix.test_matrix_column_present[CDL-MTX-002-06] _

browser = <selenium.webdriver.chrome.webdriver.WebDriver (session="d27b1f4695e7399999234c634e639974")>

    @pytest.fixture
    def cdl_page(browser):
        """Phase 2 — CDL_SITE + Last month applied; lands on the metrics screen."""
        page = open_cdl_page(browser)
>       page.select_site(CDL_SITE)

tests/admin_portal/card_declines/conftest.py:163: 
_ _ _ _ _ _ _ _ _ _ _ _ _ _ _ _ _ _ _ _ _ _ _ _ _ _ _ _ _ _ _ _ _ _ _ _ _ _ _ _ 
pages/admin_portal/card_declines_page.py:221: in select_site
    ActionChains(self.driver).move_to_element(inner).click(inner).perform()
venv/lib/python3.11/site-packages/selenium/webdriver/common/action_chains.py:99: in perform
    self.w3c_actions.perform()
venv/lib/python3.11/site-packages/selenium/webdriver/common/actions/action_builder.py:148: in perform
    self.driver.execute(Command.W3C_ACTIONS, enc)
venv/lib/python3.11/site-packages/selenium/webdriver/remote/webdriver.py:468: in execute
    self.error_handler.check_response(response)
_ _ _ _ _ _ _ _ _ _ _ _ _ _ _ _ _ _ _ _ _ _ _ _ _ _ _ _ _ _ _ _ _ _ _ _ _ _ _ _ 

self = <selenium.webdriver.remote.errorhandler.ErrorHandler object at 0x1056c7e90>
response = {'status': 404, 'value': '{"value":{"error":"stale element reference","message":"stale element reference: stale elemen...000199325c08 _pthread_start + 136\\n20  libsystem_pthread.dylib             0x0000000199320ba8 thread_start + 8\\n"}}'}

    def check_response(self, response: dict[str, Any]) -> None:
        """Check that a JSON response from the WebDriver does not have an error.
    
        Args:
            response: The JSON response from the WebDriver server as a dictionary
                object.
    
        Raises:
            WebDriverException: If the response contains an error message.
        """
        status = response.get("status", None)
        if not status or status == ErrorCode.SUCCESS:
            return
        value = None
        message = response.get("message", "")
        screen: str = response.get("screen", "")
        stacktrace = None
        if isinstance(status, int):
            value_json = response.get("value", None)
            if value_json and isinstance(value_json, str):
                try:
                    value = json.loads(value_json)
                    if isinstance(value, dict):
                        if len(value) == 1:
                            value = value["value"]
                        status = value.get("error", None)
                        if not status:
                            status = value.get("status", ErrorCode.UNKNOWN_ERROR)
                            message = value.get("value") or value.get("message")
                            if not isinstance(message, str):
                                value = message
                                message = message.get("message") if isinstance(message, dict) else None
                        else:
                            message = value.get("message", None)
                except ValueError:
                    pass
    
        exception_class: type[WebDriverException]
        e = ErrorCode()
        error_codes = [item for item in dir(e) if not item.startswith("__")]
        for error_code in error_codes:
            error_info = getattr(ErrorCode, error_code)
            if isinstance(error_info, list) and status in error_info:
                exception_class = getattr(ExceptionMapping, error_code, WebDriverException)
                break
        else:
            exception_class = WebDriverException
    
        if not value:
            value = response["value"]
        if isinstance(value, str):
            raise exception_class(value)
        if message == "" and "message" in value:
            message = value["message"]
    
        screen = None  # type: ignore[assignment]
        if "screen" in value:
            screen = value["screen"]
    
        stacktrace = None
        st_value = value.get("stackTrace") or value.get("stacktrace")
        if st_value:
            if isinstance(st_value, str):
                stacktrace = st_value.split("\n")
            else:
                stacktrace = []
                try:
                    for frame in st_value:
                        line = frame.get("lineNumber", "")
                        file = frame.get("fileName", "<anonymous>")
                        if line:
                            file = f"{file}:{line}"
                        meth = frame.get("methodName", "<anonymous>")
                        if "className" in frame:
                            meth = f"{frame['className']}.{meth}"
                        msg = "    at %s (%s)"
                        msg = msg % (meth, file)
                        stacktrace.append(msg)
                except TypeError:
                    pass
        if exception_class == UnexpectedAlertPresentException:
            alert_text = None
            if "data" in value:
                alert_text = value["data"].get("text")
            elif "alert" in value:
                alert_text = value["alert"].get("text")
            raise exception_class(message, screen, stacktrace, alert_text)
>       raise exception_class(message, screen, stacktrace)
E       selenium.common.exceptions.StaleElementReferenceException: Message: stale element reference: stale element not found in the current frame
E         (Session info: chrome=150.0.7871.187); For documentation on this error, please visit: https://www.selenium.dev/documentation/webdriver/troubleshooting/errors#staleelementreferenceexception
E       Stacktrace:
E       0   chromedriver                        0x0000000104e3da84 cxxbridge1$str$ptr + 3195292
E       1   chromedriver                        0x0000000104e35b4c cxxbridge1$str$ptr + 3162724
E       2   chromedriver                        0x00000001048df2a4 _RNvCs9NA52FrZ4pF_7___rustc35___rust_no_alloc_shim_is_unstable_v2 + 73836
E       3   chromedriver                        0x00000001048e5464 _RNvCs9NA52FrZ4pF_7___rustc35___rust_no_alloc_shim_is_unstable_v2 + 98860
E       4   chromedriver                        0x00000001048e7678 _RNvCs9NA52FrZ4pF_7___rustc35___rust_no_alloc_shim_is_unstable_v2 + 107584
E       5   chromedriver                        0x00000001048e7730 _RNvCs9NA52FrZ4pF_7___rustc35___rust_no_alloc_shim_is_unstable_v2 + 107768
E       6   chromedriver                        0x000000010492c87c _RNvCs9NA52FrZ4pF_7___rustc35___rust_no_alloc_shim_is_unstable_v2 + 390724
E       7   chromedriver                        0x000000010492c294 _RNvCs9NA52FrZ4pF_7___rustc35___rust_no_alloc_shim_is_unstable_v2 + 389212
E       8   chromedriver                        0x000000010496e2e4 _RNvCs9NA52FrZ4pF_7___rustc35___rust_no_alloc_shim_is_unstable_v2 + 659628
E       9   chromedriver                        0x0000000104967030 _RNvCs9NA52FrZ4pF_7___rustc35___rust_no_alloc_shim_is_unstable_v2 + 630264
E       10  chromedriver                        0x000000010491d434 _RNvCs9NA52FrZ4pF_7___rustc35___rust_no_alloc_shim_is_unstable_v2 + 328188
E       11  chromedriver                        0x0000000104dfac40 cxxbridge1$str$ptr + 2921304
E       12  chromedriver                        0x0000000104dfe3b8 cxxbridge1$str$ptr + 2935504
E       13  chromedriver                        0x0000000104de10f8 cxxbridge1$str$ptr + 2816016
E       14  chromedriver                        0x0000000104dfec4c cxxbridge1$str$ptr + 2937700
E       15  chromedriver                        0x0000000104dd23b0 cxxbridge1$str$ptr + 2755272
E       16  chromedriver                        0x0000000104e241f4 cxxbridge1$str$ptr + 3090700
E       17  chromedriver                        0x0000000104e24354 cxxbridge1$str$ptr + 3091052
E       18  chromedriver                        0x0000000104e357a4 cxxbridge1$str$ptr + 3161788
E       19  libsystem_pthread.dylib             0x0000000199325c08 _pthread_start + 136
E       20  libsystem_pthread.dylib             0x0000000199320ba8 thread_start + 8

venv/lib/python3.11/site-packages/selenium/webdriver/remote/errorhandler.py:232: StaleElementReferenceException
____ ERROR at setup of TestCardDeclinesHeatmap.test_heatmap_section_visible ____

browser = <selenium.webdriver.chrome.webdriver.WebDriver (session="93dd1718d1f86d951e6bb9c0fa56f772")>

    @pytest.fixture
    def cdl_page(browser):
        """Phase 2 — CDL_SITE + Last month applied; lands on the metrics screen."""
        page = open_cdl_page(browser)
>       page.select_site(CDL_SITE)

tests/admin_portal/card_declines/conftest.py:163: 
_ _ _ _ _ _ _ _ _ _ _ _ _ _ _ _ _ _ _ _ _ _ _ _ _ _ _ _ _ _ _ _ _ _ _ _ _ _ _ _ 
pages/admin_portal/card_declines_page.py:221: in select_site
    ActionChains(self.driver).move_to_element(inner).click(inner).perform()
venv/lib/python3.11/site-packages/selenium/webdriver/common/action_chains.py:99: in perform
    self.w3c_actions.perform()
venv/lib/python3.11/site-packages/selenium/webdriver/common/actions/action_builder.py:148: in perform
    self.driver.execute(Command.W3C_ACTIONS, enc)
venv/lib/python3.11/site-packages/selenium/webdriver/remote/webdriver.py:468: in execute
    self.error_handler.check_response(response)
_ _ _ _ _ _ _ _ _ _ _ _ _ _ _ _ _ _ _ _ _ _ _ _ _ _ _ _ _ _ _ _ _ _ _ _ _ _ _ _ 

self = <selenium.webdriver.remote.errorhandler.ErrorHandler object at 0x105df1f10>
response = {'status': 404, 'value': '{"value":{"error":"stale element reference","message":"stale element reference: stale elemen...000199325c08 _pthread_start + 136\\n20  libsystem_pthread.dylib             0x0000000199320ba8 thread_start + 8\\n"}}'}

    def check_response(self, response: dict[str, Any]) -> None:
        """Check that a JSON response from the WebDriver does not have an error.
    
        Args:
            response: The JSON response from the WebDriver server as a dictionary
                object.
    
        Raises:
            WebDriverException: If the response contains an error message.
        """
        status = response.get("status", None)
        if not status or status == ErrorCode.SUCCESS:
            return
        value = None
        message = response.get("message", "")
        screen: str = response.get("screen", "")
        stacktrace = None
        if isinstance(status, int):
            value_json = response.get("value", None)
            if value_json and isinstance(value_json, str):
                try:
                    value = json.loads(value_json)
                    if isinstance(value, dict):
                        if len(value) == 1:
                            value = value["value"]
                        status = value.get("error", None)
                        if not status:
                            status = value.get("status", ErrorCode.UNKNOWN_ERROR)
                            message = value.get("value") or value.get("message")
                            if not isinstance(message, str):
                                value = message
                                message = message.get("message") if isinstance(message, dict) else None
                        else:
                            message = value.get("message", None)
                except ValueError:
                    pass
    
        exception_class: type[WebDriverException]
        e = ErrorCode()
        error_codes = [item for item in dir(e) if not item.startswith("__")]
        for error_code in error_codes:
            error_info = getattr(ErrorCode, error_code)
            if isinstance(error_info, list) and status in error_info:
                exception_class = getattr(ExceptionMapping, error_code, WebDriverException)
                break
        else:
            exception_class = WebDriverException
    
        if not value:
            value = response["value"]
        if isinstance(value, str):
            raise exception_class(value)
        if message == "" and "message" in value:
            message = value["message"]
    
        screen = None  # type: ignore[assignment]
        if "screen" in value:
            screen = value["screen"]
    
        stacktrace = None
        st_value = value.get("stackTrace") or value.get("stacktrace")
        if st_value:
            if isinstance(st_value, str):
                stacktrace = st_value.split("\n")
            else:
                stacktrace = []
                try:
                    for frame in st_value:
                        line = frame.get("lineNumber", "")
                        file = frame.get("fileName", "<anonymous>")
                        if line:
                            file = f"{file}:{line}"
                        meth = frame.get("methodName", "<anonymous>")
                        if "className" in frame:
                            meth = f"{frame['className']}.{meth}"
                        msg = "    at %s (%s)"
                        msg = msg % (meth, file)
                        stacktrace.append(msg)
                except TypeError:
                    pass
        if exception_class == UnexpectedAlertPresentException:
            alert_text = None
            if "data" in value:
                alert_text = value["data"].get("text")
            elif "alert" in value:
                alert_text = value["alert"].get("text")
            raise exception_class(message, screen, stacktrace, alert_text)
>       raise exception_class(message, screen, stacktrace)
E       selenium.common.exceptions.StaleElementReferenceException: Message: stale element reference: stale element not found in the current frame
E         (Session info: chrome=150.0.7871.187); For documentation on this error, please visit: https://www.selenium.dev/documentation/webdriver/troubleshooting/errors#staleelementreferenceexception
E       Stacktrace:
E       0   chromedriver                        0x00000001030b5a84 cxxbridge1$str$ptr + 3195292
E       1   chromedriver                        0x00000001030adb4c cxxbridge1$str$ptr + 3162724
E       2   chromedriver                        0x0000000102b572a4 _RNvCs9NA52FrZ4pF_7___rustc35___rust_no_alloc_shim_is_unstable_v2 + 73836
E       3   chromedriver                        0x0000000102b5d464 _RNvCs9NA52FrZ4pF_7___rustc35___rust_no_alloc_shim_is_unstable_v2 + 98860
E       4   chromedriver                        0x0000000102b5f678 _RNvCs9NA52FrZ4pF_7___rustc35___rust_no_alloc_shim_is_unstable_v2 + 107584
E       5   chromedriver                        0x0000000102b5f730 _RNvCs9NA52FrZ4pF_7___rustc35___rust_no_alloc_shim_is_unstable_v2 + 107768
E       6   chromedriver                        0x0000000102ba487c _RNvCs9NA52FrZ4pF_7___rustc35___rust_no_alloc_shim_is_unstable_v2 + 390724
E       7   chromedriver                        0x0000000102ba4294 _RNvCs9NA52FrZ4pF_7___rustc35___rust_no_alloc_shim_is_unstable_v2 + 389212
E       8   chromedriver                        0x0000000102be62e4 _RNvCs9NA52FrZ4pF_7___rustc35___rust_no_alloc_shim_is_unstable_v2 + 659628
E       9   chromedriver                        0x0000000102bdf030 _RNvCs9NA52FrZ4pF_7___rustc35___rust_no_alloc_shim_is_unstable_v2 + 630264
E       10  chromedriver                        0x0000000102b95434 _RNvCs9NA52FrZ4pF_7___rustc35___rust_no_alloc_shim_is_unstable_v2 + 328188
E       11  chromedriver                        0x0000000103072c40 cxxbridge1$str$ptr + 2921304
E       12  chromedriver                        0x00000001030763b8 cxxbridge1$str$ptr + 2935504
E       13  chromedriver                        0x00000001030590f8 cxxbridge1$str$ptr + 2816016
E       14  chromedriver                        0x0000000103076c4c cxxbridge1$str$ptr + 2937700
E       15  chromedriver                        0x000000010304a3b0 cxxbridge1$str$ptr + 2755272
E       16  chromedriver                        0x000000010309c1f4 cxxbridge1$str$ptr + 3090700
E       17  chromedriver                        0x000000010309c354 cxxbridge1$str$ptr + 3091052
E       18  chromedriver                        0x00000001030ad7a4 cxxbridge1$str$ptr + 3161788
E       19  libsystem_pthread.dylib             0x0000000199325c08 _pthread_start + 136
E       20  libsystem_pthread.dylib             0x0000000199320ba8 thread_start + 8

venv/lib/python3.11/site-packages/selenium/webdriver/remote/errorhandler.py:232: StaleElementReferenceException
_ ERROR at setup of TestSingleDaySync.test_page_bar_sdm_uncheck_syncs_to_modal _

browser = <selenium.webdriver.chrome.webdriver.WebDriver (session="d4a0dc4ef20fd2e7fb649df890f5e4d3")>

    @pytest.fixture
    def sdm_page(browser):
        page = open_cdl_page(browser)
>       page.select_site(CDL_SITE)

tests/admin_portal/card_declines/conftest.py:233: 
_ _ _ _ _ _ _ _ _ _ _ _ _ _ _ _ _ _ _ _ _ _ _ _ _ _ _ _ _ _ _ _ _ _ _ _ _ _ _ _ 
pages/admin_portal/card_declines_page.py:221: in select_site
    ActionChains(self.driver).move_to_element(inner).click(inner).perform()
venv/lib/python3.11/site-packages/selenium/webdriver/common/action_chains.py:99: in perform
    self.w3c_actions.perform()
venv/lib/python3.11/site-packages/selenium/webdriver/common/actions/action_builder.py:148: in perform
    self.driver.execute(Command.W3C_ACTIONS, enc)
venv/lib/python3.11/site-packages/selenium/webdriver/remote/webdriver.py:468: in execute
    self.error_handler.check_response(response)
_ _ _ _ _ _ _ _ _ _ _ _ _ _ _ _ _ _ _ _ _ _ _ _ _ _ _ _ _ _ _ _ _ _ _ _ _ _ _ _ 

self = <selenium.webdriver.remote.errorhandler.ErrorHandler object at 0x105cc2750>
response = {'status': 404, 'value': '{"value":{"error":"stale element reference","message":"stale element reference: stale elemen...000199325c08 _pthread_start + 136\\n20  libsystem_pthread.dylib             0x0000000199320ba8 thread_start + 8\\n"}}'}

    def check_response(self, response: dict[str, Any]) -> None:
        """Check that a JSON response from the WebDriver does not have an error.
    
        Args:
            response: The JSON response from the WebDriver server as a dictionary
                object.
    
        Raises:
            WebDriverException: If the response contains an error message.
        """
        status = response.get("status", None)
        if not status or status == ErrorCode.SUCCESS:
            return
        value = None
        message = response.get("message", "")
        screen: str = response.get("screen", "")
        stacktrace = None
        if isinstance(status, int):
            value_json = response.get("value", None)
            if value_json and isinstance(value_json, str):
                try:
                    value = json.loads(value_json)
                    if isinstance(value, dict):
                        if len(value) == 1:
                            value = value["value"]
                        status = value.get("error", None)
                        if not status:
                            status = value.get("status", ErrorCode.UNKNOWN_ERROR)
                            message = value.get("value") or value.get("message")
                            if not isinstance(message, str):
                                value = message
                                message = message.get("message") if isinstance(message, dict) else None
                        else:
                            message = value.get("message", None)
                except ValueError:
                    pass
    
        exception_class: type[WebDriverException]
        e = ErrorCode()
        error_codes = [item for item in dir(e) if not item.startswith("__")]
        for error_code in error_codes:
            error_info = getattr(ErrorCode, error_code)
            if isinstance(error_info, list) and status in error_info:
                exception_class = getattr(ExceptionMapping, error_code, WebDriverException)
                break
        else:
            exception_class = WebDriverException
    
        if not value:
            value = response["value"]
        if isinstance(value, str):
            raise exception_class(value)
        if message == "" and "message" in value:
            message = value["message"]
    
        screen = None  # type: ignore[assignment]
        if "screen" in value:
            screen = value["screen"]
    
        stacktrace = None
        st_value = value.get("stackTrace") or value.get("stacktrace")
        if st_value:
            if isinstance(st_value, str):
                stacktrace = st_value.split("\n")
            else:
                stacktrace = []
                try:
                    for frame in st_value:
                        line = frame.get("lineNumber", "")
                        file = frame.get("fileName", "<anonymous>")
                        if line:
                            file = f"{file}:{line}"
                        meth = frame.get("methodName", "<anonymous>")
                        if "className" in frame:
                            meth = f"{frame['className']}.{meth}"
                        msg = "    at %s (%s)"
                        msg = msg % (meth, file)
                        stacktrace.append(msg)
                except TypeError:
                    pass
        if exception_class == UnexpectedAlertPresentException:
            alert_text = None
            if "data" in value:
                alert_text = value["data"].get("text")
            elif "alert" in value:
                alert_text = value["alert"].get("text")
            raise exception_class(message, screen, stacktrace, alert_text)
>       raise exception_class(message, screen, stacktrace)
E       selenium.common.exceptions.StaleElementReferenceException: Message: stale element reference: stale element not found in the current frame
E         (Session info: chrome=150.0.7871.187); For documentation on this error, please visit: https://www.selenium.dev/documentation/webdriver/troubleshooting/errors#staleelementreferenceexception
E       Stacktrace:
E       0   chromedriver                        0x0000000100f39a84 cxxbridge1$str$ptr + 3195292
E       1   chromedriver                        0x0000000100f31b4c cxxbridge1$str$ptr + 3162724
E       2   chromedriver                        0x00000001009db2a4 _RNvCs9NA52FrZ4pF_7___rustc35___rust_no_alloc_shim_is_unstable_v2 + 73836
E       3   chromedriver                        0x00000001009e1464 _RNvCs9NA52FrZ4pF_7___rustc35___rust_no_alloc_shim_is_unstable_v2 + 98860
E       4   chromedriver                        0x00000001009e3678 _RNvCs9NA52FrZ4pF_7___rustc35___rust_no_alloc_shim_is_unstable_v2 + 107584
E       5   chromedriver                        0x00000001009e3730 _RNvCs9NA52FrZ4pF_7___rustc35___rust_no_alloc_shim_is_unstable_v2 + 107768
E       6   chromedriver                        0x0000000100a2887c _RNvCs9NA52FrZ4pF_7___rustc35___rust_no_alloc_shim_is_unstable_v2 + 390724
E       7   chromedriver                        0x0000000100a28294 _RNvCs9NA52FrZ4pF_7___rustc35___rust_no_alloc_shim_is_unstable_v2 + 389212
E       8   chromedriver                        0x0000000100a6a2e4 _RNvCs9NA52FrZ4pF_7___rustc35___rust_no_alloc_shim_is_unstable_v2 + 659628
E       9   chromedriver                        0x0000000100a63030 _RNvCs9NA52FrZ4pF_7___rustc35___rust_no_alloc_shim_is_unstable_v2 + 630264
E       10  chromedriver                        0x0000000100a19434 _RNvCs9NA52FrZ4pF_7___rustc35___rust_no_alloc_shim_is_unstable_v2 + 328188
E       11  chromedriver                        0x0000000100ef6c40 cxxbridge1$str$ptr + 2921304
E       12  chromedriver                        0x0000000100efa3b8 cxxbridge1$str$ptr + 2935504
E       13  chromedriver                        0x0000000100edd0f8 cxxbridge1$str$ptr + 2816016
E       14  chromedriver                        0x0000000100efac4c cxxbridge1$str$ptr + 2937700
E       15  chromedriver                        0x0000000100ece3b0 cxxbridge1$str$ptr + 2755272
E       16  chromedriver                        0x0000000100f201f4 cxxbridge1$str$ptr + 3090700
E       17  chromedriver                        0x0000000100f20354 cxxbridge1$str$ptr + 3091052
E       18  chromedriver                        0x0000000100f317a4 cxxbridge1$str$ptr + 3161788
E       19  libsystem_pthread.dylib             0x0000000199325c08 _pthread_start + 136
E       20  libsystem_pthread.dylib             0x0000000199320ba8 thread_start + 8

venv/lib/python3.11/site-packages/selenium/webdriver/remote/errorhandler.py:232: StaleElementReferenceException
=================================== FAILURES ===================================
____________________ test_all_membership_subtabs_clickable _____________________

rvo_page = <pages.admin_portal.revenue_overview_page.RevenueOverviewPage object at 0x105414150>

    @allure.story("Membership Revenue")
    @allure.title("RVO-MEM-004 All three membership sub-tabs are clickable")
    @pytest.mark.regression
    def test_all_membership_subtabs_clickable(rvo_page):
        rvo_page.click_membership_tab()
>       rvo_page.click_sub_tab("New Sales")

tests/admin_portal/revenue_overview/test_revenue_overview.py:980: 
_ _ _ _ _ _ _ _ _ _ _ _ _ _ _ _ _ _ _ _ _ _ _ _ _ _ _ _ _ _ _ _ _ _ _ _ _ _ _ _ 
pages/admin_portal/revenue_overview_page.py:588: in click_sub_tab
    self._click_tab(locator)
pages/admin_portal/revenue_overview_page.py:574: in _click_tab
    btn = self.wait.until(EC.element_to_be_clickable(locator))
          ^^^^^^^^^^^^^^^^^^^^^^^^^^^^^^^^^^^^^^^^^^^^^^^^^^^^
_ _ _ _ _ _ _ _ _ _ _ _ _ _ _ _ _ _ _ _ _ _ _ _ _ _ _ _ _ _ _ _ _ _ _ _ _ _ _ _ 

self = <selenium.webdriver.support.wait.WebDriverWait (session="dc63a6ab2fe19fb1ca046afca9c851da")>
method = <function element_to_be_clickable.<locals>._predicate at 0x1057a9080>
message = ''

    def until(self, method: Callable[[D], Literal[False] | T], message: str = "") -> T:
        """Wait until the method returns a value that is not False.
    
        Calls the method provided with the driver as an argument until the
        return value does not evaluate to ``False``.
    
        Args:
            method: A callable object that takes a WebDriver instance as an
                argument.
            message: Optional message for TimeoutException.
    
        Returns:
            The result of the last call to `method`.
    
        Raises:
            TimeoutException: If 'method' does not return a truthy value within
                the WebDriverWait object's timeout.
    
        Example:
            >>> from selenium.webdriver.common.by import By
            >>> from selenium.webdriver.support.ui import WebDriverWait
            >>> from selenium.webdriver.support import expected_conditions as EC
            >>>
            >>> # Wait until an element is visible on the page
            >>> wait = WebDriverWait(driver, 10)
            >>> element = wait.until(EC.visibility_of_element_located((By.ID, "exampleId")))
            >>> print(element.text)
        """
        screen = None
        stacktrace = None
    
        end_time = time.monotonic() + self._timeout
        while True:
            try:
                value = method(self._driver)
                if value:
                    return value
            except self._ignored_exceptions as exc:
                screen = getattr(exc, "screen", None)
                stacktrace = getattr(exc, "stacktrace", None)
            if time.monotonic() > end_time:
                break
            time.sleep(self._poll)
>       raise TimeoutException(message, screen, stacktrace)
E       selenium.common.exceptions.TimeoutException: Message: 
E       Stacktrace:
E       0   chromedriver                        0x00000001009e9a84 cxxbridge1$str$ptr + 3195292
E       1   chromedriver                        0x00000001009e1b4c cxxbridge1$str$ptr + 3162724
E       2   chromedriver                        0x000000010048b2a4 _RNvCs9NA52FrZ4pF_7___rustc35___rust_no_alloc_shim_is_unstable_v2 + 73836
E       3   chromedriver                        0x00000001004d3a44 _RNvCs9NA52FrZ4pF_7___rustc35___rust_no_alloc_shim_is_unstable_v2 + 370700
E       4   chromedriver                        0x0000000100513030 _RNvCs9NA52FrZ4pF_7___rustc35___rust_no_alloc_shim_is_unstable_v2 + 630264
E       5   chromedriver                        0x00000001004c9434 _RNvCs9NA52FrZ4pF_7___rustc35___rust_no_alloc_shim_is_unstable_v2 + 328188
E       6   chromedriver                        0x00000001009a6c40 cxxbridge1$str$ptr + 2921304
E       7   chromedriver                        0x00000001009aa3b8 cxxbridge1$str$ptr + 2935504
E       8   chromedriver                        0x000000010098d0f8 cxxbridge1$str$ptr + 2816016
E       9   chromedriver                        0x00000001009aac4c cxxbridge1$str$ptr + 2937700
E       10  chromedriver                        0x000000010097e3b0 cxxbridge1$str$ptr + 2755272
E       11  chromedriver                        0x00000001009d01f4 cxxbridge1$str$ptr + 3090700
E       12  chromedriver                        0x00000001009d0354 cxxbridge1$str$ptr + 3091052
E       13  chromedriver                        0x00000001009e17a4 cxxbridge1$str$ptr + 3161788
E       14  libsystem_pthread.dylib             0x0000000199325c08 _pthread_start + 136
E       15  libsystem_pthread.dylib             0x0000000199320ba8 thread_start + 8

venv/lib/python3.11/site-packages/selenium/webdriver/support/wait.py:121: TimeoutException
______________________ test_new_sales_subtab_lists_plans _______________________

rvo_page = <pages.admin_portal.revenue_overview_page.RevenueOverviewPage object at 0x1055952d0>

    @allure.story("Membership Revenue")
    @allure.title("RVO-MEM-006 New Sales sub-tab lists membership plan rows")
    @pytest.mark.regression
    def test_new_sales_subtab_lists_plans(rvo_page):
        # Dependency: Membership module
        rvo_page.click_membership_tab()
>       rvo_page.click_sub_tab("New Sales")

tests/admin_portal/revenue_overview/test_revenue_overview.py:1009: 
_ _ _ _ _ _ _ _ _ _ _ _ _ _ _ _ _ _ _ _ _ _ _ _ _ _ _ _ _ _ _ _ _ _ _ _ _ _ _ _ 
pages/admin_portal/revenue_overview_page.py:588: in click_sub_tab
    self._click_tab(locator)
pages/admin_portal/revenue_overview_page.py:574: in _click_tab
    btn = self.wait.until(EC.element_to_be_clickable(locator))
          ^^^^^^^^^^^^^^^^^^^^^^^^^^^^^^^^^^^^^^^^^^^^^^^^^^^^
_ _ _ _ _ _ _ _ _ _ _ _ _ _ _ _ _ _ _ _ _ _ _ _ _ _ _ _ _ _ _ _ _ _ _ _ _ _ _ _ 

self = <selenium.webdriver.support.wait.WebDriverWait (session="ffc8c0ca2545ce02b5fbdfa43b1ba2bd")>
method = <function element_to_be_clickable.<locals>._predicate at 0x1057abb00>
message = ''

    def until(self, method: Callable[[D], Literal[False] | T], message: str = "") -> T:
        """Wait until the method returns a value that is not False.
    
        Calls the method provided with the driver as an argument until the
        return value does not evaluate to ``False``.
    
        Args:
            method: A callable object that takes a WebDriver instance as an
                argument.
            message: Optional message for TimeoutException.
    
        Returns:
            The result of the last call to `method`.
    
        Raises:
            TimeoutException: If 'method' does not return a truthy value within
                the WebDriverWait object's timeout.
    
        Example:
            >>> from selenium.webdriver.common.by import By
            >>> from selenium.webdriver.support.ui import WebDriverWait
            >>> from selenium.webdriver.support import expected_conditions as EC
            >>>
            >>> # Wait until an element is visible on the page
            >>> wait = WebDriverWait(driver, 10)
            >>> element = wait.until(EC.visibility_of_element_located((By.ID, "exampleId")))
            >>> print(element.text)
        """
        screen = None
        stacktrace = None
    
        end_time = time.monotonic() + self._timeout
        while True:
            try:
                value = method(self._driver)
                if value:
                    return value
            except self._ignored_exceptions as exc:
                screen = getattr(exc, "screen", None)
                stacktrace = getattr(exc, "stacktrace", None)
            if time.monotonic() > end_time:
                break
            time.sleep(self._poll)
>       raise TimeoutException(message, screen, stacktrace)
E       selenium.common.exceptions.TimeoutException: Message: 
E       Stacktrace:
E       0   chromedriver                        0x0000000100dfda84 cxxbridge1$str$ptr + 3195292
E       1   chromedriver                        0x0000000100df5b4c cxxbridge1$str$ptr + 3162724
E       2   chromedriver                        0x000000010089f2a4 _RNvCs9NA52FrZ4pF_7___rustc35___rust_no_alloc_shim_is_unstable_v2 + 73836
E       3   chromedriver                        0x00000001008e7a44 _RNvCs9NA52FrZ4pF_7___rustc35___rust_no_alloc_shim_is_unstable_v2 + 370700
E       4   chromedriver                        0x0000000100927030 _RNvCs9NA52FrZ4pF_7___rustc35___rust_no_alloc_shim_is_unstable_v2 + 630264
E       5   chromedriver                        0x00000001008dd434 _RNvCs9NA52FrZ4pF_7___rustc35___rust_no_alloc_shim_is_unstable_v2 + 328188
E       6   chromedriver                        0x0000000100dbac40 cxxbridge1$str$ptr + 2921304
E       7   chromedriver                        0x0000000100dbe3b8 cxxbridge1$str$ptr + 2935504
E       8   chromedriver                        0x0000000100da10f8 cxxbridge1$str$ptr + 2816016
E       9   chromedriver                        0x0000000100dbec4c cxxbridge1$str$ptr + 2937700
E       10  chromedriver                        0x0000000100d923b0 cxxbridge1$str$ptr + 2755272
E       11  chromedriver                        0x0000000100de41f4 cxxbridge1$str$ptr + 3090700
E       12  chromedriver                        0x0000000100de4354 cxxbridge1$str$ptr + 3091052
E       13  chromedriver                        0x0000000100df57a4 cxxbridge1$str$ptr + 3161788
E       14  libsystem_pthread.dylib             0x0000000199325c08 _pthread_start + 136
E       15  libsystem_pthread.dylib             0x0000000199320ba8 thread_start + 8

venv/lib/python3.11/site-packages/selenium/webdriver/support/wait.py:121: TimeoutException
_______________ test_recharges_subtab_zero_count_renders_cleanly _______________

rvo_page = <pages.admin_portal.revenue_overview_page.RevenueOverviewPage object at 0x1055a5cd0>

    @allure.story("Membership Revenue")
    @allure.title("RVO-MEM-007 Recharges sub-tab renders cleanly with zero count")
    @pytest.mark.regression
    def test_recharges_subtab_zero_count_renders_cleanly(rvo_page):
        rvo_page.click_membership_tab()
>       rvo_page.click_sub_tab("Recharges")

tests/admin_portal/revenue_overview/test_revenue_overview.py:1023: 
_ _ _ _ _ _ _ _ _ _ _ _ _ _ _ _ _ _ _ _ _ _ _ _ _ _ _ _ _ _ _ _ _ _ _ _ _ _ _ _ 
pages/admin_portal/revenue_overview_page.py:588: in click_sub_tab
    self._click_tab(locator)
pages/admin_portal/revenue_overview_page.py:574: in _click_tab
    btn = self.wait.until(EC.element_to_be_clickable(locator))
          ^^^^^^^^^^^^^^^^^^^^^^^^^^^^^^^^^^^^^^^^^^^^^^^^^^^^
_ _ _ _ _ _ _ _ _ _ _ _ _ _ _ _ _ _ _ _ _ _ _ _ _ _ _ _ _ _ _ _ _ _ _ _ _ _ _ _ 

self = <selenium.webdriver.support.wait.WebDriverWait (session="d729d1614e3776906144c1fd39ed17ef")>
method = <function element_to_be_clickable.<locals>._predicate at 0x105841c60>
message = ''

    def until(self, method: Callable[[D], Literal[False] | T], message: str = "") -> T:
        """Wait until the method returns a value that is not False.
    
        Calls the method provided with the driver as an argument until the
        return value does not evaluate to ``False``.
    
        Args:
            method: A callable object that takes a WebDriver instance as an
                argument.
            message: Optional message for TimeoutException.
    
        Returns:
            The result of the last call to `method`.
    
        Raises:
            TimeoutException: If 'method' does not return a truthy value within
                the WebDriverWait object's timeout.
    
        Example:
            >>> from selenium.webdriver.common.by import By
            >>> from selenium.webdriver.support.ui import WebDriverWait
            >>> from selenium.webdriver.support import expected_conditions as EC
            >>>
            >>> # Wait until an element is visible on the page
            >>> wait = WebDriverWait(driver, 10)
            >>> element = wait.until(EC.visibility_of_element_located((By.ID, "exampleId")))
            >>> print(element.text)
        """
        screen = None
        stacktrace = None
    
        end_time = time.monotonic() + self._timeout
        while True:
            try:
                value = method(self._driver)
                if value:
                    return value
            except self._ignored_exceptions as exc:
                screen = getattr(exc, "screen", None)
                stacktrace = getattr(exc, "stacktrace", None)
            if time.monotonic() > end_time:
                break
            time.sleep(self._poll)
>       raise TimeoutException(message, screen, stacktrace)
E       selenium.common.exceptions.TimeoutException: Message: 
E       Stacktrace:
E       0   chromedriver                        0x0000000104f89a84 cxxbridge1$str$ptr + 3195292
E       1   chromedriver                        0x0000000104f81b4c cxxbridge1$str$ptr + 3162724
E       2   chromedriver                        0x0000000104a2b2a4 _RNvCs9NA52FrZ4pF_7___rustc35___rust_no_alloc_shim_is_unstable_v2 + 73836
E       3   chromedriver                        0x0000000104a73a44 _RNvCs9NA52FrZ4pF_7___rustc35___rust_no_alloc_shim_is_unstable_v2 + 370700
E       4   chromedriver                        0x0000000104ab3030 _RNvCs9NA52FrZ4pF_7___rustc35___rust_no_alloc_shim_is_unstable_v2 + 630264
E       5   chromedriver                        0x0000000104a69434 _RNvCs9NA52FrZ4pF_7___rustc35___rust_no_alloc_shim_is_unstable_v2 + 328188
E       6   chromedriver                        0x0000000104f46c40 cxxbridge1$str$ptr + 2921304
E       7   chromedriver                        0x0000000104f4a3b8 cxxbridge1$str$ptr + 2935504
E       8   chromedriver                        0x0000000104f2d0f8 cxxbridge1$str$ptr + 2816016
E       9   chromedriver                        0x0000000104f4ac4c cxxbridge1$str$ptr + 2937700
E       10  chromedriver                        0x0000000104f1e3b0 cxxbridge1$str$ptr + 2755272
E       11  chromedriver                        0x0000000104f701f4 cxxbridge1$str$ptr + 3090700
E       12  chromedriver                        0x0000000104f70354 cxxbridge1$str$ptr + 3091052
E       13  chromedriver                        0x0000000104f817a4 cxxbridge1$str$ptr + 3161788
E       14  libsystem_pthread.dylib             0x0000000199325c08 _pthread_start + 136
E       15  libsystem_pthread.dylib             0x0000000199320ba8 thread_start + 8

venv/lib/python3.11/site-packages/selenium/webdriver/support/wait.py:121: TimeoutException
_______________________ test_resignups_subtab_lists_rows _______________________

rvo_page = <pages.admin_portal.revenue_overview_page.RevenueOverviewPage object at 0x1053f7d10>

    @allure.story("Membership Revenue")
    @allure.title("RVO-MEM-009 Resignups sub-tab lists all resignup rows")
    @pytest.mark.regression
    def test_resignups_subtab_lists_rows(rvo_page):
        # Dependency: Membership module
        rvo_page.click_membership_tab()
>       rvo_page.click_sub_tab("Resignups")

tests/admin_portal/revenue_overview/test_revenue_overview.py:1037: 
_ _ _ _ _ _ _ _ _ _ _ _ _ _ _ _ _ _ _ _ _ _ _ _ _ _ _ _ _ _ _ _ _ _ _ _ _ _ _ _ 
pages/admin_portal/revenue_overview_page.py:588: in click_sub_tab
    self._click_tab(locator)
pages/admin_portal/revenue_overview_page.py:574: in _click_tab
    btn = self.wait.until(EC.element_to_be_clickable(locator))
          ^^^^^^^^^^^^^^^^^^^^^^^^^^^^^^^^^^^^^^^^^^^^^^^^^^^^
_ _ _ _ _ _ _ _ _ _ _ _ _ _ _ _ _ _ _ _ _ _ _ _ _ _ _ _ _ _ _ _ _ _ _ _ _ _ _ _ 

self = <selenium.webdriver.support.wait.WebDriverWait (session="bf3defedb43fbe7f3d38a3424e1e93bc")>
method = <function element_to_be_clickable.<locals>._predicate at 0x105842160>
message = ''

    def until(self, method: Callable[[D], Literal[False] | T], message: str = "") -> T:
        """Wait until the method returns a value that is not False.
    
        Calls the method provided with the driver as an argument until the
        return value does not evaluate to ``False``.
    
        Args:
            method: A callable object that takes a WebDriver instance as an
                argument.
            message: Optional message for TimeoutException.
    
        Returns:
            The result of the last call to `method`.
    
        Raises:
            TimeoutException: If 'method' does not return a truthy value within
                the WebDriverWait object's timeout.
    
        Example:
            >>> from selenium.webdriver.common.by import By
            >>> from selenium.webdriver.support.ui import WebDriverWait
            >>> from selenium.webdriver.support import expected_conditions as EC
            >>>
            >>> # Wait until an element is visible on the page
            >>> wait = WebDriverWait(driver, 10)
            >>> element = wait.until(EC.visibility_of_element_located((By.ID, "exampleId")))
            >>> print(element.text)
        """
        screen = None
        stacktrace = None
    
        end_time = time.monotonic() + self._timeout
        while True:
            try:
                value = method(self._driver)
                if value:
                    return value
            except self._ignored_exceptions as exc:
                screen = getattr(exc, "screen", None)
                stacktrace = getattr(exc, "stacktrace", None)
            if time.monotonic() > end_time:
                break
            time.sleep(self._poll)
>       raise TimeoutException(message, screen, stacktrace)
E       selenium.common.exceptions.TimeoutException: Message: 
E       Stacktrace:
E       0   chromedriver                        0x00000001028fda84 cxxbridge1$str$ptr + 3195292
E       1   chromedriver                        0x00000001028f5b4c cxxbridge1$str$ptr + 3162724
E       2   chromedriver                        0x000000010239f2a4 _RNvCs9NA52FrZ4pF_7___rustc35___rust_no_alloc_shim_is_unstable_v2 + 73836
E       3   chromedriver                        0x00000001023e7a44 _RNvCs9NA52FrZ4pF_7___rustc35___rust_no_alloc_shim_is_unstable_v2 + 370700
E       4   chromedriver                        0x0000000102427030 _RNvCs9NA52FrZ4pF_7___rustc35___rust_no_alloc_shim_is_unstable_v2 + 630264
E       5   chromedriver                        0x00000001023dd434 _RNvCs9NA52FrZ4pF_7___rustc35___rust_no_alloc_shim_is_unstable_v2 + 328188
E       6   chromedriver                        0x00000001028bac40 cxxbridge1$str$ptr + 2921304
E       7   chromedriver                        0x00000001028be3b8 cxxbridge1$str$ptr + 2935504
E       8   chromedriver                        0x00000001028a10f8 cxxbridge1$str$ptr + 2816016
E       9   chromedriver                        0x00000001028bec4c cxxbridge1$str$ptr + 2937700
E       10  chromedriver                        0x00000001028923b0 cxxbridge1$str$ptr + 2755272
E       11  chromedriver                        0x00000001028e41f4 cxxbridge1$str$ptr + 3090700
E       12  chromedriver                        0x00000001028e4354 cxxbridge1$str$ptr + 3091052
E       13  chromedriver                        0x00000001028f57a4 cxxbridge1$str$ptr + 3161788
E       14  libsystem_pthread.dylib             0x0000000199325c08 _pthread_start + 136
E       15  libsystem_pthread.dylib             0x0000000199320ba8 thread_start + 8

venv/lib/python3.11/site-packages/selenium/webdriver/support/wait.py:121: TimeoutException
_____________ test_switching_subtabs_does_not_change_kpi_or_chart ______________

rvo_page = <pages.admin_portal.revenue_overview_page.RevenueOverviewPage object at 0x1056b0410>

    @allure.story("Membership Revenue")
    @allure.title("RVO-MEM-011 Switching sub-tabs does not change KPI cards or chart")
    @pytest.mark.regression
    def test_switching_subtabs_does_not_change_kpi_or_chart(rvo_page):
        kpi_before = rvo_page.get_body_text()
        rvo_page.click_membership_tab()
>       rvo_page.click_sub_tab("Recharges")

tests/admin_portal/revenue_overview/test_revenue_overview.py:1073: 
_ _ _ _ _ _ _ _ _ _ _ _ _ _ _ _ _ _ _ _ _ _ _ _ _ _ _ _ _ _ _ _ _ _ _ _ _ _ _ _ 
pages/admin_portal/revenue_overview_page.py:588: in click_sub_tab
    self._click_tab(locator)
pages/admin_portal/revenue_overview_page.py:574: in _click_tab
    btn = self.wait.until(EC.element_to_be_clickable(locator))
          ^^^^^^^^^^^^^^^^^^^^^^^^^^^^^^^^^^^^^^^^^^^^^^^^^^^^
_ _ _ _ _ _ _ _ _ _ _ _ _ _ _ _ _ _ _ _ _ _ _ _ _ _ _ _ _ _ _ _ _ _ _ _ _ _ _ _ 

self = <selenium.webdriver.support.wait.WebDriverWait (session="46c62a50bab814804d6babe89cb40e58")>
method = <function element_to_be_clickable.<locals>._predicate at 0x105841bc0>
message = ''

    def until(self, method: Callable[[D], Literal[False] | T], message: str = "") -> T:
        """Wait until the method returns a value that is not False.
    
        Calls the method provided with the driver as an argument until the
        return value does not evaluate to ``False``.
    
        Args:
            method: A callable object that takes a WebDriver instance as an
                argument.
            message: Optional message for TimeoutException.
    
        Returns:
            The result of the last call to `method`.
    
        Raises:
            TimeoutException: If 'method' does not return a truthy value within
                the WebDriverWait object's timeout.
    
        Example:
            >>> from selenium.webdriver.common.by import By
            >>> from selenium.webdriver.support.ui import WebDriverWait
            >>> from selenium.webdriver.support import expected_conditions as EC
            >>>
            >>> # Wait until an element is visible on the page
            >>> wait = WebDriverWait(driver, 10)
            >>> element = wait.until(EC.visibility_of_element_located((By.ID, "exampleId")))
            >>> print(element.text)
        """
        screen = None
        stacktrace = None
    
        end_time = time.monotonic() + self._timeout
        while True:
            try:
                value = method(self._driver)
                if value:
                    return value
            except self._ignored_exceptions as exc:
                screen = getattr(exc, "screen", None)
                stacktrace = getattr(exc, "stacktrace", None)
            if time.monotonic() > end_time:
                break
            time.sleep(self._poll)
>       raise TimeoutException(message, screen, stacktrace)
E       selenium.common.exceptions.TimeoutException: Message: 
E       Stacktrace:
E       0   chromedriver                        0x00000001029d1a84 cxxbridge1$str$ptr + 3195292
E       1   chromedriver                        0x00000001029c9b4c cxxbridge1$str$ptr + 3162724
E       2   chromedriver                        0x00000001024732a4 _RNvCs9NA52FrZ4pF_7___rustc35___rust_no_alloc_shim_is_unstable_v2 + 73836
E       3   chromedriver                        0x00000001024bba44 _RNvCs9NA52FrZ4pF_7___rustc35___rust_no_alloc_shim_is_unstable_v2 + 370700
E       4   chromedriver                        0x00000001024fb030 _RNvCs9NA52FrZ4pF_7___rustc35___rust_no_alloc_shim_is_unstable_v2 + 630264
E       5   chromedriver                        0x00000001024b1434 _RNvCs9NA52FrZ4pF_7___rustc35___rust_no_alloc_shim_is_unstable_v2 + 328188
E       6   chromedriver                        0x000000010298ec40 cxxbridge1$str$ptr + 2921304
E       7   chromedriver                        0x00000001029923b8 cxxbridge1$str$ptr + 2935504
E       8   chromedriver                        0x00000001029750f8 cxxbridge1$str$ptr + 2816016
E       9   chromedriver                        0x0000000102992c4c cxxbridge1$str$ptr + 2937700
E       10  chromedriver                        0x00000001029663b0 cxxbridge1$str$ptr + 2755272
E       11  chromedriver                        0x00000001029b81f4 cxxbridge1$str$ptr + 3090700
E       12  chromedriver                        0x00000001029b8354 cxxbridge1$str$ptr + 3091052
E       13  chromedriver                        0x00000001029c97a4 cxxbridge1$str$ptr + 3161788
E       14  libsystem_pthread.dylib             0x0000000199325c08 _pthread_start + 136
E       15  libsystem_pthread.dylib             0x0000000199320ba8 thread_start + 8

venv/lib/python3.11/site-packages/selenium/webdriver/support/wait.py:121: TimeoutException
___________________ test_membership_plan_names_match_module ____________________

rvo_page = <pages.admin_portal.revenue_overview_page.RevenueOverviewPage object at 0x105857890>

    @allure.story("Membership Revenue")
    @allure.title("RVO-MEM-012 Membership plan names match the Membership module")
    @pytest.mark.regression
    def test_membership_plan_names_match_module(rvo_page):
        # Dependency: Membership module
        rvo_page.click_membership_tab()
>       rvo_page.click_sub_tab("New Sales")

tests/admin_portal/revenue_overview/test_revenue_overview.py:1094: 
_ _ _ _ _ _ _ _ _ _ _ _ _ _ _ _ _ _ _ _ _ _ _ _ _ _ _ _ _ _ _ _ _ _ _ _ _ _ _ _ 
pages/admin_portal/revenue_overview_page.py:588: in click_sub_tab
    self._click_tab(locator)
pages/admin_portal/revenue_overview_page.py:574: in _click_tab
    btn = self.wait.until(EC.element_to_be_clickable(locator))
          ^^^^^^^^^^^^^^^^^^^^^^^^^^^^^^^^^^^^^^^^^^^^^^^^^^^^
_ _ _ _ _ _ _ _ _ _ _ _ _ _ _ _ _ _ _ _ _ _ _ _ _ _ _ _ _ _ _ _ _ _ _ _ _ _ _ _ 

self = <selenium.webdriver.support.wait.WebDriverWait (session="366d5b7a0b70cbc7091897d23f3ce25a")>
method = <function element_to_be_clickable.<locals>._predicate at 0x1058428e0>
message = ''

    def until(self, method: Callable[[D], Literal[False] | T], message: str = "") -> T:
        """Wait until the method returns a value that is not False.
    
        Calls the method provided with the driver as an argument until the
        return value does not evaluate to ``False``.
    
        Args:
            method: A callable object that takes a WebDriver instance as an
                argument.
            message: Optional message for TimeoutException.
    
        Returns:
            The result of the last call to `method`.
    
        Raises:
            TimeoutException: If 'method' does not return a truthy value within
                the WebDriverWait object's timeout.
    
        Example:
            >>> from selenium.webdriver.common.by import By
            >>> from selenium.webdriver.support.ui import WebDriverWait
            >>> from selenium.webdriver.support import expected_conditions as EC
            >>>
            >>> # Wait until an element is visible on the page
            >>> wait = WebDriverWait(driver, 10)
            >>> element = wait.until(EC.visibility_of_element_located((By.ID, "exampleId")))
            >>> print(element.text)
        """
        screen = None
        stacktrace = None
    
        end_time = time.monotonic() + self._timeout
        while True:
            try:
                value = method(self._driver)
                if value:
                    return value
            except self._ignored_exceptions as exc:
                screen = getattr(exc, "screen", None)
                stacktrace = getattr(exc, "stacktrace", None)
            if time.monotonic() > end_time:
                break
            time.sleep(self._poll)
>       raise TimeoutException(message, screen, stacktrace)
E       selenium.common.exceptions.TimeoutException: Message: 
E       Stacktrace:
E       0   chromedriver                        0x0000000104d55a84 cxxbridge1$str$ptr + 3195292
E       1   chromedriver                        0x0000000104d4db4c cxxbridge1$str$ptr + 3162724
E       2   chromedriver                        0x00000001047f72a4 _RNvCs9NA52FrZ4pF_7___rustc35___rust_no_alloc_shim_is_unstable_v2 + 73836
E       3   chromedriver                        0x000000010483fa44 _RNvCs9NA52FrZ4pF_7___rustc35___rust_no_alloc_shim_is_unstable_v2 + 370700
E       4   chromedriver                        0x000000010487f030 _RNvCs9NA52FrZ4pF_7___rustc35___rust_no_alloc_shim_is_unstable_v2 + 630264
E       5   chromedriver                        0x0000000104835434 _RNvCs9NA52FrZ4pF_7___rustc35___rust_no_alloc_shim_is_unstable_v2 + 328188
E       6   chromedriver                        0x0000000104d12c40 cxxbridge1$str$ptr + 2921304
E       7   chromedriver                        0x0000000104d163b8 cxxbridge1$str$ptr + 2935504
E       8   chromedriver                        0x0000000104cf90f8 cxxbridge1$str$ptr + 2816016
E       9   chromedriver                        0x0000000104d16c4c cxxbridge1$str$ptr + 2937700
E       10  chromedriver                        0x0000000104cea3b0 cxxbridge1$str$ptr + 2755272
E       11  chromedriver                        0x0000000104d3c1f4 cxxbridge1$str$ptr + 3090700
E       12  chromedriver                        0x0000000104d3c354 cxxbridge1$str$ptr + 3091052
E       13  chromedriver                        0x0000000104d4d7a4 cxxbridge1$str$ptr + 3161788
E       14  libsystem_pthread.dylib             0x0000000199325c08 _pthread_start + 136
E       15  libsystem_pthread.dylib             0x0000000199320ba8 thread_start + 8

venv/lib/python3.11/site-packages/selenium/webdriver/support/wait.py:121: TimeoutException
_________________________ test_retail_count_invariant __________________________

rvo_page = <pages.admin_portal.revenue_overview_page.RevenueOverviewPage object at 0x105778250>

    @allure.story("Retail Revenue")
    @allure.title("RVO-RET-003 Wash Package + Wash Extra == Retail Revenue tab count")
    @pytest.mark.regression
    def test_retail_count_invariant(rvo_page):
        rvo_page.click_retail_tab()
        rvo_page.assert_retail_count_invariant()
        wp = rvo_page.get_tab_count("Wash Package")
        we = rvo_page.get_tab_count("Wash Extra")
        ret = rvo_page.retail_tab_count()
>       assert wp + we == ret, (
            "Retail count invariant: Wash Package(%d) + Wash Extra(%d) = %d ≠ Retail(%d)"
            % (wp, we, wp + we, ret)
        )
E       AssertionError: Retail count invariant: Wash Package(0) + Wash Extra(0) = 0 ≠ Retail(7)
E       assert (0 + 0) == 7

tests/admin_portal/revenue_overview/test_revenue_overview.py:1144: AssertionError
___________________ test_wash_package_subtab_lists_packages ____________________

rvo_page = <pages.admin_portal.revenue_overview_page.RevenueOverviewPage object at 0x105595610>

    @allure.story("Retail Revenue")
    @allure.title("RVO-RET-004 Wash Package sub-tab lists wash package rows")
    @pytest.mark.regression
    def test_wash_package_subtab_lists_packages(rvo_page):
        # Dependency: Wash Packages module
        rvo_page.click_retail_tab()
>       rvo_page.click_sub_tab("Wash Package")

tests/admin_portal/revenue_overview/test_revenue_overview.py:1157: 
_ _ _ _ _ _ _ _ _ _ _ _ _ _ _ _ _ _ _ _ _ _ _ _ _ _ _ _ _ _ _ _ _ _ _ _ _ _ _ _ 
pages/admin_portal/revenue_overview_page.py:588: in click_sub_tab
    self._click_tab(locator)
pages/admin_portal/revenue_overview_page.py:574: in _click_tab
    btn = self.wait.until(EC.element_to_be_clickable(locator))
          ^^^^^^^^^^^^^^^^^^^^^^^^^^^^^^^^^^^^^^^^^^^^^^^^^^^^
_ _ _ _ _ _ _ _ _ _ _ _ _ _ _ _ _ _ _ _ _ _ _ _ _ _ _ _ _ _ _ _ _ _ _ _ _ _ _ _ 

self = <selenium.webdriver.support.wait.WebDriverWait (session="3663ec3b59e36250976917f117406d32")>
method = <function element_to_be_clickable.<locals>._predicate at 0x1058434c0>
message = ''

    def until(self, method: Callable[[D], Literal[False] | T], message: str = "") -> T:
        """Wait until the method returns a value that is not False.
    
        Calls the method provided with the driver as an argument until the
        return value does not evaluate to ``False``.
    
        Args:
            method: A callable object that takes a WebDriver instance as an
                argument.
            message: Optional message for TimeoutException.
    
        Returns:
            The result of the last call to `method`.
    
        Raises:
            TimeoutException: If 'method' does not return a truthy value within
                the WebDriverWait object's timeout.
    
        Example:
            >>> from selenium.webdriver.common.by import By
            >>> from selenium.webdriver.support.ui import WebDriverWait
            >>> from selenium.webdriver.support import expected_conditions as EC
            >>>
            >>> # Wait until an element is visible on the page
            >>> wait = WebDriverWait(driver, 10)
            >>> element = wait.until(EC.visibility_of_element_located((By.ID, "exampleId")))
            >>> print(element.text)
        """
        screen = None
        stacktrace = None
    
        end_time = time.monotonic() + self._timeout
        while True:
            try:
                value = method(self._driver)
                if value:
                    return value
            except self._ignored_exceptions as exc:
                screen = getattr(exc, "screen", None)
                stacktrace = getattr(exc, "stacktrace", None)
            if time.monotonic() > end_time:
                break
            time.sleep(self._poll)
>       raise TimeoutException(message, screen, stacktrace)
E       selenium.common.exceptions.TimeoutException: Message: 
E       Stacktrace:
E       0   chromedriver                        0x0000000104e01a84 cxxbridge1$str$ptr + 3195292
E       1   chromedriver                        0x0000000104df9b4c cxxbridge1$str$ptr + 3162724
E       2   chromedriver                        0x00000001048a32a4 _RNvCs9NA52FrZ4pF_7___rustc35___rust_no_alloc_shim_is_unstable_v2 + 73836
E       3   chromedriver                        0x00000001048eba44 _RNvCs9NA52FrZ4pF_7___rustc35___rust_no_alloc_shim_is_unstable_v2 + 370700
E       4   chromedriver                        0x000000010492b030 _RNvCs9NA52FrZ4pF_7___rustc35___rust_no_alloc_shim_is_unstable_v2 + 630264
E       5   chromedriver                        0x00000001048e1434 _RNvCs9NA52FrZ4pF_7___rustc35___rust_no_alloc_shim_is_unstable_v2 + 328188
E       6   chromedriver                        0x0000000104dbec40 cxxbridge1$str$ptr + 2921304
E       7   chromedriver                        0x0000000104dc23b8 cxxbridge1$str$ptr + 2935504
E       8   chromedriver                        0x0000000104da50f8 cxxbridge1$str$ptr + 2816016
E       9   chromedriver                        0x0000000104dc2c4c cxxbridge1$str$ptr + 2937700
E       10  chromedriver                        0x0000000104d963b0 cxxbridge1$str$ptr + 2755272
E       11  chromedriver                        0x0000000104de81f4 cxxbridge1$str$ptr + 3090700
E       12  chromedriver                        0x0000000104de8354 cxxbridge1$str$ptr + 3091052
E       13  chromedriver                        0x0000000104df97a4 cxxbridge1$str$ptr + 3161788
E       14  libsystem_pthread.dylib             0x0000000199325c08 _pthread_start + 136
E       15  libsystem_pthread.dylib             0x0000000199320ba8 thread_start + 8

venv/lib/python3.11/site-packages/selenium/webdriver/support/wait.py:121: TimeoutException
_____________________ test_wash_extra_subtab_lists_extras ______________________

rvo_page = <pages.admin_portal.revenue_overview_page.RevenueOverviewPage object at 0x1056cde10>

    @allure.story("Retail Revenue")
    @allure.title("RVO-RET-005 Wash Extra sub-tab lists wash extra rows")
    @pytest.mark.regression
    def test_wash_extra_subtab_lists_extras(rvo_page):
        # Dependency: Wash Extras module
        rvo_page.click_retail_tab()
>       rvo_page.click_sub_tab("Wash Extra")

tests/admin_portal/revenue_overview/test_revenue_overview.py:1171: 
_ _ _ _ _ _ _ _ _ _ _ _ _ _ _ _ _ _ _ _ _ _ _ _ _ _ _ _ _ _ _ _ _ _ _ _ _ _ _ _ 
pages/admin_portal/revenue_overview_page.py:588: in click_sub_tab
    self._click_tab(locator)
pages/admin_portal/revenue_overview_page.py:574: in _click_tab
    btn = self.wait.until(EC.element_to_be_clickable(locator))
          ^^^^^^^^^^^^^^^^^^^^^^^^^^^^^^^^^^^^^^^^^^^^^^^^^^^^
_ _ _ _ _ _ _ _ _ _ _ _ _ _ _ _ _ _ _ _ _ _ _ _ _ _ _ _ _ _ _ _ _ _ _ _ _ _ _ _ 

self = <selenium.webdriver.support.wait.WebDriverWait (session="363328cbe3900a6a36e07b4574092acb")>
method = <function element_to_be_clickable.<locals>._predicate at 0x1058436a0>
message = ''

    def until(self, method: Callable[[D], Literal[False] | T], message: str = "") -> T:
        """Wait until the method returns a value that is not False.
    
        Calls the method provided with the driver as an argument until the
        return value does not evaluate to ``False``.
    
        Args:
            method: A callable object that takes a WebDriver instance as an
                argument.
            message: Optional message for TimeoutException.
    
        Returns:
            The result of the last call to `method`.
    
        Raises:
            TimeoutException: If 'method' does not return a truthy value within
                the WebDriverWait object's timeout.
    
        Example:
            >>> from selenium.webdriver.common.by import By
            >>> from selenium.webdriver.support.ui import WebDriverWait
            >>> from selenium.webdriver.support import expected_conditions as EC
            >>>
            >>> # Wait until an element is visible on the page
            >>> wait = WebDriverWait(driver, 10)
            >>> element = wait.until(EC.visibility_of_element_located((By.ID, "exampleId")))
            >>> print(element.text)
        """
        screen = None
        stacktrace = None
    
        end_time = time.monotonic() + self._timeout
        while True:
            try:
                value = method(self._driver)
                if value:
                    return value
            except self._ignored_exceptions as exc:
                screen = getattr(exc, "screen", None)
                stacktrace = getattr(exc, "stacktrace", None)
            if time.monotonic() > end_time:
                break
            time.sleep(self._poll)
>       raise TimeoutException(message, screen, stacktrace)
E       selenium.common.exceptions.TimeoutException: Message: 
E       Stacktrace:
E       0   chromedriver                        0x000000010533da84 cxxbridge1$str$ptr + 3195292
E       1   chromedriver                        0x0000000105335b4c cxxbridge1$str$ptr + 3162724
E       2   chromedriver                        0x0000000104ddf2a4 _RNvCs9NA52FrZ4pF_7___rustc35___rust_no_alloc_shim_is_unstable_v2 + 73836
E       3   chromedriver                        0x0000000104e27a44 _RNvCs9NA52FrZ4pF_7___rustc35___rust_no_alloc_shim_is_unstable_v2 + 370700
E       4   chromedriver                        0x0000000104e67030 _RNvCs9NA52FrZ4pF_7___rustc35___rust_no_alloc_shim_is_unstable_v2 + 630264
E       5   chromedriver                        0x0000000104e1d434 _RNvCs9NA52FrZ4pF_7___rustc35___rust_no_alloc_shim_is_unstable_v2 + 328188
E       6   chromedriver                        0x00000001052fac40 cxxbridge1$str$ptr + 2921304
E       7   chromedriver                        0x00000001052fe3b8 cxxbridge1$str$ptr + 2935504
E       8   chromedriver                        0x00000001052e10f8 cxxbridge1$str$ptr + 2816016
E       9   chromedriver                        0x00000001052fec4c cxxbridge1$str$ptr + 2937700
E       10  chromedriver                        0x00000001052d23b0 cxxbridge1$str$ptr + 2755272
E       11  chromedriver                        0x00000001053241f4 cxxbridge1$str$ptr + 3090700
E       12  chromedriver                        0x0000000105324354 cxxbridge1$str$ptr + 3091052
E       13  chromedriver                        0x00000001053357a4 cxxbridge1$str$ptr + 3161788
E       14  libsystem_pthread.dylib             0x0000000199325c08 _pthread_start + 136
E       15  libsystem_pthread.dylib             0x0000000199320ba8 thread_start + 8

venv/lib/python3.11/site-packages/selenium/webdriver/support/wait.py:121: TimeoutException
_____________________ test_wash_package_names_match_module _____________________

rvo_page = <pages.admin_portal.revenue_overview_page.RevenueOverviewPage object at 0x1056cf0d0>

    @allure.story("Retail Revenue")
    @allure.title("RVO-RET-008 Wash Package names match the Wash Packages module")
    @pytest.mark.regression
    def test_wash_package_names_match_module(rvo_page):
        # Dependency: Wash Packages module
        rvo_page.click_retail_tab()
>       rvo_page.click_sub_tab("Wash Package")

tests/admin_portal/revenue_overview/test_revenue_overview.py:1185: 
_ _ _ _ _ _ _ _ _ _ _ _ _ _ _ _ _ _ _ _ _ _ _ _ _ _ _ _ _ _ _ _ _ _ _ _ _ _ _ _ 
pages/admin_portal/revenue_overview_page.py:588: in click_sub_tab
    self._click_tab(locator)
pages/admin_portal/revenue_overview_page.py:574: in _click_tab
    btn = self.wait.until(EC.element_to_be_clickable(locator))
          ^^^^^^^^^^^^^^^^^^^^^^^^^^^^^^^^^^^^^^^^^^^^^^^^^^^^
_ _ _ _ _ _ _ _ _ _ _ _ _ _ _ _ _ _ _ _ _ _ _ _ _ _ _ _ _ _ _ _ _ _ _ _ _ _ _ _ 

self = <selenium.webdriver.support.wait.WebDriverWait (session="f48e790bbddffb8579e63d47ebe5e253")>
method = <function element_to_be_clickable.<locals>._predicate at 0x105840f40>
message = ''

    def until(self, method: Callable[[D], Literal[False] | T], message: str = "") -> T:
        """Wait until the method returns a value that is not False.
    
        Calls the method provided with the driver as an argument until the
        return value does not evaluate to ``False``.
    
        Args:
            method: A callable object that takes a WebDriver instance as an
                argument.
            message: Optional message for TimeoutException.
    
        Returns:
            The result of the last call to `method`.
    
        Raises:
            TimeoutException: If 'method' does not return a truthy value within
                the WebDriverWait object's timeout.
    
        Example:
            >>> from selenium.webdriver.common.by import By
            >>> from selenium.webdriver.support.ui import WebDriverWait
            >>> from selenium.webdriver.support import expected_conditions as EC
            >>>
            >>> # Wait until an element is visible on the page
            >>> wait = WebDriverWait(driver, 10)
            >>> element = wait.until(EC.visibility_of_element_located((By.ID, "exampleId")))
            >>> print(element.text)
        """
        screen = None
        stacktrace = None
    
        end_time = time.monotonic() + self._timeout
        while True:
            try:
                value = method(self._driver)
                if value:
                    return value
            except self._ignored_exceptions as exc:
                screen = getattr(exc, "screen", None)
                stacktrace = getattr(exc, "stacktrace", None)
            if time.monotonic() > end_time:
                break
            time.sleep(self._poll)
>       raise TimeoutException(message, screen, stacktrace)
E       selenium.common.exceptions.TimeoutException: Message: 
E       Stacktrace:
E       0   chromedriver                        0x000000010325da84 cxxbridge1$str$ptr + 3195292
E       1   chromedriver                        0x0000000103255b4c cxxbridge1$str$ptr + 3162724
E       2   chromedriver                        0x0000000102cff2a4 _RNvCs9NA52FrZ4pF_7___rustc35___rust_no_alloc_shim_is_unstable_v2 + 73836
E       3   chromedriver                        0x0000000102d47a44 _RNvCs9NA52FrZ4pF_7___rustc35___rust_no_alloc_shim_is_unstable_v2 + 370700
E       4   chromedriver                        0x0000000102d87030 _RNvCs9NA52FrZ4pF_7___rustc35___rust_no_alloc_shim_is_unstable_v2 + 630264
E       5   chromedriver                        0x0000000102d3d434 _RNvCs9NA52FrZ4pF_7___rustc35___rust_no_alloc_shim_is_unstable_v2 + 328188
E       6   chromedriver                        0x000000010321ac40 cxxbridge1$str$ptr + 2921304
E       7   chromedriver                        0x000000010321e3b8 cxxbridge1$str$ptr + 2935504
E       8   chromedriver                        0x00000001032010f8 cxxbridge1$str$ptr + 2816016
E       9   chromedriver                        0x000000010321ec4c cxxbridge1$str$ptr + 2937700
E       10  chromedriver                        0x00000001031f23b0 cxxbridge1$str$ptr + 2755272
E       11  chromedriver                        0x00000001032441f4 cxxbridge1$str$ptr + 3090700
E       12  chromedriver                        0x0000000103244354 cxxbridge1$str$ptr + 3091052
E       13  chromedriver                        0x00000001032557a4 cxxbridge1$str$ptr + 3161788
E       14  libsystem_pthread.dylib             0x0000000199325c08 _pthread_start + 136
E       15  libsystem_pthread.dylib             0x0000000199320ba8 thread_start + 8

venv/lib/python3.11/site-packages/selenium/webdriver/support/wait.py:121: TimeoutException
______________________ test_wash_extra_names_match_module ______________________

rvo_page = <pages.admin_portal.revenue_overview_page.RevenueOverviewPage object at 0x10541f710>

    @allure.story("Retail Revenue")
    @allure.title("RVO-RET-009 Wash Extra names match the Wash Extras module")
    @pytest.mark.regression
    def test_wash_extra_names_match_module(rvo_page):
        # Dependency: Wash Extras module
        rvo_page.click_retail_tab()
>       rvo_page.click_sub_tab("Wash Extra")

tests/admin_portal/revenue_overview/test_revenue_overview.py:1200: 
_ _ _ _ _ _ _ _ _ _ _ _ _ _ _ _ _ _ _ _ _ _ _ _ _ _ _ _ _ _ _ _ _ _ _ _ _ _ _ _ 
pages/admin_portal/revenue_overview_page.py:588: in click_sub_tab
    self._click_tab(locator)
pages/admin_portal/revenue_overview_page.py:574: in _click_tab
    btn = self.wait.until(EC.element_to_be_clickable(locator))
          ^^^^^^^^^^^^^^^^^^^^^^^^^^^^^^^^^^^^^^^^^^^^^^^^^^^^
_ _ _ _ _ _ _ _ _ _ _ _ _ _ _ _ _ _ _ _ _ _ _ _ _ _ _ _ _ _ _ _ _ _ _ _ _ _ _ _ 

self = <selenium.webdriver.support.wait.WebDriverWait (session="27fc30a45641484eb7048b7570352664")>
method = <function element_to_be_clickable.<locals>._predicate at 0x105841ee0>
message = ''

    def until(self, method: Callable[[D], Literal[False] | T], message: str = "") -> T:
        """Wait until the method returns a value that is not False.
    
        Calls the method provided with the driver as an argument until the
        return value does not evaluate to ``False``.
    
        Args:
            method: A callable object that takes a WebDriver instance as an
                argument.
            message: Optional message for TimeoutException.
    
        Returns:
            The result of the last call to `method`.
    
        Raises:
            TimeoutException: If 'method' does not return a truthy value within
                the WebDriverWait object's timeout.
    
        Example:
            >>> from selenium.webdriver.common.by import By
            >>> from selenium.webdriver.support.ui import WebDriverWait
            >>> from selenium.webdriver.support import expected_conditions as EC
            >>>
            >>> # Wait until an element is visible on the page
            >>> wait = WebDriverWait(driver, 10)
            >>> element = wait.until(EC.visibility_of_element_located((By.ID, "exampleId")))
            >>> print(element.text)
        """
        screen = None
        stacktrace = None
    
        end_time = time.monotonic() + self._timeout
        while True:
            try:
                value = method(self._driver)
                if value:
                    return value
            except self._ignored_exceptions as exc:
                screen = getattr(exc, "screen", None)
                stacktrace = getattr(exc, "stacktrace", None)
            if time.monotonic() > end_time:
                break
            time.sleep(self._poll)
>       raise TimeoutException(message, screen, stacktrace)
E       selenium.common.exceptions.TimeoutException: Message: 
E       Stacktrace:
E       0   chromedriver                        0x00000001030ada84 cxxbridge1$str$ptr + 3195292
E       1   chromedriver                        0x00000001030a5b4c cxxbridge1$str$ptr + 3162724
E       2   chromedriver                        0x0000000102b4f2a4 _RNvCs9NA52FrZ4pF_7___rustc35___rust_no_alloc_shim_is_unstable_v2 + 73836
E       3   chromedriver                        0x0000000102b97a44 _RNvCs9NA52FrZ4pF_7___rustc35___rust_no_alloc_shim_is_unstable_v2 + 370700
E       4   chromedriver                        0x0000000102bd7030 _RNvCs9NA52FrZ4pF_7___rustc35___rust_no_alloc_shim_is_unstable_v2 + 630264
E       5   chromedriver                        0x0000000102b8d434 _RNvCs9NA52FrZ4pF_7___rustc35___rust_no_alloc_shim_is_unstable_v2 + 328188
E       6   chromedriver                        0x000000010306ac40 cxxbridge1$str$ptr + 2921304
E       7   chromedriver                        0x000000010306e3b8 cxxbridge1$str$ptr + 2935504
E       8   chromedriver                        0x00000001030510f8 cxxbridge1$str$ptr + 2816016
E       9   chromedriver                        0x000000010306ec4c cxxbridge1$str$ptr + 2937700
E       10  chromedriver                        0x00000001030423b0 cxxbridge1$str$ptr + 2755272
E       11  chromedriver                        0x00000001030941f4 cxxbridge1$str$ptr + 3090700
E       12  chromedriver                        0x0000000103094354 cxxbridge1$str$ptr + 3091052
E       13  chromedriver                        0x00000001030a57a4 cxxbridge1$str$ptr + 3161788
E       14  libsystem_pthread.dylib             0x0000000199325c08 _pthread_start + 136
E       15  libsystem_pthread.dylib             0x0000000199320ba8 thread_start + 8

venv/lib/python3.11/site-packages/selenium/webdriver/support/wait.py:121: TimeoutException
_____________________ test_each_row_shows_four_data_points _____________________

rvo_page = <pages.admin_portal.revenue_overview_page.RevenueOverviewPage object at 0x105440110>

    @allure.story("Breakdown List")
    @allure.title("RVO-LST-001 Each breakdown list row shows name, count, amount, and percentage")
    @pytest.mark.regression
    def test_each_row_shows_four_data_points(rvo_page):
        rvo_page.click_membership_tab()
>       rvo_page.click_sub_tab("New Sales")

tests/admin_portal/revenue_overview/test_revenue_overview.py:1254: 
_ _ _ _ _ _ _ _ _ _ _ _ _ _ _ _ _ _ _ _ _ _ _ _ _ _ _ _ _ _ _ _ _ _ _ _ _ _ _ _ 
pages/admin_portal/revenue_overview_page.py:588: in click_sub_tab
    self._click_tab(locator)
pages/admin_portal/revenue_overview_page.py:574: in _click_tab
    btn = self.wait.until(EC.element_to_be_clickable(locator))
          ^^^^^^^^^^^^^^^^^^^^^^^^^^^^^^^^^^^^^^^^^^^^^^^^^^^^
_ _ _ _ _ _ _ _ _ _ _ _ _ _ _ _ _ _ _ _ _ _ _ _ _ _ _ _ _ _ _ _ _ _ _ _ _ _ _ _ 

self = <selenium.webdriver.support.wait.WebDriverWait (session="db9ea7d215303eb3719336ee18fca5cd")>
method = <function element_to_be_clickable.<locals>._predicate at 0x1058432e0>
message = ''

    def until(self, method: Callable[[D], Literal[False] | T], message: str = "") -> T:
        """Wait until the method returns a value that is not False.
    
        Calls the method provided with the driver as an argument until the
        return value does not evaluate to ``False``.
    
        Args:
            method: A callable object that takes a WebDriver instance as an
                argument.
            message: Optional message for TimeoutException.
    
        Returns:
            The result of the last call to `method`.
    
        Raises:
            TimeoutException: If 'method' does not return a truthy value within
                the WebDriverWait object's timeout.
    
        Example:
            >>> from selenium.webdriver.common.by import By
            >>> from selenium.webdriver.support.ui import WebDriverWait
            >>> from selenium.webdriver.support import expected_conditions as EC
            >>>
            >>> # Wait until an element is visible on the page
            >>> wait = WebDriverWait(driver, 10)
            >>> element = wait.until(EC.visibility_of_element_located((By.ID, "exampleId")))
            >>> print(element.text)
        """
        screen = None
        stacktrace = None
    
        end_time = time.monotonic() + self._timeout
        while True:
            try:
                value = method(self._driver)
                if value:
                    return value
            except self._ignored_exceptions as exc:
                screen = getattr(exc, "screen", None)
                stacktrace = getattr(exc, "stacktrace", None)
            if time.monotonic() > end_time:
                break
            time.sleep(self._poll)
>       raise TimeoutException(message, screen, stacktrace)
E       selenium.common.exceptions.TimeoutException: Message: 
E       Stacktrace:
E       0   chromedriver                        0x0000000104bd5a84 cxxbridge1$str$ptr + 3195292
E       1   chromedriver                        0x0000000104bcdb4c cxxbridge1$str$ptr + 3162724
E       2   chromedriver                        0x00000001046772a4 _RNvCs9NA52FrZ4pF_7___rustc35___rust_no_alloc_shim_is_unstable_v2 + 73836
E       3   chromedriver                        0x00000001046bfa44 _RNvCs9NA52FrZ4pF_7___rustc35___rust_no_alloc_shim_is_unstable_v2 + 370700
E       4   chromedriver                        0x00000001046ff030 _RNvCs9NA52FrZ4pF_7___rustc35___rust_no_alloc_shim_is_unstable_v2 + 630264
E       5   chromedriver                        0x00000001046b5434 _RNvCs9NA52FrZ4pF_7___rustc35___rust_no_alloc_shim_is_unstable_v2 + 328188
E       6   chromedriver                        0x0000000104b92c40 cxxbridge1$str$ptr + 2921304
E       7   chromedriver                        0x0000000104b963b8 cxxbridge1$str$ptr + 2935504
E       8   chromedriver                        0x0000000104b790f8 cxxbridge1$str$ptr + 2816016
E       9   chromedriver                        0x0000000104b96c4c cxxbridge1$str$ptr + 2937700
E       10  chromedriver                        0x0000000104b6a3b0 cxxbridge1$str$ptr + 2755272
E       11  chromedriver                        0x0000000104bbc1f4 cxxbridge1$str$ptr + 3090700
E       12  chromedriver                        0x0000000104bbc354 cxxbridge1$str$ptr + 3091052
E       13  chromedriver                        0x0000000104bcd7a4 cxxbridge1$str$ptr + 3161788
E       14  libsystem_pthread.dylib             0x0000000199325c08 _pthread_start + 136
E       15  libsystem_pthread.dylib             0x0000000199320ba8 thread_start + 8

venv/lib/python3.11/site-packages/selenium/webdriver/support/wait.py:121: TimeoutException
__________________ test_long_names_truncate_without_breaking ___________________

rvo_page = <pages.admin_portal.revenue_overview_page.RevenueOverviewPage object at 0x105c55ed0>

    @allure.story("Breakdown List")
    @allure.title("RVO-LST-004 Long plan/package names are truncated without breaking layout")
    @pytest.mark.extended
    def test_long_names_truncate_without_breaking(rvo_page):
        rvo_page.click_membership_tab()
>       rvo_page.click_sub_tab("New Sales")

tests/admin_portal/revenue_overview/test_revenue_overview.py:1302: 
_ _ _ _ _ _ _ _ _ _ _ _ _ _ _ _ _ _ _ _ _ _ _ _ _ _ _ _ _ _ _ _ _ _ _ _ _ _ _ _ 
pages/admin_portal/revenue_overview_page.py:588: in click_sub_tab
    self._click_tab(locator)
pages/admin_portal/revenue_overview_page.py:574: in _click_tab
    btn = self.wait.until(EC.element_to_be_clickable(locator))
          ^^^^^^^^^^^^^^^^^^^^^^^^^^^^^^^^^^^^^^^^^^^^^^^^^^^^
_ _ _ _ _ _ _ _ _ _ _ _ _ _ _ _ _ _ _ _ _ _ _ _ _ _ _ _ _ _ _ _ _ _ _ _ _ _ _ _ 

self = <selenium.webdriver.support.wait.WebDriverWait (session="3cc7c27881518fe57e08560d95c522e4")>
method = <function element_to_be_clickable.<locals>._predicate at 0x1058411c0>
message = ''

    def until(self, method: Callable[[D], Literal[False] | T], message: str = "") -> T:
        """Wait until the method returns a value that is not False.
    
        Calls the method provided with the driver as an argument until the
        return value does not evaluate to ``False``.
    
        Args:
            method: A callable object that takes a WebDriver instance as an
                argument.
            message: Optional message for TimeoutException.
    
        Returns:
            The result of the last call to `method`.
    
        Raises:
            TimeoutException: If 'method' does not return a truthy value within
                the WebDriverWait object's timeout.
    
        Example:
            >>> from selenium.webdriver.common.by import By
            >>> from selenium.webdriver.support.ui import WebDriverWait
            >>> from selenium.webdriver.support import expected_conditions as EC
            >>>
            >>> # Wait until an element is visible on the page
            >>> wait = WebDriverWait(driver, 10)
            >>> element = wait.until(EC.visibility_of_element_located((By.ID, "exampleId")))
            >>> print(element.text)
        """
        screen = None
        stacktrace = None
    
        end_time = time.monotonic() + self._timeout
        while True:
            try:
                value = method(self._driver)
                if value:
                    return value
            except self._ignored_exceptions as exc:
                screen = getattr(exc, "screen", None)
                stacktrace = getattr(exc, "stacktrace", None)
            if time.monotonic() > end_time:
                break
            time.sleep(self._poll)
>       raise TimeoutException(message, screen, stacktrace)
E       selenium.common.exceptions.TimeoutException: Message: 
E       Stacktrace:
E       0   chromedriver                        0x0000000102ea9a84 cxxbridge1$str$ptr + 3195292
E       1   chromedriver                        0x0000000102ea1b4c cxxbridge1$str$ptr + 3162724
E       2   chromedriver                        0x000000010294b2a4 _RNvCs9NA52FrZ4pF_7___rustc35___rust_no_alloc_shim_is_unstable_v2 + 73836
E       3   chromedriver                        0x0000000102993a44 _RNvCs9NA52FrZ4pF_7___rustc35___rust_no_alloc_shim_is_unstable_v2 + 370700
E       4   chromedriver                        0x00000001029d3030 _RNvCs9NA52FrZ4pF_7___rustc35___rust_no_alloc_shim_is_unstable_v2 + 630264
E       5   chromedriver                        0x0000000102989434 _RNvCs9NA52FrZ4pF_7___rustc35___rust_no_alloc_shim_is_unstable_v2 + 328188
E       6   chromedriver                        0x0000000102e66c40 cxxbridge1$str$ptr + 2921304
E       7   chromedriver                        0x0000000102e6a3b8 cxxbridge1$str$ptr + 2935504
E       8   chromedriver                        0x0000000102e4d0f8 cxxbridge1$str$ptr + 2816016
E       9   chromedriver                        0x0000000102e6ac4c cxxbridge1$str$ptr + 2937700
E       10  chromedriver                        0x0000000102e3e3b0 cxxbridge1$str$ptr + 2755272
E       11  chromedriver                        0x0000000102e901f4 cxxbridge1$str$ptr + 3090700
E       12  chromedriver                        0x0000000102e90354 cxxbridge1$str$ptr + 3091052
E       13  chromedriver                        0x0000000102ea17a4 cxxbridge1$str$ptr + 3161788
E       14  libsystem_pthread.dylib             0x0000000199325c08 _pthread_start + 136
E       15  libsystem_pthread.dylib             0x0000000199320ba8 thread_start + 8

venv/lib/python3.11/site-packages/selenium/webdriver/support/wait.py:121: TimeoutException
__________________ test_sites_dropdown_reflects_sites_module ___________________

rvo_modal = <pages.admin_portal.revenue_overview_page.RevenueOverviewPage object at 0x1057294d0>

    @allure.story("Dependencies")
    @allure.title("RVO-DEP-002 Site dropdown reflects active sites from Sites & Locations module")
    @pytest.mark.regression
    def test_sites_dropdown_reflects_sites_module(rvo_modal):
        # Dependency: Sites & Locations module
        options = rvo_modal.get_site_options()
>       assert len(options) > 0, "Site dropdown returned no options"
E       AssertionError: Site dropdown returned no options
E       assert 0 > 0
E        +  where 0 = len([])

tests/admin_portal/revenue_overview/test_revenue_overview.py:1532: AssertionError
_______________________ test_default_column_headers[New] _______________________

pfm_page = <pages.admin_portal.performance_metrics_page.PerformanceMetricsPage object at 0x10576ab10>
column_name = 'New'

    @allure.story("Membership History")
    @allure.title("PFM-MHT-002 MHT default visible columns include all 18 expected headers")
    @pytest.mark.regression
    @pytest.mark.parametrize("column_name", MHT_COLUMNS, ids=MHT_COLUMNS)
    def test_default_column_headers(pfm_page, column_name):
        headers = pfm_page.mht_get_column_headers()
>       assert any(column_name.lower() in h.lower() for h in headers), (
            "Column '%s' not found in visible MHT headers: %s" % (column_name, headers)
        )
E       AssertionError: Column 'New' not found in visible MHT headers: []
E       assert False
E        +  where False = any(<generator object test_default_column_headers.<locals>.<genexpr> at 0x1053b50e0>)

tests/admin_portal/performance_metrics/test_performance_metrics.py:811: AssertionError
____________________ test_save_wash_extra_without_discount _____________________

browser = <selenium.webdriver.chrome.webdriver.WebDriver (session="8a9fbe678be09e68d0b9d7b7d61f1172")>

    @allure.title("WE-DIS-004 Saving a wash extra without any discount succeeds — discount is optional")
    @pytest.mark.extended
    def test_save_wash_extra_without_discount(browser):
    
        page = create_wash_extra_if_missing(browser)
        page.open_edit_extra(WASH_EXTRA_NAME)
        page.open_discount_settings()
    
>       current_count = page.get_selected_discount_count()
                        ^^^^^^^^^^^^^^^^^^^^^^^^^^^^^^^^^^

tests/admin_portal/wash_extras/test_wash_extras_discount.py:99: 
_ _ _ _ _ _ _ _ _ _ _ _ _ _ _ _ _ _ _ _ _ _ _ _ _ _ _ _ _ _ _ _ _ _ _ _ _ _ _ _ 
pages/admin_portal/wash_extras_page.py:820: in get_selected_discount_count
    return len([lb for lb in labels if lb.text.strip()])
               ^^^^^^^^^^^^^^^^^^^^^^^^^^^^^^^^^^^^^^^^
pages/admin_portal/wash_extras_page.py:820: in <listcomp>
    return len([lb for lb in labels if lb.text.strip()])
                                       ^^^^^^^
venv/lib/python3.11/site-packages/selenium/webdriver/remote/webelement.py:105: in text
    return self._execute(Command.GET_ELEMENT_TEXT)["value"]
           ^^^^^^^^^^^^^^^^^^^^^^^^^^^^^^^^^^^^^^^
venv/lib/python3.11/site-packages/selenium/webdriver/remote/webelement.py:508: in _execute
    return self._parent.execute(command, params)
           ^^^^^^^^^^^^^^^^^^^^^^^^^^^^^^^^^^^^^
venv/lib/python3.11/site-packages/selenium/webdriver/remote/webdriver.py:468: in execute
    self.error_handler.check_response(response)
_ _ _ _ _ _ _ _ _ _ _ _ _ _ _ _ _ _ _ _ _ _ _ _ _ _ _ _ _ _ _ _ _ _ _ _ _ _ _ _ 

self = <selenium.webdriver.remote.errorhandler.ErrorHandler object at 0x105a76290>
response = {'status': 404, 'value': '{"value":{"error":"stale element reference","message":"stale element reference: stale elemen...000199325c08 _pthread_start + 136\\n19  libsystem_pthread.dylib             0x0000000199320ba8 thread_start + 8\\n"}}'}

    def check_response(self, response: dict[str, Any]) -> None:
        """Check that a JSON response from the WebDriver does not have an error.
    
        Args:
            response: The JSON response from the WebDriver server as a dictionary
                object.
    
        Raises:
            WebDriverException: If the response contains an error message.
        """
        status = response.get("status", None)
        if not status or status == ErrorCode.SUCCESS:
            return
        value = None
        message = response.get("message", "")
        screen: str = response.get("screen", "")
        stacktrace = None
        if isinstance(status, int):
            value_json = response.get("value", None)
            if value_json and isinstance(value_json, str):
                try:
                    value = json.loads(value_json)
                    if isinstance(value, dict):
                        if len(value) == 1:
                            value = value["value"]
                        status = value.get("error", None)
                        if not status:
                            status = value.get("status", ErrorCode.UNKNOWN_ERROR)
                            message = value.get("value") or value.get("message")
                            if not isinstance(message, str):
                                value = message
                                message = message.get("message") if isinstance(message, dict) else None
                        else:
                            message = value.get("message", None)
                except ValueError:
                    pass
    
        exception_class: type[WebDriverException]
        e = ErrorCode()
        error_codes = [item for item in dir(e) if not item.startswith("__")]
        for error_code in error_codes:
            error_info = getattr(ErrorCode, error_code)
            if isinstance(error_info, list) and status in error_info:
                exception_class = getattr(ExceptionMapping, error_code, WebDriverException)
                break
        else:
            exception_class = WebDriverException
    
        if not value:
            value = response["value"]
        if isinstance(value, str):
            raise exception_class(value)
        if message == "" and "message" in value:
            message = value["message"]
    
        screen = None  # type: ignore[assignment]
        if "screen" in value:
            screen = value["screen"]
    
        stacktrace = None
        st_value = value.get("stackTrace") or value.get("stacktrace")
        if st_value:
            if isinstance(st_value, str):
                stacktrace = st_value.split("\n")
            else:
                stacktrace = []
                try:
                    for frame in st_value:
                        line = frame.get("lineNumber", "")
                        file = frame.get("fileName", "<anonymous>")
                        if line:
                            file = f"{file}:{line}"
                        meth = frame.get("methodName", "<anonymous>")
                        if "className" in frame:
                            meth = f"{frame['className']}.{meth}"
                        msg = "    at %s (%s)"
                        msg = msg % (meth, file)
                        stacktrace.append(msg)
                except TypeError:
                    pass
        if exception_class == UnexpectedAlertPresentException:
            alert_text = None
            if "data" in value:
                alert_text = value["data"].get("text")
            elif "alert" in value:
                alert_text = value["alert"].get("text")
            raise exception_class(message, screen, stacktrace, alert_text)
>       raise exception_class(message, screen, stacktrace)
E       selenium.common.exceptions.StaleElementReferenceException: Message: stale element reference: stale element not found in the current frame
E         (Session info: chrome=150.0.7871.187); For documentation on this error, please visit: https://www.selenium.dev/documentation/webdriver/troubleshooting/errors#staleelementreferenceexception
E       Stacktrace:
E       0   chromedriver                        0x0000000101051a84 cxxbridge1$str$ptr + 3195292
E       1   chromedriver                        0x0000000101049b4c cxxbridge1$str$ptr + 3162724
E       2   chromedriver                        0x0000000100af32a4 _RNvCs9NA52FrZ4pF_7___rustc35___rust_no_alloc_shim_is_unstable_v2 + 73836
E       3   chromedriver                        0x0000000100af9464 _RNvCs9NA52FrZ4pF_7___rustc35___rust_no_alloc_shim_is_unstable_v2 + 98860
E       4   chromedriver                        0x0000000100afb678 _RNvCs9NA52FrZ4pF_7___rustc35___rust_no_alloc_shim_is_unstable_v2 + 107584
E       5   chromedriver                        0x0000000100afb730 _RNvCs9NA52FrZ4pF_7___rustc35___rust_no_alloc_shim_is_unstable_v2 + 107768
E       6   chromedriver                        0x0000000100b380a4 _RNvCs9NA52FrZ4pF_7___rustc35___rust_no_alloc_shim_is_unstable_v2 + 355948
E       7   chromedriver                        0x0000000100b32934 _RNvCs9NA52FrZ4pF_7___rustc35___rust_no_alloc_shim_is_unstable_v2 + 333564
E       8   chromedriver                        0x0000000100b7b030 _RNvCs9NA52FrZ4pF_7___rustc35___rust_no_alloc_shim_is_unstable_v2 + 630264
E       9   chromedriver                        0x0000000100b31434 _RNvCs9NA52FrZ4pF_7___rustc35___rust_no_alloc_shim_is_unstable_v2 + 328188
E       10  chromedriver                        0x000000010100ec40 cxxbridge1$str$ptr + 2921304
E       11  chromedriver                        0x00000001010123b8 cxxbridge1$str$ptr + 2935504
E       12  chromedriver                        0x0000000100ff50f8 cxxbridge1$str$ptr + 2816016
E       13  chromedriver                        0x0000000101012c4c cxxbridge1$str$ptr + 2937700
E       14  chromedriver                        0x0000000100fe63b0 cxxbridge1$str$ptr + 2755272
E       15  chromedriver                        0x00000001010381f4 cxxbridge1$str$ptr + 3090700
E       16  chromedriver                        0x0000000101038354 cxxbridge1$str$ptr + 3091052
E       17  chromedriver                        0x00000001010497a4 cxxbridge1$str$ptr + 3161788
E       18  libsystem_pthread.dylib             0x0000000199325c08 _pthread_start + 136
E       19  libsystem_pthread.dylib             0x0000000199320ba8 thread_start + 8

venv/lib/python3.11/site-packages/selenium/webdriver/remote/errorhandler.py:232: StaleElementReferenceException
____________________________ test_create_wash_extra ____________________________

browser = <selenium.webdriver.chrome.webdriver.WebDriver (session="00930eaebf0261b34e49208f4ac8613f")>

    @allure.title("WE-NAM-001 / WE-TGL-001 Create active wash extra — name, price, and status in listing")
    @pytest.mark.smoke
    def test_create_wash_extra(browser):
    
>       page = create_wash_extra_if_missing(browser)
               ^^^^^^^^^^^^^^^^^^^^^^^^^^^^^^^^^^^^^

tests/admin_portal/wash_extras/test_wash_extras_positive.py:27: 
_ _ _ _ _ _ _ _ _ _ _ _ _ _ _ _ _ _ _ _ _ _ _ _ _ _ _ _ _ _ _ _ _ _ _ _ _ _ _ _ 
tests/admin_portal/wash_extras/conftest.py:44: in create_wash_extra_if_missing
    page = open_wash_extras_page(browser)
           ^^^^^^^^^^^^^^^^^^^^^^^^^^^^^^
tests/admin_portal/wash_extras/conftest.py:34: in open_wash_extras_page
    page.wait_for_list_loaded()
pages/admin_portal/wash_extras_page.py:113: in wait_for_list_loaded
    self.wait_for_grid_idle()
pages/admin_portal/wash_extras_page.py:117: in wait_for_grid_idle
    self.wait.until(
_ _ _ _ _ _ _ _ _ _ _ _ _ _ _ _ _ _ _ _ _ _ _ _ _ _ _ _ _ _ _ _ _ _ _ _ _ _ _ _ 

self = <selenium.webdriver.support.wait.WebDriverWait (session="00930eaebf0261b34e49208f4ac8613f")>
method = <function WashExtrasPage.wait_for_grid_idle.<locals>.<lambda> at 0x105c2a660>
message = ''

    def until(self, method: Callable[[D], Literal[False] | T], message: str = "") -> T:
        """Wait until the method returns a value that is not False.
    
        Calls the method provided with the driver as an argument until the
        return value does not evaluate to ``False``.
    
        Args:
            method: A callable object that takes a WebDriver instance as an
                argument.
            message: Optional message for TimeoutException.
    
        Returns:
            The result of the last call to `method`.
    
        Raises:
            TimeoutException: If 'method' does not return a truthy value within
                the WebDriverWait object's timeout.
    
        Example:
            >>> from selenium.webdriver.common.by import By
            >>> from selenium.webdriver.support.ui import WebDriverWait
            >>> from selenium.webdriver.support import expected_conditions as EC
            >>>
            >>> # Wait until an element is visible on the page
            >>> wait = WebDriverWait(driver, 10)
            >>> element = wait.until(EC.visibility_of_element_located((By.ID, "exampleId")))
            >>> print(element.text)
        """
        screen = None
        stacktrace = None
    
        end_time = time.monotonic() + self._timeout
        while True:
            try:
                value = method(self._driver)
                if value:
                    return value
            except self._ignored_exceptions as exc:
                screen = getattr(exc, "screen", None)
                stacktrace = getattr(exc, "stacktrace", None)
            if time.monotonic() > end_time:
                break
            time.sleep(self._poll)
>       raise TimeoutException(message, screen, stacktrace)
E       selenium.common.exceptions.TimeoutException: Message:

venv/lib/python3.11/site-packages/selenium/webdriver/support/wait.py:121: TimeoutException
_____________________ test_assign_multiple_sites_persists ______________________

browser = <selenium.webdriver.chrome.webdriver.WebDriver (session="5901e88875f72058f5be655bda68e98e")>

    @allure.title("WE-SIT-002 Assigning multiple sites persists after save")
    @pytest.mark.regression
    def test_assign_multiple_sites_persists(browser):
    
        page = create_wash_extra_if_missing(browser)
        page.open_edit_extra(WASH_EXTRA_NAME)
        page.assign_all_locations_with_price_and_commission(GLOBAL_PRICE, GLOBAL_COMMISSION)
        page.click_save_extra()
        page.wait_for_list_loaded()
    
        page.open_edit_extra(WASH_EXTRA_NAME)
>       assert page.all_locations_are_assigned_with_price_and_commission(
            GLOBAL_PRICE, GLOBAL_COMMISSION
        )
E       AssertionError: assert False
E        +  where False = all_locations_are_assigned_with_price_and_commission('15', '2')
E        +    where all_locations_are_assigned_with_price_and_commission = <pages.admin_portal.wash_extras_page.WashExtrasPage object at 0x1054d4290>.all_locations_are_assigned_with_price_and_commission

tests/admin_portal/wash_extras/test_wash_extras_site_assignment.py:45: AssertionError
_________________________ test_create_active_user_role _________________________

browser = <selenium.webdriver.chrome.webdriver.WebDriver (session="d13c7882081767ea1e82096e1dc76f03")>

    @allure.title("UR-CRT-002 Creating an active role saves it and it appears in the list")
    @pytest.mark.smoke
    def test_create_active_user_role(browser):
        role_name = make_unique_role_name()
        form = open_create_role_form(browser)
        form.enter_role_name(role_name)
        form.enter_priority(ROLE_PRIORITY)
        form.ensure_active_switch_on()
        form.click_save()
    
        page = open_user_roles_page(browser)
>       assert page.role_exists(role_name)
E       AssertionError: assert False
E        +  where False = role_exists('VK UR tmp c2249b')
E        +    where role_exists = <pages.admin_portal.user_roles_page.AdminUserRolesPage object at 0x1038f1b90>.role_exists

tests/admin_portal/user_roles/test_user_roles_create.py:47: AssertionError
__________________ test_deactivate_label_correct_terminology ___________________

browser = <selenium.webdriver.chrome.webdriver.WebDriver (session="cd98221674d166875eb4ed9e17bffe27")>
managed_role = <pages.admin_portal.user_roles_page.AdminUserRolesPage object at 0x105c85a10>

    @allure.title("UR-BUG-001 Deactivate label reads 'user role' not 'access level' (UX bug)")
    @pytest.mark.edge
    def test_deactivate_label_correct_terminology(browser, managed_role):
>       form = open_edit_role_form(browser, ROLE_NAME)
               ^^^^^^^^^^^^^^^^^^^^^^^^^^^^^^^^^^^^^^^

tests/admin_portal/user_roles/test_user_roles_edge_cases.py:152: 
_ _ _ _ _ _ _ _ _ _ _ _ _ _ _ _ _ _ _ _ _ _ _ _ _ _ _ _ _ _ _ _ _ _ _ _ _ _ _ _ 
tests/admin_portal/user_roles/conftest.py:53: in open_edit_role_form
    form.wait_for_edit_loaded()
pages/admin_portal/user_roles_page.py:314: in wait_for_edit_loaded
    self.wait.until(EC.visibility_of_element_located(self.ROLE_NAME_INPUT))
_ _ _ _ _ _ _ _ _ _ _ _ _ _ _ _ _ _ _ _ _ _ _ _ _ _ _ _ _ _ _ _ _ _ _ _ _ _ _ _ 

self = <selenium.webdriver.support.wait.WebDriverWait (session="cd98221674d166875eb4ed9e17bffe27")>
method = <function visibility_of_element_located.<locals>._predicate at 0x105c7bf60>
message = ''

    def until(self, method: Callable[[D], Literal[False] | T], message: str = "") -> T:
        """Wait until the method returns a value that is not False.
    
        Calls the method provided with the driver as an argument until the
        return value does not evaluate to ``False``.
    
        Args:
            method: A callable object that takes a WebDriver instance as an
                argument.
            message: Optional message for TimeoutException.
    
        Returns:
            The result of the last call to `method`.
    
        Raises:
            TimeoutException: If 'method' does not return a truthy value within
                the WebDriverWait object's timeout.
    
        Example:
            >>> from selenium.webdriver.common.by import By
            >>> from selenium.webdriver.support.ui import WebDriverWait
            >>> from selenium.webdriver.support import expected_conditions as EC
            >>>
            >>> # Wait until an element is visible on the page
            >>> wait = WebDriverWait(driver, 10)
            >>> element = wait.until(EC.visibility_of_element_located((By.ID, "exampleId")))
            >>> print(element.text)
        """
        screen = None
        stacktrace = None
    
        end_time = time.monotonic() + self._timeout
        while True:
            try:
                value = method(self._driver)
                if value:
                    return value
            except self._ignored_exceptions as exc:
                screen = getattr(exc, "screen", None)
                stacktrace = getattr(exc, "stacktrace", None)
            if time.monotonic() > end_time:
                break
            time.sleep(self._poll)
>       raise TimeoutException(message, screen, stacktrace)
E       selenium.common.exceptions.TimeoutException: Message: 
E       Stacktrace:
E       0   chromedriver                        0x0000000102aa9a84 cxxbridge1$str$ptr + 3195292
E       1   chromedriver                        0x0000000102aa1b4c cxxbridge1$str$ptr + 3162724
E       2   chromedriver                        0x000000010254b2a4 _RNvCs9NA52FrZ4pF_7___rustc35___rust_no_alloc_shim_is_unstable_v2 + 73836
E       3   chromedriver                        0x0000000102593a44 _RNvCs9NA52FrZ4pF_7___rustc35___rust_no_alloc_shim_is_unstable_v2 + 370700
E       4   chromedriver                        0x00000001025d3030 _RNvCs9NA52FrZ4pF_7___rustc35___rust_no_alloc_shim_is_unstable_v2 + 630264
E       5   chromedriver                        0x0000000102589434 _RNvCs9NA52FrZ4pF_7___rustc35___rust_no_alloc_shim_is_unstable_v2 + 328188
E       6   chromedriver                        0x0000000102a66c40 cxxbridge1$str$ptr + 2921304
E       7   chromedriver                        0x0000000102a6a3b8 cxxbridge1$str$ptr + 2935504
E       8   chromedriver                        0x0000000102a4d0f8 cxxbridge1$str$ptr + 2816016
E       9   chromedriver                        0x0000000102a6ac4c cxxbridge1$str$ptr + 2937700
E       10  chromedriver                        0x0000000102a3e3b0 cxxbridge1$str$ptr + 2755272
E       11  chromedriver                        0x0000000102a901f4 cxxbridge1$str$ptr + 3090700
E       12  chromedriver                        0x0000000102a90354 cxxbridge1$str$ptr + 3091052
E       13  chromedriver                        0x0000000102aa17a4 cxxbridge1$str$ptr + 3161788
E       14  libsystem_pthread.dylib             0x0000000199325c08 _pthread_start + 136
E       15  libsystem_pthread.dylib             0x0000000199320ba8 thread_start + 8

venv/lib/python3.11/site-packages/selenium/webdriver/support/wait.py:121: TimeoutException
_________________________ test_activate_inactive_role __________________________

browser = <selenium.webdriver.chrome.webdriver.WebDriver (session="771906aca7e56914dc087fea5e2e6a38")>
managed_role = <pages.admin_portal.user_roles_page.AdminUserRolesPage object at 0x105e334d0>

    @allure.title("UR-EDT-004 Activating an inactive role updates its status to Active")
    @pytest.mark.smoke
    @pytest.mark.regression
    def test_activate_inactive_role(browser, managed_role):
        # First ensure the role is inactive
        form = open_edit_role_form(browser, ROLE_NAME)
        form.ensure_active_switch_off()
        form.click_save()
    
        # Now activate it
        form = open_edit_role_form(browser, ROLE_NAME)
        form.ensure_active_switch_on()
        form.click_save()
    
        page = open_user_roles_page(browser)
        page.search_role(ROLE_NAME)
>       assert page.wait_for_role_row(ROLE_NAME).is_displayed()
               ^^^^^^^^^^^^^^^^^^^^^^^^^^^^^^^^^

tests/admin_portal/user_roles/test_user_roles_edit.py:99: 
_ _ _ _ _ _ _ _ _ _ _ _ _ _ _ _ _ _ _ _ _ _ _ _ _ _ _ _ _ _ _ _ _ _ _ _ _ _ _ _ 
pages/admin_portal/user_roles_page.py:110: in wait_for_role_row
    return self.wait.until(
_ _ _ _ _ _ _ _ _ _ _ _ _ _ _ _ _ _ _ _ _ _ _ _ _ _ _ _ _ _ _ _ _ _ _ _ _ _ _ _ 

self = <selenium.webdriver.support.wait.WebDriverWait (session="771906aca7e56914dc087fea5e2e6a38")>
method = <function presence_of_element_located.<locals>._predicate at 0x105c7aca0>
message = ''

    def until(self, method: Callable[[D], Literal[False] | T], message: str = "") -> T:
        """Wait until the method returns a value that is not False.
    
        Calls the method provided with the driver as an argument until the
        return value does not evaluate to ``False``.
    
        Args:
            method: A callable object that takes a WebDriver instance as an
                argument.
            message: Optional message for TimeoutException.
    
        Returns:
            The result of the last call to `method`.
    
        Raises:
            TimeoutException: If 'method' does not return a truthy value within
                the WebDriverWait object's timeout.
    
        Example:
            >>> from selenium.webdriver.common.by import By
            >>> from selenium.webdriver.support.ui import WebDriverWait
            >>> from selenium.webdriver.support import expected_conditions as EC
            >>>
            >>> # Wait until an element is visible on the page
            >>> wait = WebDriverWait(driver, 10)
            >>> element = wait.until(EC.visibility_of_element_located((By.ID, "exampleId")))
            >>> print(element.text)
        """
        screen = None
        stacktrace = None
    
        end_time = time.monotonic() + self._timeout
        while True:
            try:
                value = method(self._driver)
                if value:
                    return value
            except self._ignored_exceptions as exc:
                screen = getattr(exc, "screen", None)
                stacktrace = getattr(exc, "stacktrace", None)
            if time.monotonic() > end_time:
                break
            time.sleep(self._poll)
>       raise TimeoutException(message, screen, stacktrace)
E       selenium.common.exceptions.TimeoutException: Message: 
E       Stacktrace:
E       0   chromedriver                        0x0000000100d2da84 cxxbridge1$str$ptr + 3195292
E       1   chromedriver                        0x0000000100d25b4c cxxbridge1$str$ptr + 3162724
E       2   chromedriver                        0x00000001007cf2a4 _RNvCs9NA52FrZ4pF_7___rustc35___rust_no_alloc_shim_is_unstable_v2 + 73836
E       3   chromedriver                        0x0000000100817a44 _RNvCs9NA52FrZ4pF_7___rustc35___rust_no_alloc_shim_is_unstable_v2 + 370700
E       4   chromedriver                        0x0000000100857030 _RNvCs9NA52FrZ4pF_7___rustc35___rust_no_alloc_shim_is_unstable_v2 + 630264
E       5   chromedriver                        0x000000010080d434 _RNvCs9NA52FrZ4pF_7___rustc35___rust_no_alloc_shim_is_unstable_v2 + 328188
E       6   chromedriver                        0x0000000100ceac40 cxxbridge1$str$ptr + 2921304
E       7   chromedriver                        0x0000000100cee3b8 cxxbridge1$str$ptr + 2935504
E       8   chromedriver                        0x0000000100cd10f8 cxxbridge1$str$ptr + 2816016
E       9   chromedriver                        0x0000000100ceec4c cxxbridge1$str$ptr + 2937700
E       10  chromedriver                        0x0000000100cc23b0 cxxbridge1$str$ptr + 2755272
E       11  chromedriver                        0x0000000100d141f4 cxxbridge1$str$ptr + 3090700
E       12  chromedriver                        0x0000000100d14354 cxxbridge1$str$ptr + 3091052
E       13  chromedriver                        0x0000000100d257a4 cxxbridge1$str$ptr + 3161788
E       14  libsystem_pthread.dylib             0x0000000199325c08 _pthread_start + 136
E       15  libsystem_pthread.dylib             0x0000000199320ba8 thread_start + 8

venv/lib/python3.11/site-packages/selenium/webdriver/support/wait.py:121: TimeoutException
_______________ test_user_roles_filter_active_shows_active_only ________________

browser = <selenium.webdriver.chrome.webdriver.WebDriver (session="d98a13d88511815a5ddadf39f2a999e8")>

    @allure.title("UR-FLT-002 Active filter shows only active roles")
    @pytest.mark.regression
    def test_user_roles_filter_active_shows_active_only(browser):
        create_role_if_missing(browser)
        page = open_user_roles_page(browser)
        page.toggle_active_filter()
        page.apply_filters()
        page.search_role(ROLE_NAME)
    
>       assert page.wait_for_role_row(ROLE_NAME).is_displayed()
               ^^^^^^^^^^^^^^^^^^^^^^^^^^^^^^^^^

tests/admin_portal/user_roles/test_user_roles_filter.py:39: 
_ _ _ _ _ _ _ _ _ _ _ _ _ _ _ _ _ _ _ _ _ _ _ _ _ _ _ _ _ _ _ _ _ _ _ _ _ _ _ _ 
pages/admin_portal/user_roles_page.py:110: in wait_for_role_row
    return self.wait.until(
_ _ _ _ _ _ _ _ _ _ _ _ _ _ _ _ _ _ _ _ _ _ _ _ _ _ _ _ _ _ _ _ _ _ _ _ _ _ _ _ 

self = <selenium.webdriver.support.wait.WebDriverWait (session="d98a13d88511815a5ddadf39f2a999e8")>
method = <function presence_of_element_located.<locals>._predicate at 0x105910180>
message = ''

    def until(self, method: Callable[[D], Literal[False] | T], message: str = "") -> T:
        """Wait until the method returns a value that is not False.
    
        Calls the method provided with the driver as an argument until the
        return value does not evaluate to ``False``.
    
        Args:
            method: A callable object that takes a WebDriver instance as an
                argument.
            message: Optional message for TimeoutException.
    
        Returns:
            The result of the last call to `method`.
    
        Raises:
            TimeoutException: If 'method' does not return a truthy value within
                the WebDriverWait object's timeout.
    
        Example:
            >>> from selenium.webdriver.common.by import By
            >>> from selenium.webdriver.support.ui import WebDriverWait
            >>> from selenium.webdriver.support import expected_conditions as EC
            >>>
            >>> # Wait until an element is visible on the page
            >>> wait = WebDriverWait(driver, 10)
            >>> element = wait.until(EC.visibility_of_element_located((By.ID, "exampleId")))
            >>> print(element.text)
        """
        screen = None
        stacktrace = None
    
        end_time = time.monotonic() + self._timeout
        while True:
            try:
                value = method(self._driver)
                if value:
                    return value
            except self._ignored_exceptions as exc:
                screen = getattr(exc, "screen", None)
                stacktrace = getattr(exc, "stacktrace", None)
            if time.monotonic() > end_time:
                break
            time.sleep(self._poll)
>       raise TimeoutException(message, screen, stacktrace)
E       selenium.common.exceptions.TimeoutException: Message: 
E       Stacktrace:
E       0   chromedriver                        0x00000001029f5a84 cxxbridge1$str$ptr + 3195292
E       1   chromedriver                        0x00000001029edb4c cxxbridge1$str$ptr + 3162724
E       2   chromedriver                        0x00000001024972a4 _RNvCs9NA52FrZ4pF_7___rustc35___rust_no_alloc_shim_is_unstable_v2 + 73836
E       3   chromedriver                        0x00000001024dfa44 _RNvCs9NA52FrZ4pF_7___rustc35___rust_no_alloc_shim_is_unstable_v2 + 370700
E       4   chromedriver                        0x000000010251f030 _RNvCs9NA52FrZ4pF_7___rustc35___rust_no_alloc_shim_is_unstable_v2 + 630264
E       5   chromedriver                        0x00000001024d5434 _RNvCs9NA52FrZ4pF_7___rustc35___rust_no_alloc_shim_is_unstable_v2 + 328188
E       6   chromedriver                        0x00000001029b2c40 cxxbridge1$str$ptr + 2921304
E       7   chromedriver                        0x00000001029b63b8 cxxbridge1$str$ptr + 2935504
E       8   chromedriver                        0x00000001029990f8 cxxbridge1$str$ptr + 2816016
E       9   chromedriver                        0x00000001029b6c4c cxxbridge1$str$ptr + 2937700
E       10  chromedriver                        0x000000010298a3b0 cxxbridge1$str$ptr + 2755272
E       11  chromedriver                        0x00000001029dc1f4 cxxbridge1$str$ptr + 3090700
E       12  chromedriver                        0x00000001029dc354 cxxbridge1$str$ptr + 3091052
E       13  chromedriver                        0x00000001029ed7a4 cxxbridge1$str$ptr + 3161788
E       14  libsystem_pthread.dylib             0x0000000199325c08 _pthread_start + 136
E       15  libsystem_pthread.dylib             0x0000000199320ba8 thread_start + 8

venv/lib/python3.11/site-packages/selenium/webdriver/support/wait.py:121: TimeoutException
=========================== short test summary info ============================
FAILED tests/admin_portal/revenue_overview/test_revenue_overview.py::test_all_membership_subtabs_clickable - selenium.common.exceptions.TimeoutException: Message: 
Stacktrace:
0   chromedriver                        0x00000001009e9a84 cxxbridge1$str$ptr + 3195292
1   chromedriver                        0x00000001009e1b4c cxxbridge1$str$ptr + 3162724
2   chromedriver                        0x000000010048b2a4 _RNvCs9NA52FrZ4pF_7___rustc35___rust_no_alloc_shim_is_unstable_v2 + 73836
3   chromedriver                        0x00000001004d3a44 _RNvCs9NA52FrZ4pF_7___rustc35___rust_no_alloc_shim_is_unstable_v2 + 370700
4   chromedriver                        0x0000000100513030 _RNvCs9NA52FrZ4pF_7___rustc35___rust_no_alloc_shim_is_unstable_v2 + 630264
5   chromedriver                        0x00000001004c9434 _RNvCs9NA52FrZ4pF_7___rustc35___rust_no_alloc_shim_is_unstable_v2 + 328188
6   chromedriver                        0x00000001009a6c40 cxxbridge1$str$ptr + 2921304
7   chromedriver                        0x00000001009aa3b8 cxxbridge1$str$ptr + 2935504
8   chromedriver                        0x000000010098d0f8 cxxbridge1$str$ptr + 2816016
9   chromedriver                        0x00000001009aac4c cxxbridge1$str$ptr + 2937700
10  chromedriver                        0x000000010097e3b0 cxxbridge1$str$ptr + 2755272
11  chromedriver                        0x00000001009d01f4 cxxbridge1$str$ptr + 3090700
12  chromedriver                        0x00000001009d0354 cxxbridge1$str$ptr + 3091052
13  chromedriver                        0x00000001009e17a4 cxxbridge1$str$ptr + 3161788
14  libsystem_pthread.dylib             0x0000000199325c08 _pthread_start + 136
15  libsystem_pthread.dylib             0x0000000199320ba8 thread_start + 8
FAILED tests/admin_portal/revenue_overview/test_revenue_overview.py::test_new_sales_subtab_lists_plans - selenium.common.exceptions.TimeoutException: Message: 
Stacktrace:
0   chromedriver                        0x0000000100dfda84 cxxbridge1$str$ptr + 3195292
1   chromedriver                        0x0000000100df5b4c cxxbridge1$str$ptr + 3162724
2   chromedriver                        0x000000010089f2a4 _RNvCs9NA52FrZ4pF_7___rustc35___rust_no_alloc_shim_is_unstable_v2 + 73836
3   chromedriver                        0x00000001008e7a44 _RNvCs9NA52FrZ4pF_7___rustc35___rust_no_alloc_shim_is_unstable_v2 + 370700
4   chromedriver                        0x0000000100927030 _RNvCs9NA52FrZ4pF_7___rustc35___rust_no_alloc_shim_is_unstable_v2 + 630264
5   chromedriver                        0x00000001008dd434 _RNvCs9NA52FrZ4pF_7___rustc35___rust_no_alloc_shim_is_unstable_v2 + 328188
6   chromedriver                        0x0000000100dbac40 cxxbridge1$str$ptr + 2921304
7   chromedriver                        0x0000000100dbe3b8 cxxbridge1$str$ptr + 2935504
8   chromedriver                        0x0000000100da10f8 cxxbridge1$str$ptr + 2816016
9   chromedriver                        0x0000000100dbec4c cxxbridge1$str$ptr + 2937700
10  chromedriver                        0x0000000100d923b0 cxxbridge1$str$ptr + 2755272
11  chromedriver                        0x0000000100de41f4 cxxbridge1$str$ptr + 3090700
12  chromedriver                        0x0000000100de4354 cxxbridge1$str$ptr + 3091052
13  chromedriver                        0x0000000100df57a4 cxxbridge1$str$ptr + 3161788
14  libsystem_pthread.dylib             0x0000000199325c08 _pthread_start + 136
15  libsystem_pthread.dylib             0x0000000199320ba8 thread_start + 8
FAILED tests/admin_portal/revenue_overview/test_revenue_overview.py::test_recharges_subtab_zero_count_renders_cleanly - selenium.common.exceptions.TimeoutException: Message: 
Stacktrace:
0   chromedriver                        0x0000000104f89a84 cxxbridge1$str$ptr + 3195292
1   chromedriver                        0x0000000104f81b4c cxxbridge1$str$ptr + 3162724
2   chromedriver                        0x0000000104a2b2a4 _RNvCs9NA52FrZ4pF_7___rustc35___rust_no_alloc_shim_is_unstable_v2 + 73836
3   chromedriver                        0x0000000104a73a44 _RNvCs9NA52FrZ4pF_7___rustc35___rust_no_alloc_shim_is_unstable_v2 + 370700
4   chromedriver                        0x0000000104ab3030 _RNvCs9NA52FrZ4pF_7___rustc35___rust_no_alloc_shim_is_unstable_v2 + 630264
5   chromedriver                        0x0000000104a69434 _RNvCs9NA52FrZ4pF_7___rustc35___rust_no_alloc_shim_is_unstable_v2 + 328188
6   chromedriver                        0x0000000104f46c40 cxxbridge1$str$ptr + 2921304
7   chromedriver                        0x0000000104f4a3b8 cxxbridge1$str$ptr + 2935504
8   chromedriver                        0x0000000104f2d0f8 cxxbridge1$str$ptr + 2816016
9   chromedriver                        0x0000000104f4ac4c cxxbridge1$str$ptr + 2937700
10  chromedriver                        0x0000000104f1e3b0 cxxbridge1$str$ptr + 2755272
11  chromedriver                        0x0000000104f701f4 cxxbridge1$str$ptr + 3090700
12  chromedriver                        0x0000000104f70354 cxxbridge1$str$ptr + 3091052
13  chromedriver                        0x0000000104f817a4 cxxbridge1$str$ptr + 3161788
14  libsystem_pthread.dylib             0x0000000199325c08 _pthread_start + 136
15  libsystem_pthread.dylib             0x0000000199320ba8 thread_start + 8
FAILED tests/admin_portal/revenue_overview/test_revenue_overview.py::test_resignups_subtab_lists_rows - selenium.common.exceptions.TimeoutException: Message: 
Stacktrace:
0   chromedriver                        0x00000001028fda84 cxxbridge1$str$ptr + 3195292
1   chromedriver                        0x00000001028f5b4c cxxbridge1$str$ptr + 3162724
2   chromedriver                        0x000000010239f2a4 _RNvCs9NA52FrZ4pF_7___rustc35___rust_no_alloc_shim_is_unstable_v2 + 73836
3   chromedriver                        0x00000001023e7a44 _RNvCs9NA52FrZ4pF_7___rustc35___rust_no_alloc_shim_is_unstable_v2 + 370700
4   chromedriver                        0x0000000102427030 _RNvCs9NA52FrZ4pF_7___rustc35___rust_no_alloc_shim_is_unstable_v2 + 630264
5   chromedriver                        0x00000001023dd434 _RNvCs9NA52FrZ4pF_7___rustc35___rust_no_alloc_shim_is_unstable_v2 + 328188
6   chromedriver                        0x00000001028bac40 cxxbridge1$str$ptr + 2921304
7   chromedriver                        0x00000001028be3b8 cxxbridge1$str$ptr + 2935504
8   chromedriver                        0x00000001028a10f8 cxxbridge1$str$ptr + 2816016
9   chromedriver                        0x00000001028bec4c cxxbridge1$str$ptr + 2937700
10  chromedriver                        0x00000001028923b0 cxxbridge1$str$ptr + 2755272
11  chromedriver                        0x00000001028e41f4 cxxbridge1$str$ptr + 3090700
12  chromedriver                        0x00000001028e4354 cxxbridge1$str$ptr + 3091052
13  chromedriver                        0x00000001028f57a4 cxxbridge1$str$ptr + 3161788
14  libsystem_pthread.dylib             0x0000000199325c08 _pthread_start + 136
15  libsystem_pthread.dylib             0x0000000199320ba8 thread_start + 8
FAILED tests/admin_portal/revenue_overview/test_revenue_overview.py::test_switching_subtabs_does_not_change_kpi_or_chart - selenium.common.exceptions.TimeoutException: Message: 
Stacktrace:
0   chromedriver                        0x00000001029d1a84 cxxbridge1$str$ptr + 3195292
1   chromedriver                        0x00000001029c9b4c cxxbridge1$str$ptr + 3162724
2   chromedriver                        0x00000001024732a4 _RNvCs9NA52FrZ4pF_7___rustc35___rust_no_alloc_shim_is_unstable_v2 + 73836
3   chromedriver                        0x00000001024bba44 _RNvCs9NA52FrZ4pF_7___rustc35___rust_no_alloc_shim_is_unstable_v2 + 370700
4   chromedriver                        0x00000001024fb030 _RNvCs9NA52FrZ4pF_7___rustc35___rust_no_alloc_shim_is_unstable_v2 + 630264
5   chromedriver                        0x00000001024b1434 _RNvCs9NA52FrZ4pF_7___rustc35___rust_no_alloc_shim_is_unstable_v2 + 328188
6   chromedriver                        0x000000010298ec40 cxxbridge1$str$ptr + 2921304
7   chromedriver                        0x00000001029923b8 cxxbridge1$str$ptr + 2935504
8   chromedriver                        0x00000001029750f8 cxxbridge1$str$ptr + 2816016
9   chromedriver                        0x0000000102992c4c cxxbridge1$str$ptr + 2937700
10  chromedriver                        0x00000001029663b0 cxxbridge1$str$ptr + 2755272
11  chromedriver                        0x00000001029b81f4 cxxbridge1$str$ptr + 3090700
12  chromedriver                        0x00000001029b8354 cxxbridge1$str$ptr + 3091052
13  chromedriver                        0x00000001029c97a4 cxxbridge1$str$ptr + 3161788
14  libsystem_pthread.dylib             0x0000000199325c08 _pthread_start + 136
15  libsystem_pthread.dylib             0x0000000199320ba8 thread_start + 8
FAILED tests/admin_portal/revenue_overview/test_revenue_overview.py::test_membership_plan_names_match_module - selenium.common.exceptions.TimeoutException: Message: 
Stacktrace:
0   chromedriver                        0x0000000104d55a84 cxxbridge1$str$ptr + 3195292
1   chromedriver                        0x0000000104d4db4c cxxbridge1$str$ptr + 3162724
2   chromedriver                        0x00000001047f72a4 _RNvCs9NA52FrZ4pF_7___rustc35___rust_no_alloc_shim_is_unstable_v2 + 73836
3   chromedriver                        0x000000010483fa44 _RNvCs9NA52FrZ4pF_7___rustc35___rust_no_alloc_shim_is_unstable_v2 + 370700
4   chromedriver                        0x000000010487f030 _RNvCs9NA52FrZ4pF_7___rustc35___rust_no_alloc_shim_is_unstable_v2 + 630264
5   chromedriver                        0x0000000104835434 _RNvCs9NA52FrZ4pF_7___rustc35___rust_no_alloc_shim_is_unstable_v2 + 328188
6   chromedriver                        0x0000000104d12c40 cxxbridge1$str$ptr + 2921304
7   chromedriver                        0x0000000104d163b8 cxxbridge1$str$ptr + 2935504
8   chromedriver                        0x0000000104cf90f8 cxxbridge1$str$ptr + 2816016
9   chromedriver                        0x0000000104d16c4c cxxbridge1$str$ptr + 2937700
10  chromedriver                        0x0000000104cea3b0 cxxbridge1$str$ptr + 2755272
11  chromedriver                        0x0000000104d3c1f4 cxxbridge1$str$ptr + 3090700
12  chromedriver                        0x0000000104d3c354 cxxbridge1$str$ptr + 3091052
13  chromedriver                        0x0000000104d4d7a4 cxxbridge1$str$ptr + 3161788
14  libsystem_pthread.dylib             0x0000000199325c08 _pthread_start + 136
15  libsystem_pthread.dylib             0x0000000199320ba8 thread_start + 8
FAILED tests/admin_portal/revenue_overview/test_revenue_overview.py::test_retail_count_invariant - AssertionError: Retail count invariant: Wash Package(0) + Wash Extra(0) = 0 ≠ Retail(7)
assert (0 + 0) == 7
FAILED tests/admin_portal/revenue_overview/test_revenue_overview.py::test_wash_package_subtab_lists_packages - selenium.common.exceptions.TimeoutException: Message: 
Stacktrace:
0   chromedriver                        0x0000000104e01a84 cxxbridge1$str$ptr + 3195292
1   chromedriver                        0x0000000104df9b4c cxxbridge1$str$ptr + 3162724
2   chromedriver                        0x00000001048a32a4 _RNvCs9NA52FrZ4pF_7___rustc35___rust_no_alloc_shim_is_unstable_v2 + 73836
3   chromedriver                        0x00000001048eba44 _RNvCs9NA52FrZ4pF_7___rustc35___rust_no_alloc_shim_is_unstable_v2 + 370700
4   chromedriver                        0x000000010492b030 _RNvCs9NA52FrZ4pF_7___rustc35___rust_no_alloc_shim_is_unstable_v2 + 630264
5   chromedriver                        0x00000001048e1434 _RNvCs9NA52FrZ4pF_7___rustc35___rust_no_alloc_shim_is_unstable_v2 + 328188
6   chromedriver                        0x0000000104dbec40 cxxbridge1$str$ptr + 2921304
7   chromedriver                        0x0000000104dc23b8 cxxbridge1$str$ptr + 2935504
8   chromedriver                        0x0000000104da50f8 cxxbridge1$str$ptr + 2816016
9   chromedriver                        0x0000000104dc2c4c cxxbridge1$str$ptr + 2937700
10  chromedriver                        0x0000000104d963b0 cxxbridge1$str$ptr + 2755272
11  chromedriver                        0x0000000104de81f4 cxxbridge1$str$ptr + 3090700
12  chromedriver                        0x0000000104de8354 cxxbridge1$str$ptr + 3091052
13  chromedriver                        0x0000000104df97a4 cxxbridge1$str$ptr + 3161788
14  libsystem_pthread.dylib             0x0000000199325c08 _pthread_start + 136
15  libsystem_pthread.dylib             0x0000000199320ba8 thread_start + 8
FAILED tests/admin_portal/revenue_overview/test_revenue_overview.py::test_wash_extra_subtab_lists_extras - selenium.common.exceptions.TimeoutException: Message: 
Stacktrace:
0   chromedriver                        0x000000010533da84 cxxbridge1$str$ptr + 3195292
1   chromedriver                        0x0000000105335b4c cxxbridge1$str$ptr + 3162724
2   chromedriver                        0x0000000104ddf2a4 _RNvCs9NA52FrZ4pF_7___rustc35___rust_no_alloc_shim_is_unstable_v2 + 73836
3   chromedriver                        0x0000000104e27a44 _RNvCs9NA52FrZ4pF_7___rustc35___rust_no_alloc_shim_is_unstable_v2 + 370700
4   chromedriver                        0x0000000104e67030 _RNvCs9NA52FrZ4pF_7___rustc35___rust_no_alloc_shim_is_unstable_v2 + 630264
5   chromedriver                        0x0000000104e1d434 _RNvCs9NA52FrZ4pF_7___rustc35___rust_no_alloc_shim_is_unstable_v2 + 328188
6   chromedriver                        0x00000001052fac40 cxxbridge1$str$ptr + 2921304
7   chromedriver                        0x00000001052fe3b8 cxxbridge1$str$ptr + 2935504
8   chromedriver                        0x00000001052e10f8 cxxbridge1$str$ptr + 2816016
9   chromedriver                        0x00000001052fec4c cxxbridge1$str$ptr + 2937700
10  chromedriver                        0x00000001052d23b0 cxxbridge1$str$ptr + 2755272
11  chromedriver                        0x00000001053241f4 cxxbridge1$str$ptr + 3090700
12  chromedriver                        0x0000000105324354 cxxbridge1$str$ptr + 3091052
13  chromedriver                        0x00000001053357a4 cxxbridge1$str$ptr + 3161788
14  libsystem_pthread.dylib             0x0000000199325c08 _pthread_start + 136
15  libsystem_pthread.dylib             0x0000000199320ba8 thread_start + 8
FAILED tests/admin_portal/revenue_overview/test_revenue_overview.py::test_wash_package_names_match_module - selenium.common.exceptions.TimeoutException: Message: 
Stacktrace:
0   chromedriver                        0x000000010325da84 cxxbridge1$str$ptr + 3195292
1   chromedriver                        0x0000000103255b4c cxxbridge1$str$ptr + 3162724
2   chromedriver                        0x0000000102cff2a4 _RNvCs9NA52FrZ4pF_7___rustc35___rust_no_alloc_shim_is_unstable_v2 + 73836
3   chromedriver                        0x0000000102d47a44 _RNvCs9NA52FrZ4pF_7___rustc35___rust_no_alloc_shim_is_unstable_v2 + 370700
4   chromedriver                        0x0000000102d87030 _RNvCs9NA52FrZ4pF_7___rustc35___rust_no_alloc_shim_is_unstable_v2 + 630264
5   chromedriver                        0x0000000102d3d434 _RNvCs9NA52FrZ4pF_7___rustc35___rust_no_alloc_shim_is_unstable_v2 + 328188
6   chromedriver                        0x000000010321ac40 cxxbridge1$str$ptr + 2921304
7   chromedriver                        0x000000010321e3b8 cxxbridge1$str$ptr + 2935504
8   chromedriver                        0x00000001032010f8 cxxbridge1$str$ptr + 2816016
9   chromedriver                        0x000000010321ec4c cxxbridge1$str$ptr + 2937700
10  chromedriver                        0x00000001031f23b0 cxxbridge1$str$ptr + 2755272
11  chromedriver                        0x00000001032441f4 cxxbridge1$str$ptr + 3090700
12  chromedriver                        0x0000000103244354 cxxbridge1$str$ptr + 3091052
13  chromedriver                        0x00000001032557a4 cxxbridge1$str$ptr + 3161788
14  libsystem_pthread.dylib             0x0000000199325c08 _pthread_start + 136
15  libsystem_pthread.dylib             0x0000000199320ba8 thread_start + 8
FAILED tests/admin_portal/revenue_overview/test_revenue_overview.py::test_wash_extra_names_match_module - selenium.common.exceptions.TimeoutException: Message: 
Stacktrace:
0   chromedriver                        0x00000001030ada84 cxxbridge1$str$ptr + 3195292
1   chromedriver                        0x00000001030a5b4c cxxbridge1$str$ptr + 3162724
2   chromedriver                        0x0000000102b4f2a4 _RNvCs9NA52FrZ4pF_7___rustc35___rust_no_alloc_shim_is_unstable_v2 + 73836
3   chromedriver                        0x0000000102b97a44 _RNvCs9NA52FrZ4pF_7___rustc35___rust_no_alloc_shim_is_unstable_v2 + 370700
4   chromedriver                        0x0000000102bd7030 _RNvCs9NA52FrZ4pF_7___rustc35___rust_no_alloc_shim_is_unstable_v2 + 630264
5   chromedriver                        0x0000000102b8d434 _RNvCs9NA52FrZ4pF_7___rustc35___rust_no_alloc_shim_is_unstable_v2 + 328188
6   chromedriver                        0x000000010306ac40 cxxbridge1$str$ptr + 2921304
7   chromedriver                        0x000000010306e3b8 cxxbridge1$str$ptr + 2935504
8   chromedriver                        0x00000001030510f8 cxxbridge1$str$ptr + 2816016
9   chromedriver                        0x000000010306ec4c cxxbridge1$str$ptr + 2937700
10  chromedriver                        0x00000001030423b0 cxxbridge1$str$ptr + 2755272
11  chromedriver                        0x00000001030941f4 cxxbridge1$str$ptr + 3090700
12  chromedriver                        0x0000000103094354 cxxbridge1$str$ptr + 3091052
13  chromedriver                        0x00000001030a57a4 cxxbridge1$str$ptr + 3161788
14  libsystem_pthread.dylib             0x0000000199325c08 _pthread_start + 136
15  libsystem_pthread.dylib             0x0000000199320ba8 thread_start + 8
FAILED tests/admin_portal/revenue_overview/test_revenue_overview.py::test_each_row_shows_four_data_points - selenium.common.exceptions.TimeoutException: Message: 
Stacktrace:
0   chromedriver                        0x0000000104bd5a84 cxxbridge1$str$ptr + 3195292
1   chromedriver                        0x0000000104bcdb4c cxxbridge1$str$ptr + 3162724
2   chromedriver                        0x00000001046772a4 _RNvCs9NA52FrZ4pF_7___rustc35___rust_no_alloc_shim_is_unstable_v2 + 73836
3   chromedriver                        0x00000001046bfa44 _RNvCs9NA52FrZ4pF_7___rustc35___rust_no_alloc_shim_is_unstable_v2 + 370700
4   chromedriver                        0x00000001046ff030 _RNvCs9NA52FrZ4pF_7___rustc35___rust_no_alloc_shim_is_unstable_v2 + 630264
5   chromedriver                        0x00000001046b5434 _RNvCs9NA52FrZ4pF_7___rustc35___rust_no_alloc_shim_is_unstable_v2 + 328188
6   chromedriver                        0x0000000104b92c40 cxxbridge1$str$ptr + 2921304
7   chromedriver                        0x0000000104b963b8 cxxbridge1$str$ptr + 2935504
8   chromedriver                        0x0000000104b790f8 cxxbridge1$str$ptr + 2816016
9   chromedriver                        0x0000000104b96c4c cxxbridge1$str$ptr + 2937700
10  chromedriver                        0x0000000104b6a3b0 cxxbridge1$str$ptr + 2755272
11  chromedriver                        0x0000000104bbc1f4 cxxbridge1$str$ptr + 3090700
12  chromedriver                        0x0000000104bbc354 cxxbridge1$str$ptr + 3091052
13  chromedriver                        0x0000000104bcd7a4 cxxbridge1$str$ptr + 3161788
14  libsystem_pthread.dylib             0x0000000199325c08 _pthread_start + 136
15  libsystem_pthread.dylib             0x0000000199320ba8 thread_start + 8
FAILED tests/admin_portal/revenue_overview/test_revenue_overview.py::test_long_names_truncate_without_breaking - selenium.common.exceptions.TimeoutException: Message: 
Stacktrace:
0   chromedriver                        0x0000000102ea9a84 cxxbridge1$str$ptr + 3195292
1   chromedriver                        0x0000000102ea1b4c cxxbridge1$str$ptr + 3162724
2   chromedriver                        0x000000010294b2a4 _RNvCs9NA52FrZ4pF_7___rustc35___rust_no_alloc_shim_is_unstable_v2 + 73836
3   chromedriver                        0x0000000102993a44 _RNvCs9NA52FrZ4pF_7___rustc35___rust_no_alloc_shim_is_unstable_v2 + 370700
4   chromedriver                        0x00000001029d3030 _RNvCs9NA52FrZ4pF_7___rustc35___rust_no_alloc_shim_is_unstable_v2 + 630264
5   chromedriver                        0x0000000102989434 _RNvCs9NA52FrZ4pF_7___rustc35___rust_no_alloc_shim_is_unstable_v2 + 328188
6   chromedriver                        0x0000000102e66c40 cxxbridge1$str$ptr + 2921304
7   chromedriver                        0x0000000102e6a3b8 cxxbridge1$str$ptr + 2935504
8   chromedriver                        0x0000000102e4d0f8 cxxbridge1$str$ptr + 2816016
9   chromedriver                        0x0000000102e6ac4c cxxbridge1$str$ptr + 2937700
10  chromedriver                        0x0000000102e3e3b0 cxxbridge1$str$ptr + 2755272
11  chromedriver                        0x0000000102e901f4 cxxbridge1$str$ptr + 3090700
12  chromedriver                        0x0000000102e90354 cxxbridge1$str$ptr + 3091052
13  chromedriver                        0x0000000102ea17a4 cxxbridge1$str$ptr + 3161788
14  libsystem_pthread.dylib             0x0000000199325c08 _pthread_start + 136
15  libsystem_pthread.dylib             0x0000000199320ba8 thread_start + 8
FAILED tests/admin_portal/revenue_overview/test_revenue_overview.py::test_sites_dropdown_reflects_sites_module - AssertionError: Site dropdown returned no options
assert 0 > 0
 +  where 0 = len([])
FAILED tests/admin_portal/performance_metrics/test_performance_metrics.py::test_default_column_headers[New] - AssertionError: Column 'New' not found in visible MHT headers: []
assert False
 +  where False = any(<generator object test_default_column_headers.<locals>.<genexpr> at 0x1053b50e0>)
FAILED tests/admin_portal/wash_extras/test_wash_extras_discount.py::test_save_wash_extra_without_discount - selenium.common.exceptions.StaleElementReferenceException: Message: stale element reference: stale element not found in the current frame
  (Session info: chrome=150.0.7871.187); For documentation on this error, please visit: https://www.selenium.dev/documentation/webdriver/troubleshooting/errors#staleelementreferenceexception
Stacktrace:
0   chromedriver                        0x0000000101051a84 cxxbridge1$str$ptr + 3195292
1   chromedriver                        0x0000000101049b4c cxxbridge1$str$ptr + 3162724
2   chromedriver                        0x0000000100af32a4 _RNvCs9NA52FrZ4pF_7___rustc35___rust_no_alloc_shim_is_unstable_v2 + 73836
3   chromedriver                        0x0000000100af9464 _RNvCs9NA52FrZ4pF_7___rustc35___rust_no_alloc_shim_is_unstable_v2 + 98860
4   chromedriver                        0x0000000100afb678 _RNvCs9NA52FrZ4pF_7___rustc35___rust_no_alloc_shim_is_unstable_v2 + 107584
5   chromedriver                        0x0000000100afb730 _RNvCs9NA52FrZ4pF_7___rustc35___rust_no_alloc_shim_is_unstable_v2 + 107768
6   chromedriver                        0x0000000100b380a4 _RNvCs9NA52FrZ4pF_7___rustc35___rust_no_alloc_shim_is_unstable_v2 + 355948
7   chromedriver                        0x0000000100b32934 _RNvCs9NA52FrZ4pF_7___rustc35___rust_no_alloc_shim_is_unstable_v2 + 333564
8   chromedriver                        0x0000000100b7b030 _RNvCs9NA52FrZ4pF_7___rustc35___rust_no_alloc_shim_is_unstable_v2 + 630264
9   chromedriver                        0x0000000100b31434 _RNvCs9NA52FrZ4pF_7___rustc35___rust_no_alloc_shim_is_unstable_v2 + 328188
10  chromedriver                        0x000000010100ec40 cxxbridge1$str$ptr + 2921304
11  chromedriver                        0x00000001010123b8 cxxbridge1$str$ptr + 2935504
12  chromedriver                        0x0000000100ff50f8 cxxbridge1$str$ptr + 2816016
13  chromedriver                        0x0000000101012c4c cxxbridge1$str$ptr + 2937700
14  chromedriver                        0x0000000100fe63b0 cxxbridge1$str$ptr + 2755272
15  chromedriver                        0x00000001010381f4 cxxbridge1$str$ptr + 3090700
16  chromedriver                        0x0000000101038354 cxxbridge1$str$ptr + 3091052
17  chromedriver                        0x00000001010497a4 cxxbridge1$str$ptr + 3161788
18  libsystem_pthread.dylib             0x0000000199325c08 _pthread_start + 136
19  libsystem_pthread.dylib             0x0000000199320ba8 thread_start + 8
FAILED tests/admin_portal/wash_extras/test_wash_extras_positive.py::test_create_wash_extra - selenium.common.exceptions.TimeoutException: Message:
FAILED tests/admin_portal/wash_extras/test_wash_extras_site_assignment.py::test_assign_multiple_sites_persists - AssertionError: assert False
 +  where False = all_locations_are_assigned_with_price_and_commission('15', '2')
 +    where all_locations_are_assigned_with_price_and_commission = <pages.admin_portal.wash_extras_page.WashExtrasPage object at 0x1054d4290>.all_locations_are_assigned_with_price_and_commission
FAILED tests/admin_portal/user_roles/test_user_roles_create.py::test_create_active_user_role - AssertionError: assert False
 +  where False = role_exists('VK UR tmp c2249b')
 +    where role_exists = <pages.admin_portal.user_roles_page.AdminUserRolesPage object at 0x1038f1b90>.role_exists
FAILED tests/admin_portal/user_roles/test_user_roles_edge_cases.py::test_deactivate_label_correct_terminology - selenium.common.exceptions.TimeoutException: Message: 
Stacktrace:
0   chromedriver                        0x0000000102aa9a84 cxxbridge1$str$ptr + 3195292
1   chromedriver                        0x0000000102aa1b4c cxxbridge1$str$ptr + 3162724
2   chromedriver                        0x000000010254b2a4 _RNvCs9NA52FrZ4pF_7___rustc35___rust_no_alloc_shim_is_unstable_v2 + 73836
3   chromedriver                        0x0000000102593a44 _RNvCs9NA52FrZ4pF_7___rustc35___rust_no_alloc_shim_is_unstable_v2 + 370700
4   chromedriver                        0x00000001025d3030 _RNvCs9NA52FrZ4pF_7___rustc35___rust_no_alloc_shim_is_unstable_v2 + 630264
5   chromedriver                        0x0000000102589434 _RNvCs9NA52FrZ4pF_7___rustc35___rust_no_alloc_shim_is_unstable_v2 + 328188
6   chromedriver                        0x0000000102a66c40 cxxbridge1$str$ptr + 2921304
7   chromedriver                        0x0000000102a6a3b8 cxxbridge1$str$ptr + 2935504
8   chromedriver                        0x0000000102a4d0f8 cxxbridge1$str$ptr + 2816016
9   chromedriver                        0x0000000102a6ac4c cxxbridge1$str$ptr + 2937700
10  chromedriver                        0x0000000102a3e3b0 cxxbridge1$str$ptr + 2755272
11  chromedriver                        0x0000000102a901f4 cxxbridge1$str$ptr + 3090700
12  chromedriver                        0x0000000102a90354 cxxbridge1$str$ptr + 3091052
13  chromedriver                        0x0000000102aa17a4 cxxbridge1$str$ptr + 3161788
14  libsystem_pthread.dylib             0x0000000199325c08 _pthread_start + 136
15  libsystem_pthread.dylib             0x0000000199320ba8 thread_start + 8
FAILED tests/admin_portal/user_roles/test_user_roles_edit.py::test_activate_inactive_role - selenium.common.exceptions.TimeoutException: Message: 
Stacktrace:
0   chromedriver                        0x0000000100d2da84 cxxbridge1$str$ptr + 3195292
1   chromedriver                        0x0000000100d25b4c cxxbridge1$str$ptr + 3162724
2   chromedriver                        0x00000001007cf2a4 _RNvCs9NA52FrZ4pF_7___rustc35___rust_no_alloc_shim_is_unstable_v2 + 73836
3   chromedriver                        0x0000000100817a44 _RNvCs9NA52FrZ4pF_7___rustc35___rust_no_alloc_shim_is_unstable_v2 + 370700
4   chromedriver                        0x0000000100857030 _RNvCs9NA52FrZ4pF_7___rustc35___rust_no_alloc_shim_is_unstable_v2 + 630264
5   chromedriver                        0x000000010080d434 _RNvCs9NA52FrZ4pF_7___rustc35___rust_no_alloc_shim_is_unstable_v2 + 328188
6   chromedriver                        0x0000000100ceac40 cxxbridge1$str$ptr + 2921304
7   chromedriver                        0x0000000100cee3b8 cxxbridge1$str$ptr + 2935504
8   chromedriver                        0x0000000100cd10f8 cxxbridge1$str$ptr + 2816016
9   chromedriver                        0x0000000100ceec4c cxxbridge1$str$ptr + 2937700
10  chromedriver                        0x0000000100cc23b0 cxxbridge1$str$ptr + 2755272
11  chromedriver                        0x0000000100d141f4 cxxbridge1$str$ptr + 3090700
12  chromedriver                        0x0000000100d14354 cxxbridge1$str$ptr + 3091052
13  chromedriver                        0x0000000100d257a4 cxxbridge1$str$ptr + 3161788
14  libsystem_pthread.dylib             0x0000000199325c08 _pthread_start + 136
15  libsystem_pthread.dylib             0x0000000199320ba8 thread_start + 8
FAILED tests/admin_portal/user_roles/test_user_roles_filter.py::test_user_roles_filter_active_shows_active_only - selenium.common.exceptions.TimeoutException: Message: 
Stacktrace:
0   chromedriver                        0x00000001029f5a84 cxxbridge1$str$ptr + 3195292
1   chromedriver                        0x00000001029edb4c cxxbridge1$str$ptr + 3162724
2   chromedriver                        0x00000001024972a4 _RNvCs9NA52FrZ4pF_7___rustc35___rust_no_alloc_shim_is_unstable_v2 + 73836
3   chromedriver                        0x00000001024dfa44 _RNvCs9NA52FrZ4pF_7___rustc35___rust_no_alloc_shim_is_unstable_v2 + 370700
4   chromedriver                        0x000000010251f030 _RNvCs9NA52FrZ4pF_7___rustc35___rust_no_alloc_shim_is_unstable_v2 + 630264
5   chromedriver                        0x00000001024d5434 _RNvCs9NA52FrZ4pF_7___rustc35___rust_no_alloc_shim_is_unstable_v2 + 328188
6   chromedriver                        0x00000001029b2c40 cxxbridge1$str$ptr + 2921304
7   chromedriver                        0x00000001029b63b8 cxxbridge1$str$ptr + 2935504
8   chromedriver                        0x00000001029990f8 cxxbridge1$str$ptr + 2816016
9   chromedriver                        0x00000001029b6c4c cxxbridge1$str$ptr + 2937700
10  chromedriver                        0x000000010298a3b0 cxxbridge1$str$ptr + 2755272
11  chromedriver                        0x00000001029dc1f4 cxxbridge1$str$ptr + 3090700
12  chromedriver                        0x00000001029dc354 cxxbridge1$str$ptr + 3091052
13  chromedriver                        0x00000001029ed7a4 cxxbridge1$str$ptr + 3161788
14  libsystem_pthread.dylib             0x0000000199325c08 _pthread_start + 136
15  libsystem_pthread.dylib             0x0000000199320ba8 thread_start + 8
ERROR tests/admin_portal/card_declines/test_card_declines.py::TestCardDeclinesSiteFilter::test_removing_chip_reduces_site_filter - selenium.common.exceptions.StaleElementReferenceException: Message: stale element reference: stale element not found in the current frame
  (Session info: chrome=150.0.7871.187); For documentation on this error, please visit: https://www.selenium.dev/documentation/webdriver/troubleshooting/errors#staleelementreferenceexception
Stacktrace:
0   chromedriver                        0x0000000102731a84 cxxbridge1$str$ptr + 3195292
1   chromedriver                        0x0000000102729b4c cxxbridge1$str$ptr + 3162724
2   chromedriver                        0x00000001021d32a4 _RNvCs9NA52FrZ4pF_7___rustc35___rust_no_alloc_shim_is_unstable_v2 + 73836
3   chromedriver                        0x00000001021d9464 _RNvCs9NA52FrZ4pF_7___rustc35___rust_no_alloc_shim_is_unstable_v2 + 98860
4   chromedriver                        0x00000001021db678 _RNvCs9NA52FrZ4pF_7___rustc35___rust_no_alloc_shim_is_unstable_v2 + 107584
5   chromedriver                        0x00000001021db730 _RNvCs9NA52FrZ4pF_7___rustc35___rust_no_alloc_shim_is_unstable_v2 + 107768
6   chromedriver                        0x000000010222087c _RNvCs9NA52FrZ4pF_7___rustc35___rust_no_alloc_shim_is_unstable_v2 + 390724
7   chromedriver                        0x0000000102220294 _RNvCs9NA52FrZ4pF_7___rustc35___rust_no_alloc_shim_is_unstable_v2 + 389212
8   chromedriver                        0x00000001022622e4 _RNvCs9NA52FrZ4pF_7___rustc35___rust_no_alloc_shim_is_unstable_v2 + 659628
9   chromedriver                        0x000000010225b030 _RNvCs9NA52FrZ4pF_7___rustc35___rust_no_alloc_shim_is_unstable_v2 + 630264
10  chromedriver                        0x0000000102211434 _RNvCs9NA52FrZ4pF_7___rustc35___rust_no_alloc_shim_is_unstable_v2 + 328188
11  chromedriver                        0x00000001026eec40 cxxbridge1$str$ptr + 2921304
12  chromedriver                        0x00000001026f23b8 cxxbridge1$str$ptr + 2935504
13  chromedriver                        0x00000001026d50f8 cxxbridge1$str$ptr + 2816016
14  chromedriver                        0x00000001026f2c4c cxxbridge1$str$ptr + 2937700
15  chromedriver                        0x00000001026c63b0 cxxbridge1$str$ptr + 2755272
16  chromedriver                        0x00000001027181f4 cxxbridge1$str$ptr + 3090700
17  chromedriver                        0x0000000102718354 cxxbridge1$str$ptr + 3091052
18  chromedriver                        0x00000001027297a4 cxxbridge1$str$ptr + 3161788
19  libsystem_pthread.dylib             0x0000000199325c08 _pthread_start + 136
20  libsystem_pthread.dylib             0x0000000199320ba8 thread_start + 8
ERROR tests/admin_portal/card_declines/test_card_declines.py::TestCardDeclinesGlossary::test_glossary_term_visible[CDL-GLS-002-05] - selenium.common.exceptions.StaleElementReferenceException: Message: stale element reference: stale element not found in the current frame
  (Session info: chrome=150.0.7871.187); For documentation on this error, please visit: https://www.selenium.dev/documentation/webdriver/troubleshooting/errors#staleelementreferenceexception
Stacktrace:
0   chromedriver                        0x0000000100cb5a84 cxxbridge1$str$ptr + 3195292
1   chromedriver                        0x0000000100cadb4c cxxbridge1$str$ptr + 3162724
2   chromedriver                        0x00000001007572a4 _RNvCs9NA52FrZ4pF_7___rustc35___rust_no_alloc_shim_is_unstable_v2 + 73836
3   chromedriver                        0x000000010075d464 _RNvCs9NA52FrZ4pF_7___rustc35___rust_no_alloc_shim_is_unstable_v2 + 98860
4   chromedriver                        0x000000010075f678 _RNvCs9NA52FrZ4pF_7___rustc35___rust_no_alloc_shim_is_unstable_v2 + 107584
5   chromedriver                        0x000000010075f730 _RNvCs9NA52FrZ4pF_7___rustc35___rust_no_alloc_shim_is_unstable_v2 + 107768
6   chromedriver                        0x00000001007a487c _RNvCs9NA52FrZ4pF_7___rustc35___rust_no_alloc_shim_is_unstable_v2 + 390724
7   chromedriver                        0x00000001007a4294 _RNvCs9NA52FrZ4pF_7___rustc35___rust_no_alloc_shim_is_unstable_v2 + 389212
8   chromedriver                        0x00000001007e62e4 _RNvCs9NA52FrZ4pF_7___rustc35___rust_no_alloc_shim_is_unstable_v2 + 659628
9   chromedriver                        0x00000001007df030 _RNvCs9NA52FrZ4pF_7___rustc35___rust_no_alloc_shim_is_unstable_v2 + 630264
10  chromedriver                        0x0000000100795434 _RNvCs9NA52FrZ4pF_7___rustc35___rust_no_alloc_shim_is_unstable_v2 + 328188
11  chromedriver                        0x0000000100c72c40 cxxbridge1$str$ptr + 2921304
12  chromedriver                        0x0000000100c763b8 cxxbridge1$str$ptr + 2935504
13  chromedriver                        0x0000000100c590f8 cxxbridge1$str$ptr + 2816016
14  chromedriver                        0x0000000100c76c4c cxxbridge1$str$ptr + 2937700
15  chromedriver                        0x0000000100c4a3b0 cxxbridge1$str$ptr + 2755272
16  chromedriver                        0x0000000100c9c1f4 cxxbridge1$str$ptr + 3090700
17  chromedriver                        0x0000000100c9c354 cxxbridge1$str$ptr + 3091052
18  chromedriver                        0x0000000100cad7a4 cxxbridge1$str$ptr + 3161788
19  libsystem_pthread.dylib             0x0000000199325c08 _pthread_start + 136
20  libsystem_pthread.dylib             0x0000000199320ba8 thread_start + 8
ERROR tests/admin_portal/card_declines/test_card_declines.py::TestCardDeclinesMatrix::test_matrix_column_present[CDL-MTX-002-06] - selenium.common.exceptions.StaleElementReferenceException: Message: stale element reference: stale element not found in the current frame
  (Session info: chrome=150.0.7871.187); For documentation on this error, please visit: https://www.selenium.dev/documentation/webdriver/troubleshooting/errors#staleelementreferenceexception
Stacktrace:
0   chromedriver                        0x0000000104e3da84 cxxbridge1$str$ptr + 3195292
1   chromedriver                        0x0000000104e35b4c cxxbridge1$str$ptr + 3162724
2   chromedriver                        0x00000001048df2a4 _RNvCs9NA52FrZ4pF_7___rustc35___rust_no_alloc_shim_is_unstable_v2 + 73836
3   chromedriver                        0x00000001048e5464 _RNvCs9NA52FrZ4pF_7___rustc35___rust_no_alloc_shim_is_unstable_v2 + 98860
4   chromedriver                        0x00000001048e7678 _RNvCs9NA52FrZ4pF_7___rustc35___rust_no_alloc_shim_is_unstable_v2 + 107584
5   chromedriver                        0x00000001048e7730 _RNvCs9NA52FrZ4pF_7___rustc35___rust_no_alloc_shim_is_unstable_v2 + 107768
6   chromedriver                        0x000000010492c87c _RNvCs9NA52FrZ4pF_7___rustc35___rust_no_alloc_shim_is_unstable_v2 + 390724
7   chromedriver                        0x000000010492c294 _RNvCs9NA52FrZ4pF_7___rustc35___rust_no_alloc_shim_is_unstable_v2 + 389212
8   chromedriver                        0x000000010496e2e4 _RNvCs9NA52FrZ4pF_7___rustc35___rust_no_alloc_shim_is_unstable_v2 + 659628
9   chromedriver                        0x0000000104967030 _RNvCs9NA52FrZ4pF_7___rustc35___rust_no_alloc_shim_is_unstable_v2 + 630264
10  chromedriver                        0x000000010491d434 _RNvCs9NA52FrZ4pF_7___rustc35___rust_no_alloc_shim_is_unstable_v2 + 328188
11  chromedriver                        0x0000000104dfac40 cxxbridge1$str$ptr + 2921304
12  chromedriver                        0x0000000104dfe3b8 cxxbridge1$str$ptr + 2935504
13  chromedriver                        0x0000000104de10f8 cxxbridge1$str$ptr + 2816016
14  chromedriver                        0x0000000104dfec4c cxxbridge1$str$ptr + 2937700
15  chromedriver                        0x0000000104dd23b0 cxxbridge1$str$ptr + 2755272
16  chromedriver                        0x0000000104e241f4 cxxbridge1$str$ptr + 3090700
17  chromedriver                        0x0000000104e24354 cxxbridge1$str$ptr + 3091052
18  chromedriver                        0x0000000104e357a4 cxxbridge1$str$ptr + 3161788
19  libsystem_pthread.dylib             0x0000000199325c08 _pthread_start + 136
20  libsystem_pthread.dylib             0x0000000199320ba8 thread_start + 8
ERROR tests/admin_portal/card_declines/test_card_declines.py::TestCardDeclinesHeatmap::test_heatmap_section_visible - selenium.common.exceptions.StaleElementReferenceException: Message: stale element reference: stale element not found in the current frame
  (Session info: chrome=150.0.7871.187); For documentation on this error, please visit: https://www.selenium.dev/documentation/webdriver/troubleshooting/errors#staleelementreferenceexception
Stacktrace:
0   chromedriver                        0x00000001030b5a84 cxxbridge1$str$ptr + 3195292
1   chromedriver                        0x00000001030adb4c cxxbridge1$str$ptr + 3162724
2   chromedriver                        0x0000000102b572a4 _RNvCs9NA52FrZ4pF_7___rustc35___rust_no_alloc_shim_is_unstable_v2 + 73836
3   chromedriver                        0x0000000102b5d464 _RNvCs9NA52FrZ4pF_7___rustc35___rust_no_alloc_shim_is_unstable_v2 + 98860
4   chromedriver                        0x0000000102b5f678 _RNvCs9NA52FrZ4pF_7___rustc35___rust_no_alloc_shim_is_unstable_v2 + 107584
5   chromedriver                        0x0000000102b5f730 _RNvCs9NA52FrZ4pF_7___rustc35___rust_no_alloc_shim_is_unstable_v2 + 107768
6   chromedriver                        0x0000000102ba487c _RNvCs9NA52FrZ4pF_7___rustc35___rust_no_alloc_shim_is_unstable_v2 + 390724
7   chromedriver                        0x0000000102ba4294 _RNvCs9NA52FrZ4pF_7___rustc35___rust_no_alloc_shim_is_unstable_v2 + 389212
8   chromedriver                        0x0000000102be62e4 _RNvCs9NA52FrZ4pF_7___rustc35___rust_no_alloc_shim_is_unstable_v2 + 659628
9   chromedriver                        0x0000000102bdf030 _RNvCs9NA52FrZ4pF_7___rustc35___rust_no_alloc_shim_is_unstable_v2 + 630264
10  chromedriver                        0x0000000102b95434 _RNvCs9NA52FrZ4pF_7___rustc35___rust_no_alloc_shim_is_unstable_v2 + 328188
11  chromedriver                        0x0000000103072c40 cxxbridge1$str$ptr + 2921304
12  chromedriver                        0x00000001030763b8 cxxbridge1$str$ptr + 2935504
13  chromedriver                        0x00000001030590f8 cxxbridge1$str$ptr + 2816016
14  chromedriver                        0x0000000103076c4c cxxbridge1$str$ptr + 2937700
15  chromedriver                        0x000000010304a3b0 cxxbridge1$str$ptr + 2755272
16  chromedriver                        0x000000010309c1f4 cxxbridge1$str$ptr + 3090700
17  chromedriver                        0x000000010309c354 cxxbridge1$str$ptr + 3091052
18  chromedriver                        0x00000001030ad7a4 cxxbridge1$str$ptr + 3161788
19  libsystem_pthread.dylib             0x0000000199325c08 _pthread_start + 136
20  libsystem_pthread.dylib             0x0000000199320ba8 thread_start + 8
ERROR tests/admin_portal/card_declines/test_card_declines.py::TestSingleDaySync::test_page_bar_sdm_uncheck_syncs_to_modal - selenium.common.exceptions.StaleElementReferenceException: Message: stale element reference: stale element not found in the current frame
  (Session info: chrome=150.0.7871.187); For documentation on this error, please visit: https://www.selenium.dev/documentation/webdriver/troubleshooting/errors#staleelementreferenceexception
Stacktrace:
0   chromedriver                        0x0000000100f39a84 cxxbridge1$str$ptr + 3195292
1   chromedriver                        0x0000000100f31b4c cxxbridge1$str$ptr + 3162724
2   chromedriver                        0x00000001009db2a4 _RNvCs9NA52FrZ4pF_7___rustc35___rust_no_alloc_shim_is_unstable_v2 + 73836
3   chromedriver                        0x00000001009e1464 _RNvCs9NA52FrZ4pF_7___rustc35___rust_no_alloc_shim_is_unstable_v2 + 98860
4   chromedriver                        0x00000001009e3678 _RNvCs9NA52FrZ4pF_7___rustc35___rust_no_alloc_shim_is_unstable_v2 + 107584
5   chromedriver                        0x00000001009e3730 _RNvCs9NA52FrZ4pF_7___rustc35___rust_no_alloc_shim_is_unstable_v2 + 107768
6   chromedriver                        0x0000000100a2887c _RNvCs9NA52FrZ4pF_7___rustc35___rust_no_alloc_shim_is_unstable_v2 + 390724
7   chromedriver                        0x0000000100a28294 _RNvCs9NA52FrZ4pF_7___rustc35___rust_no_alloc_shim_is_unstable_v2 + 389212
8   chromedriver                        0x0000000100a6a2e4 _RNvCs9NA52FrZ4pF_7___rustc35___rust_no_alloc_shim_is_unstable_v2 + 659628
9   chromedriver                        0x0000000100a63030 _RNvCs9NA52FrZ4pF_7___rustc35___rust_no_alloc_shim_is_unstable_v2 + 630264
10  chromedriver                        0x0000000100a19434 _RNvCs9NA52FrZ4pF_7___rustc35___rust_no_alloc_shim_is_unstable_v2 + 328188
11  chromedriver                        0x0000000100ef6c40 cxxbridge1$str$ptr + 2921304
12  chromedriver                        0x0000000100efa3b8 cxxbridge1$str$ptr + 2935504
13  chromedriver                        0x0000000100edd0f8 cxxbridge1$str$ptr + 2816016
14  chromedriver                        0x0000000100efac4c cxxbridge1$str$ptr + 2937700
15  chromedriver                        0x0000000100ece3b0 cxxbridge1$str$ptr + 2755272
16  chromedriver                        0x0000000100f201f4 cxxbridge1$str$ptr + 3090700
17  chromedriver                        0x0000000100f20354 cxxbridge1$str$ptr + 3091052
18  chromedriver                        0x0000000100f317a4 cxxbridge1$str$ptr + 3161788
19  libsystem_pthread.dylib             0x0000000199325c08 _pthread_start + 136
20  libsystem_pthread.dylib             0x0000000199320ba8 thread_start + 8
= 22 failed, 389 passed, 44 skipped, 44 xfailed, 15 xpassed, 5 errors in 13527.12s (3:45:27) =
