2026-07-23 23:56:16,395 INFO nxtwash: Test run starting against 'staging' environment
============================= test session starts ==============================
collected 100 items

tests/admin_portal/wash_books/test_customer_wash_books_dependency.py::test_only_active_wash_books_in_cwb_dropdown PASSED [  1%]
tests/admin_portal/wash_books/test_customer_wash_books_dependency.py::test_cwb_washes_reflect_template_wash_book PASSED [  2%]
tests/admin_portal/wash_books/test_customer_wash_books_edge_cases.py::test_cwb_customer_search_requires_two_characters PASSED [  3%]
tests/admin_portal/wash_books/test_customer_wash_books_edge_cases.py::test_cwb_past_expiration_date_behaviour SKIPPED [  4%]
tests/admin_portal/wash_books/test_customer_wash_books_edit.py::test_edit_cwb_number_of_washes_persists PASSED [  5%]
tests/admin_portal/wash_books/test_customer_wash_books_edit.py::test_edit_cwb_expiration_date_persists SKIPPED [  6%]
tests/admin_portal/wash_books/test_customer_wash_books_edit.py::test_activate_customer_wash_book PASSED [  7%]
tests/admin_portal/wash_books/test_customer_wash_books_edit.py::test_deactivate_customer_wash_book PASSED [  8%]
tests/admin_portal/wash_books/test_customer_wash_books_negative.py::test_create_cwb_blank_wash_book_selection_blocked PASSED [  9%]
tests/admin_portal/wash_books/test_customer_wash_books_negative.py::test_create_cwb_blank_wash_book_number_blocked PASSED [ 10%]
tests/admin_portal/wash_books/test_customer_wash_books_negative.py::test_create_cwb_blank_number_of_washes_blocked PASSED [ 11%]
tests/admin_portal/wash_books/test_customer_wash_books_negative.py::test_create_cwb_duplicate_number_rejected PASSED [ 12%]
tests/admin_portal/wash_books/test_customer_wash_books_positive.py::test_create_customer_wash_book PASSED [ 13%]
tests/admin_portal/wash_books/test_customer_wash_books_positive.py::test_create_cwb_with_site_selection SKIPPED [ 14%]
tests/admin_portal/wash_books/test_customer_wash_books_positive.py::test_create_cwb_without_customer_succeeds PASSED [ 15%]
tests/admin_portal/wash_books/test_customer_wash_books_positive.py::test_create_cwb_with_expiration_date SKIPPED [ 16%]
tests/admin_portal/wash_books/test_customer_wash_books_positive.py::test_create_cwb_without_expiration_date PASSED [ 17%]
tests/admin_portal/wash_books/test_customer_wash_books_positive.py::test_create_cwb_is_active_by_default SKIPPED [ 18%]
tests/admin_portal/wash_books/test_customer_wash_books_search_filter.py::test_cwb_search_by_exact_number PASSED [ 19%]
tests/admin_portal/wash_books/test_customer_wash_books_search_filter.py::test_cwb_search_by_partial_number PASSED [ 20%]
tests/admin_portal/wash_books/test_customer_wash_books_search_filter.py::test_cwb_search_non_existing_number_shows_empty_state PASSED [ 21%]
tests/admin_portal/wash_books/test_customer_wash_books_search_filter.py::test_cwb_filter_by_site_narrows_results PASSED [ 22%]
tests/admin_portal/wash_books/test_customer_wash_books_search_filter.py::test_cwb_filter_active_returns_active_only PASSED [ 23%]
tests/admin_portal/wash_books/test_customer_wash_books_search_filter.py::test_cwb_filter_site_and_active_combined PASSED [ 24%]
tests/admin_portal/wash_books/test_customer_wash_books_search_filter.py::test_cwb_filter_reset_all_restores_list PASSED [ 25%]
tests/admin_portal/wash_books/test_customer_wash_books_ui.py::test_customer_wash_books_tab_loads_with_controls PASSED [ 26%]
tests/admin_portal/wash_books/test_customer_wash_books_ui.py::test_customer_wash_books_grid_columns_are_visible PASSED [ 27%]
tests/admin_portal/wash_books/test_customer_wash_books_ui.py::test_customer_wash_books_export_file_validation XFAIL [ 28%]
tests/admin_portal/wash_books/test_wash_books_dependency.py::test_active_wash_book_available_for_cwb_creation SKIPPED [ 29%]
tests/admin_portal/wash_books/test_wash_books_dependency.py::test_deactivated_wash_book_not_available_for_cwb_creation SKIPPED [ 30%]
tests/admin_portal/wash_books/test_wash_books_dependency.py::test_valid_points_awarded_saves SKIPPED [ 31%]
tests/admin_portal/wash_books/test_wash_books_dependency.py::test_duplicate_barcode_rejected SKIPPED [ 32%]
tests/admin_portal/wash_books/test_wash_books_dependency.py::test_description_shows_on_customer_portal SKIPPED [ 33%]
tests/admin_portal/wash_books/test_wash_books_dependency.py::test_customer_portal_enabled_wash_book_visible SKIPPED [ 34%]
tests/admin_portal/wash_books/test_wash_books_edge_cases.py::test_wash_book_create_is_idempotent 2026-07-24 00:01:43,855 ERROR nxtwash: Test FAILED: tests/admin_portal/wash_books/test_wash_books_edge_cases.py::test_wash_book_create_is_idempotent (url: https://staging.nxtwash.com/services/washBooks)

-------------------------------- live log call ---------------------------------
ERROR    nxtwash:conftest.py:241 Test FAILED: tests/admin_portal/wash_books/test_wash_books_edge_cases.py::test_wash_book_create_is_idempotent (url: https://staging.nxtwash.com/services/washBooks)
2026-07-24 00:01:44,530 ERROR nxtwash: Visible page text at failure:
Overview
Sites / Locations
Services
Customers
Users / Employees
Kiosk Settings
Gas Pump Settings
POS Settings
Tunnel Settings
Self Serve
Reports
Vishal Kumar
Owner
ERROR    nxtwash:conftest.py:256 Visible page text at failure:
Overview
Sites / Locations
Services
Customers
Users / Employees
Kiosk Settings
Gas Pump Settings
POS Settings
Tunnel Settings
Self Serve
Reports
Vishal Kumar
Owner
FAILED                                                                   [ 35%]
tests/admin_portal/wash_books/test_wash_books_edge_cases.py::test_wash_book_long_description_does_not_break_form 2026-07-24 00:02:24,243 ERROR nxtwash: Test FAILED: tests/admin_portal/wash_books/test_wash_books_edge_cases.py::test_wash_book_long_description_does_not_break_form (url: https://staging.nxtwash.com/services/washBooks)

-------------------------------- live log call ---------------------------------
ERROR    nxtwash:conftest.py:241 Test FAILED: tests/admin_portal/wash_books/test_wash_books_edge_cases.py::test_wash_book_long_description_does_not_break_form (url: https://staging.nxtwash.com/services/washBooks)
2026-07-24 00:02:25,178 ERROR nxtwash: Visible page text at failure:
Overview
Sites / Locations
Services
Customers
Users / Employees
Kiosk Settings
Gas Pump Settings
POS Settings
Tunnel Settings
Self Serve
Reports
Vishal Kumar
Owner
ERROR    nxtwash:conftest.py:256 Visible page text at failure:
Overview
Sites / Locations
Services
Customers
Users / Employees
Kiosk Settings
Gas Pump Settings
POS Settings
Tunnel Settings
Self Serve
Reports
Vishal Kumar
Owner
FAILED                                                                   [ 36%]
tests/admin_portal/wash_books/test_wash_books_edit.py::test_edit_wash_book_description 2026-07-24 00:03:04,748 ERROR nxtwash: Test FAILED: tests/admin_portal/wash_books/test_wash_books_edit.py::test_edit_wash_book_description (url: https://staging.nxtwash.com/services/washBooks)

-------------------------------- live log call ---------------------------------
ERROR    nxtwash:conftest.py:241 Test FAILED: tests/admin_portal/wash_books/test_wash_books_edit.py::test_edit_wash_book_description (url: https://staging.nxtwash.com/services/washBooks)
2026-07-24 00:03:05,412 ERROR nxtwash: Visible page text at failure:
Overview
Sites / Locations
Services
Customers
Users / Employees
Kiosk Settings
Gas Pump Settings
POS Settings
Tunnel Settings
Self Serve
Reports
Vishal Kumar
Owner
ERROR    nxtwash:conftest.py:256 Visible page text at failure:
Overview
Sites / Locations
Services
Customers
Users / Employees
Kiosk Settings
Gas Pump Settings
POS Settings
Tunnel Settings
Self Serve
Reports
Vishal Kumar
Owner
FAILED                                                                   [ 37%]
tests/admin_portal/wash_books/test_wash_books_edit.py::test_edit_wash_book_name_persists 2026-07-24 00:03:45,192 ERROR nxtwash: Test FAILED: tests/admin_portal/wash_books/test_wash_books_edit.py::test_edit_wash_book_name_persists (url: https://staging.nxtwash.com/services/washBooks)

-------------------------------- live log call ---------------------------------
ERROR    nxtwash:conftest.py:241 Test FAILED: tests/admin_portal/wash_books/test_wash_books_edit.py::test_edit_wash_book_name_persists (url: https://staging.nxtwash.com/services/washBooks)
2026-07-24 00:03:45,890 ERROR nxtwash: Visible page text at failure:
Overview
Sites / Locations
Services
Customers
Users / Employees
Kiosk Settings
Gas Pump Settings
POS Settings
Tunnel Settings
Self Serve
Reports
Vishal Kumar
Owner
ERROR    nxtwash:conftest.py:256 Visible page text at failure:
Overview
Sites / Locations
Services
Customers
Users / Employees
Kiosk Settings
Gas Pump Settings
POS Settings
Tunnel Settings
Self Serve
Reports
Vishal Kumar
Owner
FAILED                                                                   [ 38%]
tests/admin_portal/wash_books/test_wash_books_edit.py::test_edit_wash_book_global_price_persists 2026-07-24 00:04:25,529 ERROR nxtwash: Test FAILED: tests/admin_portal/wash_books/test_wash_books_edit.py::test_edit_wash_book_global_price_persists (url: https://staging.nxtwash.com/services/washBooks)

-------------------------------- live log call ---------------------------------
ERROR    nxtwash:conftest.py:241 Test FAILED: tests/admin_portal/wash_books/test_wash_books_edit.py::test_edit_wash_book_global_price_persists (url: https://staging.nxtwash.com/services/washBooks)
2026-07-24 00:04:26,219 ERROR nxtwash: Visible page text at failure:
Overview
Sites / Locations
Services
Customers
Users / Employees
Kiosk Settings
Gas Pump Settings
POS Settings
Tunnel Settings
Self Serve
Reports
Vishal Kumar
Owner
ERROR    nxtwash:conftest.py:256 Visible page text at failure:
Overview
Sites / Locations
Services
Customers
Users / Employees
Kiosk Settings
Gas Pump Settings
POS Settings
Tunnel Settings
Self Serve
Reports
Vishal Kumar
Owner
FAILED                                                                   [ 39%]
tests/admin_portal/wash_books/test_wash_books_edit.py::test_edit_wash_book_number_of_washes_persists 2026-07-24 00:05:06,097 ERROR nxtwash: Test FAILED: tests/admin_portal/wash_books/test_wash_books_edit.py::test_edit_wash_book_number_of_washes_persists (url: https://staging.nxtwash.com/services/washBooks)

-------------------------------- live log call ---------------------------------
ERROR    nxtwash:conftest.py:241 Test FAILED: tests/admin_portal/wash_books/test_wash_books_edit.py::test_edit_wash_book_number_of_washes_persists (url: https://staging.nxtwash.com/services/washBooks)
2026-07-24 00:05:06,791 ERROR nxtwash: Visible page text at failure:
Overview
Sites / Locations
Services
Customers
Users / Employees
Kiosk Settings
Gas Pump Settings
POS Settings
Tunnel Settings
Self Serve
Reports
Vishal Kumar
Owner
ERROR    nxtwash:conftest.py:256 Visible page text at failure:
Overview
Sites / Locations
Services
Customers
Users / Employees
Kiosk Settings
Gas Pump Settings
POS Settings
Tunnel Settings
Self Serve
Reports
Vishal Kumar
Owner
FAILED                                                                   [ 40%]
tests/admin_portal/wash_books/test_wash_books_edit.py::test_edit_wash_book_site_assignment_persists 2026-07-24 00:05:46,629 ERROR nxtwash: Test FAILED: tests/admin_portal/wash_books/test_wash_books_edit.py::test_edit_wash_book_site_assignment_persists (url: https://staging.nxtwash.com/services/washBooks)

-------------------------------- live log call ---------------------------------
ERROR    nxtwash:conftest.py:241 Test FAILED: tests/admin_portal/wash_books/test_wash_books_edit.py::test_edit_wash_book_site_assignment_persists (url: https://staging.nxtwash.com/services/washBooks)
2026-07-24 00:05:47,284 ERROR nxtwash: Visible page text at failure:
Overview
Sites / Locations
Services
Customers
Users / Employees
Kiosk Settings
Gas Pump Settings
POS Settings
Tunnel Settings
Self Serve
Reports
Vishal Kumar
Owner
ERROR    nxtwash:conftest.py:256 Visible page text at failure:
Overview
Sites / Locations
Services
Customers
Users / Employees
Kiosk Settings
Gas Pump Settings
POS Settings
Tunnel Settings
Self Serve
Reports
Vishal Kumar
Owner
FAILED                                                                   [ 41%]
tests/admin_portal/wash_books/test_wash_books_edit.py::test_edit_wash_book_redemption_settings_persist 2026-07-24 00:06:26,762 ERROR nxtwash: Test FAILED: tests/admin_portal/wash_books/test_wash_books_edit.py::test_edit_wash_book_redemption_settings_persist (url: https://staging.nxtwash.com/services/washBooks)

-------------------------------- live log call ---------------------------------
ERROR    nxtwash:conftest.py:241 Test FAILED: tests/admin_portal/wash_books/test_wash_books_edit.py::test_edit_wash_book_redemption_settings_persist (url: https://staging.nxtwash.com/services/washBooks)
2026-07-24 00:06:27,441 ERROR nxtwash: Visible page text at failure:
Overview
Sites / Locations
Services
Customers
Users / Employees
Kiosk Settings
Gas Pump Settings
POS Settings
Tunnel Settings
Self Serve
Reports
Vishal Kumar
Owner
ERROR    nxtwash:conftest.py:256 Visible page text at failure:
Overview
Sites / Locations
Services
Customers
Users / Employees
Kiosk Settings
Gas Pump Settings
POS Settings
Tunnel Settings
Self Serve
Reports
Vishal Kumar
Owner
FAILED                                                                   [ 42%]
tests/admin_portal/wash_books/test_wash_books_edit.py::test_edit_wash_book_global_commission_persists 2026-07-24 00:07:07,859 ERROR nxtwash: Test FAILED: tests/admin_portal/wash_books/test_wash_books_edit.py::test_edit_wash_book_global_commission_persists (url: https://staging.nxtwash.com/services/washBooks)

-------------------------------- live log call ---------------------------------
ERROR    nxtwash:conftest.py:241 Test FAILED: tests/admin_portal/wash_books/test_wash_books_edit.py::test_edit_wash_book_global_commission_persists (url: https://staging.nxtwash.com/services/washBooks)
2026-07-24 00:07:08,550 ERROR nxtwash: Visible page text at failure:
Overview
Sites / Locations
Services
Customers
Users / Employees
Kiosk Settings
Gas Pump Settings
POS Settings
Tunnel Settings
Self Serve
Reports
Vishal Kumar
Owner
ERROR    nxtwash:conftest.py:256 Visible page text at failure:
Overview
Sites / Locations
Services
Customers
Users / Employees
Kiosk Settings
Gas Pump Settings
POS Settings
Tunnel Settings
Self Serve
Reports
Vishal Kumar
Owner
FAILED                                                                   [ 43%]
tests/admin_portal/wash_books/test_wash_books_edit.py::test_activate_wash_book 2026-07-24 00:07:48,368 ERROR nxtwash: Test FAILED: tests/admin_portal/wash_books/test_wash_books_edit.py::test_activate_wash_book (url: https://staging.nxtwash.com/services/washBooks)

-------------------------------- live log call ---------------------------------
ERROR    nxtwash:conftest.py:241 Test FAILED: tests/admin_portal/wash_books/test_wash_books_edit.py::test_activate_wash_book (url: https://staging.nxtwash.com/services/washBooks)
2026-07-24 00:07:49,070 ERROR nxtwash: Visible page text at failure:
Overview
Sites / Locations
Services
Customers
Users / Employees
Kiosk Settings
Gas Pump Settings
POS Settings
Tunnel Settings
Self Serve
Reports
Vishal Kumar
Owner
ERROR    nxtwash:conftest.py:256 Visible page text at failure:
Overview
Sites / Locations
Services
Customers
Users / Employees
Kiosk Settings
Gas Pump Settings
POS Settings
Tunnel Settings
Self Serve
Reports
Vishal Kumar
Owner
FAILED                                                                   [ 44%]
tests/admin_portal/wash_books/test_wash_books_edit.py::test_deactivate_wash_book 2026-07-24 00:08:28,405 ERROR nxtwash: Test FAILED: tests/admin_portal/wash_books/test_wash_books_edit.py::test_deactivate_wash_book (url: https://staging.nxtwash.com/services/washBooks)

-------------------------------- live log call ---------------------------------
ERROR    nxtwash:conftest.py:241 Test FAILED: tests/admin_portal/wash_books/test_wash_books_edit.py::test_deactivate_wash_book (url: https://staging.nxtwash.com/services/washBooks)
2026-07-24 00:08:29,108 ERROR nxtwash: Visible page text at failure:
Overview
Sites / Locations
Services
Customers
Users / Employees
Kiosk Settings
Gas Pump Settings
POS Settings
Tunnel Settings
Self Serve
Reports
Vishal Kumar
Owner
ERROR    nxtwash:conftest.py:256 Visible page text at failure:
Overview
Sites / Locations
Services
Customers
Users / Employees
Kiosk Settings
Gas Pump Settings
POS Settings
Tunnel Settings
Self Serve
Reports
Vishal Kumar
Owner
FAILED                                                                   [ 45%]
tests/admin_portal/wash_books/test_wash_books_negative.py::test_wash_books_special_character_search_stays_usable 2026-07-24 00:09:09,239 ERROR nxtwash: Test FAILED: tests/admin_portal/wash_books/test_wash_books_negative.py::test_wash_books_special_character_search_stays_usable (url: https://staging.nxtwash.com/services/washBooks)

-------------------------------- live log call ---------------------------------
ERROR    nxtwash:conftest.py:241 Test FAILED: tests/admin_portal/wash_books/test_wash_books_negative.py::test_wash_books_special_character_search_stays_usable (url: https://staging.nxtwash.com/services/washBooks)
2026-07-24 00:09:09,964 ERROR nxtwash: Visible page text at failure:
Overview
Sites / Locations
Services
Customers
Users / Employees
Kiosk Settings
Gas Pump Settings
POS Settings
Tunnel Settings
Self Serve
Reports
Vishal Kumar
Owner
ERROR    nxtwash:conftest.py:256 Visible page text at failure:
Overview
Sites / Locations
Services
Customers
Users / Employees
Kiosk Settings
Gas Pump Settings
POS Settings
Tunnel Settings
Self Serve
Reports
Vishal Kumar
Owner
FAILED                                                                   [ 46%]
tests/admin_portal/wash_books/test_wash_books_negative.py::test_duplicate_wash_book_name_is_blocked 2026-07-24 00:09:49,960 ERROR nxtwash: Test FAILED: tests/admin_portal/wash_books/test_wash_books_negative.py::test_duplicate_wash_book_name_is_blocked (url: https://staging.nxtwash.com/services/washBooks)

-------------------------------- live log call ---------------------------------
ERROR    nxtwash:conftest.py:241 Test FAILED: tests/admin_portal/wash_books/test_wash_books_negative.py::test_duplicate_wash_book_name_is_blocked (url: https://staging.nxtwash.com/services/washBooks)
2026-07-24 00:09:50,647 ERROR nxtwash: Visible page text at failure:
Overview
Sites / Locations
Services
Customers
Users / Employees
Kiosk Settings
Gas Pump Settings
POS Settings
Tunnel Settings
Self Serve
Reports
Vishal Kumar
Owner
ERROR    nxtwash:conftest.py:256 Visible page text at failure:
Overview
Sites / Locations
Services
Customers
Users / Employees
Kiosk Settings
Gas Pump Settings
POS Settings
Tunnel Settings
Self Serve
Reports
Vishal Kumar
Owner
FAILED                                                                   [ 47%]
tests/admin_portal/wash_books/test_wash_books_negative.py::test_whitespace_only_wash_book_name_is_rejected 2026-07-24 00:10:30,750 ERROR nxtwash: Test FAILED: tests/admin_portal/wash_books/test_wash_books_negative.py::test_whitespace_only_wash_book_name_is_rejected (url: https://staging.nxtwash.com/services/washBooks)

-------------------------------- live log call ---------------------------------
ERROR    nxtwash:conftest.py:241 Test FAILED: tests/admin_portal/wash_books/test_wash_books_negative.py::test_whitespace_only_wash_book_name_is_rejected (url: https://staging.nxtwash.com/services/washBooks)
2026-07-24 00:10:31,440 ERROR nxtwash: Visible page text at failure:
Overview
Sites / Locations
Services
Customers
Users / Employees
Kiosk Settings
Gas Pump Settings
POS Settings
Tunnel Settings
Self Serve
Reports
Vishal Kumar
Owner
ERROR    nxtwash:conftest.py:256 Visible page text at failure:
Overview
Sites / Locations
Services
Customers
Users / Employees
Kiosk Settings
Gas Pump Settings
POS Settings
Tunnel Settings
Self Serve
Reports
Vishal Kumar
Owner
FAILED                                                                   [ 48%]
tests/admin_portal/wash_books/test_wash_books_negative.py::test_negative_number_of_washes_is_rejected 2026-07-24 00:11:12,144 ERROR nxtwash: Test FAILED: tests/admin_portal/wash_books/test_wash_books_negative.py::test_negative_number_of_washes_is_rejected (url: https://staging.nxtwash.com/services/washBooks)

-------------------------------- live log call ---------------------------------
ERROR    nxtwash:conftest.py:241 Test FAILED: tests/admin_portal/wash_books/test_wash_books_negative.py::test_negative_number_of_washes_is_rejected (url: https://staging.nxtwash.com/services/washBooks)
2026-07-24 00:11:12,885 ERROR nxtwash: Visible page text at failure:
Overview
Sites / Locations
Services
Customers
Users / Employees
Kiosk Settings
Gas Pump Settings
POS Settings
Tunnel Settings
Self Serve
Reports
Vishal Kumar
Owner
ERROR    nxtwash:conftest.py:256 Visible page text at failure:
Overview
Sites / Locations
Services
Customers
Users / Employees
Kiosk Settings
Gas Pump Settings
POS Settings
Tunnel Settings
Self Serve
Reports
Vishal Kumar
Owner
FAILED                                                                   [ 49%]
tests/admin_portal/wash_books/test_wash_books_negative.py::test_negative_global_price_is_rejected 2026-07-24 00:11:53,242 ERROR nxtwash: Test FAILED: tests/admin_portal/wash_books/test_wash_books_negative.py::test_negative_global_price_is_rejected (url: https://staging.nxtwash.com/services/washBooks)

-------------------------------- live log call ---------------------------------
ERROR    nxtwash:conftest.py:241 Test FAILED: tests/admin_portal/wash_books/test_wash_books_negative.py::test_negative_global_price_is_rejected (url: https://staging.nxtwash.com/services/washBooks)
2026-07-24 00:11:53,957 ERROR nxtwash: Visible page text at failure:
Overview
Sites / Locations
Services
Customers
Users / Employees
Kiosk Settings
Gas Pump Settings
POS Settings
Tunnel Settings
Self Serve
Reports
Vishal Kumar
Owner
ERROR    nxtwash:conftest.py:256 Visible page text at failure:
Overview
Sites / Locations
Services
Customers
Users / Employees
Kiosk Settings
Gas Pump Settings
POS Settings
Tunnel Settings
Self Serve
Reports
Vishal Kumar
Owner
FAILED                                                                   [ 50%]
tests/admin_portal/wash_books/test_wash_books_negative.py::test_negative_global_commission_is_rejected 2026-07-24 00:12:33,846 ERROR nxtwash: Test FAILED: tests/admin_portal/wash_books/test_wash_books_negative.py::test_negative_global_commission_is_rejected (url: https://staging.nxtwash.com/services/washBooks)

-------------------------------- live log call ---------------------------------
ERROR    nxtwash:conftest.py:241 Test FAILED: tests/admin_portal/wash_books/test_wash_books_negative.py::test_negative_global_commission_is_rejected (url: https://staging.nxtwash.com/services/washBooks)
2026-07-24 00:12:34,548 ERROR nxtwash: Visible page text at failure:
Overview
Sites / Locations
Services
Customers
Users / Employees
Kiosk Settings
Gas Pump Settings
POS Settings
Tunnel Settings
Self Serve
Reports
Vishal Kumar
Owner
ERROR    nxtwash:conftest.py:256 Visible page text at failure:
Overview
Sites / Locations
Services
Customers
Users / Employees
Kiosk Settings
Gas Pump Settings
POS Settings
Tunnel Settings
Self Serve
Reports
Vishal Kumar
Owner
FAILED                                                                   [ 51%]
tests/admin_portal/wash_books/test_wash_books_negative.py::test_negative_loyalty_points_is_rejected 2026-07-24 00:13:15,978 ERROR nxtwash: Test FAILED: tests/admin_portal/wash_books/test_wash_books_negative.py::test_negative_loyalty_points_is_rejected (url: https://staging.nxtwash.com/services/washBooks)

-------------------------------- live log call ---------------------------------
ERROR    nxtwash:conftest.py:241 Test FAILED: tests/admin_portal/wash_books/test_wash_books_negative.py::test_negative_loyalty_points_is_rejected (url: https://staging.nxtwash.com/services/washBooks)
2026-07-24 00:13:16,672 ERROR nxtwash: Visible page text at failure:
Overview
Sites / Locations
Services
Customers
Users / Employees
Kiosk Settings
Gas Pump Settings
POS Settings
Tunnel Settings
Self Serve
Reports
Vishal Kumar
Owner
ERROR    nxtwash:conftest.py:256 Visible page text at failure:
Overview
Sites / Locations
Services
Customers
Users / Employees
Kiosk Settings
Gas Pump Settings
POS Settings
Tunnel Settings
Self Serve
Reports
Vishal Kumar
Owner
FAILED                                                                   [ 52%]
tests/admin_portal/wash_books/test_wash_books_positive.py::test_create_wash_book 2026-07-24 00:13:56,385 ERROR nxtwash: Test FAILED: tests/admin_portal/wash_books/test_wash_books_positive.py::test_create_wash_book (url: https://staging.nxtwash.com/services/washBooks)

-------------------------------- live log call ---------------------------------
ERROR    nxtwash:conftest.py:241 Test FAILED: tests/admin_portal/wash_books/test_wash_books_positive.py::test_create_wash_book (url: https://staging.nxtwash.com/services/washBooks)
2026-07-24 00:13:57,077 ERROR nxtwash: Visible page text at failure:
Overview
Sites / Locations
Services
Customers
Users / Employees
Kiosk Settings
Gas Pump Settings
POS Settings
Tunnel Settings
Self Serve
Reports
Vishal Kumar
Owner
ERROR    nxtwash:conftest.py:256 Visible page text at failure:
Overview
Sites / Locations
Services
Customers
Users / Employees
Kiosk Settings
Gas Pump Settings
POS Settings
Tunnel Settings
Self Serve
Reports
Vishal Kumar
Owner
FAILED                                                                   [ 53%]
tests/admin_portal/wash_books/test_wash_books_positive.py::test_wash_book_settings_persist 2026-07-24 00:14:36,168 ERROR nxtwash: Test FAILED: tests/admin_portal/wash_books/test_wash_books_positive.py::test_wash_book_settings_persist (url: https://staging.nxtwash.com/services/washBooks)

-------------------------------- live log call ---------------------------------
ERROR    nxtwash:conftest.py:241 Test FAILED: tests/admin_portal/wash_books/test_wash_books_positive.py::test_wash_book_settings_persist (url: https://staging.nxtwash.com/services/washBooks)
2026-07-24 00:14:36,865 ERROR nxtwash: Visible page text at failure:
Overview
Sites / Locations
Services
Customers
Users / Employees
Kiosk Settings
Gas Pump Settings
POS Settings
Tunnel Settings
Self Serve
Reports
Vishal Kumar
Owner
ERROR    nxtwash:conftest.py:256 Visible page text at failure:
Overview
Sites / Locations
Services
Customers
Users / Employees
Kiosk Settings
Gas Pump Settings
POS Settings
Tunnel Settings
Self Serve
Reports
Vishal Kumar
Owner
FAILED                                                                   [ 54%]
tests/admin_portal/wash_books/test_wash_books_positive.py::test_create_inactive_wash_book 2026-07-24 00:15:16,352 ERROR nxtwash: Test FAILED: tests/admin_portal/wash_books/test_wash_books_positive.py::test_create_inactive_wash_book (url: https://staging.nxtwash.com/services/washBooks)

-------------------------------- live log call ---------------------------------
ERROR    nxtwash:conftest.py:241 Test FAILED: tests/admin_portal/wash_books/test_wash_books_positive.py::test_create_inactive_wash_book (url: https://staging.nxtwash.com/services/washBooks)
2026-07-24 00:15:17,066 ERROR nxtwash: Visible page text at failure:
Overview
Sites / Locations
Services
Customers
Users / Employees
Kiosk Settings
Gas Pump Settings
POS Settings
Tunnel Settings
Self Serve
Reports
Vishal Kumar
Owner
ERROR    nxtwash:conftest.py:256 Visible page text at failure:
Overview
Sites / Locations
Services
Customers
Users / Employees
Kiosk Settings
Gas Pump Settings
POS Settings
Tunnel Settings
Self Serve
Reports
Vishal Kumar
Owner
FAILED                                                                   [ 55%]
tests/admin_portal/wash_books/test_wash_books_positive.py::test_wash_book_decimal_price_accepted 2026-07-24 00:15:57,843 ERROR nxtwash: Test FAILED: tests/admin_portal/wash_books/test_wash_books_positive.py::test_wash_book_decimal_price_accepted (url: https://staging.nxtwash.com/services/washBooks)

-------------------------------- live log call ---------------------------------
ERROR    nxtwash:conftest.py:241 Test FAILED: tests/admin_portal/wash_books/test_wash_books_positive.py::test_wash_book_decimal_price_accepted (url: https://staging.nxtwash.com/services/washBooks)
2026-07-24 00:15:58,533 ERROR nxtwash: Visible page text at failure:
Overview
Sites / Locations
Services
Customers
Users / Employees
Kiosk Settings
Gas Pump Settings
POS Settings
Tunnel Settings
Self Serve
Reports
Vishal Kumar
Owner
ERROR    nxtwash:conftest.py:256 Visible page text at failure:
Overview
Sites / Locations
Services
Customers
Users / Employees
Kiosk Settings
Gas Pump Settings
POS Settings
Tunnel Settings
Self Serve
Reports
Vishal Kumar
Owner
FAILED                                                                   [ 56%]
tests/admin_portal/wash_books/test_wash_books_positive.py::test_customer_portal_switch_is_off_by_default 2026-07-24 00:16:38,562 ERROR nxtwash: Test FAILED: tests/admin_portal/wash_books/test_wash_books_positive.py::test_customer_portal_switch_is_off_by_default (url: https://staging.nxtwash.com/services/washBooks)

-------------------------------- live log call ---------------------------------
ERROR    nxtwash:conftest.py:241 Test FAILED: tests/admin_portal/wash_books/test_wash_books_positive.py::test_customer_portal_switch_is_off_by_default (url: https://staging.nxtwash.com/services/washBooks)
2026-07-24 00:16:39,234 ERROR nxtwash: Visible page text at failure:
Overview
Sites / Locations
Services
Customers
Users / Employees
Kiosk Settings
Gas Pump Settings
POS Settings
Tunnel Settings
Self Serve
Reports
Vishal Kumar
Owner
ERROR    nxtwash:conftest.py:256 Visible page text at failure:
Overview
Sites / Locations
Services
Customers
Users / Employees
Kiosk Settings
Gas Pump Settings
POS Settings
Tunnel Settings
Self Serve
Reports
Vishal Kumar
Owner
FAILED                                                                   [ 57%]
tests/admin_portal/wash_books/test_wash_books_positive.py::test_expiration_days_toggle_enables_config 2026-07-24 00:17:18,848 ERROR nxtwash: Test FAILED: tests/admin_portal/wash_books/test_wash_books_positive.py::test_expiration_days_toggle_enables_config (url: https://staging.nxtwash.com/services/washBooks)

-------------------------------- live log call ---------------------------------
ERROR    nxtwash:conftest.py:241 Test FAILED: tests/admin_portal/wash_books/test_wash_books_positive.py::test_expiration_days_toggle_enables_config (url: https://staging.nxtwash.com/services/washBooks)
2026-07-24 00:17:19,514 ERROR nxtwash: Visible page text at failure:
Overview
Sites / Locations
Services
Customers
Users / Employees
Kiosk Settings
Gas Pump Settings
POS Settings
Tunnel Settings
Self Serve
Reports
Vishal Kumar
Owner
ERROR    nxtwash:conftest.py:256 Visible page text at failure:
Overview
Sites / Locations
Services
Customers
Users / Employees
Kiosk Settings
Gas Pump Settings
POS Settings
Tunnel Settings
Self Serve
Reports
Vishal Kumar
Owner
FAILED                                                                   [ 58%]
tests/admin_portal/wash_books/test_wash_books_positive.py::test_expiration_days_toggle_is_off_by_default 2026-07-24 00:17:59,454 ERROR nxtwash: Test FAILED: tests/admin_portal/wash_books/test_wash_books_positive.py::test_expiration_days_toggle_is_off_by_default (url: https://staging.nxtwash.com/services/washBooks)

-------------------------------- live log call ---------------------------------
ERROR    nxtwash:conftest.py:241 Test FAILED: tests/admin_portal/wash_books/test_wash_books_positive.py::test_expiration_days_toggle_is_off_by_default (url: https://staging.nxtwash.com/services/washBooks)
2026-07-24 00:18:00,163 ERROR nxtwash: Visible page text at failure:
Overview
Sites / Locations
Services
Customers
Users / Employees
Kiosk Settings
Gas Pump Settings
POS Settings
Tunnel Settings
Self Serve
Reports
Vishal Kumar
Owner
ERROR    nxtwash:conftest.py:256 Visible page text at failure:
Overview
Sites / Locations
Services
Customers
Users / Employees
Kiosk Settings
Gas Pump Settings
POS Settings
Tunnel Settings
Self Serve
Reports
Vishal Kumar
Owner
FAILED                                                                   [ 59%]
tests/admin_portal/wash_books/test_wash_books_positive.py::test_wash_book_save_without_description_succeeds 2026-07-24 00:18:40,120 ERROR nxtwash: Test FAILED: tests/admin_portal/wash_books/test_wash_books_positive.py::test_wash_book_save_without_description_succeeds (url: https://staging.nxtwash.com/services/washBooks)

-------------------------------- live log call ---------------------------------
ERROR    nxtwash:conftest.py:241 Test FAILED: tests/admin_portal/wash_books/test_wash_books_positive.py::test_wash_book_save_without_description_succeeds (url: https://staging.nxtwash.com/services/washBooks)
2026-07-24 00:18:40,789 ERROR nxtwash: Visible page text at failure:
Overview
Sites / Locations
Services
Customers
Users / Employees
Kiosk Settings
Gas Pump Settings
POS Settings
Tunnel Settings
Self Serve
Reports
Vishal Kumar
Owner
ERROR    nxtwash:conftest.py:256 Visible page text at failure:
Overview
Sites / Locations
Services
Customers
Users / Employees
Kiosk Settings
Gas Pump Settings
POS Settings
Tunnel Settings
Self Serve
Reports
Vishal Kumar
Owner
FAILED                                                                   [ 60%]
tests/admin_portal/wash_books/test_wash_books_positive.py::test_wash_book_zero_loyalty_points_accepted 2026-07-24 00:19:20,341 ERROR nxtwash: Test FAILED: tests/admin_portal/wash_books/test_wash_books_positive.py::test_wash_book_zero_loyalty_points_accepted (url: https://staging.nxtwash.com/services/washBooks)

-------------------------------- live log call ---------------------------------
ERROR    nxtwash:conftest.py:241 Test FAILED: tests/admin_portal/wash_books/test_wash_books_positive.py::test_wash_book_zero_loyalty_points_accepted (url: https://staging.nxtwash.com/services/washBooks)
2026-07-24 00:19:21,010 ERROR nxtwash: Visible page text at failure:
Overview
Sites / Locations
Services
Customers
Users / Employees
Kiosk Settings
Gas Pump Settings
POS Settings
Tunnel Settings
Self Serve
Reports
Vishal Kumar
Owner
ERROR    nxtwash:conftest.py:256 Visible page text at failure:
Overview
Sites / Locations
Services
Customers
Users / Employees
Kiosk Settings
Gas Pump Settings
POS Settings
Tunnel Settings
Self Serve
Reports
Vishal Kumar
Owner
FAILED                                                                   [ 61%]
tests/admin_portal/wash_books/test_wash_books_positive.py::test_wash_book_save_without_loyalty_points_succeeds 2026-07-24 00:20:00,981 ERROR nxtwash: Test FAILED: tests/admin_portal/wash_books/test_wash_books_positive.py::test_wash_book_save_without_loyalty_points_succeeds (url: https://staging.nxtwash.com/services/washBooks)

-------------------------------- live log call ---------------------------------
ERROR    nxtwash:conftest.py:241 Test FAILED: tests/admin_portal/wash_books/test_wash_books_positive.py::test_wash_book_save_without_loyalty_points_succeeds (url: https://staging.nxtwash.com/services/washBooks)
2026-07-24 00:20:01,777 ERROR nxtwash: Visible page text at failure:
Overview
Sites / Locations
Services
Customers
Users / Employees
Kiosk Settings
Gas Pump Settings
POS Settings
Tunnel Settings
Self Serve
Reports
Vishal Kumar
Owner
ERROR    nxtwash:conftest.py:256 Visible page text at failure:
Overview
Sites / Locations
Services
Customers
Users / Employees
Kiosk Settings
Gas Pump Settings
POS Settings
Tunnel Settings
Self Serve
Reports
Vishal Kumar
Owner
FAILED                                                                   [ 62%]
tests/admin_portal/wash_books/test_wash_books_positive.py::test_wash_book_save_without_barcode_succeeds 2026-07-24 00:20:41,637 ERROR nxtwash: Test FAILED: tests/admin_portal/wash_books/test_wash_books_positive.py::test_wash_book_save_without_barcode_succeeds (url: https://staging.nxtwash.com/services/washBooks)

-------------------------------- live log call ---------------------------------
ERROR    nxtwash:conftest.py:241 Test FAILED: tests/admin_portal/wash_books/test_wash_books_positive.py::test_wash_book_save_without_barcode_succeeds (url: https://staging.nxtwash.com/services/washBooks)
2026-07-24 00:20:42,325 ERROR nxtwash: Visible page text at failure:
Overview
Sites / Locations
Services
Customers
Users / Employees
Kiosk Settings
Gas Pump Settings
POS Settings
Tunnel Settings
Self Serve
Reports
Vishal Kumar
Owner
ERROR    nxtwash:conftest.py:256 Visible page text at failure:
Overview
Sites / Locations
Services
Customers
Users / Employees
Kiosk Settings
Gas Pump Settings
POS Settings
Tunnel Settings
Self Serve
Reports
Vishal Kumar
Owner
FAILED                                                                   [ 63%]
tests/admin_portal/wash_books/test_wash_books_redemption.py::test_redemption_at_site_with_wash_package_persists 2026-07-24 00:21:22,389 ERROR nxtwash: Test FAILED: tests/admin_portal/wash_books/test_wash_books_redemption.py::test_redemption_at_site_with_wash_package_persists (url: https://staging.nxtwash.com/services/washBooks)

-------------------------------- live log call ---------------------------------
ERROR    nxtwash:conftest.py:241 Test FAILED: tests/admin_portal/wash_books/test_wash_books_redemption.py::test_redemption_at_site_with_wash_package_persists (url: https://staging.nxtwash.com/services/washBooks)
2026-07-24 00:21:23,091 ERROR nxtwash: Visible page text at failure:
Overview
Sites / Locations
Services
Customers
Users / Employees
Kiosk Settings
Gas Pump Settings
POS Settings
Tunnel Settings
Self Serve
Reports
Vishal Kumar
Owner
ERROR    nxtwash:conftest.py:256 Visible page text at failure:
Overview
Sites / Locations
Services
Customers
Users / Employees
Kiosk Settings
Gas Pump Settings
POS Settings
Tunnel Settings
Self Serve
Reports
Vishal Kumar
Owner
FAILED                                                                   [ 64%]
tests/admin_portal/wash_books/test_wash_books_redemption.py::test_different_wash_package_per_site_persists 2026-07-24 00:22:03,006 ERROR nxtwash: Test FAILED: tests/admin_portal/wash_books/test_wash_books_redemption.py::test_different_wash_package_per_site_persists (url: https://staging.nxtwash.com/services/washBooks)

-------------------------------- live log call ---------------------------------
ERROR    nxtwash:conftest.py:241 Test FAILED: tests/admin_portal/wash_books/test_wash_books_redemption.py::test_different_wash_package_per_site_persists (url: https://staging.nxtwash.com/services/washBooks)
2026-07-24 00:22:03,709 ERROR nxtwash: Visible page text at failure:
Overview
Sites / Locations
Services
Customers
Users / Employees
Kiosk Settings
Gas Pump Settings
POS Settings
Tunnel Settings
Self Serve
Reports
Vishal Kumar
Owner
ERROR    nxtwash:conftest.py:256 Visible page text at failure:
Overview
Sites / Locations
Services
Customers
Users / Employees
Kiosk Settings
Gas Pump Settings
POS Settings
Tunnel Settings
Self Serve
Reports
Vishal Kumar
Owner
FAILED                                                                   [ 65%]
tests/admin_portal/wash_books/test_wash_books_redemption.py::test_change_assigned_wash_package_persists 2026-07-24 00:22:43,522 ERROR nxtwash: Test FAILED: tests/admin_portal/wash_books/test_wash_books_redemption.py::test_change_assigned_wash_package_persists (url: https://staging.nxtwash.com/services/washBooks)

-------------------------------- live log call ---------------------------------
ERROR    nxtwash:conftest.py:241 Test FAILED: tests/admin_portal/wash_books/test_wash_books_redemption.py::test_change_assigned_wash_package_persists (url: https://staging.nxtwash.com/services/washBooks)
2026-07-24 00:22:44,286 ERROR nxtwash: Visible page text at failure:
Overview
Sites / Locations
Services
Customers
Users / Employees
Kiosk Settings
Gas Pump Settings
POS Settings
Tunnel Settings
Self Serve
Reports
Vishal Kumar
Owner
ERROR    nxtwash:conftest.py:256 Visible page text at failure:
Overview
Sites / Locations
Services
Customers
Users / Employees
Kiosk Settings
Gas Pump Settings
POS Settings
Tunnel Settings
Self Serve
Reports
Vishal Kumar
Owner
FAILED                                                                   [ 66%]
tests/admin_portal/wash_books/test_wash_books_redemption.py::test_redemption_site_without_wash_package_behaviour 2026-07-24 00:23:23,705 ERROR nxtwash: Test FAILED: tests/admin_portal/wash_books/test_wash_books_redemption.py::test_redemption_site_without_wash_package_behaviour (url: https://staging.nxtwash.com/services/washBooks)

-------------------------------- live log call ---------------------------------
ERROR    nxtwash:conftest.py:241 Test FAILED: tests/admin_portal/wash_books/test_wash_books_redemption.py::test_redemption_site_without_wash_package_behaviour (url: https://staging.nxtwash.com/services/washBooks)
2026-07-24 00:23:24,395 ERROR nxtwash: Visible page text at failure:
Overview
Sites / Locations
Services
Customers
Users / Employees
Kiosk Settings
Gas Pump Settings
POS Settings
Tunnel Settings
Self Serve
Reports
Vishal Kumar
Owner
ERROR    nxtwash:conftest.py:256 Visible page text at failure:
Overview
Sites / Locations
Services
Customers
Users / Employees
Kiosk Settings
Gas Pump Settings
POS Settings
Tunnel Settings
Self Serve
Reports
Vishal Kumar
Owner
FAILED                                                                   [ 67%]
tests/admin_portal/wash_books/test_wash_books_redemption.py::test_redeem_at_header_checkbox_selects_all_sites 2026-07-24 00:24:04,197 ERROR nxtwash: Test FAILED: tests/admin_portal/wash_books/test_wash_books_redemption.py::test_redeem_at_header_checkbox_selects_all_sites (url: https://staging.nxtwash.com/services/washBooks)

-------------------------------- live log call ---------------------------------
ERROR    nxtwash:conftest.py:241 Test FAILED: tests/admin_portal/wash_books/test_wash_books_redemption.py::test_redeem_at_header_checkbox_selects_all_sites (url: https://staging.nxtwash.com/services/washBooks)
2026-07-24 00:24:04,875 ERROR nxtwash: Visible page text at failure:
Overview
Sites / Locations
Services
Customers
Users / Employees
Kiosk Settings
Gas Pump Settings
POS Settings
Tunnel Settings
Self Serve
Reports
Vishal Kumar
Owner
ERROR    nxtwash:conftest.py:256 Visible page text at failure:
Overview
Sites / Locations
Services
Customers
Users / Employees
Kiosk Settings
Gas Pump Settings
POS Settings
Tunnel Settings
Self Serve
Reports
Vishal Kumar
Owner
FAILED                                                                   [ 68%]
tests/admin_portal/wash_books/test_wash_books_search_filter.py::test_wash_books_existing_search 2026-07-24 00:24:45,363 ERROR nxtwash: Test FAILED: tests/admin_portal/wash_books/test_wash_books_search_filter.py::test_wash_books_existing_search (url: https://staging.nxtwash.com/services/washBooks)

-------------------------------- live log call ---------------------------------
ERROR    nxtwash:conftest.py:241 Test FAILED: tests/admin_portal/wash_books/test_wash_books_search_filter.py::test_wash_books_existing_search (url: https://staging.nxtwash.com/services/washBooks)
2026-07-24 00:24:46,040 ERROR nxtwash: Visible page text at failure:
Overview
Sites / Locations
Services
Customers
Users / Employees
Kiosk Settings
Gas Pump Settings
POS Settings
Tunnel Settings
Self Serve
Reports
Vishal Kumar
Owner
ERROR    nxtwash:conftest.py:256 Visible page text at failure:
Overview
Sites / Locations
Services
Customers
Users / Employees
Kiosk Settings
Gas Pump Settings
POS Settings
Tunnel Settings
Self Serve
Reports
Vishal Kumar
Owner
FAILED                                                                   [ 69%]
tests/admin_portal/wash_books/test_wash_books_search_filter.py::test_wash_books_partial_search_returns_matches 2026-07-24 00:25:25,721 ERROR nxtwash: Test FAILED: tests/admin_portal/wash_books/test_wash_books_search_filter.py::test_wash_books_partial_search_returns_matches (url: https://staging.nxtwash.com/services/washBooks)

-------------------------------- live log call ---------------------------------
ERROR    nxtwash:conftest.py:241 Test FAILED: tests/admin_portal/wash_books/test_wash_books_search_filter.py::test_wash_books_partial_search_returns_matches (url: https://staging.nxtwash.com/services/washBooks)
2026-07-24 00:25:26,398 ERROR nxtwash: Visible page text at failure:
Overview
Sites / Locations
Services
Customers
Users / Employees
Kiosk Settings
Gas Pump Settings
POS Settings
Tunnel Settings
Self Serve
Reports
Vishal Kumar
Owner
ERROR    nxtwash:conftest.py:256 Visible page text at failure:
Overview
Sites / Locations
Services
Customers
Users / Employees
Kiosk Settings
Gas Pump Settings
POS Settings
Tunnel Settings
Self Serve
Reports
Vishal Kumar
Owner
FAILED                                                                   [ 70%]
tests/admin_portal/wash_books/test_wash_books_search_filter.py::test_wash_books_missing_search 2026-07-24 00:26:06,245 ERROR nxtwash: Test FAILED: tests/admin_portal/wash_books/test_wash_books_search_filter.py::test_wash_books_missing_search (url: https://staging.nxtwash.com/services/washBooks)

-------------------------------- live log call ---------------------------------
ERROR    nxtwash:conftest.py:241 Test FAILED: tests/admin_portal/wash_books/test_wash_books_search_filter.py::test_wash_books_missing_search (url: https://staging.nxtwash.com/services/washBooks)
2026-07-24 00:26:06,929 ERROR nxtwash: Visible page text at failure:
Overview
Sites / Locations
Services
Customers
Users / Employees
Kiosk Settings
Gas Pump Settings
POS Settings
Tunnel Settings
Self Serve
Reports
Vishal Kumar
Owner
ERROR    nxtwash:conftest.py:256 Visible page text at failure:
Overview
Sites / Locations
Services
Customers
Users / Employees
Kiosk Settings
Gas Pump Settings
POS Settings
Tunnel Settings
Self Serve
Reports
Vishal Kumar
Owner
FAILED                                                                   [ 71%]
tests/admin_portal/wash_books/test_wash_books_search_filter.py::test_wash_books_clear_search_restores_list 2026-07-24 00:26:47,032 ERROR nxtwash: Test FAILED: tests/admin_portal/wash_books/test_wash_books_search_filter.py::test_wash_books_clear_search_restores_list (url: https://staging.nxtwash.com/services/washBooks)

-------------------------------- live log call ---------------------------------
ERROR    nxtwash:conftest.py:241 Test FAILED: tests/admin_portal/wash_books/test_wash_books_search_filter.py::test_wash_books_clear_search_restores_list (url: https://staging.nxtwash.com/services/washBooks)
2026-07-24 00:26:47,721 ERROR nxtwash: Visible page text at failure:
Overview
Sites / Locations
Services
Customers
Users / Employees
Kiosk Settings
Gas Pump Settings
POS Settings
Tunnel Settings
Self Serve
Reports
Vishal Kumar
Owner
ERROR    nxtwash:conftest.py:256 Visible page text at failure:
Overview
Sites / Locations
Services
Customers
Users / Employees
Kiosk Settings
Gas Pump Settings
POS Settings
Tunnel Settings
Self Serve
Reports
Vishal Kumar
Owner
FAILED                                                                   [ 72%]
tests/admin_portal/wash_books/test_wash_books_search_filter.py::test_wash_books_filter_panel_shows_controls 2026-07-24 00:27:27,555 ERROR nxtwash: Test FAILED: tests/admin_portal/wash_books/test_wash_books_search_filter.py::test_wash_books_filter_panel_shows_controls (url: https://staging.nxtwash.com/services/washBooks)

-------------------------------- live log call ---------------------------------
ERROR    nxtwash:conftest.py:241 Test FAILED: tests/admin_portal/wash_books/test_wash_books_search_filter.py::test_wash_books_filter_panel_shows_controls (url: https://staging.nxtwash.com/services/washBooks)
2026-07-24 00:27:28,216 ERROR nxtwash: Visible page text at failure:
Overview
Sites / Locations
Services
Customers
Users / Employees
Kiosk Settings
Gas Pump Settings
POS Settings
Tunnel Settings
Self Serve
Reports
Vishal Kumar
Owner
ERROR    nxtwash:conftest.py:256 Visible page text at failure:
Overview
Sites / Locations
Services
Customers
Users / Employees
Kiosk Settings
Gas Pump Settings
POS Settings
Tunnel Settings
Self Serve
Reports
Vishal Kumar
Owner
FAILED                                                                   [ 73%]
tests/admin_portal/wash_books/test_wash_books_search_filter.py::test_wash_books_filter_by_site_narrows_results 2026-07-24 00:28:07,922 ERROR nxtwash: Test FAILED: tests/admin_portal/wash_books/test_wash_books_search_filter.py::test_wash_books_filter_by_site_narrows_results (url: https://staging.nxtwash.com/services/washBooks)

-------------------------------- live log call ---------------------------------
ERROR    nxtwash:conftest.py:241 Test FAILED: tests/admin_portal/wash_books/test_wash_books_search_filter.py::test_wash_books_filter_by_site_narrows_results (url: https://staging.nxtwash.com/services/washBooks)
2026-07-24 00:28:08,585 ERROR nxtwash: Visible page text at failure:
Overview
Sites / Locations
Services
Customers
Users / Employees
Kiosk Settings
Gas Pump Settings
POS Settings
Tunnel Settings
Self Serve
Reports
Vishal Kumar
Owner
ERROR    nxtwash:conftest.py:256 Visible page text at failure:
Overview
Sites / Locations
Services
Customers
Users / Employees
Kiosk Settings
Gas Pump Settings
POS Settings
Tunnel Settings
Self Serve
Reports
Vishal Kumar
Owner
FAILED                                                                   [ 74%]
tests/admin_portal/wash_books/test_wash_books_search_filter.py::test_wash_books_filter_active_returns_active_only 2026-07-24 00:28:48,193 ERROR nxtwash: Test FAILED: tests/admin_portal/wash_books/test_wash_books_search_filter.py::test_wash_books_filter_active_returns_active_only (url: https://staging.nxtwash.com/services/washBooks)

-------------------------------- live log call ---------------------------------
ERROR    nxtwash:conftest.py:241 Test FAILED: tests/admin_portal/wash_books/test_wash_books_search_filter.py::test_wash_books_filter_active_returns_active_only (url: https://staging.nxtwash.com/services/washBooks)
2026-07-24 00:28:48,846 ERROR nxtwash: Visible page text at failure:
Overview
Sites / Locations
Services
Customers
Users / Employees
Kiosk Settings
Gas Pump Settings
POS Settings
Tunnel Settings
Self Serve
Reports
Vishal Kumar
Owner
ERROR    nxtwash:conftest.py:256 Visible page text at failure:
Overview
Sites / Locations
Services
Customers
Users / Employees
Kiosk Settings
Gas Pump Settings
POS Settings
Tunnel Settings
Self Serve
Reports
Vishal Kumar
Owner
FAILED                                                                   [ 75%]
tests/admin_portal/wash_books/test_wash_books_search_filter.py::test_wash_books_filter_active_toggle_off_shows_all 2026-07-24 00:29:28,597 ERROR nxtwash: Test FAILED: tests/admin_portal/wash_books/test_wash_books_search_filter.py::test_wash_books_filter_active_toggle_off_shows_all (url: https://staging.nxtwash.com/services/washBooks)

-------------------------------- live log call ---------------------------------
ERROR    nxtwash:conftest.py:241 Test FAILED: tests/admin_portal/wash_books/test_wash_books_search_filter.py::test_wash_books_filter_active_toggle_off_shows_all (url: https://staging.nxtwash.com/services/washBooks)
2026-07-24 00:29:29,245 ERROR nxtwash: Visible page text at failure:
Overview
Sites / Locations
Services
Customers
Users / Employees
Kiosk Settings
Gas Pump Settings
POS Settings
Tunnel Settings
Self Serve
Reports
Vishal Kumar
Owner
ERROR    nxtwash:conftest.py:256 Visible page text at failure:
Overview
Sites / Locations
Services
Customers
Users / Employees
Kiosk Settings
Gas Pump Settings
POS Settings
Tunnel Settings
Self Serve
Reports
Vishal Kumar
Owner
FAILED                                                                   [ 76%]
tests/admin_portal/wash_books/test_wash_books_search_filter.py::test_wash_books_filter_site_and_active_combined 2026-07-24 00:30:09,034 ERROR nxtwash: Test FAILED: tests/admin_portal/wash_books/test_wash_books_search_filter.py::test_wash_books_filter_site_and_active_combined (url: https://staging.nxtwash.com/services/washBooks)

-------------------------------- live log call ---------------------------------
ERROR    nxtwash:conftest.py:241 Test FAILED: tests/admin_portal/wash_books/test_wash_books_search_filter.py::test_wash_books_filter_site_and_active_combined (url: https://staging.nxtwash.com/services/washBooks)
2026-07-24 00:30:09,719 ERROR nxtwash: Visible page text at failure:
Overview
Sites / Locations
Services
Customers
Users / Employees
Kiosk Settings
Gas Pump Settings
POS Settings
Tunnel Settings
Self Serve
Reports
Vishal Kumar
Owner
ERROR    nxtwash:conftest.py:256 Visible page text at failure:
Overview
Sites / Locations
Services
Customers
Users / Employees
Kiosk Settings
Gas Pump Settings
POS Settings
Tunnel Settings
Self Serve
Reports
Vishal Kumar
Owner
FAILED                                                                   [ 77%]
tests/admin_portal/wash_books/test_wash_books_search_filter.py::test_wash_books_filter_reset_all_restores_list 2026-07-24 00:30:49,563 ERROR nxtwash: Test FAILED: tests/admin_portal/wash_books/test_wash_books_search_filter.py::test_wash_books_filter_reset_all_restores_list (url: https://staging.nxtwash.com/services/washBooks)

-------------------------------- live log call ---------------------------------
ERROR    nxtwash:conftest.py:241 Test FAILED: tests/admin_portal/wash_books/test_wash_books_search_filter.py::test_wash_books_filter_reset_all_restores_list (url: https://staging.nxtwash.com/services/washBooks)
2026-07-24 00:30:50,221 ERROR nxtwash: Visible page text at failure:
Overview
Sites / Locations
Services
Customers
Users / Employees
Kiosk Settings
Gas Pump Settings
POS Settings
Tunnel Settings
Self Serve
Reports
Vishal Kumar
Owner
ERROR    nxtwash:conftest.py:256 Visible page text at failure:
Overview
Sites / Locations
Services
Customers
Users / Employees
Kiosk Settings
Gas Pump Settings
POS Settings
Tunnel Settings
Self Serve
Reports
Vishal Kumar
Owner
FAILED                                                                   [ 78%]
tests/admin_portal/wash_books/test_wash_books_search_filter.py::test_wash_books_search_payloads_do_not_break_grid 2026-07-24 00:31:29,852 ERROR nxtwash: Test FAILED: tests/admin_portal/wash_books/test_wash_books_search_filter.py::test_wash_books_search_payloads_do_not_break_grid (url: https://staging.nxtwash.com/services/washBooks)

-------------------------------- live log call ---------------------------------
ERROR    nxtwash:conftest.py:241 Test FAILED: tests/admin_portal/wash_books/test_wash_books_search_filter.py::test_wash_books_search_payloads_do_not_break_grid (url: https://staging.nxtwash.com/services/washBooks)
2026-07-24 00:31:30,509 ERROR nxtwash: Visible page text at failure:
Overview
Sites / Locations
Services
Customers
Users / Employees
Kiosk Settings
Gas Pump Settings
POS Settings
Tunnel Settings
Self Serve
Reports
Vishal Kumar
Owner
ERROR    nxtwash:conftest.py:256 Visible page text at failure:
Overview
Sites / Locations
Services
Customers
Users / Employees
Kiosk Settings
Gas Pump Settings
POS Settings
Tunnel Settings
Self Serve
Reports
Vishal Kumar
Owner
FAILED                                                                   [ 79%]
tests/admin_portal/wash_books/test_wash_books_site_assignment.py::test_assign_single_site_persists 2026-07-24 00:32:10,362 ERROR nxtwash: Test FAILED: tests/admin_portal/wash_books/test_wash_books_site_assignment.py::test_assign_single_site_persists (url: https://staging.nxtwash.com/services/washBooks)

-------------------------------- live log call ---------------------------------
ERROR    nxtwash:conftest.py:241 Test FAILED: tests/admin_portal/wash_books/test_wash_books_site_assignment.py::test_assign_single_site_persists (url: https://staging.nxtwash.com/services/washBooks)
2026-07-24 00:32:11,042 ERROR nxtwash: Visible page text at failure:
Overview
Sites / Locations
Services
Customers
Users / Employees
Kiosk Settings
Gas Pump Settings
POS Settings
Tunnel Settings
Self Serve
Reports
Vishal Kumar
Owner
ERROR    nxtwash:conftest.py:256 Visible page text at failure:
Overview
Sites / Locations
Services
Customers
Users / Employees
Kiosk Settings
Gas Pump Settings
POS Settings
Tunnel Settings
Self Serve
Reports
Vishal Kumar
Owner
FAILED                                                                   [ 80%]
tests/admin_portal/wash_books/test_wash_books_site_assignment.py::test_assign_multiple_sites_persists 2026-07-24 00:32:51,462 ERROR nxtwash: Test FAILED: tests/admin_portal/wash_books/test_wash_books_site_assignment.py::test_assign_multiple_sites_persists (url: https://staging.nxtwash.com/services/washBooks)

-------------------------------- live log call ---------------------------------
ERROR    nxtwash:conftest.py:241 Test FAILED: tests/admin_portal/wash_books/test_wash_books_site_assignment.py::test_assign_multiple_sites_persists (url: https://staging.nxtwash.com/services/washBooks)
2026-07-24 00:32:52,111 ERROR nxtwash: Visible page text at failure:
Overview
Sites / Locations
Services
Customers
Users / Employees
Kiosk Settings
Gas Pump Settings
POS Settings
Tunnel Settings
Self Serve
Reports
Vishal Kumar
Owner
ERROR    nxtwash:conftest.py:256 Visible page text at failure:
Overview
Sites / Locations
Services
Customers
Users / Employees
Kiosk Settings
Gas Pump Settings
POS Settings
Tunnel Settings
Self Serve
Reports
Vishal Kumar
Owner
FAILED                                                                   [ 81%]
tests/admin_portal/wash_books/test_wash_books_site_assignment.py::test_location_price_override_persists 2026-07-24 00:33:31,799 ERROR nxtwash: Test FAILED: tests/admin_portal/wash_books/test_wash_books_site_assignment.py::test_location_price_override_persists (url: https://staging.nxtwash.com/services/washBooks)

-------------------------------- live log call ---------------------------------
ERROR    nxtwash:conftest.py:241 Test FAILED: tests/admin_portal/wash_books/test_wash_books_site_assignment.py::test_location_price_override_persists (url: https://staging.nxtwash.com/services/washBooks)
2026-07-24 00:33:32,449 ERROR nxtwash: Visible page text at failure:
Overview
Sites / Locations
Services
Customers
Users / Employees
Kiosk Settings
Gas Pump Settings
POS Settings
Tunnel Settings
Self Serve
Reports
Vishal Kumar
Owner
ERROR    nxtwash:conftest.py:256 Visible page text at failure:
Overview
Sites / Locations
Services
Customers
Users / Employees
Kiosk Settings
Gas Pump Settings
POS Settings
Tunnel Settings
Self Serve
Reports
Vishal Kumar
Owner
FAILED                                                                   [ 82%]
tests/admin_portal/wash_books/test_wash_books_site_assignment.py::test_save_wash_book_with_no_site_assigned 2026-07-24 00:34:12,816 ERROR nxtwash: Test FAILED: tests/admin_portal/wash_books/test_wash_books_site_assignment.py::test_save_wash_book_with_no_site_assigned (url: https://staging.nxtwash.com/services/washBooks)

-------------------------------- live log call ---------------------------------
ERROR    nxtwash:conftest.py:241 Test FAILED: tests/admin_portal/wash_books/test_wash_books_site_assignment.py::test_save_wash_book_with_no_site_assigned (url: https://staging.nxtwash.com/services/washBooks)
2026-07-24 00:34:13,476 ERROR nxtwash: Visible page text at failure:
Overview
Sites / Locations
Services
Customers
Users / Employees
Kiosk Settings
Gas Pump Settings
POS Settings
Tunnel Settings
Self Serve
Reports
Vishal Kumar
Owner
ERROR    nxtwash:conftest.py:256 Visible page text at failure:
Overview
Sites / Locations
Services
Customers
Users / Employees
Kiosk Settings
Gas Pump Settings
POS Settings
Tunnel Settings
Self Serve
Reports
Vishal Kumar
Owner
FAILED                                                                   [ 83%]
tests/admin_portal/wash_books/test_wash_books_site_assignment.py::test_per_site_customer_portal_toggle_persists SKIPPED [ 84%]
tests/admin_portal/wash_books/test_wash_books_site_assignment.py::test_tax_exemption_toggle_per_site_persists 2026-07-24 00:34:53,231 ERROR nxtwash: Test FAILED: tests/admin_portal/wash_books/test_wash_books_site_assignment.py::test_tax_exemption_toggle_per_site_persists (url: https://staging.nxtwash.com/services/washBooks)

-------------------------------- live log call ---------------------------------
ERROR    nxtwash:conftest.py:241 Test FAILED: tests/admin_portal/wash_books/test_wash_books_site_assignment.py::test_tax_exemption_toggle_per_site_persists (url: https://staging.nxtwash.com/services/washBooks)
2026-07-24 00:34:53,891 ERROR nxtwash: Visible page text at failure:
Overview
Sites / Locations
Services
Customers
Users / Employees
Kiosk Settings
Gas Pump Settings
POS Settings
Tunnel Settings
Self Serve
Reports
Vishal Kumar
Owner
ERROR    nxtwash:conftest.py:256 Visible page text at failure:
Overview
Sites / Locations
Services
Customers
Users / Employees
Kiosk Settings
Gas Pump Settings
POS Settings
Tunnel Settings
Self Serve
Reports
Vishal Kumar
Owner
FAILED                                                                   [ 85%]
tests/admin_portal/wash_books/test_wash_books_ui.py::test_wash_books_page_loads_with_primary_controls 2026-07-24 00:35:33,761 ERROR nxtwash: Test FAILED: tests/admin_portal/wash_books/test_wash_books_ui.py::test_wash_books_page_loads_with_primary_controls (url: https://staging.nxtwash.com/services/washBooks)

-------------------------------- live log call ---------------------------------
ERROR    nxtwash:conftest.py:241 Test FAILED: tests/admin_portal/wash_books/test_wash_books_ui.py::test_wash_books_page_loads_with_primary_controls (url: https://staging.nxtwash.com/services/washBooks)
2026-07-24 00:35:34,430 ERROR nxtwash: Visible page text at failure:
Overview
Sites / Locations
Services
Customers
Users / Employees
Kiosk Settings
Gas Pump Settings
POS Settings
Tunnel Settings
Self Serve
Reports
Vishal Kumar
Owner
ERROR    nxtwash:conftest.py:256 Visible page text at failure:
Overview
Sites / Locations
Services
Customers
Users / Employees
Kiosk Settings
Gas Pump Settings
POS Settings
Tunnel Settings
Self Serve
Reports
Vishal Kumar
Owner
FAILED                                                                   [ 86%]
tests/admin_portal/wash_books/test_wash_books_ui.py::test_wash_books_grid_columns_are_visible 2026-07-24 00:36:14,529 ERROR nxtwash: Test FAILED: tests/admin_portal/wash_books/test_wash_books_ui.py::test_wash_books_grid_columns_are_visible (url: https://staging.nxtwash.com/services/washBooks)

-------------------------------- live log call ---------------------------------
ERROR    nxtwash:conftest.py:241 Test FAILED: tests/admin_portal/wash_books/test_wash_books_ui.py::test_wash_books_grid_columns_are_visible (url: https://staging.nxtwash.com/services/washBooks)
2026-07-24 00:36:15,192 ERROR nxtwash: Visible page text at failure:
Overview
Sites / Locations
Services
Customers
Users / Employees
Kiosk Settings
Gas Pump Settings
POS Settings
Tunnel Settings
Self Serve
Reports
Vishal Kumar
Owner
ERROR    nxtwash:conftest.py:256 Visible page text at failure:
Overview
Sites / Locations
Services
Customers
Users / Employees
Kiosk Settings
Gas Pump Settings
POS Settings
Tunnel Settings
Self Serve
Reports
Vishal Kumar
Owner
FAILED                                                                   [ 87%]
tests/admin_portal/wash_books/test_wash_books_ui.py::test_customer_wash_books_tab_is_accessible 2026-07-24 00:36:54,747 ERROR nxtwash: Test FAILED: tests/admin_portal/wash_books/test_wash_books_ui.py::test_customer_wash_books_tab_is_accessible (url: https://staging.nxtwash.com/services/washBooks)

-------------------------------- live log call ---------------------------------
ERROR    nxtwash:conftest.py:241 Test FAILED: tests/admin_portal/wash_books/test_wash_books_ui.py::test_customer_wash_books_tab_is_accessible (url: https://staging.nxtwash.com/services/washBooks)
2026-07-24 00:36:55,382 ERROR nxtwash: Visible page text at failure:
Overview
Sites / Locations
Services
Customers
Users / Employees
Kiosk Settings
Gas Pump Settings
POS Settings
Tunnel Settings
Self Serve
Reports
Vishal Kumar
Owner
ERROR    nxtwash:conftest.py:256 Visible page text at failure:
Overview
Sites / Locations
Services
Customers
Users / Employees
Kiosk Settings
Gas Pump Settings
POS Settings
Tunnel Settings
Self Serve
Reports
Vishal Kumar
Owner
FAILED                                                                   [ 88%]
tests/admin_portal/wash_books/test_wash_books_ui.py::test_add_wash_book_form_loads 2026-07-24 00:37:34,639 ERROR nxtwash: Test FAILED: tests/admin_portal/wash_books/test_wash_books_ui.py::test_add_wash_book_form_loads (url: https://staging.nxtwash.com/services/washBooks)

-------------------------------- live log call ---------------------------------
ERROR    nxtwash:conftest.py:241 Test FAILED: tests/admin_portal/wash_books/test_wash_books_ui.py::test_add_wash_book_form_loads (url: https://staging.nxtwash.com/services/washBooks)
2026-07-24 00:37:35,311 ERROR nxtwash: Visible page text at failure:
Overview
Sites / Locations
Services
Customers
Users / Employees
Kiosk Settings
Gas Pump Settings
POS Settings
Tunnel Settings
Self Serve
Reports
Vishal Kumar
Owner
ERROR    nxtwash:conftest.py:256 Visible page text at failure:
Overview
Sites / Locations
Services
Customers
Users / Employees
Kiosk Settings
Gas Pump Settings
POS Settings
Tunnel Settings
Self Serve
Reports
Vishal Kumar
Owner
FAILED                                                                   [ 89%]
tests/admin_portal/wash_books/test_wash_books_ui.py::test_wash_books_export_file_validation XFAIL [ 90%]
tests/admin_portal/wash_books/test_wash_books_validation.py::test_wash_book_required_name_validation 2026-07-24 00:38:56,138 ERROR nxtwash: Test FAILED: tests/admin_portal/wash_books/test_wash_books_validation.py::test_wash_book_required_name_validation (url: https://staging.nxtwash.com/services/washBooks)

-------------------------------- live log call ---------------------------------
ERROR    nxtwash:conftest.py:241 Test FAILED: tests/admin_portal/wash_books/test_wash_books_validation.py::test_wash_book_required_name_validation (url: https://staging.nxtwash.com/services/washBooks)
2026-07-24 00:38:56,765 ERROR nxtwash: Visible page text at failure:
Overview
Sites / Locations
Services
Customers
Users / Employees
Kiosk Settings
Gas Pump Settings
POS Settings
Tunnel Settings
Self Serve
Reports
Vishal Kumar
Owner
ERROR    nxtwash:conftest.py:256 Visible page text at failure:
Overview
Sites / Locations
Services
Customers
Users / Employees
Kiosk Settings
Gas Pump Settings
POS Settings
Tunnel Settings
Self Serve
Reports
Vishal Kumar
Owner
FAILED                                                                   [ 91%]
tests/admin_portal/wash_books/test_wash_books_validation.py::test_wash_book_blank_required_form_stays_on_form 2026-07-24 00:39:36,370 ERROR nxtwash: Test FAILED: tests/admin_portal/wash_books/test_wash_books_validation.py::test_wash_book_blank_required_form_stays_on_form (url: https://staging.nxtwash.com/services/washBooks)

-------------------------------- live log call ---------------------------------
ERROR    nxtwash:conftest.py:241 Test FAILED: tests/admin_portal/wash_books/test_wash_books_validation.py::test_wash_book_blank_required_form_stays_on_form (url: https://staging.nxtwash.com/services/washBooks)
2026-07-24 00:39:36,994 ERROR nxtwash: Visible page text at failure:
Overview
Sites / Locations
Services
Customers
Users / Employees
Kiosk Settings
Gas Pump Settings
POS Settings
Tunnel Settings
Self Serve
Reports
Vishal Kumar
Owner
ERROR    nxtwash:conftest.py:256 Visible page text at failure:
Overview
Sites / Locations
Services
Customers
Users / Employees
Kiosk Settings
Gas Pump Settings
POS Settings
Tunnel Settings
Self Serve
Reports
Vishal Kumar
Owner
FAILED                                                                   [ 92%]
tests/admin_portal/wash_books/test_wash_books_validation.py::test_wash_book_blank_global_price_is_blocked 2026-07-24 00:40:16,163 ERROR nxtwash: Test FAILED: tests/admin_portal/wash_books/test_wash_books_validation.py::test_wash_book_blank_global_price_is_blocked (url: https://staging.nxtwash.com/services/washBooks)

-------------------------------- live log call ---------------------------------
ERROR    nxtwash:conftest.py:241 Test FAILED: tests/admin_portal/wash_books/test_wash_books_validation.py::test_wash_book_blank_global_price_is_blocked (url: https://staging.nxtwash.com/services/washBooks)
2026-07-24 00:40:16,782 ERROR nxtwash: Visible page text at failure:
Overview
Sites / Locations
Services
Customers
Users / Employees
Kiosk Settings
Gas Pump Settings
POS Settings
Tunnel Settings
Self Serve
Reports
Vishal Kumar
Owner
ERROR    nxtwash:conftest.py:256 Visible page text at failure:
Overview
Sites / Locations
Services
Customers
Users / Employees
Kiosk Settings
Gas Pump Settings
POS Settings
Tunnel Settings
Self Serve
Reports
Vishal Kumar
Owner
FAILED                                                                   [ 93%]
tests/admin_portal/wash_books/test_wash_books_validation.py::test_wash_book_valid_number_of_washes_saves 2026-07-24 00:40:56,058 ERROR nxtwash: Test FAILED: tests/admin_portal/wash_books/test_wash_books_validation.py::test_wash_book_valid_number_of_washes_saves (url: https://staging.nxtwash.com/services/washBooks)

-------------------------------- live log call ---------------------------------
ERROR    nxtwash:conftest.py:241 Test FAILED: tests/admin_portal/wash_books/test_wash_books_validation.py::test_wash_book_valid_number_of_washes_saves (url: https://staging.nxtwash.com/services/washBooks)
2026-07-24 00:40:56,710 ERROR nxtwash: Visible page text at failure:
Overview
Sites / Locations
Services
Customers
Users / Employees
Kiosk Settings
Gas Pump Settings
POS Settings
Tunnel Settings
Self Serve
Reports
Vishal Kumar
Owner
ERROR    nxtwash:conftest.py:256 Visible page text at failure:
Overview
Sites / Locations
Services
Customers
Users / Employees
Kiosk Settings
Gas Pump Settings
POS Settings
Tunnel Settings
Self Serve
Reports
Vishal Kumar
Owner
FAILED                                                                   [ 94%]
tests/admin_portal/wash_books/test_wash_books_validation.py::test_wash_book_zero_washes_boundary_behaviour 2026-07-24 00:41:37,174 ERROR nxtwash: Test FAILED: tests/admin_portal/wash_books/test_wash_books_validation.py::test_wash_book_zero_washes_boundary_behaviour (url: https://staging.nxtwash.com/services/washBooks)

-------------------------------- live log call ---------------------------------
ERROR    nxtwash:conftest.py:241 Test FAILED: tests/admin_portal/wash_books/test_wash_books_validation.py::test_wash_book_zero_washes_boundary_behaviour (url: https://staging.nxtwash.com/services/washBooks)
2026-07-24 00:41:37,818 ERROR nxtwash: Visible page text at failure:
Overview
Sites / Locations
Services
Customers
Users / Employees
Kiosk Settings
Gas Pump Settings
POS Settings
Tunnel Settings
Self Serve
Reports
Vishal Kumar
Owner
ERROR    nxtwash:conftest.py:256 Visible page text at failure:
Overview
Sites / Locations
Services
Customers
Users / Employees
Kiosk Settings
Gas Pump Settings
POS Settings
Tunnel Settings
Self Serve
Reports
Vishal Kumar
Owner
FAILED                                                                   [ 95%]
tests/admin_portal/wash_books/test_wash_books_validation.py::test_wash_book_zero_price_boundary_behaviour 2026-07-24 00:42:18,070 ERROR nxtwash: Test FAILED: tests/admin_portal/wash_books/test_wash_books_validation.py::test_wash_book_zero_price_boundary_behaviour (url: https://staging.nxtwash.com/services/washBooks)

-------------------------------- live log call ---------------------------------
ERROR    nxtwash:conftest.py:241 Test FAILED: tests/admin_portal/wash_books/test_wash_books_validation.py::test_wash_book_zero_price_boundary_behaviour (url: https://staging.nxtwash.com/services/washBooks)
2026-07-24 00:42:18,728 ERROR nxtwash: Visible page text at failure:
Overview
Sites / Locations
Services
Customers
Users / Employees
Kiosk Settings
Gas Pump Settings
POS Settings
Tunnel Settings
Self Serve
Reports
Vishal Kumar
Owner
ERROR    nxtwash:conftest.py:256 Visible page text at failure:
Overview
Sites / Locations
Services
Customers
Users / Employees
Kiosk Settings
Gas Pump Settings
POS Settings
Tunnel Settings
Self Serve
Reports
Vishal Kumar
Owner
FAILED                                                                   [ 96%]
tests/admin_portal/wash_books/test_wash_books_validation.py::test_wash_book_valid_commission_saves 2026-07-24 00:42:58,758 ERROR nxtwash: Test FAILED: tests/admin_portal/wash_books/test_wash_books_validation.py::test_wash_book_valid_commission_saves (url: https://staging.nxtwash.com/services/washBooks)

-------------------------------- live log call ---------------------------------
ERROR    nxtwash:conftest.py:241 Test FAILED: tests/admin_portal/wash_books/test_wash_books_validation.py::test_wash_book_valid_commission_saves (url: https://staging.nxtwash.com/services/washBooks)
2026-07-24 00:42:59,402 ERROR nxtwash: Visible page text at failure:
Overview
Sites / Locations
Services
Customers
Users / Employees
Kiosk Settings
Gas Pump Settings
POS Settings
Tunnel Settings
Self Serve
Reports
Vishal Kumar
Owner
ERROR    nxtwash:conftest.py:256 Visible page text at failure:
Overview
Sites / Locations
Services
Customers
Users / Employees
Kiosk Settings
Gas Pump Settings
POS Settings
Tunnel Settings
Self Serve
Reports
Vishal Kumar
Owner
FAILED                                                                   [ 97%]
tests/admin_portal/wash_books/test_wash_books_validation.py::test_wash_book_save_without_commission_succeeds 2026-07-24 00:43:38,986 ERROR nxtwash: Test FAILED: tests/admin_portal/wash_books/test_wash_books_validation.py::test_wash_book_save_without_commission_succeeds (url: https://staging.nxtwash.com/services/washBooks)

-------------------------------- live log call ---------------------------------
ERROR    nxtwash:conftest.py:241 Test FAILED: tests/admin_portal/wash_books/test_wash_books_validation.py::test_wash_book_save_without_commission_succeeds (url: https://staging.nxtwash.com/services/washBooks)
2026-07-24 00:43:39,644 ERROR nxtwash: Visible page text at failure:
Overview
Sites / Locations
Services
Customers
Users / Employees
Kiosk Settings
Gas Pump Settings
POS Settings
Tunnel Settings
Self Serve
Reports
Vishal Kumar
Owner
ERROR    nxtwash:conftest.py:256 Visible page text at failure:
Overview
Sites / Locations
Services
Customers
Users / Employees
Kiosk Settings
Gas Pump Settings
POS Settings
Tunnel Settings
Self Serve
Reports
Vishal Kumar
Owner
FAILED                                                                   [ 98%]
tests/admin_portal/wash_books/test_wash_books_validation.py::test_wash_book_max_length_name_handled 2026-07-24 00:44:19,678 ERROR nxtwash: Test FAILED: tests/admin_portal/wash_books/test_wash_books_validation.py::test_wash_book_max_length_name_handled (url: https://staging.nxtwash.com/services/washBooks)

-------------------------------- live log call ---------------------------------
ERROR    nxtwash:conftest.py:241 Test FAILED: tests/admin_portal/wash_books/test_wash_books_validation.py::test_wash_book_max_length_name_handled (url: https://staging.nxtwash.com/services/washBooks)
2026-07-24 00:44:20,345 ERROR nxtwash: Visible page text at failure:
Overview
Sites / Locations
Services
Customers
Users / Employees
Kiosk Settings
Gas Pump Settings
POS Settings
Tunnel Settings
Self Serve
Reports
Vishal Kumar
Owner
ERROR    nxtwash:conftest.py:256 Visible page text at failure:
Overview
Sites / Locations
Services
Customers
Users / Employees
Kiosk Settings
Gas Pump Settings
POS Settings
Tunnel Settings
Self Serve
Reports
Vishal Kumar
Owner
FAILED                                                                   [ 99%]
tests/admin_portal/wash_books/test_wash_books_validation.py::test_wash_book_invalid_numeric_values_do_not_break_form 2026-07-24 00:44:59,357 ERROR nxtwash: Test FAILED: tests/admin_portal/wash_books/test_wash_books_validation.py::test_wash_book_invalid_numeric_values_do_not_break_form (url: https://staging.nxtwash.com/services/washBooks)

-------------------------------- live log call ---------------------------------
ERROR    nxtwash:conftest.py:241 Test FAILED: tests/admin_portal/wash_books/test_wash_books_validation.py::test_wash_book_invalid_numeric_values_do_not_break_form (url: https://staging.nxtwash.com/services/washBooks)
2026-07-24 00:44:59,980 ERROR nxtwash: Visible page text at failure:
Overview
Sites / Locations
Services
Customers
Users / Employees
Kiosk Settings
Gas Pump Settings
POS Settings
Tunnel Settings
Self Serve
Reports
Vishal Kumar
Owner
ERROR    nxtwash:conftest.py:256 Visible page text at failure:
Overview
Sites / Locations
Services
Customers
Users / Employees
Kiosk Settings
Gas Pump Settings
POS Settings
Tunnel Settings
Self Serve
Reports
Vishal Kumar
Owner
FAILED                                                                   [100%]

=================================== FAILURES ===================================
E   selenium.common.exceptions.TimeoutException: Message: 
    Stacktrace:
    0   chromedriver                        0x000000010310da84 cxxbridge1$str$ptr + 3195292
    1   chromedriver                        0x0000000103105b4c cxxbridge1$str$ptr + 3162724
    2   chromedriver                        0x0000000102baf2a4 _RNvCs9NA52FrZ4pF_7___rustc35___rust_no_alloc_shim_is_unstable_v2 + 73836
    3   chromedriver                        0x0000000102bf7a44 _RNvCs9NA52FrZ4pF_7___rustc35___rust_no_alloc_shim_is_unstable_v2 + 370700
    4   chromedriver                        0x0000000102c37030 _RNvCs9NA52FrZ4pF_7___rustc35___rust_no_alloc_shim_is_unstable_v2 + 630264
    5   chromedriver                        0x0000000102bed434 _RNvCs9NA52FrZ4pF_7___rustc35___rust_no_alloc_shim_is_unstable_v2 + 328188
    6   chromedriver                        0x00000001030cac40 cxxbridge1$str$ptr + 2921304
    7   chromedriver                        0x00000001030ce3b8 cxxbridge1$str$ptr + 2935504
    8   chromedriver                        0x00000001030b10f8 cxxbridge1$str$ptr + 2816016
    9   chromedriver                        0x00000001030cec4c cxxbridge1$str$ptr + 2937700
    10  chromedriver                        0x00000001030a23b0 cxxbridge1$str$ptr + 2755272
    11  chromedriver                        0x00000001030f41f4 cxxbridge1$str$ptr + 3090700
    12  chromedriver                        0x00000001030f4354 cxxbridge1$str$ptr + 3091052
    13  chromedriver                        0x00000001031057a4 cxxbridge1$str$ptr + 3161788
    14  libsystem_pthread.dylib             0x0000000199325c08 _pthread_start + 136
    15  libsystem_pthread.dylib             0x0000000199320ba8 thread_start + 8
/Users/vk/Documents/NxtWash Automation/nxtwash-automation/venv/lib/python3.11/site-packages/selenium/webdriver/support/wait.py:121: selenium.common.exceptions.TimeoutException: Message:
E   selenium.common.exceptions.TimeoutException: Message: 
    Stacktrace:
    0   chromedriver                        0x0000000102c35a84 cxxbridge1$str$ptr + 3195292
    1   chromedriver                        0x0000000102c2db4c cxxbridge1$str$ptr + 3162724
    2   chromedriver                        0x00000001026d72a4 _RNvCs9NA52FrZ4pF_7___rustc35___rust_no_alloc_shim_is_unstable_v2 + 73836
    3   chromedriver                        0x000000010271fa44 _RNvCs9NA52FrZ4pF_7___rustc35___rust_no_alloc_shim_is_unstable_v2 + 370700
    4   chromedriver                        0x000000010275f030 _RNvCs9NA52FrZ4pF_7___rustc35___rust_no_alloc_shim_is_unstable_v2 + 630264
    5   chromedriver                        0x0000000102715434 _RNvCs9NA52FrZ4pF_7___rustc35___rust_no_alloc_shim_is_unstable_v2 + 328188
    6   chromedriver                        0x0000000102bf2c40 cxxbridge1$str$ptr + 2921304
    7   chromedriver                        0x0000000102bf63b8 cxxbridge1$str$ptr + 2935504
    8   chromedriver                        0x0000000102bd90f8 cxxbridge1$str$ptr + 2816016
    9   chromedriver                        0x0000000102bf6c4c cxxbridge1$str$ptr + 2937700
    10  chromedriver                        0x0000000102bca3b0 cxxbridge1$str$ptr + 2755272
    11  chromedriver                        0x0000000102c1c1f4 cxxbridge1$str$ptr + 3090700
    12  chromedriver                        0x0000000102c1c354 cxxbridge1$str$ptr + 3091052
    13  chromedriver                        0x0000000102c2d7a4 cxxbridge1$str$ptr + 3161788
    14  libsystem_pthread.dylib             0x0000000199325c08 _pthread_start + 136
    15  libsystem_pthread.dylib             0x0000000199320ba8 thread_start + 8
/Users/vk/Documents/NxtWash Automation/nxtwash-automation/venv/lib/python3.11/site-packages/selenium/webdriver/support/wait.py:121: selenium.common.exceptions.TimeoutException: Message:
E   selenium.common.exceptions.TimeoutException: Message: 
    Stacktrace:
    0   chromedriver                        0x00000001026d1a84 cxxbridge1$str$ptr + 3195292
    1   chromedriver                        0x00000001026c9b4c cxxbridge1$str$ptr + 3162724
    2   chromedriver                        0x00000001021732a4 _RNvCs9NA52FrZ4pF_7___rustc35___rust_no_alloc_shim_is_unstable_v2 + 73836
    3   chromedriver                        0x00000001021bba44 _RNvCs9NA52FrZ4pF_7___rustc35___rust_no_alloc_shim_is_unstable_v2 + 370700
    4   chromedriver                        0x00000001021fb030 _RNvCs9NA52FrZ4pF_7___rustc35___rust_no_alloc_shim_is_unstable_v2 + 630264
    5   chromedriver                        0x00000001021b1434 _RNvCs9NA52FrZ4pF_7___rustc35___rust_no_alloc_shim_is_unstable_v2 + 328188
    6   chromedriver                        0x000000010268ec40 cxxbridge1$str$ptr + 2921304
    7   chromedriver                        0x00000001026923b8 cxxbridge1$str$ptr + 2935504
    8   chromedriver                        0x00000001026750f8 cxxbridge1$str$ptr + 2816016
    9   chromedriver                        0x0000000102692c4c cxxbridge1$str$ptr + 2937700
    10  chromedriver                        0x00000001026663b0 cxxbridge1$str$ptr + 2755272
    11  chromedriver                        0x00000001026b81f4 cxxbridge1$str$ptr + 3090700
    12  chromedriver                        0x00000001026b8354 cxxbridge1$str$ptr + 3091052
    13  chromedriver                        0x00000001026c97a4 cxxbridge1$str$ptr + 3161788
    14  libsystem_pthread.dylib             0x0000000199325c08 _pthread_start + 136
    15  libsystem_pthread.dylib             0x0000000199320ba8 thread_start + 8
/Users/vk/Documents/NxtWash Automation/nxtwash-automation/venv/lib/python3.11/site-packages/selenium/webdriver/support/wait.py:121: selenium.common.exceptions.TimeoutException: Message:
E   selenium.common.exceptions.TimeoutException: Message: 
    Stacktrace:
    0   chromedriver                        0x00000001007cda84 cxxbridge1$str$ptr + 3195292
    1   chromedriver                        0x00000001007c5b4c cxxbridge1$str$ptr + 3162724
    2   chromedriver                        0x000000010026f2a4 _RNvCs9NA52FrZ4pF_7___rustc35___rust_no_alloc_shim_is_unstable_v2 + 73836
    3   chromedriver                        0x00000001002b7a44 _RNvCs9NA52FrZ4pF_7___rustc35___rust_no_alloc_shim_is_unstable_v2 + 370700
    4   chromedriver                        0x00000001002f7030 _RNvCs9NA52FrZ4pF_7___rustc35___rust_no_alloc_shim_is_unstable_v2 + 630264
    5   chromedriver                        0x00000001002ad434 _RNvCs9NA52FrZ4pF_7___rustc35___rust_no_alloc_shim_is_unstable_v2 + 328188
    6   chromedriver                        0x000000010078ac40 cxxbridge1$str$ptr + 2921304
    7   chromedriver                        0x000000010078e3b8 cxxbridge1$str$ptr + 2935504
    8   chromedriver                        0x00000001007710f8 cxxbridge1$str$ptr + 2816016
    9   chromedriver                        0x000000010078ec4c cxxbridge1$str$ptr + 2937700
    10  chromedriver                        0x00000001007623b0 cxxbridge1$str$ptr + 2755272
    11  chromedriver                        0x00000001007b41f4 cxxbridge1$str$ptr + 3090700
    12  chromedriver                        0x00000001007b4354 cxxbridge1$str$ptr + 3091052
    13  chromedriver                        0x00000001007c57a4 cxxbridge1$str$ptr + 3161788
    14  libsystem_pthread.dylib             0x0000000199325c08 _pthread_start + 136
    15  libsystem_pthread.dylib             0x0000000199320ba8 thread_start + 8
/Users/vk/Documents/NxtWash Automation/nxtwash-automation/venv/lib/python3.11/site-packages/selenium/webdriver/support/wait.py:121: selenium.common.exceptions.TimeoutException: Message:
E   selenium.common.exceptions.TimeoutException: Message: 
    Stacktrace:
    0   chromedriver                        0x0000000101351a84 cxxbridge1$str$ptr + 3195292
    1   chromedriver                        0x0000000101349b4c cxxbridge1$str$ptr + 3162724
    2   chromedriver                        0x0000000100df32a4 _RNvCs9NA52FrZ4pF_7___rustc35___rust_no_alloc_shim_is_unstable_v2 + 73836
    3   chromedriver                        0x0000000100e3ba44 _RNvCs9NA52FrZ4pF_7___rustc35___rust_no_alloc_shim_is_unstable_v2 + 370700
    4   chromedriver                        0x0000000100e7b030 _RNvCs9NA52FrZ4pF_7___rustc35___rust_no_alloc_shim_is_unstable_v2 + 630264
    5   chromedriver                        0x0000000100e31434 _RNvCs9NA52FrZ4pF_7___rustc35___rust_no_alloc_shim_is_unstable_v2 + 328188
    6   chromedriver                        0x000000010130ec40 cxxbridge1$str$ptr + 2921304
    7   chromedriver                        0x00000001013123b8 cxxbridge1$str$ptr + 2935504
    8   chromedriver                        0x00000001012f50f8 cxxbridge1$str$ptr + 2816016
    9   chromedriver                        0x0000000101312c4c cxxbridge1$str$ptr + 2937700
    10  chromedriver                        0x00000001012e63b0 cxxbridge1$str$ptr + 2755272
    11  chromedriver                        0x00000001013381f4 cxxbridge1$str$ptr + 3090700
    12  chromedriver                        0x0000000101338354 cxxbridge1$str$ptr + 3091052
    13  chromedriver                        0x00000001013497a4 cxxbridge1$str$ptr + 3161788
    14  libsystem_pthread.dylib             0x0000000199325c08 _pthread_start + 136
    15  libsystem_pthread.dylib             0x0000000199320ba8 thread_start + 8
/Users/vk/Documents/NxtWash Automation/nxtwash-automation/venv/lib/python3.11/site-packages/selenium/webdriver/support/wait.py:121: selenium.common.exceptions.TimeoutException: Message:
E   selenium.common.exceptions.TimeoutException: Message: 
    Stacktrace:
    0   chromedriver                        0x00000001035a5a84 cxxbridge1$str$ptr + 3195292
    1   chromedriver                        0x000000010359db4c cxxbridge1$str$ptr + 3162724
    2   chromedriver                        0x00000001030472a4 _RNvCs9NA52FrZ4pF_7___rustc35___rust_no_alloc_shim_is_unstable_v2 + 73836
    3   chromedriver                        0x000000010308fa44 _RNvCs9NA52FrZ4pF_7___rustc35___rust_no_alloc_shim_is_unstable_v2 + 370700
    4   chromedriver                        0x00000001030cf030 _RNvCs9NA52FrZ4pF_7___rustc35___rust_no_alloc_shim_is_unstable_v2 + 630264
    5   chromedriver                        0x0000000103085434 _RNvCs9NA52FrZ4pF_7___rustc35___rust_no_alloc_shim_is_unstable_v2 + 328188
    6   chromedriver                        0x0000000103562c40 cxxbridge1$str$ptr + 2921304
    7   chromedriver                        0x00000001035663b8 cxxbridge1$str$ptr + 2935504
    8   chromedriver                        0x00000001035490f8 cxxbridge1$str$ptr + 2816016
    9   chromedriver                        0x0000000103566c4c cxxbridge1$str$ptr + 2937700
    10  chromedriver                        0x000000010353a3b0 cxxbridge1$str$ptr + 2755272
    11  chromedriver                        0x000000010358c1f4 cxxbridge1$str$ptr + 3090700
    12  chromedriver                        0x000000010358c354 cxxbridge1$str$ptr + 3091052
    13  chromedriver                        0x000000010359d7a4 cxxbridge1$str$ptr + 3161788
    14  libsystem_pthread.dylib             0x0000000199325c08 _pthread_start + 136
    15  libsystem_pthread.dylib             0x0000000199320ba8 thread_start + 8
/Users/vk/Documents/NxtWash Automation/nxtwash-automation/venv/lib/python3.11/site-packages/selenium/webdriver/support/wait.py:121: selenium.common.exceptions.TimeoutException: Message:
E   selenium.common.exceptions.TimeoutException: Message: 
    Stacktrace:
    0   chromedriver                        0x0000000100d99a84 cxxbridge1$str$ptr + 3195292
    1   chromedriver                        0x0000000100d91b4c cxxbridge1$str$ptr + 3162724
    2   chromedriver                        0x000000010083b2a4 _RNvCs9NA52FrZ4pF_7___rustc35___rust_no_alloc_shim_is_unstable_v2 + 73836
    3   chromedriver                        0x0000000100883a44 _RNvCs9NA52FrZ4pF_7___rustc35___rust_no_alloc_shim_is_unstable_v2 + 370700
    4   chromedriver                        0x00000001008c3030 _RNvCs9NA52FrZ4pF_7___rustc35___rust_no_alloc_shim_is_unstable_v2 + 630264
    5   chromedriver                        0x0000000100879434 _RNvCs9NA52FrZ4pF_7___rustc35___rust_no_alloc_shim_is_unstable_v2 + 328188
    6   chromedriver                        0x0000000100d56c40 cxxbridge1$str$ptr + 2921304
    7   chromedriver                        0x0000000100d5a3b8 cxxbridge1$str$ptr + 2935504
    8   chromedriver                        0x0000000100d3d0f8 cxxbridge1$str$ptr + 2816016
    9   chromedriver                        0x0000000100d5ac4c cxxbridge1$str$ptr + 2937700
    10  chromedriver                        0x0000000100d2e3b0 cxxbridge1$str$ptr + 2755272
    11  chromedriver                        0x0000000100d801f4 cxxbridge1$str$ptr + 3090700
    12  chromedriver                        0x0000000100d80354 cxxbridge1$str$ptr + 3091052
    13  chromedriver                        0x0000000100d917a4 cxxbridge1$str$ptr + 3161788
    14  libsystem_pthread.dylib             0x0000000199325c08 _pthread_start + 136
    15  libsystem_pthread.dylib             0x0000000199320ba8 thread_start + 8
/Users/vk/Documents/NxtWash Automation/nxtwash-automation/venv/lib/python3.11/site-packages/selenium/webdriver/support/wait.py:121: selenium.common.exceptions.TimeoutException: Message:
E   selenium.common.exceptions.TimeoutException: Message: 
    Stacktrace:
    0   chromedriver                        0x0000000104ab9a84 cxxbridge1$str$ptr + 3195292
    1   chromedriver                        0x0000000104ab1b4c cxxbridge1$str$ptr + 3162724
    2   chromedriver                        0x000000010455b2a4 _RNvCs9NA52FrZ4pF_7___rustc35___rust_no_alloc_shim_is_unstable_v2 + 73836
    3   chromedriver                        0x00000001045a3a44 _RNvCs9NA52FrZ4pF_7___rustc35___rust_no_alloc_shim_is_unstable_v2 + 370700
    4   chromedriver                        0x00000001045e3030 _RNvCs9NA52FrZ4pF_7___rustc35___rust_no_alloc_shim_is_unstable_v2 + 630264
    5   chromedriver                        0x0000000104599434 _RNvCs9NA52FrZ4pF_7___rustc35___rust_no_alloc_shim_is_unstable_v2 + 328188
    6   chromedriver                        0x0000000104a76c40 cxxbridge1$str$ptr + 2921304
    7   chromedriver                        0x0000000104a7a3b8 cxxbridge1$str$ptr + 2935504
    8   chromedriver                        0x0000000104a5d0f8 cxxbridge1$str$ptr + 2816016
    9   chromedriver                        0x0000000104a7ac4c cxxbridge1$str$ptr + 2937700
    10  chromedriver                        0x0000000104a4e3b0 cxxbridge1$str$ptr + 2755272
    11  chromedriver                        0x0000000104aa01f4 cxxbridge1$str$ptr + 3090700
    12  chromedriver                        0x0000000104aa0354 cxxbridge1$str$ptr + 3091052
    13  chromedriver                        0x0000000104ab17a4 cxxbridge1$str$ptr + 3161788
    14  libsystem_pthread.dylib             0x0000000199325c08 _pthread_start + 136
    15  libsystem_pthread.dylib             0x0000000199320ba8 thread_start + 8
/Users/vk/Documents/NxtWash Automation/nxtwash-automation/venv/lib/python3.11/site-packages/selenium/webdriver/support/wait.py:121: selenium.common.exceptions.TimeoutException: Message:
E   selenium.common.exceptions.TimeoutException: Message: 
    Stacktrace:
    0   chromedriver                        0x00000001028a9a84 cxxbridge1$str$ptr + 3195292
    1   chromedriver                        0x00000001028a1b4c cxxbridge1$str$ptr + 3162724
    2   chromedriver                        0x000000010234b2a4 _RNvCs9NA52FrZ4pF_7___rustc35___rust_no_alloc_shim_is_unstable_v2 + 73836
    3   chromedriver                        0x0000000102393a44 _RNvCs9NA52FrZ4pF_7___rustc35___rust_no_alloc_shim_is_unstable_v2 + 370700
    4   chromedriver                        0x00000001023d3030 _RNvCs9NA52FrZ4pF_7___rustc35___rust_no_alloc_shim_is_unstable_v2 + 630264
    5   chromedriver                        0x0000000102389434 _RNvCs9NA52FrZ4pF_7___rustc35___rust_no_alloc_shim_is_unstable_v2 + 328188
    6   chromedriver                        0x0000000102866c40 cxxbridge1$str$ptr + 2921304
    7   chromedriver                        0x000000010286a3b8 cxxbridge1$str$ptr + 2935504
    8   chromedriver                        0x000000010284d0f8 cxxbridge1$str$ptr + 2816016
    9   chromedriver                        0x000000010286ac4c cxxbridge1$str$ptr + 2937700
    10  chromedriver                        0x000000010283e3b0 cxxbridge1$str$ptr + 2755272
    11  chromedriver                        0x00000001028901f4 cxxbridge1$str$ptr + 3090700
    12  chromedriver                        0x0000000102890354 cxxbridge1$str$ptr + 3091052
    13  chromedriver                        0x00000001028a17a4 cxxbridge1$str$ptr + 3161788
    14  libsystem_pthread.dylib             0x0000000199325c08 _pthread_start + 136
    15  libsystem_pthread.dylib             0x0000000199320ba8 thread_start + 8
/Users/vk/Documents/NxtWash Automation/nxtwash-automation/venv/lib/python3.11/site-packages/selenium/webdriver/support/wait.py:121: selenium.common.exceptions.TimeoutException: Message:
E   selenium.common.exceptions.TimeoutException: Message: 
    Stacktrace:
    0   chromedriver                        0x00000001028d1a84 cxxbridge1$str$ptr + 3195292
    1   chromedriver                        0x00000001028c9b4c cxxbridge1$str$ptr + 3162724
    2   chromedriver                        0x00000001023732a4 _RNvCs9NA52FrZ4pF_7___rustc35___rust_no_alloc_shim_is_unstable_v2 + 73836
    3   chromedriver                        0x00000001023bba44 _RNvCs9NA52FrZ4pF_7___rustc35___rust_no_alloc_shim_is_unstable_v2 + 370700
    4   chromedriver                        0x00000001023fb030 _RNvCs9NA52FrZ4pF_7___rustc35___rust_no_alloc_shim_is_unstable_v2 + 630264
    5   chromedriver                        0x00000001023b1434 _RNvCs9NA52FrZ4pF_7___rustc35___rust_no_alloc_shim_is_unstable_v2 + 328188
    6   chromedriver                        0x000000010288ec40 cxxbridge1$str$ptr + 2921304
    7   chromedriver                        0x00000001028923b8 cxxbridge1$str$ptr + 2935504
    8   chromedriver                        0x00000001028750f8 cxxbridge1$str$ptr + 2816016
    9   chromedriver                        0x0000000102892c4c cxxbridge1$str$ptr + 2937700
    10  chromedriver                        0x00000001028663b0 cxxbridge1$str$ptr + 2755272
    11  chromedriver                        0x00000001028b81f4 cxxbridge1$str$ptr + 3090700
    12  chromedriver                        0x00000001028b8354 cxxbridge1$str$ptr + 3091052
    13  chromedriver                        0x00000001028c97a4 cxxbridge1$str$ptr + 3161788
    14  libsystem_pthread.dylib             0x0000000199325c08 _pthread_start + 136
    15  libsystem_pthread.dylib             0x0000000199320ba8 thread_start + 8
/Users/vk/Documents/NxtWash Automation/nxtwash-automation/venv/lib/python3.11/site-packages/selenium/webdriver/support/wait.py:121: selenium.common.exceptions.TimeoutException: Message:
E   selenium.common.exceptions.TimeoutException: Message: 
    Stacktrace:
    0   chromedriver                        0x0000000103131a84 cxxbridge1$str$ptr + 3195292
    1   chromedriver                        0x0000000103129b4c cxxbridge1$str$ptr + 3162724
    2   chromedriver                        0x0000000102bd32a4 _RNvCs9NA52FrZ4pF_7___rustc35___rust_no_alloc_shim_is_unstable_v2 + 73836
    3   chromedriver                        0x0000000102c1ba44 _RNvCs9NA52FrZ4pF_7___rustc35___rust_no_alloc_shim_is_unstable_v2 + 370700
    4   chromedriver                        0x0000000102c5b030 _RNvCs9NA52FrZ4pF_7___rustc35___rust_no_alloc_shim_is_unstable_v2 + 630264
    5   chromedriver                        0x0000000102c11434 _RNvCs9NA52FrZ4pF_7___rustc35___rust_no_alloc_shim_is_unstable_v2 + 328188
    6   chromedriver                        0x00000001030eec40 cxxbridge1$str$ptr + 2921304
    7   chromedriver                        0x00000001030f23b8 cxxbridge1$str$ptr + 2935504
    8   chromedriver                        0x00000001030d50f8 cxxbridge1$str$ptr + 2816016
    9   chromedriver                        0x00000001030f2c4c cxxbridge1$str$ptr + 2937700
    10  chromedriver                        0x00000001030c63b0 cxxbridge1$str$ptr + 2755272
    11  chromedriver                        0x00000001031181f4 cxxbridge1$str$ptr + 3090700
    12  chromedriver                        0x0000000103118354 cxxbridge1$str$ptr + 3091052
    13  chromedriver                        0x00000001031297a4 cxxbridge1$str$ptr + 3161788
    14  libsystem_pthread.dylib             0x0000000199325c08 _pthread_start + 136
    15  libsystem_pthread.dylib             0x0000000199320ba8 thread_start + 8
/Users/vk/Documents/NxtWash Automation/nxtwash-automation/venv/lib/python3.11/site-packages/selenium/webdriver/support/wait.py:121: selenium.common.exceptions.TimeoutException: Message:
E   selenium.common.exceptions.TimeoutException: Message: 
    Stacktrace:
    0   chromedriver                        0x0000000100dd5a84 cxxbridge1$str$ptr + 3195292
    1   chromedriver                        0x0000000100dcdb4c cxxbridge1$str$ptr + 3162724
    2   chromedriver                        0x00000001008772a4 _RNvCs9NA52FrZ4pF_7___rustc35___rust_no_alloc_shim_is_unstable_v2 + 73836
    3   chromedriver                        0x00000001008bfa44 _RNvCs9NA52FrZ4pF_7___rustc35___rust_no_alloc_shim_is_unstable_v2 + 370700
    4   chromedriver                        0x00000001008ff030 _RNvCs9NA52FrZ4pF_7___rustc35___rust_no_alloc_shim_is_unstable_v2 + 630264
    5   chromedriver                        0x00000001008b5434 _RNvCs9NA52FrZ4pF_7___rustc35___rust_no_alloc_shim_is_unstable_v2 + 328188
    6   chromedriver                        0x0000000100d92c40 cxxbridge1$str$ptr + 2921304
    7   chromedriver                        0x0000000100d963b8 cxxbridge1$str$ptr + 2935504
    8   chromedriver                        0x0000000100d790f8 cxxbridge1$str$ptr + 2816016
    9   chromedriver                        0x0000000100d96c4c cxxbridge1$str$ptr + 2937700
    10  chromedriver                        0x0000000100d6a3b0 cxxbridge1$str$ptr + 2755272
    11  chromedriver                        0x0000000100dbc1f4 cxxbridge1$str$ptr + 3090700
    12  chromedriver                        0x0000000100dbc354 cxxbridge1$str$ptr + 3091052
    13  chromedriver                        0x0000000100dcd7a4 cxxbridge1$str$ptr + 3161788
    14  libsystem_pthread.dylib             0x0000000199325c08 _pthread_start + 136
    15  libsystem_pthread.dylib             0x0000000199320ba8 thread_start + 8
/Users/vk/Documents/NxtWash Automation/nxtwash-automation/venv/lib/python3.11/site-packages/selenium/webdriver/support/wait.py:121: selenium.common.exceptions.TimeoutException: Message:
E   selenium.common.exceptions.TimeoutException: Message: 
    Stacktrace:
    0   chromedriver                        0x00000001034f9a84 cxxbridge1$str$ptr + 3195292
    1   chromedriver                        0x00000001034f1b4c cxxbridge1$str$ptr + 3162724
    2   chromedriver                        0x0000000102f9b2a4 _RNvCs9NA52FrZ4pF_7___rustc35___rust_no_alloc_shim_is_unstable_v2 + 73836
    3   chromedriver                        0x0000000102fe3a44 _RNvCs9NA52FrZ4pF_7___rustc35___rust_no_alloc_shim_is_unstable_v2 + 370700
    4   chromedriver                        0x0000000103023030 _RNvCs9NA52FrZ4pF_7___rustc35___rust_no_alloc_shim_is_unstable_v2 + 630264
    5   chromedriver                        0x0000000102fd9434 _RNvCs9NA52FrZ4pF_7___rustc35___rust_no_alloc_shim_is_unstable_v2 + 328188
    6   chromedriver                        0x00000001034b6c40 cxxbridge1$str$ptr + 2921304
    7   chromedriver                        0x00000001034ba3b8 cxxbridge1$str$ptr + 2935504
    8   chromedriver                        0x000000010349d0f8 cxxbridge1$str$ptr + 2816016
    9   chromedriver                        0x00000001034bac4c cxxbridge1$str$ptr + 2937700
    10  chromedriver                        0x000000010348e3b0 cxxbridge1$str$ptr + 2755272
    11  chromedriver                        0x00000001034e01f4 cxxbridge1$str$ptr + 3090700
    12  chromedriver                        0x00000001034e0354 cxxbridge1$str$ptr + 3091052
    13  chromedriver                        0x00000001034f17a4 cxxbridge1$str$ptr + 3161788
    14  libsystem_pthread.dylib             0x0000000199325c08 _pthread_start + 136
    15  libsystem_pthread.dylib             0x0000000199320ba8 thread_start + 8
/Users/vk/Documents/NxtWash Automation/nxtwash-automation/venv/lib/python3.11/site-packages/selenium/webdriver/support/wait.py:121: selenium.common.exceptions.TimeoutException: Message:
E   selenium.common.exceptions.TimeoutException: Message: 
    Stacktrace:
    0   chromedriver                        0x0000000101041a84 cxxbridge1$str$ptr + 3195292
    1   chromedriver                        0x0000000101039b4c cxxbridge1$str$ptr + 3162724
    2   chromedriver                        0x0000000100ae32a4 _RNvCs9NA52FrZ4pF_7___rustc35___rust_no_alloc_shim_is_unstable_v2 + 73836
    3   chromedriver                        0x0000000100b2ba44 _RNvCs9NA52FrZ4pF_7___rustc35___rust_no_alloc_shim_is_unstable_v2 + 370700
    4   chromedriver                        0x0000000100b6b030 _RNvCs9NA52FrZ4pF_7___rustc35___rust_no_alloc_shim_is_unstable_v2 + 630264
    5   chromedriver                        0x0000000100b21434 _RNvCs9NA52FrZ4pF_7___rustc35___rust_no_alloc_shim_is_unstable_v2 + 328188
    6   chromedriver                        0x0000000100ffec40 cxxbridge1$str$ptr + 2921304
    7   chromedriver                        0x00000001010023b8 cxxbridge1$str$ptr + 2935504
    8   chromedriver                        0x0000000100fe50f8 cxxbridge1$str$ptr + 2816016
    9   chromedriver                        0x0000000101002c4c cxxbridge1$str$ptr + 2937700
    10  chromedriver                        0x0000000100fd63b0 cxxbridge1$str$ptr + 2755272
    11  chromedriver                        0x00000001010281f4 cxxbridge1$str$ptr + 3090700
    12  chromedriver                        0x0000000101028354 cxxbridge1$str$ptr + 3091052
    13  chromedriver                        0x00000001010397a4 cxxbridge1$str$ptr + 3161788
    14  libsystem_pthread.dylib             0x0000000199325c08 _pthread_start + 136
    15  libsystem_pthread.dylib             0x0000000199320ba8 thread_start + 8
/Users/vk/Documents/NxtWash Automation/nxtwash-automation/venv/lib/python3.11/site-packages/selenium/webdriver/support/wait.py:121: selenium.common.exceptions.TimeoutException: Message:
E   selenium.common.exceptions.TimeoutException: Message: 
    Stacktrace:
    0   chromedriver                        0x0000000102f21a84 cxxbridge1$str$ptr + 3195292
    1   chromedriver                        0x0000000102f19b4c cxxbridge1$str$ptr + 3162724
    2   chromedriver                        0x00000001029c32a4 _RNvCs9NA52FrZ4pF_7___rustc35___rust_no_alloc_shim_is_unstable_v2 + 73836
    3   chromedriver                        0x0000000102a0ba44 _RNvCs9NA52FrZ4pF_7___rustc35___rust_no_alloc_shim_is_unstable_v2 + 370700
    4   chromedriver                        0x0000000102a4b030 _RNvCs9NA52FrZ4pF_7___rustc35___rust_no_alloc_shim_is_unstable_v2 + 630264
    5   chromedriver                        0x0000000102a01434 _RNvCs9NA52FrZ4pF_7___rustc35___rust_no_alloc_shim_is_unstable_v2 + 328188
    6   chromedriver                        0x0000000102edec40 cxxbridge1$str$ptr + 2921304
    7   chromedriver                        0x0000000102ee23b8 cxxbridge1$str$ptr + 2935504
    8   chromedriver                        0x0000000102ec50f8 cxxbridge1$str$ptr + 2816016
    9   chromedriver                        0x0000000102ee2c4c cxxbridge1$str$ptr + 2937700
    10  chromedriver                        0x0000000102eb63b0 cxxbridge1$str$ptr + 2755272
    11  chromedriver                        0x0000000102f081f4 cxxbridge1$str$ptr + 3090700
    12  chromedriver                        0x0000000102f08354 cxxbridge1$str$ptr + 3091052
    13  chromedriver                        0x0000000102f197a4 cxxbridge1$str$ptr + 3161788
    14  libsystem_pthread.dylib             0x0000000199325c08 _pthread_start + 136
    15  libsystem_pthread.dylib             0x0000000199320ba8 thread_start + 8
/Users/vk/Documents/NxtWash Automation/nxtwash-automation/venv/lib/python3.11/site-packages/selenium/webdriver/support/wait.py:121: selenium.common.exceptions.TimeoutException: Message:
E   selenium.common.exceptions.TimeoutException: Message: 
    Stacktrace:
    0   chromedriver                        0x0000000100fbda84 cxxbridge1$str$ptr + 3195292
    1   chromedriver                        0x0000000100fb5b4c cxxbridge1$str$ptr + 3162724
    2   chromedriver                        0x0000000100a5f2a4 _RNvCs9NA52FrZ4pF_7___rustc35___rust_no_alloc_shim_is_unstable_v2 + 73836
    3   chromedriver                        0x0000000100aa7a44 _RNvCs9NA52FrZ4pF_7___rustc35___rust_no_alloc_shim_is_unstable_v2 + 370700
    4   chromedriver                        0x0000000100ae7030 _RNvCs9NA52FrZ4pF_7___rustc35___rust_no_alloc_shim_is_unstable_v2 + 630264
    5   chromedriver                        0x0000000100a9d434 _RNvCs9NA52FrZ4pF_7___rustc35___rust_no_alloc_shim_is_unstable_v2 + 328188
    6   chromedriver                        0x0000000100f7ac40 cxxbridge1$str$ptr + 2921304
    7   chromedriver                        0x0000000100f7e3b8 cxxbridge1$str$ptr + 2935504
    8   chromedriver                        0x0000000100f610f8 cxxbridge1$str$ptr + 2816016
    9   chromedriver                        0x0000000100f7ec4c cxxbridge1$str$ptr + 2937700
    10  chromedriver                        0x0000000100f523b0 cxxbridge1$str$ptr + 2755272
    11  chromedriver                        0x0000000100fa41f4 cxxbridge1$str$ptr + 3090700
    12  chromedriver                        0x0000000100fa4354 cxxbridge1$str$ptr + 3091052
    13  chromedriver                        0x0000000100fb57a4 cxxbridge1$str$ptr + 3161788
    14  libsystem_pthread.dylib             0x0000000199325c08 _pthread_start + 136
    15  libsystem_pthread.dylib             0x0000000199320ba8 thread_start + 8
/Users/vk/Documents/NxtWash Automation/nxtwash-automation/venv/lib/python3.11/site-packages/selenium/webdriver/support/wait.py:121: selenium.common.exceptions.TimeoutException: Message:
E   selenium.common.exceptions.TimeoutException: Message: 
    Stacktrace:
    0   chromedriver                        0x0000000105151a84 cxxbridge1$str$ptr + 3195292
    1   chromedriver                        0x0000000105149b4c cxxbridge1$str$ptr + 3162724
    2   chromedriver                        0x0000000104bf32a4 _RNvCs9NA52FrZ4pF_7___rustc35___rust_no_alloc_shim_is_unstable_v2 + 73836
    3   chromedriver                        0x0000000104c3ba44 _RNvCs9NA52FrZ4pF_7___rustc35___rust_no_alloc_shim_is_unstable_v2 + 370700
    4   chromedriver                        0x0000000104c7b030 _RNvCs9NA52FrZ4pF_7___rustc35___rust_no_alloc_shim_is_unstable_v2 + 630264
    5   chromedriver                        0x0000000104c31434 _RNvCs9NA52FrZ4pF_7___rustc35___rust_no_alloc_shim_is_unstable_v2 + 328188
    6   chromedriver                        0x000000010510ec40 cxxbridge1$str$ptr + 2921304
    7   chromedriver                        0x00000001051123b8 cxxbridge1$str$ptr + 2935504
    8   chromedriver                        0x00000001050f50f8 cxxbridge1$str$ptr + 2816016
    9   chromedriver                        0x0000000105112c4c cxxbridge1$str$ptr + 2937700
    10  chromedriver                        0x00000001050e63b0 cxxbridge1$str$ptr + 2755272
    11  chromedriver                        0x00000001051381f4 cxxbridge1$str$ptr + 3090700
    12  chromedriver                        0x0000000105138354 cxxbridge1$str$ptr + 3091052
    13  chromedriver                        0x00000001051497a4 cxxbridge1$str$ptr + 3161788
    14  libsystem_pthread.dylib             0x0000000199325c08 _pthread_start + 136
    15  libsystem_pthread.dylib             0x0000000199320ba8 thread_start + 8
/Users/vk/Documents/NxtWash Automation/nxtwash-automation/venv/lib/python3.11/site-packages/selenium/webdriver/support/wait.py:121: selenium.common.exceptions.TimeoutException: Message:
E   selenium.common.exceptions.TimeoutException: Message: 
    Stacktrace:
    0   chromedriver                        0x0000000104be5a84 cxxbridge1$str$ptr + 3195292
    1   chromedriver                        0x0000000104bddb4c cxxbridge1$str$ptr + 3162724
    2   chromedriver                        0x00000001046872a4 _RNvCs9NA52FrZ4pF_7___rustc35___rust_no_alloc_shim_is_unstable_v2 + 73836
    3   chromedriver                        0x00000001046cfa44 _RNvCs9NA52FrZ4pF_7___rustc35___rust_no_alloc_shim_is_unstable_v2 + 370700
    4   chromedriver                        0x000000010470f030 _RNvCs9NA52FrZ4pF_7___rustc35___rust_no_alloc_shim_is_unstable_v2 + 630264
    5   chromedriver                        0x00000001046c5434 _RNvCs9NA52FrZ4pF_7___rustc35___rust_no_alloc_shim_is_unstable_v2 + 328188
    6   chromedriver                        0x0000000104ba2c40 cxxbridge1$str$ptr + 2921304
    7   chromedriver                        0x0000000104ba63b8 cxxbridge1$str$ptr + 2935504
    8   chromedriver                        0x0000000104b890f8 cxxbridge1$str$ptr + 2816016
    9   chromedriver                        0x0000000104ba6c4c cxxbridge1$str$ptr + 2937700
    10  chromedriver                        0x0000000104b7a3b0 cxxbridge1$str$ptr + 2755272
    11  chromedriver                        0x0000000104bcc1f4 cxxbridge1$str$ptr + 3090700
    12  chromedriver                        0x0000000104bcc354 cxxbridge1$str$ptr + 3091052
    13  chromedriver                        0x0000000104bdd7a4 cxxbridge1$str$ptr + 3161788
    14  libsystem_pthread.dylib             0x0000000199325c08 _pthread_start + 136
    15  libsystem_pthread.dylib             0x0000000199320ba8 thread_start + 8
/Users/vk/Documents/NxtWash Automation/nxtwash-automation/venv/lib/python3.11/site-packages/selenium/webdriver/support/wait.py:121: selenium.common.exceptions.TimeoutException: Message:
E   selenium.common.exceptions.TimeoutException: Message: 
    Stacktrace:
    0   chromedriver                        0x00000001009b5a84 cxxbridge1$str$ptr + 3195292
    1   chromedriver                        0x00000001009adb4c cxxbridge1$str$ptr + 3162724
    2   chromedriver                        0x00000001004572a4 _RNvCs9NA52FrZ4pF_7___rustc35___rust_no_alloc_shim_is_unstable_v2 + 73836
    3   chromedriver                        0x000000010049fa44 _RNvCs9NA52FrZ4pF_7___rustc35___rust_no_alloc_shim_is_unstable_v2 + 370700
    4   chromedriver                        0x00000001004df030 _RNvCs9NA52FrZ4pF_7___rustc35___rust_no_alloc_shim_is_unstable_v2 + 630264
    5   chromedriver                        0x0000000100495434 _RNvCs9NA52FrZ4pF_7___rustc35___rust_no_alloc_shim_is_unstable_v2 + 328188
    6   chromedriver                        0x0000000100972c40 cxxbridge1$str$ptr + 2921304
    7   chromedriver                        0x00000001009763b8 cxxbridge1$str$ptr + 2935504
    8   chromedriver                        0x00000001009590f8 cxxbridge1$str$ptr + 2816016
    9   chromedriver                        0x0000000100976c4c cxxbridge1$str$ptr + 2937700
    10  chromedriver                        0x000000010094a3b0 cxxbridge1$str$ptr + 2755272
    11  chromedriver                        0x000000010099c1f4 cxxbridge1$str$ptr + 3090700
    12  chromedriver                        0x000000010099c354 cxxbridge1$str$ptr + 3091052
    13  chromedriver                        0x00000001009ad7a4 cxxbridge1$str$ptr + 3161788
    14  libsystem_pthread.dylib             0x0000000199325c08 _pthread_start + 136
    15  libsystem_pthread.dylib             0x0000000199320ba8 thread_start + 8
/Users/vk/Documents/NxtWash Automation/nxtwash-automation/venv/lib/python3.11/site-packages/selenium/webdriver/support/wait.py:121: selenium.common.exceptions.TimeoutException: Message:
E   selenium.common.exceptions.TimeoutException: Message: 
    Stacktrace:
    0   chromedriver                        0x0000000105005a84 cxxbridge1$str$ptr + 3195292
    1   chromedriver                        0x0000000104ffdb4c cxxbridge1$str$ptr + 3162724
    2   chromedriver                        0x0000000104aa72a4 _RNvCs9NA52FrZ4pF_7___rustc35___rust_no_alloc_shim_is_unstable_v2 + 73836
    3   chromedriver                        0x0000000104aefa44 _RNvCs9NA52FrZ4pF_7___rustc35___rust_no_alloc_shim_is_unstable_v2 + 370700
    4   chromedriver                        0x0000000104b2f030 _RNvCs9NA52FrZ4pF_7___rustc35___rust_no_alloc_shim_is_unstable_v2 + 630264
    5   chromedriver                        0x0000000104ae5434 _RNvCs9NA52FrZ4pF_7___rustc35___rust_no_alloc_shim_is_unstable_v2 + 328188
    6   chromedriver                        0x0000000104fc2c40 cxxbridge1$str$ptr + 2921304
    7   chromedriver                        0x0000000104fc63b8 cxxbridge1$str$ptr + 2935504
    8   chromedriver                        0x0000000104fa90f8 cxxbridge1$str$ptr + 2816016
    9   chromedriver                        0x0000000104fc6c4c cxxbridge1$str$ptr + 2937700
    10  chromedriver                        0x0000000104f9a3b0 cxxbridge1$str$ptr + 2755272
    11  chromedriver                        0x0000000104fec1f4 cxxbridge1$str$ptr + 3090700
    12  chromedriver                        0x0000000104fec354 cxxbridge1$str$ptr + 3091052
    13  chromedriver                        0x0000000104ffd7a4 cxxbridge1$str$ptr + 3161788
    14  libsystem_pthread.dylib             0x0000000199325c08 _pthread_start + 136
    15  libsystem_pthread.dylib             0x0000000199320ba8 thread_start + 8
/Users/vk/Documents/NxtWash Automation/nxtwash-automation/venv/lib/python3.11/site-packages/selenium/webdriver/support/wait.py:121: selenium.common.exceptions.TimeoutException: Message:
E   selenium.common.exceptions.TimeoutException: Message: 
    Stacktrace:
    0   chromedriver                        0x0000000104d19a84 cxxbridge1$str$ptr + 3195292
    1   chromedriver                        0x0000000104d11b4c cxxbridge1$str$ptr + 3162724
    2   chromedriver                        0x00000001047bb2a4 _RNvCs9NA52FrZ4pF_7___rustc35___rust_no_alloc_shim_is_unstable_v2 + 73836
    3   chromedriver                        0x0000000104803a44 _RNvCs9NA52FrZ4pF_7___rustc35___rust_no_alloc_shim_is_unstable_v2 + 370700
    4   chromedriver                        0x0000000104843030 _RNvCs9NA52FrZ4pF_7___rustc35___rust_no_alloc_shim_is_unstable_v2 + 630264
    5   chromedriver                        0x00000001047f9434 _RNvCs9NA52FrZ4pF_7___rustc35___rust_no_alloc_shim_is_unstable_v2 + 328188
    6   chromedriver                        0x0000000104cd6c40 cxxbridge1$str$ptr + 2921304
    7   chromedriver                        0x0000000104cda3b8 cxxbridge1$str$ptr + 2935504
    8   chromedriver                        0x0000000104cbd0f8 cxxbridge1$str$ptr + 2816016
    9   chromedriver                        0x0000000104cdac4c cxxbridge1$str$ptr + 2937700
    10  chromedriver                        0x0000000104cae3b0 cxxbridge1$str$ptr + 2755272
    11  chromedriver                        0x0000000104d001f4 cxxbridge1$str$ptr + 3090700
    12  chromedriver                        0x0000000104d00354 cxxbridge1$str$ptr + 3091052
    13  chromedriver                        0x0000000104d117a4 cxxbridge1$str$ptr + 3161788
    14  libsystem_pthread.dylib             0x0000000199325c08 _pthread_start + 136
    15  libsystem_pthread.dylib             0x0000000199320ba8 thread_start + 8
/Users/vk/Documents/NxtWash Automation/nxtwash-automation/venv/lib/python3.11/site-packages/selenium/webdriver/support/wait.py:121: selenium.common.exceptions.TimeoutException: Message:
E   selenium.common.exceptions.TimeoutException: Message: 
    Stacktrace:
    0   chromedriver                        0x0000000102675a84 cxxbridge1$str$ptr + 3195292
    1   chromedriver                        0x000000010266db4c cxxbridge1$str$ptr + 3162724
    2   chromedriver                        0x00000001021172a4 _RNvCs9NA52FrZ4pF_7___rustc35___rust_no_alloc_shim_is_unstable_v2 + 73836
    3   chromedriver                        0x000000010215fa44 _RNvCs9NA52FrZ4pF_7___rustc35___rust_no_alloc_shim_is_unstable_v2 + 370700
    4   chromedriver                        0x000000010219f030 _RNvCs9NA52FrZ4pF_7___rustc35___rust_no_alloc_shim_is_unstable_v2 + 630264
    5   chromedriver                        0x0000000102155434 _RNvCs9NA52FrZ4pF_7___rustc35___rust_no_alloc_shim_is_unstable_v2 + 328188
    6   chromedriver                        0x0000000102632c40 cxxbridge1$str$ptr + 2921304
    7   chromedriver                        0x00000001026363b8 cxxbridge1$str$ptr + 2935504
    8   chromedriver                        0x00000001026190f8 cxxbridge1$str$ptr + 2816016
    9   chromedriver                        0x0000000102636c4c cxxbridge1$str$ptr + 2937700
    10  chromedriver                        0x000000010260a3b0 cxxbridge1$str$ptr + 2755272
    11  chromedriver                        0x000000010265c1f4 cxxbridge1$str$ptr + 3090700
    12  chromedriver                        0x000000010265c354 cxxbridge1$str$ptr + 3091052
    13  chromedriver                        0x000000010266d7a4 cxxbridge1$str$ptr + 3161788
    14  libsystem_pthread.dylib             0x0000000199325c08 _pthread_start + 136
    15  libsystem_pthread.dylib             0x0000000199320ba8 thread_start + 8
/Users/vk/Documents/NxtWash Automation/nxtwash-automation/venv/lib/python3.11/site-packages/selenium/webdriver/support/wait.py:121: selenium.common.exceptions.TimeoutException: Message:
E   selenium.common.exceptions.TimeoutException: Message: 
    Stacktrace:
    0   chromedriver                        0x0000000103509a84 cxxbridge1$str$ptr + 3195292
    1   chromedriver                        0x0000000103501b4c cxxbridge1$str$ptr + 3162724
    2   chromedriver                        0x0000000102fab2a4 _RNvCs9NA52FrZ4pF_7___rustc35___rust_no_alloc_shim_is_unstable_v2 + 73836
    3   chromedriver                        0x0000000102ff3a44 _RNvCs9NA52FrZ4pF_7___rustc35___rust_no_alloc_shim_is_unstable_v2 + 370700
    4   chromedriver                        0x0000000103033030 _RNvCs9NA52FrZ4pF_7___rustc35___rust_no_alloc_shim_is_unstable_v2 + 630264
    5   chromedriver                        0x0000000102fe9434 _RNvCs9NA52FrZ4pF_7___rustc35___rust_no_alloc_shim_is_unstable_v2 + 328188
    6   chromedriver                        0x00000001034c6c40 cxxbridge1$str$ptr + 2921304
    7   chromedriver                        0x00000001034ca3b8 cxxbridge1$str$ptr + 2935504
    8   chromedriver                        0x00000001034ad0f8 cxxbridge1$str$ptr + 2816016
    9   chromedriver                        0x00000001034cac4c cxxbridge1$str$ptr + 2937700
    10  chromedriver                        0x000000010349e3b0 cxxbridge1$str$ptr + 2755272
    11  chromedriver                        0x00000001034f01f4 cxxbridge1$str$ptr + 3090700
    12  chromedriver                        0x00000001034f0354 cxxbridge1$str$ptr + 3091052
    13  chromedriver                        0x00000001035017a4 cxxbridge1$str$ptr + 3161788
    14  libsystem_pthread.dylib             0x0000000199325c08 _pthread_start + 136
    15  libsystem_pthread.dylib             0x0000000199320ba8 thread_start + 8
/Users/vk/Documents/NxtWash Automation/nxtwash-automation/venv/lib/python3.11/site-packages/selenium/webdriver/support/wait.py:121: selenium.common.exceptions.TimeoutException: Message:
E   selenium.common.exceptions.TimeoutException: Message: 
    Stacktrace:
    0   chromedriver                        0x00000001034f1a84 cxxbridge1$str$ptr + 3195292
    1   chromedriver                        0x00000001034e9b4c cxxbridge1$str$ptr + 3162724
    2   chromedriver                        0x0000000102f932a4 _RNvCs9NA52FrZ4pF_7___rustc35___rust_no_alloc_shim_is_unstable_v2 + 73836
    3   chromedriver                        0x0000000102fdba44 _RNvCs9NA52FrZ4pF_7___rustc35___rust_no_alloc_shim_is_unstable_v2 + 370700
    4   chromedriver                        0x000000010301b030 _RNvCs9NA52FrZ4pF_7___rustc35___rust_no_alloc_shim_is_unstable_v2 + 630264
    5   chromedriver                        0x0000000102fd1434 _RNvCs9NA52FrZ4pF_7___rustc35___rust_no_alloc_shim_is_unstable_v2 + 328188
    6   chromedriver                        0x00000001034aec40 cxxbridge1$str$ptr + 2921304
    7   chromedriver                        0x00000001034b23b8 cxxbridge1$str$ptr + 2935504
    8   chromedriver                        0x00000001034950f8 cxxbridge1$str$ptr + 2816016
    9   chromedriver                        0x00000001034b2c4c cxxbridge1$str$ptr + 2937700
    10  chromedriver                        0x00000001034863b0 cxxbridge1$str$ptr + 2755272
    11  chromedriver                        0x00000001034d81f4 cxxbridge1$str$ptr + 3090700
    12  chromedriver                        0x00000001034d8354 cxxbridge1$str$ptr + 3091052
    13  chromedriver                        0x00000001034e97a4 cxxbridge1$str$ptr + 3161788
    14  libsystem_pthread.dylib             0x0000000199325c08 _pthread_start + 136
    15  libsystem_pthread.dylib             0x0000000199320ba8 thread_start + 8
/Users/vk/Documents/NxtWash Automation/nxtwash-automation/venv/lib/python3.11/site-packages/selenium/webdriver/support/wait.py:121: selenium.common.exceptions.TimeoutException: Message:
E   selenium.common.exceptions.TimeoutException: Message: 
    Stacktrace:
    0   chromedriver                        0x0000000104ce9a84 cxxbridge1$str$ptr + 3195292
    1   chromedriver                        0x0000000104ce1b4c cxxbridge1$str$ptr + 3162724
    2   chromedriver                        0x000000010478b2a4 _RNvCs9NA52FrZ4pF_7___rustc35___rust_no_alloc_shim_is_unstable_v2 + 73836
    3   chromedriver                        0x00000001047d3a44 _RNvCs9NA52FrZ4pF_7___rustc35___rust_no_alloc_shim_is_unstable_v2 + 370700
    4   chromedriver                        0x0000000104813030 _RNvCs9NA52FrZ4pF_7___rustc35___rust_no_alloc_shim_is_unstable_v2 + 630264
    5   chromedriver                        0x00000001047c9434 _RNvCs9NA52FrZ4pF_7___rustc35___rust_no_alloc_shim_is_unstable_v2 + 328188
    6   chromedriver                        0x0000000104ca6c40 cxxbridge1$str$ptr + 2921304
    7   chromedriver                        0x0000000104caa3b8 cxxbridge1$str$ptr + 2935504
    8   chromedriver                        0x0000000104c8d0f8 cxxbridge1$str$ptr + 2816016
    9   chromedriver                        0x0000000104caac4c cxxbridge1$str$ptr + 2937700
    10  chromedriver                        0x0000000104c7e3b0 cxxbridge1$str$ptr + 2755272
    11  chromedriver                        0x0000000104cd01f4 cxxbridge1$str$ptr + 3090700
    12  chromedriver                        0x0000000104cd0354 cxxbridge1$str$ptr + 3091052
    13  chromedriver                        0x0000000104ce17a4 cxxbridge1$str$ptr + 3161788
    14  libsystem_pthread.dylib             0x0000000199325c08 _pthread_start + 136
    15  libsystem_pthread.dylib             0x0000000199320ba8 thread_start + 8
/Users/vk/Documents/NxtWash Automation/nxtwash-automation/venv/lib/python3.11/site-packages/selenium/webdriver/support/wait.py:121: selenium.common.exceptions.TimeoutException: Message:
E   selenium.common.exceptions.TimeoutException: Message: 
    Stacktrace:
    0   chromedriver                        0x0000000104e25a84 cxxbridge1$str$ptr + 3195292
    1   chromedriver                        0x0000000104e1db4c cxxbridge1$str$ptr + 3162724
    2   chromedriver                        0x00000001048c72a4 _RNvCs9NA52FrZ4pF_7___rustc35___rust_no_alloc_shim_is_unstable_v2 + 73836
    3   chromedriver                        0x000000010490fa44 _RNvCs9NA52FrZ4pF_7___rustc35___rust_no_alloc_shim_is_unstable_v2 + 370700
    4   chromedriver                        0x000000010494f030 _RNvCs9NA52FrZ4pF_7___rustc35___rust_no_alloc_shim_is_unstable_v2 + 630264
    5   chromedriver                        0x0000000104905434 _RNvCs9NA52FrZ4pF_7___rustc35___rust_no_alloc_shim_is_unstable_v2 + 328188
    6   chromedriver                        0x0000000104de2c40 cxxbridge1$str$ptr + 2921304
    7   chromedriver                        0x0000000104de63b8 cxxbridge1$str$ptr + 2935504
    8   chromedriver                        0x0000000104dc90f8 cxxbridge1$str$ptr + 2816016
    9   chromedriver                        0x0000000104de6c4c cxxbridge1$str$ptr + 2937700
    10  chromedriver                        0x0000000104dba3b0 cxxbridge1$str$ptr + 2755272
    11  chromedriver                        0x0000000104e0c1f4 cxxbridge1$str$ptr + 3090700
    12  chromedriver                        0x0000000104e0c354 cxxbridge1$str$ptr + 3091052
    13  chromedriver                        0x0000000104e1d7a4 cxxbridge1$str$ptr + 3161788
    14  libsystem_pthread.dylib             0x0000000199325c08 _pthread_start + 136
    15  libsystem_pthread.dylib             0x0000000199320ba8 thread_start + 8
/Users/vk/Documents/NxtWash Automation/nxtwash-automation/venv/lib/python3.11/site-packages/selenium/webdriver/support/wait.py:121: selenium.common.exceptions.TimeoutException: Message:
E   selenium.common.exceptions.TimeoutException: Message: 
    Stacktrace:
    0   chromedriver                        0x00000001047a9a84 cxxbridge1$str$ptr + 3195292
    1   chromedriver                        0x00000001047a1b4c cxxbridge1$str$ptr + 3162724
    2   chromedriver                        0x000000010424b2a4 _RNvCs9NA52FrZ4pF_7___rustc35___rust_no_alloc_shim_is_unstable_v2 + 73836
    3   chromedriver                        0x0000000104293a44 _RNvCs9NA52FrZ4pF_7___rustc35___rust_no_alloc_shim_is_unstable_v2 + 370700
    4   chromedriver                        0x00000001042d3030 _RNvCs9NA52FrZ4pF_7___rustc35___rust_no_alloc_shim_is_unstable_v2 + 630264
    5   chromedriver                        0x0000000104289434 _RNvCs9NA52FrZ4pF_7___rustc35___rust_no_alloc_shim_is_unstable_v2 + 328188
    6   chromedriver                        0x0000000104766c40 cxxbridge1$str$ptr + 2921304
    7   chromedriver                        0x000000010476a3b8 cxxbridge1$str$ptr + 2935504
    8   chromedriver                        0x000000010474d0f8 cxxbridge1$str$ptr + 2816016
    9   chromedriver                        0x000000010476ac4c cxxbridge1$str$ptr + 2937700
    10  chromedriver                        0x000000010473e3b0 cxxbridge1$str$ptr + 2755272
    11  chromedriver                        0x00000001047901f4 cxxbridge1$str$ptr + 3090700
    12  chromedriver                        0x0000000104790354 cxxbridge1$str$ptr + 3091052
    13  chromedriver                        0x00000001047a17a4 cxxbridge1$str$ptr + 3161788
    14  libsystem_pthread.dylib             0x0000000199325c08 _pthread_start + 136
    15  libsystem_pthread.dylib             0x0000000199320ba8 thread_start + 8
/Users/vk/Documents/NxtWash Automation/nxtwash-automation/venv/lib/python3.11/site-packages/selenium/webdriver/support/wait.py:121: selenium.common.exceptions.TimeoutException: Message:
E   selenium.common.exceptions.TimeoutException: Message: 
    Stacktrace:
    0   chromedriver                        0x0000000105135a84 cxxbridge1$str$ptr + 3195292
    1   chromedriver                        0x000000010512db4c cxxbridge1$str$ptr + 3162724
    2   chromedriver                        0x0000000104bd72a4 _RNvCs9NA52FrZ4pF_7___rustc35___rust_no_alloc_shim_is_unstable_v2 + 73836
    3   chromedriver                        0x0000000104c1fa44 _RNvCs9NA52FrZ4pF_7___rustc35___rust_no_alloc_shim_is_unstable_v2 + 370700
    4   chromedriver                        0x0000000104c5f030 _RNvCs9NA52FrZ4pF_7___rustc35___rust_no_alloc_shim_is_unstable_v2 + 630264
    5   chromedriver                        0x0000000104c15434 _RNvCs9NA52FrZ4pF_7___rustc35___rust_no_alloc_shim_is_unstable_v2 + 328188
    6   chromedriver                        0x00000001050f2c40 cxxbridge1$str$ptr + 2921304
    7   chromedriver                        0x00000001050f63b8 cxxbridge1$str$ptr + 2935504
    8   chromedriver                        0x00000001050d90f8 cxxbridge1$str$ptr + 2816016
    9   chromedriver                        0x00000001050f6c4c cxxbridge1$str$ptr + 2937700
    10  chromedriver                        0x00000001050ca3b0 cxxbridge1$str$ptr + 2755272
    11  chromedriver                        0x000000010511c1f4 cxxbridge1$str$ptr + 3090700
    12  chromedriver                        0x000000010511c354 cxxbridge1$str$ptr + 3091052
    13  chromedriver                        0x000000010512d7a4 cxxbridge1$str$ptr + 3161788
    14  libsystem_pthread.dylib             0x0000000199325c08 _pthread_start + 136
    15  libsystem_pthread.dylib             0x0000000199320ba8 thread_start + 8
/Users/vk/Documents/NxtWash Automation/nxtwash-automation/venv/lib/python3.11/site-packages/selenium/webdriver/support/wait.py:121: selenium.common.exceptions.TimeoutException: Message:
E   selenium.common.exceptions.TimeoutException: Message: 
    Stacktrace:
    0   chromedriver                        0x0000000100f5da84 cxxbridge1$str$ptr + 3195292
    1   chromedriver                        0x0000000100f55b4c cxxbridge1$str$ptr + 3162724
    2   chromedriver                        0x00000001009ff2a4 _RNvCs9NA52FrZ4pF_7___rustc35___rust_no_alloc_shim_is_unstable_v2 + 73836
    3   chromedriver                        0x0000000100a47a44 _RNvCs9NA52FrZ4pF_7___rustc35___rust_no_alloc_shim_is_unstable_v2 + 370700
    4   chromedriver                        0x0000000100a87030 _RNvCs9NA52FrZ4pF_7___rustc35___rust_no_alloc_shim_is_unstable_v2 + 630264
    5   chromedriver                        0x0000000100a3d434 _RNvCs9NA52FrZ4pF_7___rustc35___rust_no_alloc_shim_is_unstable_v2 + 328188
    6   chromedriver                        0x0000000100f1ac40 cxxbridge1$str$ptr + 2921304
    7   chromedriver                        0x0000000100f1e3b8 cxxbridge1$str$ptr + 2935504
    8   chromedriver                        0x0000000100f010f8 cxxbridge1$str$ptr + 2816016
    9   chromedriver                        0x0000000100f1ec4c cxxbridge1$str$ptr + 2937700
    10  chromedriver                        0x0000000100ef23b0 cxxbridge1$str$ptr + 2755272
    11  chromedriver                        0x0000000100f441f4 cxxbridge1$str$ptr + 3090700
    12  chromedriver                        0x0000000100f44354 cxxbridge1$str$ptr + 3091052
    13  chromedriver                        0x0000000100f557a4 cxxbridge1$str$ptr + 3161788
    14  libsystem_pthread.dylib             0x0000000199325c08 _pthread_start + 136
    15  libsystem_pthread.dylib             0x0000000199320ba8 thread_start + 8
/Users/vk/Documents/NxtWash Automation/nxtwash-automation/venv/lib/python3.11/site-packages/selenium/webdriver/support/wait.py:121: selenium.common.exceptions.TimeoutException: Message:
E   selenium.common.exceptions.TimeoutException: Message: 
    Stacktrace:
    0   chromedriver                        0x00000001010b9a84 cxxbridge1$str$ptr + 3195292
    1   chromedriver                        0x00000001010b1b4c cxxbridge1$str$ptr + 3162724
    2   chromedriver                        0x0000000100b5b2a4 _RNvCs9NA52FrZ4pF_7___rustc35___rust_no_alloc_shim_is_unstable_v2 + 73836
    3   chromedriver                        0x0000000100ba3a44 _RNvCs9NA52FrZ4pF_7___rustc35___rust_no_alloc_shim_is_unstable_v2 + 370700
    4   chromedriver                        0x0000000100be3030 _RNvCs9NA52FrZ4pF_7___rustc35___rust_no_alloc_shim_is_unstable_v2 + 630264
    5   chromedriver                        0x0000000100b99434 _RNvCs9NA52FrZ4pF_7___rustc35___rust_no_alloc_shim_is_unstable_v2 + 328188
    6   chromedriver                        0x0000000101076c40 cxxbridge1$str$ptr + 2921304
    7   chromedriver                        0x000000010107a3b8 cxxbridge1$str$ptr + 2935504
    8   chromedriver                        0x000000010105d0f8 cxxbridge1$str$ptr + 2816016
    9   chromedriver                        0x000000010107ac4c cxxbridge1$str$ptr + 2937700
    10  chromedriver                        0x000000010104e3b0 cxxbridge1$str$ptr + 2755272
    11  chromedriver                        0x00000001010a01f4 cxxbridge1$str$ptr + 3090700
    12  chromedriver                        0x00000001010a0354 cxxbridge1$str$ptr + 3091052
    13  chromedriver                        0x00000001010b17a4 cxxbridge1$str$ptr + 3161788
    14  libsystem_pthread.dylib             0x0000000199325c08 _pthread_start + 136
    15  libsystem_pthread.dylib             0x0000000199320ba8 thread_start + 8
/Users/vk/Documents/NxtWash Automation/nxtwash-automation/venv/lib/python3.11/site-packages/selenium/webdriver/support/wait.py:121: selenium.common.exceptions.TimeoutException: Message:
E   selenium.common.exceptions.TimeoutException: Message: 
    Stacktrace:
    0   chromedriver                        0x0000000102761a84 cxxbridge1$str$ptr + 3195292
    1   chromedriver                        0x0000000102759b4c cxxbridge1$str$ptr + 3162724
    2   chromedriver                        0x00000001022032a4 _RNvCs9NA52FrZ4pF_7___rustc35___rust_no_alloc_shim_is_unstable_v2 + 73836
    3   chromedriver                        0x000000010224ba44 _RNvCs9NA52FrZ4pF_7___rustc35___rust_no_alloc_shim_is_unstable_v2 + 370700
    4   chromedriver                        0x000000010228b030 _RNvCs9NA52FrZ4pF_7___rustc35___rust_no_alloc_shim_is_unstable_v2 + 630264
    5   chromedriver                        0x0000000102241434 _RNvCs9NA52FrZ4pF_7___rustc35___rust_no_alloc_shim_is_unstable_v2 + 328188
    6   chromedriver                        0x000000010271ec40 cxxbridge1$str$ptr + 2921304
    7   chromedriver                        0x00000001027223b8 cxxbridge1$str$ptr + 2935504
    8   chromedriver                        0x00000001027050f8 cxxbridge1$str$ptr + 2816016
    9   chromedriver                        0x0000000102722c4c cxxbridge1$str$ptr + 2937700
    10  chromedriver                        0x00000001026f63b0 cxxbridge1$str$ptr + 2755272
    11  chromedriver                        0x00000001027481f4 cxxbridge1$str$ptr + 3090700
    12  chromedriver                        0x0000000102748354 cxxbridge1$str$ptr + 3091052
    13  chromedriver                        0x00000001027597a4 cxxbridge1$str$ptr + 3161788
    14  libsystem_pthread.dylib             0x0000000199325c08 _pthread_start + 136
    15  libsystem_pthread.dylib             0x0000000199320ba8 thread_start + 8
/Users/vk/Documents/NxtWash Automation/nxtwash-automation/venv/lib/python3.11/site-packages/selenium/webdriver/support/wait.py:121: selenium.common.exceptions.TimeoutException: Message:
E   selenium.common.exceptions.TimeoutException: Message: 
    Stacktrace:
    0   chromedriver                        0x00000001008dda84 cxxbridge1$str$ptr + 3195292
    1   chromedriver                        0x00000001008d5b4c cxxbridge1$str$ptr + 3162724
    2   chromedriver                        0x000000010037f2a4 _RNvCs9NA52FrZ4pF_7___rustc35___rust_no_alloc_shim_is_unstable_v2 + 73836
    3   chromedriver                        0x00000001003c7a44 _RNvCs9NA52FrZ4pF_7___rustc35___rust_no_alloc_shim_is_unstable_v2 + 370700
    4   chromedriver                        0x0000000100407030 _RNvCs9NA52FrZ4pF_7___rustc35___rust_no_alloc_shim_is_unstable_v2 + 630264
    5   chromedriver                        0x00000001003bd434 _RNvCs9NA52FrZ4pF_7___rustc35___rust_no_alloc_shim_is_unstable_v2 + 328188
    6   chromedriver                        0x000000010089ac40 cxxbridge1$str$ptr + 2921304
    7   chromedriver                        0x000000010089e3b8 cxxbridge1$str$ptr + 2935504
    8   chromedriver                        0x00000001008810f8 cxxbridge1$str$ptr + 2816016
    9   chromedriver                        0x000000010089ec4c cxxbridge1$str$ptr + 2937700
    10  chromedriver                        0x00000001008723b0 cxxbridge1$str$ptr + 2755272
    11  chromedriver                        0x00000001008c41f4 cxxbridge1$str$ptr + 3090700
    12  chromedriver                        0x00000001008c4354 cxxbridge1$str$ptr + 3091052
    13  chromedriver                        0x00000001008d57a4 cxxbridge1$str$ptr + 3161788
    14  libsystem_pthread.dylib             0x0000000199325c08 _pthread_start + 136
    15  libsystem_pthread.dylib             0x0000000199320ba8 thread_start + 8
/Users/vk/Documents/NxtWash Automation/nxtwash-automation/venv/lib/python3.11/site-packages/selenium/webdriver/support/wait.py:121: selenium.common.exceptions.TimeoutException: Message:
E   selenium.common.exceptions.TimeoutException: Message: 
    Stacktrace:
    0   chromedriver                        0x0000000101201a84 cxxbridge1$str$ptr + 3195292
    1   chromedriver                        0x00000001011f9b4c cxxbridge1$str$ptr + 3162724
    2   chromedriver                        0x0000000100ca32a4 _RNvCs9NA52FrZ4pF_7___rustc35___rust_no_alloc_shim_is_unstable_v2 + 73836
    3   chromedriver                        0x0000000100ceba44 _RNvCs9NA52FrZ4pF_7___rustc35___rust_no_alloc_shim_is_unstable_v2 + 370700
    4   chromedriver                        0x0000000100d2b030 _RNvCs9NA52FrZ4pF_7___rustc35___rust_no_alloc_shim_is_unstable_v2 + 630264
    5   chromedriver                        0x0000000100ce1434 _RNvCs9NA52FrZ4pF_7___rustc35___rust_no_alloc_shim_is_unstable_v2 + 328188
    6   chromedriver                        0x00000001011bec40 cxxbridge1$str$ptr + 2921304
    7   chromedriver                        0x00000001011c23b8 cxxbridge1$str$ptr + 2935504
    8   chromedriver                        0x00000001011a50f8 cxxbridge1$str$ptr + 2816016
    9   chromedriver                        0x00000001011c2c4c cxxbridge1$str$ptr + 2937700
    10  chromedriver                        0x00000001011963b0 cxxbridge1$str$ptr + 2755272
    11  chromedriver                        0x00000001011e81f4 cxxbridge1$str$ptr + 3090700
    12  chromedriver                        0x00000001011e8354 cxxbridge1$str$ptr + 3091052
    13  chromedriver                        0x00000001011f97a4 cxxbridge1$str$ptr + 3161788
    14  libsystem_pthread.dylib             0x0000000199325c08 _pthread_start + 136
    15  libsystem_pthread.dylib             0x0000000199320ba8 thread_start + 8
/Users/vk/Documents/NxtWash Automation/nxtwash-automation/venv/lib/python3.11/site-packages/selenium/webdriver/support/wait.py:121: selenium.common.exceptions.TimeoutException: Message:
E   selenium.common.exceptions.TimeoutException: Message: 
    Stacktrace:
    0   chromedriver                        0x00000001055a1a84 cxxbridge1$str$ptr + 3195292
    1   chromedriver                        0x0000000105599b4c cxxbridge1$str$ptr + 3162724
    2   chromedriver                        0x00000001050432a4 _RNvCs9NA52FrZ4pF_7___rustc35___rust_no_alloc_shim_is_unstable_v2 + 73836
    3   chromedriver                        0x000000010508ba44 _RNvCs9NA52FrZ4pF_7___rustc35___rust_no_alloc_shim_is_unstable_v2 + 370700
    4   chromedriver                        0x00000001050cb030 _RNvCs9NA52FrZ4pF_7___rustc35___rust_no_alloc_shim_is_unstable_v2 + 630264
    5   chromedriver                        0x0000000105081434 _RNvCs9NA52FrZ4pF_7___rustc35___rust_no_alloc_shim_is_unstable_v2 + 328188
    6   chromedriver                        0x000000010555ec40 cxxbridge1$str$ptr + 2921304
    7   chromedriver                        0x00000001055623b8 cxxbridge1$str$ptr + 2935504
    8   chromedriver                        0x00000001055450f8 cxxbridge1$str$ptr + 2816016
    9   chromedriver                        0x0000000105562c4c cxxbridge1$str$ptr + 2937700
    10  chromedriver                        0x00000001055363b0 cxxbridge1$str$ptr + 2755272
    11  chromedriver                        0x00000001055881f4 cxxbridge1$str$ptr + 3090700
    12  chromedriver                        0x0000000105588354 cxxbridge1$str$ptr + 3091052
    13  chromedriver                        0x00000001055997a4 cxxbridge1$str$ptr + 3161788
    14  libsystem_pthread.dylib             0x0000000199325c08 _pthread_start + 136
    15  libsystem_pthread.dylib             0x0000000199320ba8 thread_start + 8
/Users/vk/Documents/NxtWash Automation/nxtwash-automation/venv/lib/python3.11/site-packages/selenium/webdriver/support/wait.py:121: selenium.common.exceptions.TimeoutException: Message:
E   selenium.common.exceptions.TimeoutException: Message: 
    Stacktrace:
    0   chromedriver                        0x0000000100e91a84 cxxbridge1$str$ptr + 3195292
    1   chromedriver                        0x0000000100e89b4c cxxbridge1$str$ptr + 3162724
    2   chromedriver                        0x00000001009332a4 _RNvCs9NA52FrZ4pF_7___rustc35___rust_no_alloc_shim_is_unstable_v2 + 73836
    3   chromedriver                        0x000000010097ba44 _RNvCs9NA52FrZ4pF_7___rustc35___rust_no_alloc_shim_is_unstable_v2 + 370700
    4   chromedriver                        0x00000001009bb030 _RNvCs9NA52FrZ4pF_7___rustc35___rust_no_alloc_shim_is_unstable_v2 + 630264
    5   chromedriver                        0x0000000100971434 _RNvCs9NA52FrZ4pF_7___rustc35___rust_no_alloc_shim_is_unstable_v2 + 328188
    6   chromedriver                        0x0000000100e4ec40 cxxbridge1$str$ptr + 2921304
    7   chromedriver                        0x0000000100e523b8 cxxbridge1$str$ptr + 2935504
    8   chromedriver                        0x0000000100e350f8 cxxbridge1$str$ptr + 2816016
    9   chromedriver                        0x0000000100e52c4c cxxbridge1$str$ptr + 2937700
    10  chromedriver                        0x0000000100e263b0 cxxbridge1$str$ptr + 2755272
    11  chromedriver                        0x0000000100e781f4 cxxbridge1$str$ptr + 3090700
    12  chromedriver                        0x0000000100e78354 cxxbridge1$str$ptr + 3091052
    13  chromedriver                        0x0000000100e897a4 cxxbridge1$str$ptr + 3161788
    14  libsystem_pthread.dylib             0x0000000199325c08 _pthread_start + 136
    15  libsystem_pthread.dylib             0x0000000199320ba8 thread_start + 8
/Users/vk/Documents/NxtWash Automation/nxtwash-automation/venv/lib/python3.11/site-packages/selenium/webdriver/support/wait.py:121: selenium.common.exceptions.TimeoutException: Message:
E   selenium.common.exceptions.TimeoutException: Message: 
    Stacktrace:
    0   chromedriver                        0x0000000104975a84 cxxbridge1$str$ptr + 3195292
    1   chromedriver                        0x000000010496db4c cxxbridge1$str$ptr + 3162724
    2   chromedriver                        0x00000001044172a4 _RNvCs9NA52FrZ4pF_7___rustc35___rust_no_alloc_shim_is_unstable_v2 + 73836
    3   chromedriver                        0x000000010445fa44 _RNvCs9NA52FrZ4pF_7___rustc35___rust_no_alloc_shim_is_unstable_v2 + 370700
    4   chromedriver                        0x000000010449f030 _RNvCs9NA52FrZ4pF_7___rustc35___rust_no_alloc_shim_is_unstable_v2 + 630264
    5   chromedriver                        0x0000000104455434 _RNvCs9NA52FrZ4pF_7___rustc35___rust_no_alloc_shim_is_unstable_v2 + 328188
    6   chromedriver                        0x0000000104932c40 cxxbridge1$str$ptr + 2921304
    7   chromedriver                        0x00000001049363b8 cxxbridge1$str$ptr + 2935504
    8   chromedriver                        0x00000001049190f8 cxxbridge1$str$ptr + 2816016
    9   chromedriver                        0x0000000104936c4c cxxbridge1$str$ptr + 2937700
    10  chromedriver                        0x000000010490a3b0 cxxbridge1$str$ptr + 2755272
    11  chromedriver                        0x000000010495c1f4 cxxbridge1$str$ptr + 3090700
    12  chromedriver                        0x000000010495c354 cxxbridge1$str$ptr + 3091052
    13  chromedriver                        0x000000010496d7a4 cxxbridge1$str$ptr + 3161788
    14  libsystem_pthread.dylib             0x0000000199325c08 _pthread_start + 136
    15  libsystem_pthread.dylib             0x0000000199320ba8 thread_start + 8
/Users/vk/Documents/NxtWash Automation/nxtwash-automation/venv/lib/python3.11/site-packages/selenium/webdriver/support/wait.py:121: selenium.common.exceptions.TimeoutException: Message:
E   selenium.common.exceptions.TimeoutException: Message: 
    Stacktrace:
    0   chromedriver                        0x0000000104d39a84 cxxbridge1$str$ptr + 3195292
    1   chromedriver                        0x0000000104d31b4c cxxbridge1$str$ptr + 3162724
    2   chromedriver                        0x00000001047db2a4 _RNvCs9NA52FrZ4pF_7___rustc35___rust_no_alloc_shim_is_unstable_v2 + 73836
    3   chromedriver                        0x0000000104823a44 _RNvCs9NA52FrZ4pF_7___rustc35___rust_no_alloc_shim_is_unstable_v2 + 370700
    4   chromedriver                        0x0000000104863030 _RNvCs9NA52FrZ4pF_7___rustc35___rust_no_alloc_shim_is_unstable_v2 + 630264
    5   chromedriver                        0x0000000104819434 _RNvCs9NA52FrZ4pF_7___rustc35___rust_no_alloc_shim_is_unstable_v2 + 328188
    6   chromedriver                        0x0000000104cf6c40 cxxbridge1$str$ptr + 2921304
    7   chromedriver                        0x0000000104cfa3b8 cxxbridge1$str$ptr + 2935504
    8   chromedriver                        0x0000000104cdd0f8 cxxbridge1$str$ptr + 2816016
    9   chromedriver                        0x0000000104cfac4c cxxbridge1$str$ptr + 2937700
    10  chromedriver                        0x0000000104cce3b0 cxxbridge1$str$ptr + 2755272
    11  chromedriver                        0x0000000104d201f4 cxxbridge1$str$ptr + 3090700
    12  chromedriver                        0x0000000104d20354 cxxbridge1$str$ptr + 3091052
    13  chromedriver                        0x0000000104d317a4 cxxbridge1$str$ptr + 3161788
    14  libsystem_pthread.dylib             0x0000000199325c08 _pthread_start + 136
    15  libsystem_pthread.dylib             0x0000000199320ba8 thread_start + 8
/Users/vk/Documents/NxtWash Automation/nxtwash-automation/venv/lib/python3.11/site-packages/selenium/webdriver/support/wait.py:121: selenium.common.exceptions.TimeoutException: Message:
E   selenium.common.exceptions.TimeoutException: Message: 
    Stacktrace:
    0   chromedriver                        0x000000010153da84 cxxbridge1$str$ptr + 3195292
    1   chromedriver                        0x0000000101535b4c cxxbridge1$str$ptr + 3162724
    2   chromedriver                        0x0000000100fdf2a4 _RNvCs9NA52FrZ4pF_7___rustc35___rust_no_alloc_shim_is_unstable_v2 + 73836
    3   chromedriver                        0x0000000101027a44 _RNvCs9NA52FrZ4pF_7___rustc35___rust_no_alloc_shim_is_unstable_v2 + 370700
    4   chromedriver                        0x0000000101067030 _RNvCs9NA52FrZ4pF_7___rustc35___rust_no_alloc_shim_is_unstable_v2 + 630264
    5   chromedriver                        0x000000010101d434 _RNvCs9NA52FrZ4pF_7___rustc35___rust_no_alloc_shim_is_unstable_v2 + 328188
    6   chromedriver                        0x00000001014fac40 cxxbridge1$str$ptr + 2921304
    7   chromedriver                        0x00000001014fe3b8 cxxbridge1$str$ptr + 2935504
    8   chromedriver                        0x00000001014e10f8 cxxbridge1$str$ptr + 2816016
    9   chromedriver                        0x00000001014fec4c cxxbridge1$str$ptr + 2937700
    10  chromedriver                        0x00000001014d23b0 cxxbridge1$str$ptr + 2755272
    11  chromedriver                        0x00000001015241f4 cxxbridge1$str$ptr + 3090700
    12  chromedriver                        0x0000000101524354 cxxbridge1$str$ptr + 3091052
    13  chromedriver                        0x00000001015357a4 cxxbridge1$str$ptr + 3161788
    14  libsystem_pthread.dylib             0x0000000199325c08 _pthread_start + 136
    15  libsystem_pthread.dylib             0x0000000199320ba8 thread_start + 8
/Users/vk/Documents/NxtWash Automation/nxtwash-automation/venv/lib/python3.11/site-packages/selenium/webdriver/support/wait.py:121: selenium.common.exceptions.TimeoutException: Message:
E   selenium.common.exceptions.TimeoutException: Message: 
    Stacktrace:
    0   chromedriver                        0x0000000103045a84 cxxbridge1$str$ptr + 3195292
    1   chromedriver                        0x000000010303db4c cxxbridge1$str$ptr + 3162724
    2   chromedriver                        0x0000000102ae72a4 _RNvCs9NA52FrZ4pF_7___rustc35___rust_no_alloc_shim_is_unstable_v2 + 73836
    3   chromedriver                        0x0000000102b2fa44 _RNvCs9NA52FrZ4pF_7___rustc35___rust_no_alloc_shim_is_unstable_v2 + 370700
    4   chromedriver                        0x0000000102b6f030 _RNvCs9NA52FrZ4pF_7___rustc35___rust_no_alloc_shim_is_unstable_v2 + 630264
    5   chromedriver                        0x0000000102b25434 _RNvCs9NA52FrZ4pF_7___rustc35___rust_no_alloc_shim_is_unstable_v2 + 328188
    6   chromedriver                        0x0000000103002c40 cxxbridge1$str$ptr + 2921304
    7   chromedriver                        0x00000001030063b8 cxxbridge1$str$ptr + 2935504
    8   chromedriver                        0x0000000102fe90f8 cxxbridge1$str$ptr + 2816016
    9   chromedriver                        0x0000000103006c4c cxxbridge1$str$ptr + 2937700
    10  chromedriver                        0x0000000102fda3b0 cxxbridge1$str$ptr + 2755272
    11  chromedriver                        0x000000010302c1f4 cxxbridge1$str$ptr + 3090700
    12  chromedriver                        0x000000010302c354 cxxbridge1$str$ptr + 3091052
    13  chromedriver                        0x000000010303d7a4 cxxbridge1$str$ptr + 3161788
    14  libsystem_pthread.dylib             0x0000000199325c08 _pthread_start + 136
    15  libsystem_pthread.dylib             0x0000000199320ba8 thread_start + 8
/Users/vk/Documents/NxtWash Automation/nxtwash-automation/venv/lib/python3.11/site-packages/selenium/webdriver/support/wait.py:121: selenium.common.exceptions.TimeoutException: Message:
E   selenium.common.exceptions.TimeoutException: Message: 
    Stacktrace:
    0   chromedriver                        0x00000001007a1a84 cxxbridge1$str$ptr + 3195292
    1   chromedriver                        0x0000000100799b4c cxxbridge1$str$ptr + 3162724
    2   chromedriver                        0x00000001002432a4 _RNvCs9NA52FrZ4pF_7___rustc35___rust_no_alloc_shim_is_unstable_v2 + 73836
    3   chromedriver                        0x000000010028ba44 _RNvCs9NA52FrZ4pF_7___rustc35___rust_no_alloc_shim_is_unstable_v2 + 370700
    4   chromedriver                        0x00000001002cb030 _RNvCs9NA52FrZ4pF_7___rustc35___rust_no_alloc_shim_is_unstable_v2 + 630264
    5   chromedriver                        0x0000000100281434 _RNvCs9NA52FrZ4pF_7___rustc35___rust_no_alloc_shim_is_unstable_v2 + 328188
    6   chromedriver                        0x000000010075ec40 cxxbridge1$str$ptr + 2921304
    7   chromedriver                        0x00000001007623b8 cxxbridge1$str$ptr + 2935504
    8   chromedriver                        0x00000001007450f8 cxxbridge1$str$ptr + 2816016
    9   chromedriver                        0x0000000100762c4c cxxbridge1$str$ptr + 2937700
    10  chromedriver                        0x00000001007363b0 cxxbridge1$str$ptr + 2755272
    11  chromedriver                        0x00000001007881f4 cxxbridge1$str$ptr + 3090700
    12  chromedriver                        0x0000000100788354 cxxbridge1$str$ptr + 3091052
    13  chromedriver                        0x00000001007997a4 cxxbridge1$str$ptr + 3161788
    14  libsystem_pthread.dylib             0x0000000199325c08 _pthread_start + 136
    15  libsystem_pthread.dylib             0x0000000199320ba8 thread_start + 8
/Users/vk/Documents/NxtWash Automation/nxtwash-automation/venv/lib/python3.11/site-packages/selenium/webdriver/support/wait.py:121: selenium.common.exceptions.TimeoutException: Message:
E   selenium.common.exceptions.TimeoutException: Message: 
    Stacktrace:
    0   chromedriver                        0x00000001052f9a84 cxxbridge1$str$ptr + 3195292
    1   chromedriver                        0x00000001052f1b4c cxxbridge1$str$ptr + 3162724
    2   chromedriver                        0x0000000104d9b2a4 _RNvCs9NA52FrZ4pF_7___rustc35___rust_no_alloc_shim_is_unstable_v2 + 73836
    3   chromedriver                        0x0000000104de3a44 _RNvCs9NA52FrZ4pF_7___rustc35___rust_no_alloc_shim_is_unstable_v2 + 370700
    4   chromedriver                        0x0000000104e23030 _RNvCs9NA52FrZ4pF_7___rustc35___rust_no_alloc_shim_is_unstable_v2 + 630264
    5   chromedriver                        0x0000000104dd9434 _RNvCs9NA52FrZ4pF_7___rustc35___rust_no_alloc_shim_is_unstable_v2 + 328188
    6   chromedriver                        0x00000001052b6c40 cxxbridge1$str$ptr + 2921304
    7   chromedriver                        0x00000001052ba3b8 cxxbridge1$str$ptr + 2935504
    8   chromedriver                        0x000000010529d0f8 cxxbridge1$str$ptr + 2816016
    9   chromedriver                        0x00000001052bac4c cxxbridge1$str$ptr + 2937700
    10  chromedriver                        0x000000010528e3b0 cxxbridge1$str$ptr + 2755272
    11  chromedriver                        0x00000001052e01f4 cxxbridge1$str$ptr + 3090700
    12  chromedriver                        0x00000001052e0354 cxxbridge1$str$ptr + 3091052
    13  chromedriver                        0x00000001052f17a4 cxxbridge1$str$ptr + 3161788
    14  libsystem_pthread.dylib             0x0000000199325c08 _pthread_start + 136
    15  libsystem_pthread.dylib             0x0000000199320ba8 thread_start + 8
/Users/vk/Documents/NxtWash Automation/nxtwash-automation/venv/lib/python3.11/site-packages/selenium/webdriver/support/wait.py:121: selenium.common.exceptions.TimeoutException: Message:
E   selenium.common.exceptions.TimeoutException: Message: 
    Stacktrace:
    0   chromedriver                        0x0000000102871a84 cxxbridge1$str$ptr + 3195292
    1   chromedriver                        0x0000000102869b4c cxxbridge1$str$ptr + 3162724
    2   chromedriver                        0x00000001023132a4 _RNvCs9NA52FrZ4pF_7___rustc35___rust_no_alloc_shim_is_unstable_v2 + 73836
    3   chromedriver                        0x000000010235ba44 _RNvCs9NA52FrZ4pF_7___rustc35___rust_no_alloc_shim_is_unstable_v2 + 370700
    4   chromedriver                        0x000000010239b030 _RNvCs9NA52FrZ4pF_7___rustc35___rust_no_alloc_shim_is_unstable_v2 + 630264
    5   chromedriver                        0x0000000102351434 _RNvCs9NA52FrZ4pF_7___rustc35___rust_no_alloc_shim_is_unstable_v2 + 328188
    6   chromedriver                        0x000000010282ec40 cxxbridge1$str$ptr + 2921304
    7   chromedriver                        0x00000001028323b8 cxxbridge1$str$ptr + 2935504
    8   chromedriver                        0x00000001028150f8 cxxbridge1$str$ptr + 2816016
    9   chromedriver                        0x0000000102832c4c cxxbridge1$str$ptr + 2937700
    10  chromedriver                        0x00000001028063b0 cxxbridge1$str$ptr + 2755272
    11  chromedriver                        0x00000001028581f4 cxxbridge1$str$ptr + 3090700
    12  chromedriver                        0x0000000102858354 cxxbridge1$str$ptr + 3091052
    13  chromedriver                        0x00000001028697a4 cxxbridge1$str$ptr + 3161788
    14  libsystem_pthread.dylib             0x0000000199325c08 _pthread_start + 136
    15  libsystem_pthread.dylib             0x0000000199320ba8 thread_start + 8
/Users/vk/Documents/NxtWash Automation/nxtwash-automation/venv/lib/python3.11/site-packages/selenium/webdriver/support/wait.py:121: selenium.common.exceptions.TimeoutException: Message:
E   selenium.common.exceptions.TimeoutException: Message: 
    Stacktrace:
    0   chromedriver                        0x0000000104f39a84 cxxbridge1$str$ptr + 3195292
    1   chromedriver                        0x0000000104f31b4c cxxbridge1$str$ptr + 3162724
    2   chromedriver                        0x00000001049db2a4 _RNvCs9NA52FrZ4pF_7___rustc35___rust_no_alloc_shim_is_unstable_v2 + 73836
    3   chromedriver                        0x0000000104a23a44 _RNvCs9NA52FrZ4pF_7___rustc35___rust_no_alloc_shim_is_unstable_v2 + 370700
    4   chromedriver                        0x0000000104a63030 _RNvCs9NA52FrZ4pF_7___rustc35___rust_no_alloc_shim_is_unstable_v2 + 630264
    5   chromedriver                        0x0000000104a19434 _RNvCs9NA52FrZ4pF_7___rustc35___rust_no_alloc_shim_is_unstable_v2 + 328188
    6   chromedriver                        0x0000000104ef6c40 cxxbridge1$str$ptr + 2921304
    7   chromedriver                        0x0000000104efa3b8 cxxbridge1$str$ptr + 2935504
    8   chromedriver                        0x0000000104edd0f8 cxxbridge1$str$ptr + 2816016
    9   chromedriver                        0x0000000104efac4c cxxbridge1$str$ptr + 2937700
    10  chromedriver                        0x0000000104ece3b0 cxxbridge1$str$ptr + 2755272
    11  chromedriver                        0x0000000104f201f4 cxxbridge1$str$ptr + 3090700
    12  chromedriver                        0x0000000104f20354 cxxbridge1$str$ptr + 3091052
    13  chromedriver                        0x0000000104f317a4 cxxbridge1$str$ptr + 3161788
    14  libsystem_pthread.dylib             0x0000000199325c08 _pthread_start + 136
    15  libsystem_pthread.dylib             0x0000000199320ba8 thread_start + 8
/Users/vk/Documents/NxtWash Automation/nxtwash-automation/venv/lib/python3.11/site-packages/selenium/webdriver/support/wait.py:121: selenium.common.exceptions.TimeoutException: Message:
E   selenium.common.exceptions.TimeoutException: Message: 
    Stacktrace:
    0   chromedriver                        0x0000000103411a84 cxxbridge1$str$ptr + 3195292
    1   chromedriver                        0x0000000103409b4c cxxbridge1$str$ptr + 3162724
    2   chromedriver                        0x0000000102eb32a4 _RNvCs9NA52FrZ4pF_7___rustc35___rust_no_alloc_shim_is_unstable_v2 + 73836
    3   chromedriver                        0x0000000102efba44 _RNvCs9NA52FrZ4pF_7___rustc35___rust_no_alloc_shim_is_unstable_v2 + 370700
    4   chromedriver                        0x0000000102f3b030 _RNvCs9NA52FrZ4pF_7___rustc35___rust_no_alloc_shim_is_unstable_v2 + 630264
    5   chromedriver                        0x0000000102ef1434 _RNvCs9NA52FrZ4pF_7___rustc35___rust_no_alloc_shim_is_unstable_v2 + 328188
    6   chromedriver                        0x00000001033cec40 cxxbridge1$str$ptr + 2921304
    7   chromedriver                        0x00000001033d23b8 cxxbridge1$str$ptr + 2935504
    8   chromedriver                        0x00000001033b50f8 cxxbridge1$str$ptr + 2816016
    9   chromedriver                        0x00000001033d2c4c cxxbridge1$str$ptr + 2937700
    10  chromedriver                        0x00000001033a63b0 cxxbridge1$str$ptr + 2755272
    11  chromedriver                        0x00000001033f81f4 cxxbridge1$str$ptr + 3090700
    12  chromedriver                        0x00000001033f8354 cxxbridge1$str$ptr + 3091052
    13  chromedriver                        0x00000001034097a4 cxxbridge1$str$ptr + 3161788
    14  libsystem_pthread.dylib             0x0000000199325c08 _pthread_start + 136
    15  libsystem_pthread.dylib             0x0000000199320ba8 thread_start + 8
/Users/vk/Documents/NxtWash Automation/nxtwash-automation/venv/lib/python3.11/site-packages/selenium/webdriver/support/wait.py:121: selenium.common.exceptions.TimeoutException: Message:
E   selenium.common.exceptions.TimeoutException: Message: 
    Stacktrace:
    0   chromedriver                        0x0000000100c11a84 cxxbridge1$str$ptr + 3195292
    1   chromedriver                        0x0000000100c09b4c cxxbridge1$str$ptr + 3162724
    2   chromedriver                        0x00000001006b32a4 _RNvCs9NA52FrZ4pF_7___rustc35___rust_no_alloc_shim_is_unstable_v2 + 73836
    3   chromedriver                        0x00000001006fba44 _RNvCs9NA52FrZ4pF_7___rustc35___rust_no_alloc_shim_is_unstable_v2 + 370700
    4   chromedriver                        0x000000010073b030 _RNvCs9NA52FrZ4pF_7___rustc35___rust_no_alloc_shim_is_unstable_v2 + 630264
    5   chromedriver                        0x00000001006f1434 _RNvCs9NA52FrZ4pF_7___rustc35___rust_no_alloc_shim_is_unstable_v2 + 328188
    6   chromedriver                        0x0000000100bcec40 cxxbridge1$str$ptr + 2921304
    7   chromedriver                        0x0000000100bd23b8 cxxbridge1$str$ptr + 2935504
    8   chromedriver                        0x0000000100bb50f8 cxxbridge1$str$ptr + 2816016
    9   chromedriver                        0x0000000100bd2c4c cxxbridge1$str$ptr + 2937700
    10  chromedriver                        0x0000000100ba63b0 cxxbridge1$str$ptr + 2755272
    11  chromedriver                        0x0000000100bf81f4 cxxbridge1$str$ptr + 3090700
    12  chromedriver                        0x0000000100bf8354 cxxbridge1$str$ptr + 3091052
    13  chromedriver                        0x0000000100c097a4 cxxbridge1$str$ptr + 3161788
    14  libsystem_pthread.dylib             0x0000000199325c08 _pthread_start + 136
    15  libsystem_pthread.dylib             0x0000000199320ba8 thread_start + 8
/Users/vk/Documents/NxtWash Automation/nxtwash-automation/venv/lib/python3.11/site-packages/selenium/webdriver/support/wait.py:121: selenium.common.exceptions.TimeoutException: Message:
E   selenium.common.exceptions.TimeoutException: Message: 
    Stacktrace:
    0   chromedriver                        0x00000001013bda84 cxxbridge1$str$ptr + 3195292
    1   chromedriver                        0x00000001013b5b4c cxxbridge1$str$ptr + 3162724
    2   chromedriver                        0x0000000100e5f2a4 _RNvCs9NA52FrZ4pF_7___rustc35___rust_no_alloc_shim_is_unstable_v2 + 73836
    3   chromedriver                        0x0000000100ea7a44 _RNvCs9NA52FrZ4pF_7___rustc35___rust_no_alloc_shim_is_unstable_v2 + 370700
    4   chromedriver                        0x0000000100ee7030 _RNvCs9NA52FrZ4pF_7___rustc35___rust_no_alloc_shim_is_unstable_v2 + 630264
    5   chromedriver                        0x0000000100e9d434 _RNvCs9NA52FrZ4pF_7___rustc35___rust_no_alloc_shim_is_unstable_v2 + 328188
    6   chromedriver                        0x000000010137ac40 cxxbridge1$str$ptr + 2921304
    7   chromedriver                        0x000000010137e3b8 cxxbridge1$str$ptr + 2935504
    8   chromedriver                        0x00000001013610f8 cxxbridge1$str$ptr + 2816016
    9   chromedriver                        0x000000010137ec4c cxxbridge1$str$ptr + 2937700
    10  chromedriver                        0x00000001013523b0 cxxbridge1$str$ptr + 2755272
    11  chromedriver                        0x00000001013a41f4 cxxbridge1$str$ptr + 3090700
    12  chromedriver                        0x00000001013a4354 cxxbridge1$str$ptr + 3091052
    13  chromedriver                        0x00000001013b57a4 cxxbridge1$str$ptr + 3161788
    14  libsystem_pthread.dylib             0x0000000199325c08 _pthread_start + 136
    15  libsystem_pthread.dylib             0x0000000199320ba8 thread_start + 8
/Users/vk/Documents/NxtWash Automation/nxtwash-automation/venv/lib/python3.11/site-packages/selenium/webdriver/support/wait.py:121: selenium.common.exceptions.TimeoutException: Message:
E   selenium.common.exceptions.TimeoutException: Message: 
    Stacktrace:
    0   chromedriver                        0x000000010115da84 cxxbridge1$str$ptr + 3195292
    1   chromedriver                        0x0000000101155b4c cxxbridge1$str$ptr + 3162724
    2   chromedriver                        0x0000000100bff2a4 _RNvCs9NA52FrZ4pF_7___rustc35___rust_no_alloc_shim_is_unstable_v2 + 73836
    3   chromedriver                        0x0000000100c47a44 _RNvCs9NA52FrZ4pF_7___rustc35___rust_no_alloc_shim_is_unstable_v2 + 370700
    4   chromedriver                        0x0000000100c87030 _RNvCs9NA52FrZ4pF_7___rustc35___rust_no_alloc_shim_is_unstable_v2 + 630264
    5   chromedriver                        0x0000000100c3d434 _RNvCs9NA52FrZ4pF_7___rustc35___rust_no_alloc_shim_is_unstable_v2 + 328188
    6   chromedriver                        0x000000010111ac40 cxxbridge1$str$ptr + 2921304
    7   chromedriver                        0x000000010111e3b8 cxxbridge1$str$ptr + 2935504
    8   chromedriver                        0x00000001011010f8 cxxbridge1$str$ptr + 2816016
    9   chromedriver                        0x000000010111ec4c cxxbridge1$str$ptr + 2937700
    10  chromedriver                        0x00000001010f23b0 cxxbridge1$str$ptr + 2755272
    11  chromedriver                        0x00000001011441f4 cxxbridge1$str$ptr + 3090700
    12  chromedriver                        0x0000000101144354 cxxbridge1$str$ptr + 3091052
    13  chromedriver                        0x00000001011557a4 cxxbridge1$str$ptr + 3161788
    14  libsystem_pthread.dylib             0x0000000199325c08 _pthread_start + 136
    15  libsystem_pthread.dylib             0x0000000199320ba8 thread_start + 8
/Users/vk/Documents/NxtWash Automation/nxtwash-automation/venv/lib/python3.11/site-packages/selenium/webdriver/support/wait.py:121: selenium.common.exceptions.TimeoutException: Message:
E   selenium.common.exceptions.TimeoutException: Message: 
    Stacktrace:
    0   chromedriver                        0x0000000104d2da84 cxxbridge1$str$ptr + 3195292
    1   chromedriver                        0x0000000104d25b4c cxxbridge1$str$ptr + 3162724
    2   chromedriver                        0x00000001047cf2a4 _RNvCs9NA52FrZ4pF_7___rustc35___rust_no_alloc_shim_is_unstable_v2 + 73836
    3   chromedriver                        0x0000000104817a44 _RNvCs9NA52FrZ4pF_7___rustc35___rust_no_alloc_shim_is_unstable_v2 + 370700
    4   chromedriver                        0x0000000104857030 _RNvCs9NA52FrZ4pF_7___rustc35___rust_no_alloc_shim_is_unstable_v2 + 630264
    5   chromedriver                        0x000000010480d434 _RNvCs9NA52FrZ4pF_7___rustc35___rust_no_alloc_shim_is_unstable_v2 + 328188
    6   chromedriver                        0x0000000104ceac40 cxxbridge1$str$ptr + 2921304
    7   chromedriver                        0x0000000104cee3b8 cxxbridge1$str$ptr + 2935504
    8   chromedriver                        0x0000000104cd10f8 cxxbridge1$str$ptr + 2816016
    9   chromedriver                        0x0000000104ceec4c cxxbridge1$str$ptr + 2937700
    10  chromedriver                        0x0000000104cc23b0 cxxbridge1$str$ptr + 2755272
    11  chromedriver                        0x0000000104d141f4 cxxbridge1$str$ptr + 3090700
    12  chromedriver                        0x0000000104d14354 cxxbridge1$str$ptr + 3091052
    13  chromedriver                        0x0000000104d257a4 cxxbridge1$str$ptr + 3161788
    14  libsystem_pthread.dylib             0x0000000199325c08 _pthread_start + 136
    15  libsystem_pthread.dylib             0x0000000199320ba8 thread_start + 8
/Users/vk/Documents/NxtWash Automation/nxtwash-automation/venv/lib/python3.11/site-packages/selenium/webdriver/support/wait.py:121: selenium.common.exceptions.TimeoutException: Message:
E   selenium.common.exceptions.TimeoutException: Message: 
    Stacktrace:
    0   chromedriver                        0x000000010085da84 cxxbridge1$str$ptr + 3195292
    1   chromedriver                        0x0000000100855b4c cxxbridge1$str$ptr + 3162724
    2   chromedriver                        0x00000001002ff2a4 _RNvCs9NA52FrZ4pF_7___rustc35___rust_no_alloc_shim_is_unstable_v2 + 73836
    3   chromedriver                        0x0000000100347a44 _RNvCs9NA52FrZ4pF_7___rustc35___rust_no_alloc_shim_is_unstable_v2 + 370700
    4   chromedriver                        0x0000000100387030 _RNvCs9NA52FrZ4pF_7___rustc35___rust_no_alloc_shim_is_unstable_v2 + 630264
    5   chromedriver                        0x000000010033d434 _RNvCs9NA52FrZ4pF_7___rustc35___rust_no_alloc_shim_is_unstable_v2 + 328188
    6   chromedriver                        0x000000010081ac40 cxxbridge1$str$ptr + 2921304
    7   chromedriver                        0x000000010081e3b8 cxxbridge1$str$ptr + 2935504
    8   chromedriver                        0x00000001008010f8 cxxbridge1$str$ptr + 2816016
    9   chromedriver                        0x000000010081ec4c cxxbridge1$str$ptr + 2937700
    10  chromedriver                        0x00000001007f23b0 cxxbridge1$str$ptr + 2755272
    11  chromedriver                        0x00000001008441f4 cxxbridge1$str$ptr + 3090700
    12  chromedriver                        0x0000000100844354 cxxbridge1$str$ptr + 3091052
    13  chromedriver                        0x00000001008557a4 cxxbridge1$str$ptr + 3161788
    14  libsystem_pthread.dylib             0x0000000199325c08 _pthread_start + 136
    15  libsystem_pthread.dylib             0x0000000199320ba8 thread_start + 8
/Users/vk/Documents/NxtWash Automation/nxtwash-automation/venv/lib/python3.11/site-packages/selenium/webdriver/support/wait.py:121: selenium.common.exceptions.TimeoutException: Message:
E   selenium.common.exceptions.TimeoutException: Message: 
    Stacktrace:
    0   chromedriver                        0x0000000100991a84 cxxbridge1$str$ptr + 3195292
    1   chromedriver                        0x0000000100989b4c cxxbridge1$str$ptr + 3162724
    2   chromedriver                        0x00000001004332a4 _RNvCs9NA52FrZ4pF_7___rustc35___rust_no_alloc_shim_is_unstable_v2 + 73836
    3   chromedriver                        0x000000010047ba44 _RNvCs9NA52FrZ4pF_7___rustc35___rust_no_alloc_shim_is_unstable_v2 + 370700
    4   chromedriver                        0x00000001004bb030 _RNvCs9NA52FrZ4pF_7___rustc35___rust_no_alloc_shim_is_unstable_v2 + 630264
    5   chromedriver                        0x0000000100471434 _RNvCs9NA52FrZ4pF_7___rustc35___rust_no_alloc_shim_is_unstable_v2 + 328188
    6   chromedriver                        0x000000010094ec40 cxxbridge1$str$ptr + 2921304
    7   chromedriver                        0x00000001009523b8 cxxbridge1$str$ptr + 2935504
    8   chromedriver                        0x00000001009350f8 cxxbridge1$str$ptr + 2816016
    9   chromedriver                        0x0000000100952c4c cxxbridge1$str$ptr + 2937700
    10  chromedriver                        0x00000001009263b0 cxxbridge1$str$ptr + 2755272
    11  chromedriver                        0x00000001009781f4 cxxbridge1$str$ptr + 3090700
    12  chromedriver                        0x0000000100978354 cxxbridge1$str$ptr + 3091052
    13  chromedriver                        0x00000001009897a4 cxxbridge1$str$ptr + 3161788
    14  libsystem_pthread.dylib             0x0000000199325c08 _pthread_start + 136
    15  libsystem_pthread.dylib             0x0000000199320ba8 thread_start + 8
/Users/vk/Documents/NxtWash Automation/nxtwash-automation/venv/lib/python3.11/site-packages/selenium/webdriver/support/wait.py:121: selenium.common.exceptions.TimeoutException: Message:
E   selenium.common.exceptions.TimeoutException: Message: 
    Stacktrace:
    0   chromedriver                        0x0000000103425a84 cxxbridge1$str$ptr + 3195292
    1   chromedriver                        0x000000010341db4c cxxbridge1$str$ptr + 3162724
    2   chromedriver                        0x0000000102ec72a4 _RNvCs9NA52FrZ4pF_7___rustc35___rust_no_alloc_shim_is_unstable_v2 + 73836
    3   chromedriver                        0x0000000102f0fa44 _RNvCs9NA52FrZ4pF_7___rustc35___rust_no_alloc_shim_is_unstable_v2 + 370700
    4   chromedriver                        0x0000000102f4f030 _RNvCs9NA52FrZ4pF_7___rustc35___rust_no_alloc_shim_is_unstable_v2 + 630264
    5   chromedriver                        0x0000000102f05434 _RNvCs9NA52FrZ4pF_7___rustc35___rust_no_alloc_shim_is_unstable_v2 + 328188
    6   chromedriver                        0x00000001033e2c40 cxxbridge1$str$ptr + 2921304
    7   chromedriver                        0x00000001033e63b8 cxxbridge1$str$ptr + 2935504
    8   chromedriver                        0x00000001033c90f8 cxxbridge1$str$ptr + 2816016
    9   chromedriver                        0x00000001033e6c4c cxxbridge1$str$ptr + 2937700
    10  chromedriver                        0x00000001033ba3b0 cxxbridge1$str$ptr + 2755272
    11  chromedriver                        0x000000010340c1f4 cxxbridge1$str$ptr + 3090700
    12  chromedriver                        0x000000010340c354 cxxbridge1$str$ptr + 3091052
    13  chromedriver                        0x000000010341d7a4 cxxbridge1$str$ptr + 3161788
    14  libsystem_pthread.dylib             0x0000000199325c08 _pthread_start + 136
    15  libsystem_pthread.dylib             0x0000000199320ba8 thread_start + 8
/Users/vk/Documents/NxtWash Automation/nxtwash-automation/venv/lib/python3.11/site-packages/selenium/webdriver/support/wait.py:121: selenium.common.exceptions.TimeoutException: Message:
E   selenium.common.exceptions.TimeoutException: Message: 
    Stacktrace:
    0   chromedriver                        0x0000000102ec9a84 cxxbridge1$str$ptr + 3195292
    1   chromedriver                        0x0000000102ec1b4c cxxbridge1$str$ptr + 3162724
    2   chromedriver                        0x000000010296b2a4 _RNvCs9NA52FrZ4pF_7___rustc35___rust_no_alloc_shim_is_unstable_v2 + 73836
    3   chromedriver                        0x00000001029b3a44 _RNvCs9NA52FrZ4pF_7___rustc35___rust_no_alloc_shim_is_unstable_v2 + 370700
    4   chromedriver                        0x00000001029f3030 _RNvCs9NA52FrZ4pF_7___rustc35___rust_no_alloc_shim_is_unstable_v2 + 630264
    5   chromedriver                        0x00000001029a9434 _RNvCs9NA52FrZ4pF_7___rustc35___rust_no_alloc_shim_is_unstable_v2 + 328188
    6   chromedriver                        0x0000000102e86c40 cxxbridge1$str$ptr + 2921304
    7   chromedriver                        0x0000000102e8a3b8 cxxbridge1$str$ptr + 2935504
    8   chromedriver                        0x0000000102e6d0f8 cxxbridge1$str$ptr + 2816016
    9   chromedriver                        0x0000000102e8ac4c cxxbridge1$str$ptr + 2937700
    10  chromedriver                        0x0000000102e5e3b0 cxxbridge1$str$ptr + 2755272
    11  chromedriver                        0x0000000102eb01f4 cxxbridge1$str$ptr + 3090700
    12  chromedriver                        0x0000000102eb0354 cxxbridge1$str$ptr + 3091052
    13  chromedriver                        0x0000000102ec17a4 cxxbridge1$str$ptr + 3161788
    14  libsystem_pthread.dylib             0x0000000199325c08 _pthread_start + 136
    15  libsystem_pthread.dylib             0x0000000199320ba8 thread_start + 8
/Users/vk/Documents/NxtWash Automation/nxtwash-automation/venv/lib/python3.11/site-packages/selenium/webdriver/support/wait.py:121: selenium.common.exceptions.TimeoutException: Message:
E   selenium.common.exceptions.TimeoutException: Message: 
    Stacktrace:
    0   chromedriver                        0x00000001049c1a84 cxxbridge1$str$ptr + 3195292
    1   chromedriver                        0x00000001049b9b4c cxxbridge1$str$ptr + 3162724
    2   chromedriver                        0x00000001044632a4 _RNvCs9NA52FrZ4pF_7___rustc35___rust_no_alloc_shim_is_unstable_v2 + 73836
    3   chromedriver                        0x00000001044aba44 _RNvCs9NA52FrZ4pF_7___rustc35___rust_no_alloc_shim_is_unstable_v2 + 370700
    4   chromedriver                        0x00000001044eb030 _RNvCs9NA52FrZ4pF_7___rustc35___rust_no_alloc_shim_is_unstable_v2 + 630264
    5   chromedriver                        0x00000001044a1434 _RNvCs9NA52FrZ4pF_7___rustc35___rust_no_alloc_shim_is_unstable_v2 + 328188
    6   chromedriver                        0x000000010497ec40 cxxbridge1$str$ptr + 2921304
    7   chromedriver                        0x00000001049823b8 cxxbridge1$str$ptr + 2935504
    8   chromedriver                        0x00000001049650f8 cxxbridge1$str$ptr + 2816016
    9   chromedriver                        0x0000000104982c4c cxxbridge1$str$ptr + 2937700
    10  chromedriver                        0x00000001049563b0 cxxbridge1$str$ptr + 2755272
    11  chromedriver                        0x00000001049a81f4 cxxbridge1$str$ptr + 3090700
    12  chromedriver                        0x00000001049a8354 cxxbridge1$str$ptr + 3091052
    13  chromedriver                        0x00000001049b97a4 cxxbridge1$str$ptr + 3161788
    14  libsystem_pthread.dylib             0x0000000199325c08 _pthread_start + 136
    15  libsystem_pthread.dylib             0x0000000199320ba8 thread_start + 8
/Users/vk/Documents/NxtWash Automation/nxtwash-automation/venv/lib/python3.11/site-packages/selenium/webdriver/support/wait.py:121: selenium.common.exceptions.TimeoutException: Message:
E   selenium.common.exceptions.TimeoutException: Message: 
    Stacktrace:
    0   chromedriver                        0x0000000100905a84 cxxbridge1$str$ptr + 3195292
    1   chromedriver                        0x00000001008fdb4c cxxbridge1$str$ptr + 3162724
    2   chromedriver                        0x00000001003a72a4 _RNvCs9NA52FrZ4pF_7___rustc35___rust_no_alloc_shim_is_unstable_v2 + 73836
    3   chromedriver                        0x00000001003efa44 _RNvCs9NA52FrZ4pF_7___rustc35___rust_no_alloc_shim_is_unstable_v2 + 370700
    4   chromedriver                        0x000000010042f030 _RNvCs9NA52FrZ4pF_7___rustc35___rust_no_alloc_shim_is_unstable_v2 + 630264
    5   chromedriver                        0x00000001003e5434 _RNvCs9NA52FrZ4pF_7___rustc35___rust_no_alloc_shim_is_unstable_v2 + 328188
    6   chromedriver                        0x00000001008c2c40 cxxbridge1$str$ptr + 2921304
    7   chromedriver                        0x00000001008c63b8 cxxbridge1$str$ptr + 2935504
    8   chromedriver                        0x00000001008a90f8 cxxbridge1$str$ptr + 2816016
    9   chromedriver                        0x00000001008c6c4c cxxbridge1$str$ptr + 2937700
    10  chromedriver                        0x000000010089a3b0 cxxbridge1$str$ptr + 2755272
    11  chromedriver                        0x00000001008ec1f4 cxxbridge1$str$ptr + 3090700
    12  chromedriver                        0x00000001008ec354 cxxbridge1$str$ptr + 3091052
    13  chromedriver                        0x00000001008fd7a4 cxxbridge1$str$ptr + 3161788
    14  libsystem_pthread.dylib             0x0000000199325c08 _pthread_start + 136
    15  libsystem_pthread.dylib             0x0000000199320ba8 thread_start + 8
/Users/vk/Documents/NxtWash Automation/nxtwash-automation/venv/lib/python3.11/site-packages/selenium/webdriver/support/wait.py:121: selenium.common.exceptions.TimeoutException: Message:
E   selenium.common.exceptions.TimeoutException: Message: 
    Stacktrace:
    0   chromedriver                        0x0000000100b61a84 cxxbridge1$str$ptr + 3195292
    1   chromedriver                        0x0000000100b59b4c cxxbridge1$str$ptr + 3162724
    2   chromedriver                        0x00000001006032a4 _RNvCs9NA52FrZ4pF_7___rustc35___rust_no_alloc_shim_is_unstable_v2 + 73836
    3   chromedriver                        0x000000010064ba44 _RNvCs9NA52FrZ4pF_7___rustc35___rust_no_alloc_shim_is_unstable_v2 + 370700
    4   chromedriver                        0x000000010068b030 _RNvCs9NA52FrZ4pF_7___rustc35___rust_no_alloc_shim_is_unstable_v2 + 630264
    5   chromedriver                        0x0000000100641434 _RNvCs9NA52FrZ4pF_7___rustc35___rust_no_alloc_shim_is_unstable_v2 + 328188
    6   chromedriver                        0x0000000100b1ec40 cxxbridge1$str$ptr + 2921304
    7   chromedriver                        0x0000000100b223b8 cxxbridge1$str$ptr + 2935504
    8   chromedriver                        0x0000000100b050f8 cxxbridge1$str$ptr + 2816016
    9   chromedriver                        0x0000000100b22c4c cxxbridge1$str$ptr + 2937700
    10  chromedriver                        0x0000000100af63b0 cxxbridge1$str$ptr + 2755272
    11  chromedriver                        0x0000000100b481f4 cxxbridge1$str$ptr + 3090700
    12  chromedriver                        0x0000000100b48354 cxxbridge1$str$ptr + 3091052
    13  chromedriver                        0x0000000100b597a4 cxxbridge1$str$ptr + 3161788
    14  libsystem_pthread.dylib             0x0000000199325c08 _pthread_start + 136
    15  libsystem_pthread.dylib             0x0000000199320ba8 thread_start + 8
/Users/vk/Documents/NxtWash Automation/nxtwash-automation/venv/lib/python3.11/site-packages/selenium/webdriver/support/wait.py:121: selenium.common.exceptions.TimeoutException: Message:
E   selenium.common.exceptions.TimeoutException: Message: 
    Stacktrace:
    0   chromedriver                        0x0000000102f2da84 cxxbridge1$str$ptr + 3195292
    1   chromedriver                        0x0000000102f25b4c cxxbridge1$str$ptr + 3162724
    2   chromedriver                        0x00000001029cf2a4 _RNvCs9NA52FrZ4pF_7___rustc35___rust_no_alloc_shim_is_unstable_v2 + 73836
    3   chromedriver                        0x0000000102a17a44 _RNvCs9NA52FrZ4pF_7___rustc35___rust_no_alloc_shim_is_unstable_v2 + 370700
    4   chromedriver                        0x0000000102a57030 _RNvCs9NA52FrZ4pF_7___rustc35___rust_no_alloc_shim_is_unstable_v2 + 630264
    5   chromedriver                        0x0000000102a0d434 _RNvCs9NA52FrZ4pF_7___rustc35___rust_no_alloc_shim_is_unstable_v2 + 328188
    6   chromedriver                        0x0000000102eeac40 cxxbridge1$str$ptr + 2921304
    7   chromedriver                        0x0000000102eee3b8 cxxbridge1$str$ptr + 2935504
    8   chromedriver                        0x0000000102ed10f8 cxxbridge1$str$ptr + 2816016
    9   chromedriver                        0x0000000102eeec4c cxxbridge1$str$ptr + 2937700
    10  chromedriver                        0x0000000102ec23b0 cxxbridge1$str$ptr + 2755272
    11  chromedriver                        0x0000000102f141f4 cxxbridge1$str$ptr + 3090700
    12  chromedriver                        0x0000000102f14354 cxxbridge1$str$ptr + 3091052
    13  chromedriver                        0x0000000102f257a4 cxxbridge1$str$ptr + 3161788
    14  libsystem_pthread.dylib             0x0000000199325c08 _pthread_start + 136
    15  libsystem_pthread.dylib             0x0000000199320ba8 thread_start + 8
/Users/vk/Documents/NxtWash Automation/nxtwash-automation/venv/lib/python3.11/site-packages/selenium/webdriver/support/wait.py:121: selenium.common.exceptions.TimeoutException: Message:
E   selenium.common.exceptions.TimeoutException: Message: 
    Stacktrace:
    0   chromedriver                        0x00000001046d9a84 cxxbridge1$str$ptr + 3195292
    1   chromedriver                        0x00000001046d1b4c cxxbridge1$str$ptr + 3162724
    2   chromedriver                        0x000000010417b2a4 _RNvCs9NA52FrZ4pF_7___rustc35___rust_no_alloc_shim_is_unstable_v2 + 73836
    3   chromedriver                        0x00000001041c3a44 _RNvCs9NA52FrZ4pF_7___rustc35___rust_no_alloc_shim_is_unstable_v2 + 370700
    4   chromedriver                        0x0000000104203030 _RNvCs9NA52FrZ4pF_7___rustc35___rust_no_alloc_shim_is_unstable_v2 + 630264
    5   chromedriver                        0x00000001041b9434 _RNvCs9NA52FrZ4pF_7___rustc35___rust_no_alloc_shim_is_unstable_v2 + 328188
    6   chromedriver                        0x0000000104696c40 cxxbridge1$str$ptr + 2921304
    7   chromedriver                        0x000000010469a3b8 cxxbridge1$str$ptr + 2935504
    8   chromedriver                        0x000000010467d0f8 cxxbridge1$str$ptr + 2816016
    9   chromedriver                        0x000000010469ac4c cxxbridge1$str$ptr + 2937700
    10  chromedriver                        0x000000010466e3b0 cxxbridge1$str$ptr + 2755272
    11  chromedriver                        0x00000001046c01f4 cxxbridge1$str$ptr + 3090700
    12  chromedriver                        0x00000001046c0354 cxxbridge1$str$ptr + 3091052
    13  chromedriver                        0x00000001046d17a4 cxxbridge1$str$ptr + 3161788
    14  libsystem_pthread.dylib             0x0000000199325c08 _pthread_start + 136
    15  libsystem_pthread.dylib             0x0000000199320ba8 thread_start + 8
/Users/vk/Documents/NxtWash Automation/nxtwash-automation/venv/lib/python3.11/site-packages/selenium/webdriver/support/wait.py:121: selenium.common.exceptions.TimeoutException: Message:
E   selenium.common.exceptions.TimeoutException: Message: 
    Stacktrace:
    0   chromedriver                        0x00000001048d9a84 cxxbridge1$str$ptr + 3195292
    1   chromedriver                        0x00000001048d1b4c cxxbridge1$str$ptr + 3162724
    2   chromedriver                        0x000000010437b2a4 _RNvCs9NA52FrZ4pF_7___rustc35___rust_no_alloc_shim_is_unstable_v2 + 73836
    3   chromedriver                        0x00000001043c3a44 _RNvCs9NA52FrZ4pF_7___rustc35___rust_no_alloc_shim_is_unstable_v2 + 370700
    4   chromedriver                        0x0000000104403030 _RNvCs9NA52FrZ4pF_7___rustc35___rust_no_alloc_shim_is_unstable_v2 + 630264
    5   chromedriver                        0x00000001043b9434 _RNvCs9NA52FrZ4pF_7___rustc35___rust_no_alloc_shim_is_unstable_v2 + 328188
    6   chromedriver                        0x0000000104896c40 cxxbridge1$str$ptr + 2921304
    7   chromedriver                        0x000000010489a3b8 cxxbridge1$str$ptr + 2935504
    8   chromedriver                        0x000000010487d0f8 cxxbridge1$str$ptr + 2816016
    9   chromedriver                        0x000000010489ac4c cxxbridge1$str$ptr + 2937700
    10  chromedriver                        0x000000010486e3b0 cxxbridge1$str$ptr + 2755272
    11  chromedriver                        0x00000001048c01f4 cxxbridge1$str$ptr + 3090700
    12  chromedriver                        0x00000001048c0354 cxxbridge1$str$ptr + 3091052
    13  chromedriver                        0x00000001048d17a4 cxxbridge1$str$ptr + 3161788
    14  libsystem_pthread.dylib             0x0000000199325c08 _pthread_start + 136
    15  libsystem_pthread.dylib             0x0000000199320ba8 thread_start + 8
/Users/vk/Documents/NxtWash Automation/nxtwash-automation/venv/lib/python3.11/site-packages/selenium/webdriver/support/wait.py:121: selenium.common.exceptions.TimeoutException: Message:
E   selenium.common.exceptions.TimeoutException: Message: 
    Stacktrace:
    0   chromedriver                        0x0000000102959a84 cxxbridge1$str$ptr + 3195292
    1   chromedriver                        0x0000000102951b4c cxxbridge1$str$ptr + 3162724
    2   chromedriver                        0x00000001023fb2a4 _RNvCs9NA52FrZ4pF_7___rustc35___rust_no_alloc_shim_is_unstable_v2 + 73836
    3   chromedriver                        0x0000000102443a44 _RNvCs9NA52FrZ4pF_7___rustc35___rust_no_alloc_shim_is_unstable_v2 + 370700
    4   chromedriver                        0x0000000102483030 _RNvCs9NA52FrZ4pF_7___rustc35___rust_no_alloc_shim_is_unstable_v2 + 630264
    5   chromedriver                        0x0000000102439434 _RNvCs9NA52FrZ4pF_7___rustc35___rust_no_alloc_shim_is_unstable_v2 + 328188
    6   chromedriver                        0x0000000102916c40 cxxbridge1$str$ptr + 2921304
    7   chromedriver                        0x000000010291a3b8 cxxbridge1$str$ptr + 2935504
    8   chromedriver                        0x00000001028fd0f8 cxxbridge1$str$ptr + 2816016
    9   chromedriver                        0x000000010291ac4c cxxbridge1$str$ptr + 2937700
    10  chromedriver                        0x00000001028ee3b0 cxxbridge1$str$ptr + 2755272
    11  chromedriver                        0x00000001029401f4 cxxbridge1$str$ptr + 3090700
    12  chromedriver                        0x0000000102940354 cxxbridge1$str$ptr + 3091052
    13  chromedriver                        0x00000001029517a4 cxxbridge1$str$ptr + 3161788
    14  libsystem_pthread.dylib             0x0000000199325c08 _pthread_start + 136
    15  libsystem_pthread.dylib             0x0000000199320ba8 thread_start + 8
/Users/vk/Documents/NxtWash Automation/nxtwash-automation/venv/lib/python3.11/site-packages/selenium/webdriver/support/wait.py:121: selenium.common.exceptions.TimeoutException: Message:
E   selenium.common.exceptions.TimeoutException: Message: 
    Stacktrace:
    0   chromedriver                        0x00000001007f9a84 cxxbridge1$str$ptr + 3195292
    1   chromedriver                        0x00000001007f1b4c cxxbridge1$str$ptr + 3162724
    2   chromedriver                        0x000000010029b2a4 _RNvCs9NA52FrZ4pF_7___rustc35___rust_no_alloc_shim_is_unstable_v2 + 73836
    3   chromedriver                        0x00000001002e3a44 _RNvCs9NA52FrZ4pF_7___rustc35___rust_no_alloc_shim_is_unstable_v2 + 370700
    4   chromedriver                        0x0000000100323030 _RNvCs9NA52FrZ4pF_7___rustc35___rust_no_alloc_shim_is_unstable_v2 + 630264
    5   chromedriver                        0x00000001002d9434 _RNvCs9NA52FrZ4pF_7___rustc35___rust_no_alloc_shim_is_unstable_v2 + 328188
    6   chromedriver                        0x00000001007b6c40 cxxbridge1$str$ptr + 2921304
    7   chromedriver                        0x00000001007ba3b8 cxxbridge1$str$ptr + 2935504
    8   chromedriver                        0x000000010079d0f8 cxxbridge1$str$ptr + 2816016
    9   chromedriver                        0x00000001007bac4c cxxbridge1$str$ptr + 2937700
    10  chromedriver                        0x000000010078e3b0 cxxbridge1$str$ptr + 2755272
    11  chromedriver                        0x00000001007e01f4 cxxbridge1$str$ptr + 3090700
    12  chromedriver                        0x00000001007e0354 cxxbridge1$str$ptr + 3091052
    13  chromedriver                        0x00000001007f17a4 cxxbridge1$str$ptr + 3161788
    14  libsystem_pthread.dylib             0x0000000199325c08 _pthread_start + 136
    15  libsystem_pthread.dylib             0x0000000199320ba8 thread_start + 8
/Users/vk/Documents/NxtWash Automation/nxtwash-automation/venv/lib/python3.11/site-packages/selenium/webdriver/support/wait.py:121: selenium.common.exceptions.TimeoutException: Message:
E   selenium.common.exceptions.TimeoutException: Message: 
    Stacktrace:
    0   chromedriver                        0x0000000103051a84 cxxbridge1$str$ptr + 3195292
    1   chromedriver                        0x0000000103049b4c cxxbridge1$str$ptr + 3162724
    2   chromedriver                        0x0000000102af32a4 _RNvCs9NA52FrZ4pF_7___rustc35___rust_no_alloc_shim_is_unstable_v2 + 73836
    3   chromedriver                        0x0000000102b3ba44 _RNvCs9NA52FrZ4pF_7___rustc35___rust_no_alloc_shim_is_unstable_v2 + 370700
    4   chromedriver                        0x0000000102b7b030 _RNvCs9NA52FrZ4pF_7___rustc35___rust_no_alloc_shim_is_unstable_v2 + 630264
    5   chromedriver                        0x0000000102b31434 _RNvCs9NA52FrZ4pF_7___rustc35___rust_no_alloc_shim_is_unstable_v2 + 328188
    6   chromedriver                        0x000000010300ec40 cxxbridge1$str$ptr + 2921304
    7   chromedriver                        0x00000001030123b8 cxxbridge1$str$ptr + 2935504
    8   chromedriver                        0x0000000102ff50f8 cxxbridge1$str$ptr + 2816016
    9   chromedriver                        0x0000000103012c4c cxxbridge1$str$ptr + 2937700
    10  chromedriver                        0x0000000102fe63b0 cxxbridge1$str$ptr + 2755272
    11  chromedriver                        0x00000001030381f4 cxxbridge1$str$ptr + 3090700
    12  chromedriver                        0x0000000103038354 cxxbridge1$str$ptr + 3091052
    13  chromedriver                        0x00000001030497a4 cxxbridge1$str$ptr + 3161788
    14  libsystem_pthread.dylib             0x0000000199325c08 _pthread_start + 136
    15  libsystem_pthread.dylib             0x0000000199320ba8 thread_start + 8
/Users/vk/Documents/NxtWash Automation/nxtwash-automation/venv/lib/python3.11/site-packages/selenium/webdriver/support/wait.py:121: selenium.common.exceptions.TimeoutException: Message:
E   selenium.common.exceptions.TimeoutException: Message: 
    Stacktrace:
    0   chromedriver                        0x00000001029ada84 cxxbridge1$str$ptr + 3195292
    1   chromedriver                        0x00000001029a5b4c cxxbridge1$str$ptr + 3162724
    2   chromedriver                        0x000000010244f2a4 _RNvCs9NA52FrZ4pF_7___rustc35___rust_no_alloc_shim_is_unstable_v2 + 73836
    3   chromedriver                        0x0000000102497a44 _RNvCs9NA52FrZ4pF_7___rustc35___rust_no_alloc_shim_is_unstable_v2 + 370700
    4   chromedriver                        0x00000001024d7030 _RNvCs9NA52FrZ4pF_7___rustc35___rust_no_alloc_shim_is_unstable_v2 + 630264
    5   chromedriver                        0x000000010248d434 _RNvCs9NA52FrZ4pF_7___rustc35___rust_no_alloc_shim_is_unstable_v2 + 328188
    6   chromedriver                        0x000000010296ac40 cxxbridge1$str$ptr + 2921304
    7   chromedriver                        0x000000010296e3b8 cxxbridge1$str$ptr + 2935504
    8   chromedriver                        0x00000001029510f8 cxxbridge1$str$ptr + 2816016
    9   chromedriver                        0x000000010296ec4c cxxbridge1$str$ptr + 2937700
    10  chromedriver                        0x00000001029423b0 cxxbridge1$str$ptr + 2755272
    11  chromedriver                        0x00000001029941f4 cxxbridge1$str$ptr + 3090700
    12  chromedriver                        0x0000000102994354 cxxbridge1$str$ptr + 3091052
    13  chromedriver                        0x00000001029a57a4 cxxbridge1$str$ptr + 3161788
    14  libsystem_pthread.dylib             0x0000000199325c08 _pthread_start + 136
    15  libsystem_pthread.dylib             0x0000000199320ba8 thread_start + 8
/Users/vk/Documents/NxtWash Automation/nxtwash-automation/venv/lib/python3.11/site-packages/selenium/webdriver/support/wait.py:121: selenium.common.exceptions.TimeoutException: Message:
E   selenium.common.exceptions.TimeoutException: Message: 
    Stacktrace:
    0   chromedriver                        0x000000010489da84 cxxbridge1$str$ptr + 3195292
    1   chromedriver                        0x0000000104895b4c cxxbridge1$str$ptr + 3162724
    2   chromedriver                        0x000000010433f2a4 _RNvCs9NA52FrZ4pF_7___rustc35___rust_no_alloc_shim_is_unstable_v2 + 73836
    3   chromedriver                        0x0000000104387a44 _RNvCs9NA52FrZ4pF_7___rustc35___rust_no_alloc_shim_is_unstable_v2 + 370700
    4   chromedriver                        0x00000001043c7030 _RNvCs9NA52FrZ4pF_7___rustc35___rust_no_alloc_shim_is_unstable_v2 + 630264
    5   chromedriver                        0x000000010437d434 _RNvCs9NA52FrZ4pF_7___rustc35___rust_no_alloc_shim_is_unstable_v2 + 328188
    6   chromedriver                        0x000000010485ac40 cxxbridge1$str$ptr + 2921304
    7   chromedriver                        0x000000010485e3b8 cxxbridge1$str$ptr + 2935504
    8   chromedriver                        0x00000001048410f8 cxxbridge1$str$ptr + 2816016
    9   chromedriver                        0x000000010485ec4c cxxbridge1$str$ptr + 2937700
    10  chromedriver                        0x00000001048323b0 cxxbridge1$str$ptr + 2755272
    11  chromedriver                        0x00000001048841f4 cxxbridge1$str$ptr + 3090700
    12  chromedriver                        0x0000000104884354 cxxbridge1$str$ptr + 3091052
    13  chromedriver                        0x00000001048957a4 cxxbridge1$str$ptr + 3161788
    14  libsystem_pthread.dylib             0x0000000199325c08 _pthread_start + 136
    15  libsystem_pthread.dylib             0x0000000199320ba8 thread_start + 8
/Users/vk/Documents/NxtWash Automation/nxtwash-automation/venv/lib/python3.11/site-packages/selenium/webdriver/support/wait.py:121: selenium.common.exceptions.TimeoutException: Message:
E   selenium.common.exceptions.TimeoutException: Message: 
    Stacktrace:
    0   chromedriver                        0x0000000102c2da84 cxxbridge1$str$ptr + 3195292
    1   chromedriver                        0x0000000102c25b4c cxxbridge1$str$ptr + 3162724
    2   chromedriver                        0x00000001026cf2a4 _RNvCs9NA52FrZ4pF_7___rustc35___rust_no_alloc_shim_is_unstable_v2 + 73836
    3   chromedriver                        0x0000000102717a44 _RNvCs9NA52FrZ4pF_7___rustc35___rust_no_alloc_shim_is_unstable_v2 + 370700
    4   chromedriver                        0x0000000102757030 _RNvCs9NA52FrZ4pF_7___rustc35___rust_no_alloc_shim_is_unstable_v2 + 630264
    5   chromedriver                        0x000000010270d434 _RNvCs9NA52FrZ4pF_7___rustc35___rust_no_alloc_shim_is_unstable_v2 + 328188
    6   chromedriver                        0x0000000102beac40 cxxbridge1$str$ptr + 2921304
    7   chromedriver                        0x0000000102bee3b8 cxxbridge1$str$ptr + 2935504
    8   chromedriver                        0x0000000102bd10f8 cxxbridge1$str$ptr + 2816016
    9   chromedriver                        0x0000000102beec4c cxxbridge1$str$ptr + 2937700
    10  chromedriver                        0x0000000102bc23b0 cxxbridge1$str$ptr + 2755272
    11  chromedriver                        0x0000000102c141f4 cxxbridge1$str$ptr + 3090700
    12  chromedriver                        0x0000000102c14354 cxxbridge1$str$ptr + 3091052
    13  chromedriver                        0x0000000102c257a4 cxxbridge1$str$ptr + 3161788
    14  libsystem_pthread.dylib             0x0000000199325c08 _pthread_start + 136
    15  libsystem_pthread.dylib             0x0000000199320ba8 thread_start + 8
/Users/vk/Documents/NxtWash Automation/nxtwash-automation/venv/lib/python3.11/site-packages/selenium/webdriver/support/wait.py:121: selenium.common.exceptions.TimeoutException: Message:
=========================== short test summary info ============================
FAILED tests/admin_portal/wash_books/test_wash_books_edge_cases.py::test_wash_book_create_is_idempotent
FAILED tests/admin_portal/wash_books/test_wash_books_edge_cases.py::test_wash_book_long_description_does_not_break_form
FAILED tests/admin_portal/wash_books/test_wash_books_edit.py::test_edit_wash_book_description
FAILED tests/admin_portal/wash_books/test_wash_books_edit.py::test_edit_wash_book_name_persists
FAILED tests/admin_portal/wash_books/test_wash_books_edit.py::test_edit_wash_book_global_price_persists
FAILED tests/admin_portal/wash_books/test_wash_books_edit.py::test_edit_wash_book_number_of_washes_persists
FAILED tests/admin_portal/wash_books/test_wash_books_edit.py::test_edit_wash_book_site_assignment_persists
FAILED tests/admin_portal/wash_books/test_wash_books_edit.py::test_edit_wash_book_redemption_settings_persist
FAILED tests/admin_portal/wash_books/test_wash_books_edit.py::test_edit_wash_book_global_commission_persists
FAILED tests/admin_portal/wash_books/test_wash_books_edit.py::test_activate_wash_book
FAILED tests/admin_portal/wash_books/test_wash_books_edit.py::test_deactivate_wash_book
FAILED tests/admin_portal/wash_books/test_wash_books_negative.py::test_wash_books_special_character_search_stays_usable
FAILED tests/admin_portal/wash_books/test_wash_books_negative.py::test_duplicate_wash_book_name_is_blocked
FAILED tests/admin_portal/wash_books/test_wash_books_negative.py::test_whitespace_only_wash_book_name_is_rejected
FAILED tests/admin_portal/wash_books/test_wash_books_negative.py::test_negative_number_of_washes_is_rejected
FAILED tests/admin_portal/wash_books/test_wash_books_negative.py::test_negative_global_price_is_rejected
FAILED tests/admin_portal/wash_books/test_wash_books_negative.py::test_negative_global_commission_is_rejected
FAILED tests/admin_portal/wash_books/test_wash_books_negative.py::test_negative_loyalty_points_is_rejected
FAILED tests/admin_portal/wash_books/test_wash_books_positive.py::test_create_wash_book
FAILED tests/admin_portal/wash_books/test_wash_books_positive.py::test_wash_book_settings_persist
FAILED tests/admin_portal/wash_books/test_wash_books_positive.py::test_create_inactive_wash_book
FAILED tests/admin_portal/wash_books/test_wash_books_positive.py::test_wash_book_decimal_price_accepted
FAILED tests/admin_portal/wash_books/test_wash_books_positive.py::test_customer_portal_switch_is_off_by_default
FAILED tests/admin_portal/wash_books/test_wash_books_positive.py::test_expiration_days_toggle_enables_config
FAILED tests/admin_portal/wash_books/test_wash_books_positive.py::test_expiration_days_toggle_is_off_by_default
FAILED tests/admin_portal/wash_books/test_wash_books_positive.py::test_wash_book_save_without_description_succeeds
FAILED tests/admin_portal/wash_books/test_wash_books_positive.py::test_wash_book_zero_loyalty_points_accepted
FAILED tests/admin_portal/wash_books/test_wash_books_positive.py::test_wash_book_save_without_loyalty_points_succeeds
FAILED tests/admin_portal/wash_books/test_wash_books_positive.py::test_wash_book_save_without_barcode_succeeds
FAILED tests/admin_portal/wash_books/test_wash_books_redemption.py::test_redemption_at_site_with_wash_package_persists
FAILED tests/admin_portal/wash_books/test_wash_books_redemption.py::test_different_wash_package_per_site_persists
FAILED tests/admin_portal/wash_books/test_wash_books_redemption.py::test_change_assigned_wash_package_persists
FAILED tests/admin_portal/wash_books/test_wash_books_redemption.py::test_redemption_site_without_wash_package_behaviour
FAILED tests/admin_portal/wash_books/test_wash_books_redemption.py::test_redeem_at_header_checkbox_selects_all_sites
FAILED tests/admin_portal/wash_books/test_wash_books_search_filter.py::test_wash_books_existing_search
FAILED tests/admin_portal/wash_books/test_wash_books_search_filter.py::test_wash_books_partial_search_returns_matches
FAILED tests/admin_portal/wash_books/test_wash_books_search_filter.py::test_wash_books_missing_search
FAILED tests/admin_portal/wash_books/test_wash_books_search_filter.py::test_wash_books_clear_search_restores_list
FAILED tests/admin_portal/wash_books/test_wash_books_search_filter.py::test_wash_books_filter_panel_shows_controls
FAILED tests/admin_portal/wash_books/test_wash_books_search_filter.py::test_wash_books_filter_by_site_narrows_results
FAILED tests/admin_portal/wash_books/test_wash_books_search_filter.py::test_wash_books_filter_active_returns_active_only
FAILED tests/admin_portal/wash_books/test_wash_books_search_filter.py::test_wash_books_filter_active_toggle_off_shows_all
FAILED tests/admin_portal/wash_books/test_wash_books_search_filter.py::test_wash_books_filter_site_and_active_combined
FAILED tests/admin_portal/wash_books/test_wash_books_search_filter.py::test_wash_books_filter_reset_all_restores_list
FAILED tests/admin_portal/wash_books/test_wash_books_search_filter.py::test_wash_books_search_payloads_do_not_break_grid
FAILED tests/admin_portal/wash_books/test_wash_books_site_assignment.py::test_assign_single_site_persists
FAILED tests/admin_portal/wash_books/test_wash_books_site_assignment.py::test_assign_multiple_sites_persists
FAILED tests/admin_portal/wash_books/test_wash_books_site_assignment.py::test_location_price_override_persists
FAILED tests/admin_portal/wash_books/test_wash_books_site_assignment.py::test_save_wash_book_with_no_site_assigned
FAILED tests/admin_portal/wash_books/test_wash_books_site_assignment.py::test_tax_exemption_toggle_per_site_persists
FAILED tests/admin_portal/wash_books/test_wash_books_ui.py::test_wash_books_page_loads_with_primary_controls
FAILED tests/admin_portal/wash_books/test_wash_books_ui.py::test_wash_books_grid_columns_are_visible
FAILED tests/admin_portal/wash_books/test_wash_books_ui.py::test_customer_wash_books_tab_is_accessible
FAILED tests/admin_portal/wash_books/test_wash_books_ui.py::test_add_wash_book_form_loads
FAILED tests/admin_portal/wash_books/test_wash_books_validation.py::test_wash_book_required_name_validation
FAILED tests/admin_portal/wash_books/test_wash_books_validation.py::test_wash_book_blank_required_form_stays_on_form
FAILED tests/admin_portal/wash_books/test_wash_books_validation.py::test_wash_book_blank_global_price_is_blocked
FAILED tests/admin_portal/wash_books/test_wash_books_validation.py::test_wash_book_valid_number_of_washes_saves
FAILED tests/admin_portal/wash_books/test_wash_books_validation.py::test_wash_book_zero_washes_boundary_behaviour
FAILED tests/admin_portal/wash_books/test_wash_books_validation.py::test_wash_book_zero_price_boundary_behaviour
FAILED tests/admin_portal/wash_books/test_wash_books_validation.py::test_wash_book_valid_commission_saves
FAILED tests/admin_portal/wash_books/test_wash_books_validation.py::test_wash_book_save_without_commission_succeeds
FAILED tests/admin_portal/wash_books/test_wash_books_validation.py::test_wash_book_max_length_name_handled
FAILED tests/admin_portal/wash_books/test_wash_books_validation.py::test_wash_book_invalid_numeric_values_do_not_break_form
====== 64 failed, 22 passed, 12 skipped, 2 xfailed in 2923.78s (0:48:43) =======
