2026-07-28 02:26:53,819 INFO nxtwash: Test run starting against 'staging' environment
2026-07-28 02:26:57,663 INFO nxtwash: Test run starting against 'staging' environment
2026-07-28 02:26:57,662 INFO nxtwash: Test run starting against 'staging' environment
============================= test session starts ==============================
created: 2/2 workers
2 workers [146 items]

scheduling tests via LoadScheduling

tests/admin_portal/login/test_login.py::test_admin_login 
tests/admin_portal/login/test_login_security_smoke.py::test_login_security_payloads_do_not_authenticate[<script>alert(1)</script>-password] 
[gw1] [  0%] PASSED tests/admin_portal/login/test_login_security_smoke.py::test_login_security_payloads_do_not_authenticate[<script>alert(1)</script>-password] 
tests/admin_portal/login/test_login_security_smoke.py::test_login_security_payloads_do_not_authenticate[admin@example.com-<script>alert(1)</script>] 
[gw0] [  1%] PASSED tests/admin_portal/login/test_login.py::test_admin_login 
tests/admin_portal/login/test_login_negative.py::test_login_invalid_email_valid_password_does_not_authenticate 
[gw1] [  2%] PASSED tests/admin_portal/login/test_login_security_smoke.py::test_login_security_payloads_do_not_authenticate[admin@example.com-<script>alert(1)</script>] 
tests/admin_portal/login/test_login_session.py::test_direct_protected_url_without_login_redirects_to_login 
[gw0] [  2%] PASSED tests/admin_portal/login/test_login_negative.py::test_login_invalid_email_valid_password_does_not_authenticate 
tests/admin_portal/login/test_login_negative.py::test_login_valid_email_invalid_password_does_not_authenticate 
[gw1] [  3%] PASSED tests/admin_portal/login/test_login_session.py::test_direct_protected_url_without_login_redirects_to_login 
tests/admin_portal/login/test_login_ui.py::test_login_page_loads 
[gw0] [  4%] PASSED tests/admin_portal/login/test_login_negative.py::test_login_valid_email_invalid_password_does_not_authenticate 
tests/admin_portal/login/test_login_negative.py::test_login_invalid_email_invalid_password_does_not_authenticate 
[gw1] [  4%] PASSED tests/admin_portal/login/test_login_ui.py::test_login_page_loads 
tests/admin_portal/login/test_login_ui.py::test_login_page_url_is_correct 
[gw0] [  5%] PASSED tests/admin_portal/login/test_login_negative.py::test_login_invalid_email_invalid_password_does_not_authenticate 
tests/admin_portal/login/test_login_password.py::test_password_is_masked_by_default 
[gw1] [  6%] PASSED tests/admin_portal/login/test_login_ui.py::test_login_page_url_is_correct 
tests/admin_portal/login/test_login_ui.py::test_login_logo_is_available 
[gw1] [  6%] SKIPPED tests/admin_portal/login/test_login_ui.py::test_login_logo_is_available 
tests/admin_portal/login/test_login_ui.py::test_login_fields_and_button_are_visible 
[gw0] [  7%] PASSED tests/admin_portal/login/test_login_password.py::test_password_is_masked_by_default 
tests/admin_portal/login/test_login_password.py::test_password_visibility_toggle_shows_password 
[gw1] [  8%] PASSED tests/admin_portal/login/test_login_ui.py::test_login_fields_and_button_are_visible 
tests/admin_portal/login/test_login_ui.py::test_password_visibility_icon_is_displayed 
[gw0] [  8%] XFAIL tests/admin_portal/login/test_login_password.py::test_password_visibility_toggle_shows_password 
[gw1] [  9%] PASSED tests/admin_portal/login/test_login_ui.py::test_password_visibility_icon_is_displayed 
tests/admin_portal/login/test_login_ui.py::test_login_field_labels_are_displayed 
tests/admin_portal/login/test_login_password.py::test_password_visibility_toggle_hides_password_again 
[gw1] [ 10%] PASSED tests/admin_portal/login/test_login_ui.py::test_login_field_labels_are_displayed 
tests/admin_portal/login/test_login_ui.py::test_login_footer_is_displayed 
[gw0] [ 10%] PASSED tests/admin_portal/login/test_login_password.py::test_password_visibility_toggle_hides_password_again 
tests/admin_portal/login/test_login_password.py::test_very_long_password_does_not_break_login_ui 
[gw1] [ 11%] PASSED tests/admin_portal/login/test_login_ui.py::test_login_footer_is_displayed 
tests/admin_portal/login/test_login_ui.py::test_login_browser_title 
[gw0] [ 12%] PASSED tests/admin_portal/login/test_login_password.py::test_very_long_password_does_not_break_login_ui 
tests/admin_portal/login/test_login_positive.py::test_login_with_valid_credentials 
[gw1] [ 13%] PASSED tests/admin_portal/login/test_login_ui.py::test_login_browser_title 
tests/admin_portal/login/test_login_ui.py::test_login_layout_renders_after_refresh 
[gw1] [ 13%] SKIPPED tests/admin_portal/login/test_login_ui.py::test_login_layout_renders_after_refresh 
tests/admin_portal/login/test_login_ui.py::test_login_tab_order_email_password_login_button 
[gw0] [ 14%] PASSED tests/admin_portal/login/test_login_positive.py::test_login_with_valid_credentials 
tests/admin_portal/login/test_login_positive.py::test_login_using_enter_key 
[gw1] [ 15%] PASSED tests/admin_portal/login/test_login_ui.py::test_login_tab_order_email_password_login_button 
tests/admin_portal/login/test_login_validation.py::test_login_validation_both_fields_empty 
[gw1] [ 15%] PASSED tests/admin_portal/login/test_login_validation.py::test_login_validation_both_fields_empty 
[gw0] [ 16%] PASSED tests/admin_portal/login/test_login_positive.py::test_login_using_enter_key 
tests/admin_portal/login/test_login_validation.py::test_login_validation_email_empty 
tests/admin_portal/login/test_login_positive.py::test_session_persists_after_refresh 
[gw1] [ 17%] PASSED tests/admin_portal/login/test_login_validation.py::test_login_validation_email_empty 
tests/admin_portal/login/test_login_validation.py::test_login_validation_password_empty 
[gw0] [ 17%] PASSED tests/admin_portal/login/test_login_positive.py::test_session_persists_after_refresh 
tests/admin_portal/login/test_login_positive.py::test_authenticated_user_cannot_access_login_page 
[gw1] [ 18%] PASSED tests/admin_portal/login/test_login_validation.py::test_login_validation_password_empty 
tests/admin_portal/login/test_login_validation.py::test_login_validation_email_spaces_only 
[gw0] [ 19%] PASSED tests/admin_portal/login/test_login_positive.py::test_authenticated_user_cannot_access_login_page 
[gw1] [ 19%] PASSED tests/admin_portal/login/test_login_validation.py::test_login_validation_email_spaces_only 
tests/admin_portal/login/test_login_positive.py::test_login_with_email_leading_space 
tests/admin_portal/login/test_login_validation.py::test_login_validation_password_spaces_only 
[gw1] [ 20%] PASSED tests/admin_portal/login/test_login_validation.py::test_login_validation_password_spaces_only 
tests/admin_portal/login/test_login_validation.py::test_login_validation_invalid_email_formats[abc] 
[gw0] [ 21%] XFAIL tests/admin_portal/login/test_login_positive.py::test_login_with_email_leading_space 
tests/admin_portal/login/test_login_positive.py::test_login_with_email_trailing_space 
[gw1] [ 21%] ERROR tests/admin_portal/login/test_login_validation.py::test_login_validation_invalid_email_formats[abc] 
[gw0] [ 22%] PASSED tests/admin_portal/login/test_login_positive.py::test_login_with_email_trailing_space 
tests/admin_portal/login/test_login_positive.py::test_login_with_email_case_variation 
tests/admin_portal/login/test_login_validation.py::test_login_validation_invalid_email_formats[abc@] 
[gw1] [ 23%] PASSED tests/admin_portal/login/test_login_validation.py::test_login_validation_invalid_email_formats[abc@] 
tests/admin_portal/login/test_login_validation.py::test_login_validation_invalid_email_formats[@gmail.com] 
[gw0] [ 23%] PASSED tests/admin_portal/login/test_login_positive.py::test_login_with_email_case_variation 
tests/admin_portal/login/test_login_positive.py::test_session_remains_active_in_new_tab 
[gw0] [ 24%] PASSED tests/admin_portal/login/test_login_positive.py::test_session_remains_active_in_new_tab 
tests/admin_portal/login/test_login_security_smoke.py::test_login_security_payloads_do_not_authenticate[' OR 1=1 ---password] 
[gw1] [ 25%] ERROR tests/admin_portal/login/test_login_validation.py::test_login_validation_invalid_email_formats[@gmail.com] 
tests/admin_portal/login/test_login_validation.py::test_login_validation_invalid_email_formats[abc@gmail] 
[gw0] [ 26%] PASSED tests/admin_portal/login/test_login_security_smoke.py::test_login_security_payloads_do_not_authenticate[' OR 1=1 ---password] 
tests/admin_portal/login/test_login_security_smoke.py::test_login_security_payloads_do_not_authenticate[admin@example.com-' OR 1=1 --] 
[gw1] [ 26%] PASSED tests/admin_portal/login/test_login_validation.py::test_login_validation_invalid_email_formats[abc@gmail] 
tests/admin_portal/login/test_login_validation.py::test_login_validation_invalid_email_formats[abc.gmail.com] 
[gw0] [ 27%] PASSED tests/admin_portal/login/test_login_security_smoke.py::test_login_security_payloads_do_not_authenticate[admin@example.com-' OR 1=1 --] 
tests/admin_portal/sites/test_sites_edit.py::test_edit_site_customer_portal_tab_accessible 
[gw1] [ 28%] PASSED tests/admin_portal/login/test_login_validation.py::test_login_validation_invalid_email_formats[abc.gmail.com] 
tests/admin_portal/login/test_login_validation.py::test_login_validation_invalid_email_formats[abc@@gmail.com] 2026-07-28 02:42:06,702 ERROR nxtwash: Test FAILED: tests/admin_portal/sites/test_sites_edit.py::test_edit_site_customer_portal_tab_accessible (url: https://staging.nxtwash.com/sites)
2026-07-28 02:42:12,966 ERROR nxtwash: Visible page text at failure:
Overview
Sites / Locations
Services
Customers
Users / Employees
Kiosk Settings
Gas Pump Settings
POS Settings
Tunnel Settings
Self Serve
Reports
Vishal Kumar
Owner
Sites/Locations (1)
Filter by (1)
+ Add site
Site name
State name
City name
Email
Lanes
VK AL02 California Columbia vkal02@yopmail.com 5
Edit
Page 1 of 1
|
Show 100
out of 1 records
Filter by
Site name
Active site
Reset filters
Apply filters

[gw0] [ 28%] FAILED tests/admin_portal/sites/test_sites_edit.py::test_edit_site_customer_portal_tab_accessible 
tests/admin_portal/sites/test_sites_edit.py::test_add_lane_persists 
[gw1] [ 29%] ERROR tests/admin_portal/login/test_login_validation.py::test_login_validation_invalid_email_formats[abc@@gmail.com] 
tests/admin_portal/login/test_login_validation.py::test_login_validation_invalid_email_formats[abc @gmail.com] 
[gw0] [ 30%] XFAIL tests/admin_portal/sites/test_sites_edit.py::test_add_lane_persists 
tests/admin_portal/sites/test_sites_edit.py::test_remove_lane_persists 
[gw0] [ 30%] SKIPPED tests/admin_portal/sites/test_sites_edit.py::test_remove_lane_persists 
tests/admin_portal/sites/test_sites_edit.py::test_edit_site_contact_email_persists_after_refresh 
[gw1] [ 31%] ERROR tests/admin_portal/login/test_login_validation.py::test_login_validation_invalid_email_formats[abc @gmail.com] 
tests/admin_portal/login/test_login_validation.py::test_login_validation_maximum_email_length_does_not_break_ui 2026-07-28 02:47:34,498 ERROR nxtwash: Test FAILED: tests/admin_portal/sites/test_sites_edit.py::test_edit_site_contact_email_persists_after_refresh (url: https://staging.nxtwash.com/sites)
2026-07-28 02:47:40,690 ERROR nxtwash: Visible page text at failure:
Overview
Sites / Locations
Services
Customers
Users / Employees
Kiosk Settings
Gas Pump Settings
POS Settings
Tunnel Settings
Self Serve
Reports
Vishal Kumar
Owner
Sites/Locations (1)
Filter by (1)
+ Add site
Site name
State name
City name
Email
Lanes
VK AL02 California Columbia vkal02@yopmail.com 5
Edit
Page 1 of 1
|
Show 100
out of 1 records
Filter by
Site name
Active site
Reset filters
Apply filters

[gw0] [ 32%] FAILED tests/admin_portal/sites/test_sites_edit.py::test_edit_site_contact_email_persists_after_refresh 
tests/admin_portal/sites/test_sites_edit.py::test_add_lane_creates_visible_row 
[gw1] [ 32%] ERROR tests/admin_portal/login/test_login_validation.py::test_login_validation_maximum_email_length_does_not_break_ui 
tests/admin_portal/sites/test_sites_dependency.py::test_active_site_in_services_dropdowns 
[gw1] [ 33%] SKIPPED tests/admin_portal/sites/test_sites_dependency.py::test_active_site_in_services_dropdowns 
tests/admin_portal/sites/test_sites_dependency.py::test_active_site_in_customers_assign_dropdown 
[gw1] [ 34%] SKIPPED tests/admin_portal/sites/test_sites_dependency.py::test_active_site_in_customers_assign_dropdown 
tests/admin_portal/sites/test_sites_dependency.py::test_site_tax_rates_visible_in_service_assignment 
[gw1] [ 34%] SKIPPED tests/admin_portal/sites/test_sites_dependency.py::test_site_tax_rates_visible_in_service_assignment 
tests/admin_portal/sites/test_sites_dependency.py::test_deactivated_site_removed_from_dropdowns 
[gw1] [ 35%] SKIPPED tests/admin_portal/sites/test_sites_dependency.py::test_deactivated_site_removed_from_dropdowns 
tests/admin_portal/sites/test_sites_dependency.py::test_pay_api_token_gates_card_saving 
[gw1] [ 36%] SKIPPED tests/admin_portal/sites/test_sites_dependency.py::test_pay_api_token_gates_card_saving 
tests/admin_portal/sites/test_sites_dependency.py::test_lane_count_in_list_matches_saved_lanes 
[gw1] [ 36%] SKIPPED tests/admin_portal/sites/test_sites_dependency.py::test_lane_count_in_list_matches_saved_lanes 
tests/admin_portal/sites/test_sites_dependency.py::test_customer_portal_toggle_controls_ecommerce_listing 
[gw1] [ 37%] SKIPPED tests/admin_portal/sites/test_sites_dependency.py::test_customer_portal_toggle_controls_ecommerce_listing 
tests/admin_portal/sites/test_sites_edge_cases.py::test_create_site_long_site_name_does_not_break_ui 
[gw1] [ 38%] PASSED tests/admin_portal/sites/test_sites_edge_cases.py::test_create_site_long_site_name_does_not_break_ui 
tests/admin_portal/sites/test_sites_edge_cases.py::test_sites_list_handles_refresh 
[gw0] [ 39%] XPASS tests/admin_portal/sites/test_sites_edit.py::test_add_lane_creates_visible_row 
tests/admin_portal/sites/test_sites_edit.py::test_add_multiple_lanes_succeeds 
[gw1] [ 39%] PASSED tests/admin_portal/sites/test_sites_edge_cases.py::test_sites_list_handles_refresh 
tests/admin_portal/sites/test_sites_edge_cases.py::test_create_site_form_handles_random_address_value 
[gw0] [ 40%] XFAIL tests/admin_portal/sites/test_sites_edit.py::test_add_multiple_lanes_succeeds 
tests/admin_portal/sites/test_sites_edit.py::test_edit_site_cc_input_fields_are_displayed 
[gw1] [ 41%] ERROR tests/admin_portal/sites/test_sites_edge_cases.py::test_create_site_form_handles_random_address_value 
tests/admin_portal/sites/test_sites_edit.py::test_edit_site_form_prepopulates 
[gw1] [ 41%] ERROR tests/admin_portal/sites/test_sites_edit.py::test_edit_site_form_prepopulates 
tests/admin_portal/sites/test_sites_edit.py::test_edit_site_name_persists 
[gw1] [ 42%] SKIPPED tests/admin_portal/sites/test_sites_edit.py::test_edit_site_name_persists 
tests/admin_portal/sites/test_sites_edit.py::test_edit_site_tax_settings_persist 
[gw1] [ 43%] PASSED tests/admin_portal/sites/test_sites_edit.py::test_edit_site_tax_settings_persist 
[gw0] [ 43%] PASSED tests/admin_portal/sites/test_sites_edit.py::test_edit_site_cc_input_fields_are_displayed 
tests/admin_portal/sites/test_sites_edit.py::test_edit_site_cc_processor_labels_visible 
tests/admin_portal/sites/test_sites_edit.py::test_activate_site_shows_in_list 
[gw0] [ 44%] PASSED tests/admin_portal/sites/test_sites_edit.py::test_edit_site_cc_processor_labels_visible 
tests/admin_portal/sites/test_sites_edit.py::test_edit_site_customer_portal_memberships_toggle 
[gw1] [ 45%] XFAIL tests/admin_portal/sites/test_sites_edit.py::test_activate_site_shows_in_list 
tests/admin_portal/sites/test_sites_edit.py::test_deactivate_site_hides_from_list 
[gw0] [ 45%] XPASS tests/admin_portal/sites/test_sites_edit.py::test_edit_site_customer_portal_memberships_toggle 
tests/admin_portal/sites/test_sites_edit.py::test_edit_site_customer_portal_washbooks_toggle 
[gw1] [ 46%] XFAIL tests/admin_portal/sites/test_sites_edit.py::test_deactivate_site_hides_from_list 
tests/admin_portal/sites/test_sites_edit.py::test_cancel_edit_does_not_save 
[gw0] [ 47%] XFAIL tests/admin_portal/sites/test_sites_edit.py::test_edit_site_customer_portal_washbooks_toggle 
tests/admin_portal/sites/test_sites_edit.py::test_edit_site_customer_portal_gift_cards_toggle 
[gw1] [ 47%] ERROR tests/admin_portal/sites/test_sites_edit.py::test_cancel_edit_does_not_save 
tests/admin_portal/sites/test_sites_edit.py::test_edit_site_lanes_settings_tab_accessible 
[gw0] [ 48%] XFAIL tests/admin_portal/sites/test_sites_edit.py::test_edit_site_customer_portal_gift_cards_toggle 
tests/admin_portal/sites/test_sites_edit.py::test_edit_site_customer_portal_show_toggle 
[gw1] [ 49%] PASSED tests/admin_portal/sites/test_sites_edit.py::test_edit_site_lanes_settings_tab_accessible 
tests/admin_portal/sites/test_sites_edit.py::test_edit_site_credit_card_tab_accessible 
[gw0] [ 50%] XFAIL tests/admin_portal/sites/test_sites_edit.py::test_edit_site_customer_portal_show_toggle 
tests/admin_portal/sites/test_sites_edit.py::test_edit_site_customer_portal_settings_persist 
[gw1] [ 50%] PASSED tests/admin_portal/sites/test_sites_edit.py::test_edit_site_credit_card_tab_accessible 
tests/admin_portal/sites/test_sites_positive.py::test_created_site_shows_state_and_city_in_list 
[gw1] [ 51%] XFAIL tests/admin_portal/sites/test_sites_positive.py::test_created_site_shows_state_and_city_in_list 
tests/admin_portal/sites/test_sites_positive.py::test_create_site_with_zero_tax_rates 
[gw1] [ 52%] ERROR tests/admin_portal/sites/test_sites_positive.py::test_create_site_with_zero_tax_rates 
tests/admin_portal/sites/test_sites_positive.py::test_site_count_increments_after_create 
[gw0] [ 52%] XFAIL tests/admin_portal/sites/test_sites_edit.py::test_edit_site_customer_portal_settings_persist 
tests/admin_portal/sites/test_sites_export.py::test_sites_export_button_clickable 
[gw0] [ 53%] ERROR tests/admin_portal/sites/test_sites_export.py::test_sites_export_button_clickable 
tests/admin_portal/sites/test_sites_export.py::test_sites_export_file_content 
[gw0] [ 54%] XFAIL tests/admin_portal/sites/test_sites_export.py::test_sites_export_file_content 
tests/admin_portal/sites/test_sites_negative.py::test_create_site_duplicate_site_name_or_code_is_rejected 
[gw1] [ 54%] XPASS tests/admin_portal/sites/test_sites_positive.py::test_site_count_increments_after_create 
tests/admin_portal/sites/test_sites_search_filter.py::test_sites_filter_by_existing_site_name 
[gw1] [ 55%] ERROR tests/admin_portal/sites/test_sites_search_filter.py::test_sites_filter_by_existing_site_name 
[gw0] [ 56%] PASSED tests/admin_portal/sites/test_sites_negative.py::test_create_site_duplicate_site_name_or_code_is_rejected 
tests/admin_portal/sites/test_sites_search_filter.py::test_sites_filter_by_partial_site_name 
tests/admin_portal/sites/test_sites_negative.py::test_create_site_cancel_does_not_save_record 
[gw1] [ 56%] XPASS tests/admin_portal/sites/test_sites_search_filter.py::test_sites_filter_by_partial_site_name 
tests/admin_portal/sites/test_sites_search_filter.py::test_sites_filter_by_missing_site_name_shows_no_match 
[gw0] [ 57%] PASSED tests/admin_portal/sites/test_sites_negative.py::test_create_site_cancel_does_not_save_record 
tests/admin_portal/sites/test_sites_positive.py::test_create_new_site_with_required_general_settings 
[gw1] [ 58%] PASSED tests/admin_portal/sites/test_sites_search_filter.py::test_sites_filter_by_missing_site_name_shows_no_match 
tests/admin_portal/sites/test_sites_search_filter.py::test_sites_reset_filter_restores_list 
[gw1] [ 58%] PASSED tests/admin_portal/sites/test_sites_search_filter.py::test_sites_reset_filter_restores_list 
[gw0] [ 59%] PASSED tests/admin_portal/sites/test_sites_positive.py::test_create_new_site_with_required_general_settings 
tests/admin_portal/sites/test_sites_search_filter.py::test_sites_filter_active_toggle_on_shows_active_only 
tests/admin_portal/sites/test_sites_positive.py::test_created_site_persists_after_refresh 
[gw1] [ 60%] PASSED tests/admin_portal/sites/test_sites_search_filter.py::test_sites_filter_active_toggle_on_shows_active_only 
tests/admin_portal/sites/test_sites_search_filter.py::test_sites_filter_active_toggle_off_shows_all 
[gw0] [ 60%] PASSED tests/admin_portal/sites/test_sites_positive.py::test_created_site_persists_after_refresh 
tests/admin_portal/sites/test_sites_positive.py::test_create_inactive_site_hidden_from_list 
[gw1] [ 61%] PASSED tests/admin_portal/sites/test_sites_search_filter.py::test_sites_filter_active_toggle_off_shows_all 
tests/admin_portal/sites/test_sites_search_filter.py::test_sites_filter_by_name_and_active_combined 
[gw0] [ 62%] PASSED tests/admin_portal/sites/test_sites_positive.py::test_create_inactive_site_hidden_from_list 
tests/admin_portal/sites/test_sites_validation.py::test_create_site_validation_invalid_email_formats[abc] 
[gw0] [ 63%] XPASS tests/admin_portal/sites/test_sites_validation.py::test_create_site_validation_invalid_email_formats[abc] 
[gw1] [ 63%] PASSED tests/admin_portal/sites/test_sites_search_filter.py::test_sites_filter_by_name_and_active_combined 
tests/admin_portal/sites/test_sites_validation.py::test_create_site_validation_invalid_email_formats[abc@] 
tests/admin_portal/sites/test_sites_ui.py::test_sites_locations_page_ui_elements 
[gw0] [ 64%] XFAIL tests/admin_portal/sites/test_sites_validation.py::test_create_site_validation_invalid_email_formats[abc@] 
tests/admin_portal/sites/test_sites_validation.py::test_create_site_validation_invalid_email_formats[abc@yopmail] 
[gw1] [ 65%] PASSED tests/admin_portal/sites/test_sites_ui.py::test_sites_locations_page_ui_elements 
tests/admin_portal/sites/test_sites_ui.py::test_sites_filter_panel_ui_elements 
[gw1] [ 65%] PASSED tests/admin_portal/sites/test_sites_ui.py::test_sites_filter_panel_ui_elements 
tests/admin_portal/sites/test_sites_ui.py::test_create_site_general_settings_ui_elements 
[gw0] [ 66%] XPASS tests/admin_portal/sites/test_sites_validation.py::test_create_site_validation_invalid_email_formats[abc@yopmail] 
tests/admin_portal/sites/test_sites_validation.py::test_create_site_validation_invalid_tax_values[state_sales_tax--1] 
[gw1] [ 67%] PASSED tests/admin_portal/sites/test_sites_ui.py::test_create_site_general_settings_ui_elements 
tests/admin_portal/sites/test_sites_ui.py::test_create_site_cancel_returns_to_list 
[gw0] [ 67%] PASSED tests/admin_portal/sites/test_sites_validation.py::test_create_site_validation_invalid_tax_values[state_sales_tax--1] 
tests/admin_portal/sites/test_sites_validation.py::test_create_site_validation_invalid_tax_values[city_sales_tax--1] 
[gw1] [ 68%] PASSED tests/admin_portal/sites/test_sites_ui.py::test_create_site_cancel_returns_to_list 
tests/admin_portal/sites/test_sites_validation.py::test_create_site_validation_blocks_empty_required_fields 
[gw0] [ 69%] PASSED tests/admin_portal/sites/test_sites_validation.py::test_create_site_validation_invalid_tax_values[city_sales_tax--1] 
[gw1] [ 69%] PASSED tests/admin_portal/sites/test_sites_validation.py::test_create_site_validation_blocks_empty_required_fields 
tests/admin_portal/sites/test_sites_validation.py::test_create_site_validation_invalid_tax_values[state_sales_tax-abc] 
tests/admin_portal/sites/test_sites_validation.py::test_create_site_special_chars_in_name_do_not_break_form 
[gw1] [ 70%] PASSED tests/admin_portal/sites/test_sites_validation.py::test_create_site_special_chars_in_name_do_not_break_form 
tests/admin_portal/sites/test_sites_validation.py::test_create_site_very_long_name_does_not_crash_form 
[gw0] [ 71%] PASSED tests/admin_portal/sites/test_sites_validation.py::test_create_site_validation_invalid_tax_values[state_sales_tax-abc] 
tests/admin_portal/sites/test_sites_validation.py::test_create_site_validation_invalid_tax_values[city_sales_tax-abc] 
[gw1] [ 71%] PASSED tests/admin_portal/sites/test_sites_validation.py::test_create_site_very_long_name_does_not_crash_form 
tests/admin_portal/service_categories/test_service_categories_dependency.py::test_category_available_in_discount_creation 
[gw0] [ 72%] PASSED tests/admin_portal/sites/test_sites_validation.py::test_create_site_validation_invalid_tax_values[city_sales_tax-abc] 
tests/admin_portal/sites/test_sites_validation.py::test_create_site_validation_invalid_tax_values[state_sales_tax-101] 
[gw1] [ 73%] PASSED tests/admin_portal/service_categories/test_service_categories_dependency.py::test_category_available_in_discount_creation 
tests/admin_portal/service_categories/test_service_categories_dependency.py::test_rename_category_linked_to_discount 
[gw1] [ 73%] SKIPPED tests/admin_portal/service_categories/test_service_categories_dependency.py::test_rename_category_linked_to_discount 
tests/admin_portal/service_categories/test_service_categories_dependency.py::test_deactivate_category_used_by_discount 
[gw1] [ 74%] SKIPPED tests/admin_portal/service_categories/test_service_categories_dependency.py::test_deactivate_category_used_by_discount 
tests/admin_portal/service_categories/test_service_categories_dependency.py::test_category_available_assigning_services 
[gw1] [ 75%] SKIPPED tests/admin_portal/service_categories/test_service_categories_dependency.py::test_category_available_assigning_services 
tests/admin_portal/service_categories/test_service_categories_dependency.py::test_rename_category_with_assigned_services 
[gw1] [ 76%] SKIPPED tests/admin_portal/service_categories/test_service_categories_dependency.py::test_rename_category_with_assigned_services 
tests/admin_portal/service_categories/test_service_categories_edge_cases.py::test_service_category_long_name_does_not_break_form 2026-07-28 03:58:47,706 ERROR nxtwash: Test FAILED: tests/admin_portal/service_categories/test_service_categories_edge_cases.py::test_service_category_long_name_does_not_break_form (url: about:blank)

[gw0] [ 76%] PASSED tests/admin_portal/sites/test_sites_validation.py::test_create_site_validation_invalid_tax_values[state_sales_tax-101] 
tests/admin_portal/sites/test_sites_validation.py::test_create_site_validation_invalid_tax_values[city_sales_tax-101] 2026-07-28 03:59:52,994 WARNING nxtwash: Could not capture screenshot 'failure-tests_admin_portal_service_categories_test_service_categories_edge_cases.py_test_service_category_long_name_does_not_break_form': Message: timeout: Timed out receiving message from renderer: 10.000
  (Session info: chrome=150.0.7871.182)
Stacktrace:
0   chromedriver                        0x00000001049d1a84 cxxbridge1$str$ptr + 3195292
1   chromedriver                        0x00000001049c9b4c cxxbridge1$str$ptr + 3162724
2   chromedriver                        0x00000001044732a4 _RNvCs9NA52FrZ4pF_7___rustc35___rust_no_alloc_shim_is_unstable_v2 + 73836
3   chromedriver                        0x000000010445dd20 cxxbridge1$string$len + 3628
4   chromedriver                        0x000000010445da80 cxxbridge1$string$len + 2956
5   chromedriver                        0x000000010445b818 chromedriver + 227352
6   chromedriver                        0x000000010445c40c chromedriver + 230412
7   chromedriver                        0x00000001044807bc _RNvCs9NA52FrZ4pF_7___rustc35___rust_no_alloc_shim_is_unstable_v2 + 128388
8   chromedriver                        0x0000000104506268 _RNvCs9NA52FrZ4pF_7___rustc35___rust_no_alloc_shim_is_unstable_v2 + 675888
9   chromedriver                        0x00000001044fb030 _RNvCs9NA52FrZ4pF_7___rustc35___rust_no_alloc_shim_is_unstable_v2 + 630264
10  chromedriver                        0x00000001044b1434 _RNvCs9NA52FrZ4pF_7___rustc35___rust_no_alloc_shim_is_unstable_v2 + 328188
11  chromedriver                        0x000000010498ec40 cxxbridge1$str$ptr + 2921304
12  chromedriver                        0x00000001049923b8 cxxbridge1$str$ptr + 2935504
13  chromedriver                        0x00000001049750f8 cxxbridge1$str$ptr + 2816016
14  chromedriver                        0x0000000104992c4c cxxbridge1$str$ptr + 2937700
15  chromedriver                        0x00000001049663b0 cxxbridge1$str$ptr + 2755272
16  chromedriver                        0x00000001049b81f4 cxxbridge1$str$ptr + 3090700
17  chromedriver                        0x00000001049b8354 cxxbridge1$str$ptr + 3091052
18  chromedriver                        0x00000001049c97a4 cxxbridge1$str$ptr + 3161788
19  libsystem_pthread.dylib             0x0000000199325c08 _pthread_start + 136
20  libsystem_pthread.dylib             0x0000000199320ba8 thread_start + 8

2026-07-28 03:59:54,591 ERROR nxtwash: Visible page text at failure:


[gw1] [ 77%] FAILED tests/admin_portal/service_categories/test_service_categories_edge_cases.py::test_service_category_long_name_does_not_break_form 
tests/admin_portal/service_categories/test_service_categories_edge_cases.py::test_activate_deactivate_activate_cycle 
[gw1] [ 78%] XFAIL tests/admin_portal/service_categories/test_service_categories_edge_cases.py::test_activate_deactivate_activate_cycle 
tests/admin_portal/service_categories/test_service_categories_edge_cases.py::test_edit_inactive_category_saves_changes 
[gw0] [ 78%] PASSED tests/admin_portal/sites/test_sites_validation.py::test_create_site_validation_invalid_tax_values[city_sales_tax-101] 
tests/admin_portal/sites/test_sites_validation.py::test_create_site_missing_address_blocks_save 
[gw1] [ 79%] XFAIL tests/admin_portal/service_categories/test_service_categories_edge_cases.py::test_edit_inactive_category_saves_changes 
[gw0] [ 80%] PASSED tests/admin_portal/sites/test_sites_validation.py::test_create_site_missing_address_blocks_save 
tests/admin_portal/service_categories/test_service_categories_edge_cases.py::test_deactivated_category_findable_via_filter 
tests/admin_portal/sites/test_sites_validation.py::test_create_site_blank_name_with_complete_form_blocks_save 
[gw1] [ 80%] XFAIL tests/admin_portal/service_categories/test_service_categories_edge_cases.py::test_deactivated_category_findable_via_filter 
[gw0] [ 81%] ERROR tests/admin_portal/sites/test_sites_validation.py::test_create_site_blank_name_with_complete_form_blocks_save 
tests/admin_portal/service_categories/test_service_categories_edge_cases.py::test_cancel_add_new_does_not_create_category 
tests/admin_portal/service_categories/test_service_categories_edit.py::test_edit_service_category_name_and_restore 
[gw0] [ 82%] XFAIL tests/admin_portal/service_categories/test_service_categories_edit.py::test_edit_service_category_name_and_restore 
tests/admin_portal/service_categories/test_service_categories_filter.py::test_filter_active_categories_shows_active 
[gw1] [ 82%] PASSED tests/admin_portal/service_categories/test_service_categories_edge_cases.py::test_cancel_add_new_does_not_create_category 
tests/admin_portal/service_categories/test_service_categories_edge_cases.py::test_cancel_edit_does_not_save_changes 2026-07-28 04:11:17,883 ERROR nxtwash: Test FAILED: tests/admin_portal/service_categories/test_service_categories_filter.py::test_filter_active_categories_shows_active (url: about:blank)
2026-07-28 04:11:39,004 ERROR nxtwash: Test FAILED: tests/admin_portal/service_categories/test_service_categories_edge_cases.py::test_cancel_edit_does_not_save_changes (url: https://staging.nxtwash.com/services/serviceCategories)
2026-07-28 04:11:41,366 ERROR nxtwash: Visible page text at failure:
Service categories
Filter by (1)
+ Add new category
Service category
Status
No records available
Page
of
0
Results per page
100
Showing 0 - 0 of 0

[gw1] [ 83%] FAILED tests/admin_portal/service_categories/test_service_categories_edge_cases.py::test_cancel_edit_does_not_save_changes 
tests/admin_portal/service_categories/test_service_categories_managed.py::test_managed_category_provided_at_baseline 2026-07-28 04:12:23,001 WARNING nxtwash: Could not capture screenshot 'failure-tests_admin_portal_service_categories_test_service_categories_filter.py_test_filter_active_categories_shows_active': Message: timeout: Timed out receiving message from renderer: 10.000
  (Session info: chrome=150.0.7871.182)
Stacktrace:
0   chromedriver                        0x000000010157da84 cxxbridge1$str$ptr + 3195292
1   chromedriver                        0x0000000101575b4c cxxbridge1$str$ptr + 3162724
2   chromedriver                        0x000000010101f2a4 _RNvCs9NA52FrZ4pF_7___rustc35___rust_no_alloc_shim_is_unstable_v2 + 73836
3   chromedriver                        0x0000000101009d20 cxxbridge1$string$len + 3628
4   chromedriver                        0x0000000101009a80 cxxbridge1$string$len + 2956
5   chromedriver                        0x0000000101007818 chromedriver + 227352
6   chromedriver                        0x000000010100840c chromedriver + 230412
7   chromedriver                        0x000000010102c7bc _RNvCs9NA52FrZ4pF_7___rustc35___rust_no_alloc_shim_is_unstable_v2 + 128388
8   chromedriver                        0x00000001010b2268 _RNvCs9NA52FrZ4pF_7___rustc35___rust_no_alloc_shim_is_unstable_v2 + 675888
9   chromedriver                        0x00000001010a7030 _RNvCs9NA52FrZ4pF_7___rustc35___rust_no_alloc_shim_is_unstable_v2 + 630264
10  chromedriver                        0x000000010105d434 _RNvCs9NA52FrZ4pF_7___rustc35___rust_no_alloc_shim_is_unstable_v2 + 328188
11  chromedriver                        0x000000010153ac40 cxxbridge1$str$ptr + 2921304
12  chromedriver                        0x000000010153e3b8 cxxbridge1$str$ptr + 2935504
13  chromedriver                        0x00000001015210f8 cxxbridge1$str$ptr + 2816016
14  chromedriver                        0x000000010153ec4c cxxbridge1$str$ptr + 2937700
15  chromedriver                        0x00000001015123b0 cxxbridge1$str$ptr + 2755272
16  chromedriver                        0x00000001015641f4 cxxbridge1$str$ptr + 3090700
17  chromedriver                        0x0000000101564354 cxxbridge1$str$ptr + 3091052
18  chromedriver                        0x00000001015757a4 cxxbridge1$str$ptr + 3161788
19  libsystem_pthread.dylib             0x0000000199325c08 _pthread_start + 136
20  libsystem_pthread.dylib             0x0000000199320ba8 thread_start + 8

2026-07-28 04:12:26,889 ERROR nxtwash: Visible page text at failure:


[gw0] [ 84%] FAILED tests/admin_portal/service_categories/test_service_categories_filter.py::test_filter_active_categories_shows_active 
tests/admin_portal/service_categories/test_service_categories_filter.py::test_filter_inactive_categories_shows_inactive 
[gw1] [ 84%] XFAIL tests/admin_portal/service_categories/test_service_categories_managed.py::test_managed_category_provided_at_baseline 
tests/admin_portal/service_categories/test_service_categories_managed.py::test_managed_category_rename_is_reset_on_teardown 
[gw1] [ 85%] XFAIL tests/admin_portal/service_categories/test_service_categories_managed.py::test_managed_category_rename_is_reset_on_teardown 
tests/admin_portal/service_categories/test_service_categories_negative.py::test_service_category_required_name_validation 
[gw0] [ 86%] XFAIL tests/admin_portal/service_categories/test_service_categories_filter.py::test_filter_inactive_categories_shows_inactive 
tests/admin_portal/service_categories/test_service_categories_filter.py::test_export_button_is_clickable 
[gw1] [ 86%] PASSED tests/admin_portal/service_categories/test_service_categories_negative.py::test_service_category_required_name_validation 
tests/admin_portal/service_categories/test_service_categories_negative.py::test_create_duplicate_category_is_blocked 
[gw0] [ 87%] PASSED tests/admin_portal/service_categories/test_service_categories_filter.py::test_export_button_is_clickable 
tests/admin_portal/service_categories/test_service_categories_filter.py::test_reset_active_filter_restores_full_grid 
[gw1] [ 88%] PASSED tests/admin_portal/service_categories/test_service_categories_negative.py::test_create_duplicate_category_is_blocked 
tests/admin_portal/service_categories/test_service_categories_negative.py::test_create_category_exceeding_max_length 
[gw1] [ 89%] PASSED tests/admin_portal/service_categories/test_service_categories_negative.py::test_create_category_exceeding_max_length 
tests/admin_portal/service_categories/test_service_categories_negative.py::test_create_category_with_whitespace_name 2026-07-28 04:20:46,533 ERROR nxtwash: Test FAILED: tests/admin_portal/service_categories/test_service_categories_filter.py::test_reset_active_filter_restores_full_grid (url: https://staging.nxtwash.com/services/serviceCategories)
2026-07-28 04:20:52,918 ERROR nxtwash: Visible page text at failure:
Service categories
Filter by (1)
+ Add new category
Service category
Status
VK ASC3
Active
Edit
Page
of
1
Results per page
100
Showing 1 - 1 of 1

[gw0] [ 89%] FAILED tests/admin_portal/service_categories/test_service_categories_filter.py::test_reset_active_filter_restores_full_grid 
tests/admin_portal/service_categories/test_service_categories_negative.py::test_create_service_category_is_idempotent 
[gw1] [ 90%] PASSED tests/admin_portal/service_categories/test_service_categories_negative.py::test_create_category_with_whitespace_name 
tests/admin_portal/service_categories/test_service_categories_negative.py::test_missing_service_category_is_not_returned 
[gw1] [ 91%] PASSED tests/admin_portal/service_categories/test_service_categories_negative.py::test_missing_service_category_is_not_returned 
tests/admin_portal/service_categories/test_service_categories_positive.py::test_create_inactive_service_category 2026-07-28 04:23:07,928 ERROR nxtwash: Test FAILED: tests/admin_portal/service_categories/test_service_categories_negative.py::test_create_service_category_is_idempotent (url: https://staging.nxtwash.com/services/serviceCategories)
2026-07-28 04:23:10,600 ERROR nxtwash: Visible page text at failure:
Service categories
Filter by (1)
+ Add new category
Service category
Status
No records available
Page
of
0
Results per page
100
Showing 0 - 0 of 0

[gw0] [ 91%] FAILED tests/admin_portal/service_categories/test_service_categories_negative.py::test_create_service_category_is_idempotent 
tests/admin_portal/service_categories/test_service_categories_positive.py::test_create_active_service_category 2026-07-28 04:24:33,525 ERROR nxtwash: Test FAILED: tests/admin_portal/service_categories/test_service_categories_positive.py::test_create_active_service_category (url: https://staging.nxtwash.com/services/serviceCategories)
2026-07-28 04:24:35,871 ERROR nxtwash: Visible page text at failure:
Service categories
Filter by (1)
+ Add new category
Service category
Status
No records available
Page
of
0
Results per page
100
Showing 0 - 0 of 0

[gw0] [ 92%] FAILED tests/admin_portal/service_categories/test_service_categories_positive.py::test_create_active_service_category 
tests/admin_portal/service_categories/test_service_categories_positive.py::test_activate_service_category 
[gw0] [ 93%] SKIPPED tests/admin_portal/service_categories/test_service_categories_positive.py::test_activate_service_category 
tests/admin_portal/service_categories/test_service_categories_positive.py::test_deactivate_service_category 
[gw0] [ 93%] SKIPPED tests/admin_portal/service_categories/test_service_categories_positive.py::test_deactivate_service_category 
tests/admin_portal/service_categories/test_service_categories_positive.py::test_service_category_settings_persist 2026-07-28 04:26:35,027 ERROR nxtwash: Test FAILED: tests/admin_portal/service_categories/test_service_categories_positive.py::test_create_inactive_service_category (url: https://staging.nxtwash.com/services/serviceCategories)
2026-07-28 04:26:39,730 ERROR nxtwash: Visible page text at failure:
Service categories
Filter by (1)
+ Add new category
Service category
Status
No records available
Page
of
0
Results per page
100
Showing 0 - 0 of 0

[gw1] [ 94%] FAILED tests/admin_portal/service_categories/test_service_categories_positive.py::test_create_inactive_service_category 
tests/admin_portal/service_categories/test_service_categories_positive.py::test_edit_service_category_name 
[gw1] [ 95%] SKIPPED tests/admin_portal/service_categories/test_service_categories_positive.py::test_edit_service_category_name 
tests/admin_portal/service_categories/test_service_categories_search_filter.py::test_service_categories_special_character_search_stays_usable 
[gw0] [ 95%] XFAIL tests/admin_portal/service_categories/test_service_categories_positive.py::test_service_category_settings_persist 
tests/admin_portal/service_categories/test_service_categories_search_filter.py::test_service_categories_search_variants_and_clear 
[gw1] [ 96%] PASSED tests/admin_portal/service_categories/test_service_categories_search_filter.py::test_service_categories_special_character_search_stays_usable 
tests/admin_portal/service_categories/test_service_categories_ui.py::test_service_categories_list_shell_controls_and_grid 2026-07-28 04:28:24,323 ERROR nxtwash: Test FAILED: tests/admin_portal/service_categories/test_service_categories_search_filter.py::test_service_categories_search_variants_and_clear (url: https://staging.nxtwash.com/services/serviceCategories)
2026-07-28 04:28:29,674 ERROR nxtwash: Visible page text at failure:
Service categories
Filter by (1)
+ Add new category
Service category
Status
No records available
Page
of
0
Results per page
100
Showing 0 - 0 of 0

[gw0] [ 97%] FAILED tests/admin_portal/service_categories/test_service_categories_search_filter.py::test_service_categories_search_variants_and_clear 
tests/admin_portal/service_categories/test_service_categories_ui.py::test_add_service_category_form_controls 
[gw1] [ 97%] PASSED tests/admin_portal/service_categories/test_service_categories_ui.py::test_service_categories_list_shell_controls_and_grid 
tests/admin_portal/service_categories/test_service_categories_validation.py::test_service_category_required_name_validation 
[gw1] [ 98%] PASSED tests/admin_portal/service_categories/test_service_categories_validation.py::test_service_category_required_name_validation 
[gw0] [ 99%] PASSED tests/admin_portal/service_categories/test_service_categories_ui.py::test_add_service_category_form_controls 
tests/admin_portal/service_categories/test_service_categories_validation.py::test_service_category_blank_required_form_stays_on_form 
[gw0] [100%] PASSED tests/admin_portal/service_categories/test_service_categories_validation.py::test_service_category_blank_required_form_stays_on_form 

==================================== ERRORS ====================================
______ ERROR at setup of test_login_validation_invalid_email_formats[abc] ______
[gw1] darwin -- Python 3.11.2 /Users/vk/Documents/NxtWash Automation/nxtwash-automation/venv/bin/python3.11
tests/admin_portal/login/conftest.py:9: in login_page
    page.open()
pages/admin_portal/login_page.py:47: in open
    self.driver.get(self.config.get_url(self.PORTAL))
venv/lib/python3.11/site-packages/selenium/webdriver/remote/webdriver.py:488: in get
    self.execute(Command.GET, {"url": url})
venv/lib/python3.11/site-packages/selenium/webdriver/remote/webdriver.py:468: in execute
    self.error_handler.check_response(response)
venv/lib/python3.11/site-packages/selenium/webdriver/remote/errorhandler.py:232: in check_response
    raise exception_class(message, screen, stacktrace)
E   selenium.common.exceptions.TimeoutException: Message: timeout: Timed out receiving message from renderer: 60.000
E     (Session info: chrome=150.0.7871.182)
E   Stacktrace:
E   0   chromedriver                        0x0000000102d99a84 cxxbridge1$str$ptr + 3195292
E   1   chromedriver                        0x0000000102d91b4c cxxbridge1$str$ptr + 3162724
E   2   chromedriver                        0x000000010283b2a4 _RNvCs9NA52FrZ4pF_7___rustc35___rust_no_alloc_shim_is_unstable_v2 + 73836
E   3   chromedriver                        0x0000000102825d20 cxxbridge1$string$len + 3628
E   4   chromedriver                        0x0000000102825a80 cxxbridge1$string$len + 2956
E   5   chromedriver                        0x0000000102823818 chromedriver + 227352
E   6   chromedriver                        0x000000010282440c chromedriver + 230412
E   7   chromedriver                        0x00000001028317a4 _RNvCs9NA52FrZ4pF_7___rustc35___rust_no_alloc_shim_is_unstable_v2 + 34156
E   8   chromedriver                        0x0000000102847e1c _RNvCs9NA52FrZ4pF_7___rustc35___rust_no_alloc_shim_is_unstable_v2 + 125924
E   9   chromedriver                        0x0000000102824a78 chromedriver + 232056
E   10  chromedriver                        0x0000000102847c18 _RNvCs9NA52FrZ4pF_7___rustc35___rust_no_alloc_shim_is_unstable_v2 + 125408
E   11  chromedriver                        0x00000001028c2f70 _RNvCs9NA52FrZ4pF_7___rustc35___rust_no_alloc_shim_is_unstable_v2 + 630072
E   12  chromedriver                        0x0000000102879434 _RNvCs9NA52FrZ4pF_7___rustc35___rust_no_alloc_shim_is_unstable_v2 + 328188
E   13  chromedriver                        0x0000000102d56c40 cxxbridge1$str$ptr + 2921304
E   14  chromedriver                        0x0000000102d5a3b8 cxxbridge1$str$ptr + 2935504
E   15  chromedriver                        0x0000000102d3d0f8 cxxbridge1$str$ptr + 2816016
E   16  chromedriver                        0x0000000102d5ac4c cxxbridge1$str$ptr + 2937700
E   17  chromedriver                        0x0000000102d2e3b0 cxxbridge1$str$ptr + 2755272
E   18  chromedriver                        0x0000000102d801f4 cxxbridge1$str$ptr + 3090700
E   19  chromedriver                        0x0000000102d80354 cxxbridge1$str$ptr + 3091052
E   20  chromedriver                        0x0000000102d917a4 cxxbridge1$str$ptr + 3161788
E   21  libsystem_pthread.dylib             0x0000000199325c08 _pthread_start + 136
E   22  libsystem_pthread.dylib             0x0000000199320ba8 thread_start + 8
__ ERROR at setup of test_login_validation_invalid_email_formats[@gmail.com] ___
[gw1] darwin -- Python 3.11.2 /Users/vk/Documents/NxtWash Automation/nxtwash-automation/venv/bin/python3.11
tests/admin_portal/login/conftest.py:9: in login_page
    page.open()
pages/admin_portal/login_page.py:47: in open
    self.driver.get(self.config.get_url(self.PORTAL))
venv/lib/python3.11/site-packages/selenium/webdriver/remote/webdriver.py:488: in get
    self.execute(Command.GET, {"url": url})
venv/lib/python3.11/site-packages/selenium/webdriver/remote/webdriver.py:468: in execute
    self.error_handler.check_response(response)
venv/lib/python3.11/site-packages/selenium/webdriver/remote/errorhandler.py:232: in check_response
    raise exception_class(message, screen, stacktrace)
E   selenium.common.exceptions.TimeoutException: Message: timeout: Timed out receiving message from renderer: 60.000
E     (Session info: chrome=150.0.7871.182)
E   Stacktrace:
E   0   chromedriver                        0x00000001051ada84 cxxbridge1$str$ptr + 3195292
E   1   chromedriver                        0x00000001051a5b4c cxxbridge1$str$ptr + 3162724
E   2   chromedriver                        0x0000000104c4f2a4 _RNvCs9NA52FrZ4pF_7___rustc35___rust_no_alloc_shim_is_unstable_v2 + 73836
E   3   chromedriver                        0x0000000104c39d20 cxxbridge1$string$len + 3628
E   4   chromedriver                        0x0000000104c39a80 cxxbridge1$string$len + 2956
E   5   chromedriver                        0x0000000104c37818 chromedriver + 227352
E   6   chromedriver                        0x0000000104c3840c chromedriver + 230412
E   7   chromedriver                        0x0000000104c457a4 _RNvCs9NA52FrZ4pF_7___rustc35___rust_no_alloc_shim_is_unstable_v2 + 34156
E   8   chromedriver                        0x0000000104c5be1c _RNvCs9NA52FrZ4pF_7___rustc35___rust_no_alloc_shim_is_unstable_v2 + 125924
E   9   chromedriver                        0x0000000104c38a78 chromedriver + 232056
E   10  chromedriver                        0x0000000104c5bc18 _RNvCs9NA52FrZ4pF_7___rustc35___rust_no_alloc_shim_is_unstable_v2 + 125408
E   11  chromedriver                        0x0000000104cd6f70 _RNvCs9NA52FrZ4pF_7___rustc35___rust_no_alloc_shim_is_unstable_v2 + 630072
E   12  chromedriver                        0x0000000104c8d434 _RNvCs9NA52FrZ4pF_7___rustc35___rust_no_alloc_shim_is_unstable_v2 + 328188
E   13  chromedriver                        0x000000010516ac40 cxxbridge1$str$ptr + 2921304
E   14  chromedriver                        0x000000010516e3b8 cxxbridge1$str$ptr + 2935504
E   15  chromedriver                        0x00000001051510f8 cxxbridge1$str$ptr + 2816016
E   16  chromedriver                        0x000000010516ec4c cxxbridge1$str$ptr + 2937700
E   17  chromedriver                        0x00000001051423b0 cxxbridge1$str$ptr + 2755272
E   18  chromedriver                        0x00000001051941f4 cxxbridge1$str$ptr + 3090700
E   19  chromedriver                        0x0000000105194354 cxxbridge1$str$ptr + 3091052
E   20  chromedriver                        0x00000001051a57a4 cxxbridge1$str$ptr + 3161788
E   21  libsystem_pthread.dylib             0x0000000199325c08 _pthread_start + 136
E   22  libsystem_pthread.dylib             0x0000000199320ba8 thread_start + 8
_ ERROR at setup of test_login_validation_invalid_email_formats[abc@@gmail.com] _
[gw1] darwin -- Python 3.11.2 /Users/vk/Documents/NxtWash Automation/nxtwash-automation/venv/bin/python3.11
tests/admin_portal/login/conftest.py:9: in login_page
    page.open()
pages/admin_portal/login_page.py:47: in open
    self.driver.get(self.config.get_url(self.PORTAL))
venv/lib/python3.11/site-packages/selenium/webdriver/remote/webdriver.py:488: in get
    self.execute(Command.GET, {"url": url})
venv/lib/python3.11/site-packages/selenium/webdriver/remote/webdriver.py:468: in execute
    self.error_handler.check_response(response)
venv/lib/python3.11/site-packages/selenium/webdriver/remote/errorhandler.py:232: in check_response
    raise exception_class(message, screen, stacktrace)
E   selenium.common.exceptions.TimeoutException: Message: timeout: Timed out receiving message from renderer: 60.000
E     (Session info: chrome=150.0.7871.182)
E   Stacktrace:
E   0   chromedriver                        0x0000000100ecda84 cxxbridge1$str$ptr + 3195292
E   1   chromedriver                        0x0000000100ec5b4c cxxbridge1$str$ptr + 3162724
E   2   chromedriver                        0x000000010096f2a4 _RNvCs9NA52FrZ4pF_7___rustc35___rust_no_alloc_shim_is_unstable_v2 + 73836
E   3   chromedriver                        0x0000000100959d20 cxxbridge1$string$len + 3628
E   4   chromedriver                        0x0000000100959a80 cxxbridge1$string$len + 2956
E   5   chromedriver                        0x0000000100957818 chromedriver + 227352
E   6   chromedriver                        0x000000010095840c chromedriver + 230412
E   7   chromedriver                        0x00000001009657a4 _RNvCs9NA52FrZ4pF_7___rustc35___rust_no_alloc_shim_is_unstable_v2 + 34156
E   8   chromedriver                        0x000000010097be1c _RNvCs9NA52FrZ4pF_7___rustc35___rust_no_alloc_shim_is_unstable_v2 + 125924
E   9   chromedriver                        0x0000000100958a78 chromedriver + 232056
E   10  chromedriver                        0x000000010097bc18 _RNvCs9NA52FrZ4pF_7___rustc35___rust_no_alloc_shim_is_unstable_v2 + 125408
E   11  chromedriver                        0x00000001009f6f70 _RNvCs9NA52FrZ4pF_7___rustc35___rust_no_alloc_shim_is_unstable_v2 + 630072
E   12  chromedriver                        0x00000001009ad434 _RNvCs9NA52FrZ4pF_7___rustc35___rust_no_alloc_shim_is_unstable_v2 + 328188
E   13  chromedriver                        0x0000000100e8ac40 cxxbridge1$str$ptr + 2921304
E   14  chromedriver                        0x0000000100e8e3b8 cxxbridge1$str$ptr + 2935504
E   15  chromedriver                        0x0000000100e710f8 cxxbridge1$str$ptr + 2816016
E   16  chromedriver                        0x0000000100e8ec4c cxxbridge1$str$ptr + 2937700
E   17  chromedriver                        0x0000000100e623b0 cxxbridge1$str$ptr + 2755272
E   18  chromedriver                        0x0000000100eb41f4 cxxbridge1$str$ptr + 3090700
E   19  chromedriver                        0x0000000100eb4354 cxxbridge1$str$ptr + 3091052
E   20  chromedriver                        0x0000000100ec57a4 cxxbridge1$str$ptr + 3161788
E   21  libsystem_pthread.dylib             0x0000000199325c08 _pthread_start + 136
E   22  libsystem_pthread.dylib             0x0000000199320ba8 thread_start + 8
_ ERROR at setup of test_login_validation_invalid_email_formats[abc @gmail.com] _
[gw1] darwin -- Python 3.11.2 /Users/vk/Documents/NxtWash Automation/nxtwash-automation/venv/bin/python3.11
tests/admin_portal/login/conftest.py:10: in login_page
    page.wait_for_loaded()
pages/admin_portal/login_page.py:53: in wait_for_loaded
    long_wait.until(lambda driver: "/login" in driver.current_url)
venv/lib/python3.11/site-packages/selenium/webdriver/support/wait.py:121: in until
    raise TimeoutException(message, screen, stacktrace)
E   selenium.common.exceptions.TimeoutException: Message:
_ ERROR at setup of test_login_validation_maximum_email_length_does_not_break_ui _
[gw1] darwin -- Python 3.11.2 /Users/vk/Documents/NxtWash Automation/nxtwash-automation/venv/bin/python3.11
tests/admin_portal/login/conftest.py:9: in login_page
    page.open()
pages/admin_portal/login_page.py:47: in open
    self.driver.get(self.config.get_url(self.PORTAL))
venv/lib/python3.11/site-packages/selenium/webdriver/remote/webdriver.py:488: in get
    self.execute(Command.GET, {"url": url})
venv/lib/python3.11/site-packages/selenium/webdriver/remote/webdriver.py:468: in execute
    self.error_handler.check_response(response)
venv/lib/python3.11/site-packages/selenium/webdriver/remote/errorhandler.py:232: in check_response
    raise exception_class(message, screen, stacktrace)
E   selenium.common.exceptions.TimeoutException: Message: timeout: Timed out receiving message from renderer: 60.000
E     (Session info: chrome=150.0.7871.182)
E   Stacktrace:
E   0   chromedriver                        0x00000001013a5a84 cxxbridge1$str$ptr + 3195292
E   1   chromedriver                        0x000000010139db4c cxxbridge1$str$ptr + 3162724
E   2   chromedriver                        0x0000000100e472a4 _RNvCs9NA52FrZ4pF_7___rustc35___rust_no_alloc_shim_is_unstable_v2 + 73836
E   3   chromedriver                        0x0000000100e31d20 cxxbridge1$string$len + 3628
E   4   chromedriver                        0x0000000100e31a80 cxxbridge1$string$len + 2956
E   5   chromedriver                        0x0000000100e2f818 chromedriver + 227352
E   6   chromedriver                        0x0000000100e3040c chromedriver + 230412
E   7   chromedriver                        0x0000000100e3d7a4 _RNvCs9NA52FrZ4pF_7___rustc35___rust_no_alloc_shim_is_unstable_v2 + 34156
E   8   chromedriver                        0x0000000100e53e1c _RNvCs9NA52FrZ4pF_7___rustc35___rust_no_alloc_shim_is_unstable_v2 + 125924
E   9   chromedriver                        0x0000000100e30a78 chromedriver + 232056
E   10  chromedriver                        0x0000000100e53c18 _RNvCs9NA52FrZ4pF_7___rustc35___rust_no_alloc_shim_is_unstable_v2 + 125408
E   11  chromedriver                        0x0000000100ecef70 _RNvCs9NA52FrZ4pF_7___rustc35___rust_no_alloc_shim_is_unstable_v2 + 630072
E   12  chromedriver                        0x0000000100e85434 _RNvCs9NA52FrZ4pF_7___rustc35___rust_no_alloc_shim_is_unstable_v2 + 328188
E   13  chromedriver                        0x0000000101362c40 cxxbridge1$str$ptr + 2921304
E   14  chromedriver                        0x00000001013663b8 cxxbridge1$str$ptr + 2935504
E   15  chromedriver                        0x00000001013490f8 cxxbridge1$str$ptr + 2816016
E   16  chromedriver                        0x0000000101366c4c cxxbridge1$str$ptr + 2937700
E   17  chromedriver                        0x000000010133a3b0 cxxbridge1$str$ptr + 2755272
E   18  chromedriver                        0x000000010138c1f4 cxxbridge1$str$ptr + 3090700
E   19  chromedriver                        0x000000010138c354 cxxbridge1$str$ptr + 3091052
E   20  chromedriver                        0x000000010139d7a4 cxxbridge1$str$ptr + 3161788
E   21  libsystem_pthread.dylib             0x0000000199325c08 _pthread_start + 136
E   22  libsystem_pthread.dylib             0x0000000199320ba8 thread_start + 8
---------------------------- Captured stderr setup -----------------------------
Python(262) MallocStackLogging: can't turn off malloc stack logging because it was not enabled.
_____ ERROR at setup of test_create_site_form_handles_random_address_value _____
[gw1] darwin -- Python 3.11.2 /Users/vk/Documents/NxtWash Automation/nxtwash-automation/venv/bin/python3.11
tests/admin_portal/sites/conftest.py:44: in logged_in_admin_browser
    ensure_admin_logged_in(browser)
tests/admin_portal/admin_session.py:53: in ensure_admin_logged_in
    if host not in browser.current_url:
                   ^^^^^^^^^^^^^^^^^^^
venv/lib/python3.11/site-packages/selenium/webdriver/remote/webdriver.py:602: in current_url
    return self.execute(Command.GET_CURRENT_URL)["value"]
           ^^^^^^^^^^^^^^^^^^^^^^^^^^^^^^^^^^^^^
venv/lib/python3.11/site-packages/selenium/webdriver/remote/webdriver.py:468: in execute
    self.error_handler.check_response(response)
venv/lib/python3.11/site-packages/selenium/webdriver/remote/errorhandler.py:232: in check_response
    raise exception_class(message, screen, stacktrace)
E   selenium.common.exceptions.TimeoutException: Message: timeout: Timed out receiving message from renderer: 60.000
E     (Session info: chrome=150.0.7871.182)
E   Stacktrace:
E   0   chromedriver                        0x0000000104deda84 cxxbridge1$str$ptr + 3195292
E   1   chromedriver                        0x0000000104de5b4c cxxbridge1$str$ptr + 3162724
E   2   chromedriver                        0x000000010488f2a4 _RNvCs9NA52FrZ4pF_7___rustc35___rust_no_alloc_shim_is_unstable_v2 + 73836
E   3   chromedriver                        0x0000000104879d20 cxxbridge1$string$len + 3628
E   4   chromedriver                        0x0000000104879a80 cxxbridge1$string$len + 2956
E   5   chromedriver                        0x0000000104877818 chromedriver + 227352
E   6   chromedriver                        0x000000010487840c chromedriver + 230412
E   7   chromedriver                        0x00000001048857a4 _RNvCs9NA52FrZ4pF_7___rustc35___rust_no_alloc_shim_is_unstable_v2 + 34156
E   8   chromedriver                        0x000000010489be1c _RNvCs9NA52FrZ4pF_7___rustc35___rust_no_alloc_shim_is_unstable_v2 + 125924
E   9   chromedriver                        0x0000000104878a78 chromedriver + 232056
E   10  chromedriver                        0x000000010489bc18 _RNvCs9NA52FrZ4pF_7___rustc35___rust_no_alloc_shim_is_unstable_v2 + 125408
E   11  chromedriver                        0x0000000104916f70 _RNvCs9NA52FrZ4pF_7___rustc35___rust_no_alloc_shim_is_unstable_v2 + 630072
E   12  chromedriver                        0x00000001048cd434 _RNvCs9NA52FrZ4pF_7___rustc35___rust_no_alloc_shim_is_unstable_v2 + 328188
E   13  chromedriver                        0x0000000104daac40 cxxbridge1$str$ptr + 2921304
E   14  chromedriver                        0x0000000104dae3b8 cxxbridge1$str$ptr + 2935504
E   15  chromedriver                        0x0000000104d910f8 cxxbridge1$str$ptr + 2816016
E   16  chromedriver                        0x0000000104daec4c cxxbridge1$str$ptr + 2937700
E   17  chromedriver                        0x0000000104d823b0 cxxbridge1$str$ptr + 2755272
E   18  chromedriver                        0x0000000104dd41f4 cxxbridge1$str$ptr + 3090700
E   19  chromedriver                        0x0000000104dd4354 cxxbridge1$str$ptr + 3091052
E   20  chromedriver                        0x0000000104de57a4 cxxbridge1$str$ptr + 3161788
E   21  libsystem_pthread.dylib             0x0000000199325c08 _pthread_start + 136
E   22  libsystem_pthread.dylib             0x0000000199320ba8 thread_start + 8
---------------------------- Captured stderr setup -----------------------------
Python(2202) MallocStackLogging: can't turn off malloc stack logging because it was not enabled.
______________ ERROR at setup of test_edit_site_form_prepopulates ______________
[gw1] darwin -- Python 3.11.2 /Users/vk/Documents/NxtWash Automation/nxtwash-automation/venv/bin/python3.11
tests/admin_portal/sites/conftest.py:44: in logged_in_admin_browser
    ensure_admin_logged_in(browser)
tests/admin_portal/admin_session.py:53: in ensure_admin_logged_in
    if host not in browser.current_url:
                   ^^^^^^^^^^^^^^^^^^^
venv/lib/python3.11/site-packages/selenium/webdriver/remote/webdriver.py:602: in current_url
    return self.execute(Command.GET_CURRENT_URL)["value"]
           ^^^^^^^^^^^^^^^^^^^^^^^^^^^^^^^^^^^^^
venv/lib/python3.11/site-packages/selenium/webdriver/remote/webdriver.py:468: in execute
    self.error_handler.check_response(response)
venv/lib/python3.11/site-packages/selenium/webdriver/remote/errorhandler.py:232: in check_response
    raise exception_class(message, screen, stacktrace)
E   selenium.common.exceptions.TimeoutException: Message: timeout: Timed out receiving message from renderer: 60.000
E     (Session info: chrome=150.0.7871.182)
E   Stacktrace:
E   0   chromedriver                        0x00000001031c5a84 cxxbridge1$str$ptr + 3195292
E   1   chromedriver                        0x00000001031bdb4c cxxbridge1$str$ptr + 3162724
E   2   chromedriver                        0x0000000102c672a4 _RNvCs9NA52FrZ4pF_7___rustc35___rust_no_alloc_shim_is_unstable_v2 + 73836
E   3   chromedriver                        0x0000000102c51d20 cxxbridge1$string$len + 3628
E   4   chromedriver                        0x0000000102c51a80 cxxbridge1$string$len + 2956
E   5   chromedriver                        0x0000000102c4f818 chromedriver + 227352
E   6   chromedriver                        0x0000000102c5040c chromedriver + 230412
E   7   chromedriver                        0x0000000102c5d7a4 _RNvCs9NA52FrZ4pF_7___rustc35___rust_no_alloc_shim_is_unstable_v2 + 34156
E   8   chromedriver                        0x0000000102c73e1c _RNvCs9NA52FrZ4pF_7___rustc35___rust_no_alloc_shim_is_unstable_v2 + 125924
E   9   chromedriver                        0x0000000102c50a78 chromedriver + 232056
E   10  chromedriver                        0x0000000102c73c18 _RNvCs9NA52FrZ4pF_7___rustc35___rust_no_alloc_shim_is_unstable_v2 + 125408
E   11  chromedriver                        0x0000000102ceef70 _RNvCs9NA52FrZ4pF_7___rustc35___rust_no_alloc_shim_is_unstable_v2 + 630072
E   12  chromedriver                        0x0000000102ca5434 _RNvCs9NA52FrZ4pF_7___rustc35___rust_no_alloc_shim_is_unstable_v2 + 328188
E   13  chromedriver                        0x0000000103182c40 cxxbridge1$str$ptr + 2921304
E   14  chromedriver                        0x00000001031863b8 cxxbridge1$str$ptr + 2935504
E   15  chromedriver                        0x00000001031690f8 cxxbridge1$str$ptr + 2816016
E   16  chromedriver                        0x0000000103186c4c cxxbridge1$str$ptr + 2937700
E   17  chromedriver                        0x000000010315a3b0 cxxbridge1$str$ptr + 2755272
E   18  chromedriver                        0x00000001031ac1f4 cxxbridge1$str$ptr + 3090700
E   19  chromedriver                        0x00000001031ac354 cxxbridge1$str$ptr + 3091052
E   20  chromedriver                        0x00000001031bd7a4 cxxbridge1$str$ptr + 3161788
E   21  libsystem_pthread.dylib             0x0000000199325c08 _pthread_start + 136
E   22  libsystem_pthread.dylib             0x0000000199320ba8 thread_start + 8
---------------------------- Captured stderr setup -----------------------------
Python(2659) MallocStackLogging: can't turn off malloc stack logging because it was not enabled.
_______________ ERROR at setup of test_cancel_edit_does_not_save _______________
[gw1] darwin -- Python 3.11.2 /Users/vk/Documents/NxtWash Automation/nxtwash-automation/venv/bin/python3.11
tests/admin_portal/sites/conftest.py:44: in logged_in_admin_browser
    ensure_admin_logged_in(browser)
tests/admin_portal/admin_session.py:53: in ensure_admin_logged_in
    if host not in browser.current_url:
                   ^^^^^^^^^^^^^^^^^^^
venv/lib/python3.11/site-packages/selenium/webdriver/remote/webdriver.py:602: in current_url
    return self.execute(Command.GET_CURRENT_URL)["value"]
           ^^^^^^^^^^^^^^^^^^^^^^^^^^^^^^^^^^^^^
venv/lib/python3.11/site-packages/selenium/webdriver/remote/webdriver.py:468: in execute
    self.error_handler.check_response(response)
venv/lib/python3.11/site-packages/selenium/webdriver/remote/errorhandler.py:232: in check_response
    raise exception_class(message, screen, stacktrace)
E   selenium.common.exceptions.TimeoutException: Message: timeout: Timed out receiving message from renderer: 60.000
E     (Session info: chrome=150.0.7871.182)
E   Stacktrace:
E   0   chromedriver                        0x0000000100c0da84 cxxbridge1$str$ptr + 3195292
E   1   chromedriver                        0x0000000100c05b4c cxxbridge1$str$ptr + 3162724
E   2   chromedriver                        0x00000001006af2a4 _RNvCs9NA52FrZ4pF_7___rustc35___rust_no_alloc_shim_is_unstable_v2 + 73836
E   3   chromedriver                        0x0000000100699d20 cxxbridge1$string$len + 3628
E   4   chromedriver                        0x0000000100699a80 cxxbridge1$string$len + 2956
E   5   chromedriver                        0x0000000100697818 chromedriver + 227352
E   6   chromedriver                        0x000000010069840c chromedriver + 230412
E   7   chromedriver                        0x00000001006a57a4 _RNvCs9NA52FrZ4pF_7___rustc35___rust_no_alloc_shim_is_unstable_v2 + 34156
E   8   chromedriver                        0x00000001006bbe1c _RNvCs9NA52FrZ4pF_7___rustc35___rust_no_alloc_shim_is_unstable_v2 + 125924
E   9   chromedriver                        0x0000000100698a78 chromedriver + 232056
E   10  chromedriver                        0x00000001006bbc18 _RNvCs9NA52FrZ4pF_7___rustc35___rust_no_alloc_shim_is_unstable_v2 + 125408
E   11  chromedriver                        0x0000000100736f70 _RNvCs9NA52FrZ4pF_7___rustc35___rust_no_alloc_shim_is_unstable_v2 + 630072
E   12  chromedriver                        0x00000001006ed434 _RNvCs9NA52FrZ4pF_7___rustc35___rust_no_alloc_shim_is_unstable_v2 + 328188
E   13  chromedriver                        0x0000000100bcac40 cxxbridge1$str$ptr + 2921304
E   14  chromedriver                        0x0000000100bce3b8 cxxbridge1$str$ptr + 2935504
E   15  chromedriver                        0x0000000100bb10f8 cxxbridge1$str$ptr + 2816016
E   16  chromedriver                        0x0000000100bcec4c cxxbridge1$str$ptr + 2937700
E   17  chromedriver                        0x0000000100ba23b0 cxxbridge1$str$ptr + 2755272
E   18  chromedriver                        0x0000000100bf41f4 cxxbridge1$str$ptr + 3090700
E   19  chromedriver                        0x0000000100bf4354 cxxbridge1$str$ptr + 3091052
E   20  chromedriver                        0x0000000100c057a4 cxxbridge1$str$ptr + 3161788
E   21  libsystem_pthread.dylib             0x0000000199325c08 _pthread_start + 136
E   22  libsystem_pthread.dylib             0x0000000199320ba8 thread_start + 8
---------------------------- Captured stderr setup -----------------------------
Python(5671) MallocStackLogging: can't turn off malloc stack logging because it was not enabled.
____________ ERROR at setup of test_create_site_with_zero_tax_rates ____________
[gw1] darwin -- Python 3.11.2 /Users/vk/Documents/NxtWash Automation/nxtwash-automation/venv/bin/python3.11
tests/admin_portal/sites/conftest.py:44: in logged_in_admin_browser
    ensure_admin_logged_in(browser)
tests/admin_portal/admin_session.py:53: in ensure_admin_logged_in
    if host not in browser.current_url:
                   ^^^^^^^^^^^^^^^^^^^
venv/lib/python3.11/site-packages/selenium/webdriver/remote/webdriver.py:602: in current_url
    return self.execute(Command.GET_CURRENT_URL)["value"]
           ^^^^^^^^^^^^^^^^^^^^^^^^^^^^^^^^^^^^^
venv/lib/python3.11/site-packages/selenium/webdriver/remote/webdriver.py:468: in execute
    self.error_handler.check_response(response)
venv/lib/python3.11/site-packages/selenium/webdriver/remote/errorhandler.py:232: in check_response
    raise exception_class(message, screen, stacktrace)
E   selenium.common.exceptions.TimeoutException: Message: timeout: Timed out receiving message from renderer: 60.000
E     (Session info: chrome=150.0.7871.182)
E   Stacktrace:
E   0   chromedriver                        0x0000000105419a84 cxxbridge1$str$ptr + 3195292
E   1   chromedriver                        0x0000000105411b4c cxxbridge1$str$ptr + 3162724
E   2   chromedriver                        0x0000000104ebb2a4 _RNvCs9NA52FrZ4pF_7___rustc35___rust_no_alloc_shim_is_unstable_v2 + 73836
E   3   chromedriver                        0x0000000104ea5d20 cxxbridge1$string$len + 3628
E   4   chromedriver                        0x0000000104ea5a80 cxxbridge1$string$len + 2956
E   5   chromedriver                        0x0000000104ea3818 chromedriver + 227352
E   6   chromedriver                        0x0000000104ea440c chromedriver + 230412
E   7   chromedriver                        0x0000000104eb17a4 _RNvCs9NA52FrZ4pF_7___rustc35___rust_no_alloc_shim_is_unstable_v2 + 34156
E   8   chromedriver                        0x0000000104ec7e1c _RNvCs9NA52FrZ4pF_7___rustc35___rust_no_alloc_shim_is_unstable_v2 + 125924
E   9   chromedriver                        0x0000000104ea4a78 chromedriver + 232056
E   10  chromedriver                        0x0000000104ec7c18 _RNvCs9NA52FrZ4pF_7___rustc35___rust_no_alloc_shim_is_unstable_v2 + 125408
E   11  chromedriver                        0x0000000104f42f70 _RNvCs9NA52FrZ4pF_7___rustc35___rust_no_alloc_shim_is_unstable_v2 + 630072
E   12  chromedriver                        0x0000000104ef9434 _RNvCs9NA52FrZ4pF_7___rustc35___rust_no_alloc_shim_is_unstable_v2 + 328188
E   13  chromedriver                        0x00000001053d6c40 cxxbridge1$str$ptr + 2921304
E   14  chromedriver                        0x00000001053da3b8 cxxbridge1$str$ptr + 2935504
E   15  chromedriver                        0x00000001053bd0f8 cxxbridge1$str$ptr + 2816016
E   16  chromedriver                        0x00000001053dac4c cxxbridge1$str$ptr + 2937700
E   17  chromedriver                        0x00000001053ae3b0 cxxbridge1$str$ptr + 2755272
E   18  chromedriver                        0x00000001054001f4 cxxbridge1$str$ptr + 3090700
E   19  chromedriver                        0x0000000105400354 cxxbridge1$str$ptr + 3091052
E   20  chromedriver                        0x00000001054117a4 cxxbridge1$str$ptr + 3161788
E   21  libsystem_pthread.dylib             0x0000000199325c08 _pthread_start + 136
E   22  libsystem_pthread.dylib             0x0000000199320ba8 thread_start + 8
---------------------------- Captured stderr setup -----------------------------
Python(7904) MallocStackLogging: can't turn off malloc stack logging because it was not enabled.
_____________ ERROR at setup of test_sites_export_button_clickable _____________
[gw0] darwin -- Python 3.11.2 /Users/vk/Documents/NxtWash Automation/nxtwash-automation/venv/bin/python3.11
tests/admin_portal/sites/conftest.py:44: in logged_in_admin_browser
    ensure_admin_logged_in(browser)
tests/admin_portal/admin_session.py:53: in ensure_admin_logged_in
    if host not in browser.current_url:
                   ^^^^^^^^^^^^^^^^^^^
venv/lib/python3.11/site-packages/selenium/webdriver/remote/webdriver.py:602: in current_url
    return self.execute(Command.GET_CURRENT_URL)["value"]
           ^^^^^^^^^^^^^^^^^^^^^^^^^^^^^^^^^^^^^
venv/lib/python3.11/site-packages/selenium/webdriver/remote/webdriver.py:468: in execute
    self.error_handler.check_response(response)
venv/lib/python3.11/site-packages/selenium/webdriver/remote/errorhandler.py:232: in check_response
    raise exception_class(message, screen, stacktrace)
E   selenium.common.exceptions.TimeoutException: Message: timeout: Timed out receiving message from renderer: 60.000
E     (Session info: chrome=150.0.7871.182)
E   Stacktrace:
E   0   chromedriver                        0x00000001045e1a84 cxxbridge1$str$ptr + 3195292
E   1   chromedriver                        0x00000001045d9b4c cxxbridge1$str$ptr + 3162724
E   2   chromedriver                        0x00000001040832a4 _RNvCs9NA52FrZ4pF_7___rustc35___rust_no_alloc_shim_is_unstable_v2 + 73836
E   3   chromedriver                        0x000000010406dd20 cxxbridge1$string$len + 3628
E   4   chromedriver                        0x000000010406da80 cxxbridge1$string$len + 2956
E   5   chromedriver                        0x000000010406b818 chromedriver + 227352
E   6   chromedriver                        0x000000010406c40c chromedriver + 230412
E   7   chromedriver                        0x00000001040797a4 _RNvCs9NA52FrZ4pF_7___rustc35___rust_no_alloc_shim_is_unstable_v2 + 34156
E   8   chromedriver                        0x000000010408fe1c _RNvCs9NA52FrZ4pF_7___rustc35___rust_no_alloc_shim_is_unstable_v2 + 125924
E   9   chromedriver                        0x000000010406ca78 chromedriver + 232056
E   10  chromedriver                        0x000000010408fc18 _RNvCs9NA52FrZ4pF_7___rustc35___rust_no_alloc_shim_is_unstable_v2 + 125408
E   11  chromedriver                        0x000000010410af70 _RNvCs9NA52FrZ4pF_7___rustc35___rust_no_alloc_shim_is_unstable_v2 + 630072
E   12  chromedriver                        0x00000001040c1434 _RNvCs9NA52FrZ4pF_7___rustc35___rust_no_alloc_shim_is_unstable_v2 + 328188
E   13  chromedriver                        0x000000010459ec40 cxxbridge1$str$ptr + 2921304
E   14  chromedriver                        0x00000001045a23b8 cxxbridge1$str$ptr + 2935504
E   15  chromedriver                        0x00000001045850f8 cxxbridge1$str$ptr + 2816016
E   16  chromedriver                        0x00000001045a2c4c cxxbridge1$str$ptr + 2937700
E   17  chromedriver                        0x00000001045763b0 cxxbridge1$str$ptr + 2755272
E   18  chromedriver                        0x00000001045c81f4 cxxbridge1$str$ptr + 3090700
E   19  chromedriver                        0x00000001045c8354 cxxbridge1$str$ptr + 3091052
E   20  chromedriver                        0x00000001045d97a4 cxxbridge1$str$ptr + 3161788
E   21  libsystem_pthread.dylib             0x0000000199325c08 _pthread_start + 136
E   22  libsystem_pthread.dylib             0x0000000199320ba8 thread_start + 8
---------------------------- Captured stderr setup -----------------------------
Python(8628) MallocStackLogging: can't turn off malloc stack logging because it was not enabled.
__________ ERROR at setup of test_sites_filter_by_existing_site_name ___________
[gw1] darwin -- Python 3.11.2 /Users/vk/Documents/NxtWash Automation/nxtwash-automation/venv/bin/python3.11
tests/admin_portal/sites/conftest.py:44: in logged_in_admin_browser
    ensure_admin_logged_in(browser)
tests/admin_portal/admin_session.py:53: in ensure_admin_logged_in
    if host not in browser.current_url:
                   ^^^^^^^^^^^^^^^^^^^
venv/lib/python3.11/site-packages/selenium/webdriver/remote/webdriver.py:602: in current_url
    return self.execute(Command.GET_CURRENT_URL)["value"]
           ^^^^^^^^^^^^^^^^^^^^^^^^^^^^^^^^^^^^^
venv/lib/python3.11/site-packages/selenium/webdriver/remote/webdriver.py:468: in execute
    self.error_handler.check_response(response)
venv/lib/python3.11/site-packages/selenium/webdriver/remote/errorhandler.py:232: in check_response
    raise exception_class(message, screen, stacktrace)
E   selenium.common.exceptions.TimeoutException: Message: timeout: Timed out receiving message from renderer: 60.000
E     (Session info: chrome=150.0.7871.182)
E   Stacktrace:
E   0   chromedriver                        0x0000000102e35a84 cxxbridge1$str$ptr + 3195292
E   1   chromedriver                        0x0000000102e2db4c cxxbridge1$str$ptr + 3162724
E   2   chromedriver                        0x00000001028d72a4 _RNvCs9NA52FrZ4pF_7___rustc35___rust_no_alloc_shim_is_unstable_v2 + 73836
E   3   chromedriver                        0x00000001028c1d20 cxxbridge1$string$len + 3628
E   4   chromedriver                        0x00000001028c1a80 cxxbridge1$string$len + 2956
E   5   chromedriver                        0x00000001028bf818 chromedriver + 227352
E   6   chromedriver                        0x00000001028c040c chromedriver + 230412
E   7   chromedriver                        0x00000001028cd7a4 _RNvCs9NA52FrZ4pF_7___rustc35___rust_no_alloc_shim_is_unstable_v2 + 34156
E   8   chromedriver                        0x00000001028e3e1c _RNvCs9NA52FrZ4pF_7___rustc35___rust_no_alloc_shim_is_unstable_v2 + 125924
E   9   chromedriver                        0x00000001028c0a78 chromedriver + 232056
E   10  chromedriver                        0x00000001028e3c18 _RNvCs9NA52FrZ4pF_7___rustc35___rust_no_alloc_shim_is_unstable_v2 + 125408
E   11  chromedriver                        0x000000010295ef70 _RNvCs9NA52FrZ4pF_7___rustc35___rust_no_alloc_shim_is_unstable_v2 + 630072
E   12  chromedriver                        0x0000000102915434 _RNvCs9NA52FrZ4pF_7___rustc35___rust_no_alloc_shim_is_unstable_v2 + 328188
E   13  chromedriver                        0x0000000102df2c40 cxxbridge1$str$ptr + 2921304
E   14  chromedriver                        0x0000000102df63b8 cxxbridge1$str$ptr + 2935504
E   15  chromedriver                        0x0000000102dd90f8 cxxbridge1$str$ptr + 2816016
E   16  chromedriver                        0x0000000102df6c4c cxxbridge1$str$ptr + 2937700
E   17  chromedriver                        0x0000000102dca3b0 cxxbridge1$str$ptr + 2755272
E   18  chromedriver                        0x0000000102e1c1f4 cxxbridge1$str$ptr + 3090700
E   19  chromedriver                        0x0000000102e1c354 cxxbridge1$str$ptr + 3091052
E   20  chromedriver                        0x0000000102e2d7a4 cxxbridge1$str$ptr + 3161788
E   21  libsystem_pthread.dylib             0x0000000199325c08 _pthread_start + 136
E   22  libsystem_pthread.dylib             0x0000000199320ba8 thread_start + 8
---------------------------- Captured stderr setup -----------------------------
Python(9635) MallocStackLogging: can't turn off malloc stack logging because it was not enabled.
_ ERROR at setup of test_create_site_blank_name_with_complete_form_blocks_save _
[gw0] darwin -- Python 3.11.2 /Users/vk/Documents/NxtWash Automation/nxtwash-automation/venv/bin/python3.11
tests/admin_portal/sites/conftest.py:44: in logged_in_admin_browser
    ensure_admin_logged_in(browser)
tests/admin_portal/admin_session.py:53: in ensure_admin_logged_in
    if host not in browser.current_url:
                   ^^^^^^^^^^^^^^^^^^^
venv/lib/python3.11/site-packages/selenium/webdriver/remote/webdriver.py:602: in current_url
    return self.execute(Command.GET_CURRENT_URL)["value"]
           ^^^^^^^^^^^^^^^^^^^^^^^^^^^^^^^^^^^^^
venv/lib/python3.11/site-packages/selenium/webdriver/remote/webdriver.py:468: in execute
    self.error_handler.check_response(response)
venv/lib/python3.11/site-packages/selenium/webdriver/remote/errorhandler.py:232: in check_response
    raise exception_class(message, screen, stacktrace)
E   selenium.common.exceptions.TimeoutException: Message: timeout: Timed out receiving message from renderer: 60.000
E     (Session info: chrome=150.0.7871.182)
E   Stacktrace:
E   0   chromedriver                        0x0000000104e51a84 cxxbridge1$str$ptr + 3195292
E   1   chromedriver                        0x0000000104e49b4c cxxbridge1$str$ptr + 3162724
E   2   chromedriver                        0x00000001048f32a4 _RNvCs9NA52FrZ4pF_7___rustc35___rust_no_alloc_shim_is_unstable_v2 + 73836
E   3   chromedriver                        0x00000001048ddd20 cxxbridge1$string$len + 3628
E   4   chromedriver                        0x00000001048dda80 cxxbridge1$string$len + 2956
E   5   chromedriver                        0x00000001048db818 chromedriver + 227352
E   6   chromedriver                        0x00000001048dc40c chromedriver + 230412
E   7   chromedriver                        0x00000001048e97a4 _RNvCs9NA52FrZ4pF_7___rustc35___rust_no_alloc_shim_is_unstable_v2 + 34156
E   8   chromedriver                        0x00000001048ffe1c _RNvCs9NA52FrZ4pF_7___rustc35___rust_no_alloc_shim_is_unstable_v2 + 125924
E   9   chromedriver                        0x00000001048dca78 chromedriver + 232056
E   10  chromedriver                        0x00000001048ffc18 _RNvCs9NA52FrZ4pF_7___rustc35___rust_no_alloc_shim_is_unstable_v2 + 125408
E   11  chromedriver                        0x000000010497af70 _RNvCs9NA52FrZ4pF_7___rustc35___rust_no_alloc_shim_is_unstable_v2 + 630072
E   12  chromedriver                        0x0000000104931434 _RNvCs9NA52FrZ4pF_7___rustc35___rust_no_alloc_shim_is_unstable_v2 + 328188
E   13  chromedriver                        0x0000000104e0ec40 cxxbridge1$str$ptr + 2921304
E   14  chromedriver                        0x0000000104e123b8 cxxbridge1$str$ptr + 2935504
E   15  chromedriver                        0x0000000104df50f8 cxxbridge1$str$ptr + 2816016
E   16  chromedriver                        0x0000000104e12c4c cxxbridge1$str$ptr + 2937700
E   17  chromedriver                        0x0000000104de63b0 cxxbridge1$str$ptr + 2755272
E   18  chromedriver                        0x0000000104e381f4 cxxbridge1$str$ptr + 3090700
E   19  chromedriver                        0x0000000104e38354 cxxbridge1$str$ptr + 3091052
E   20  chromedriver                        0x0000000104e497a4 cxxbridge1$str$ptr + 3161788
E   21  libsystem_pthread.dylib             0x0000000199325c08 _pthread_start + 136
E   22  libsystem_pthread.dylib             0x0000000199320ba8 thread_start + 8
---------------------------- Captured stderr setup -----------------------------
Python(18480) MallocStackLogging: can't turn off malloc stack logging because it was not enabled.
=================================== FAILURES ===================================
________________ test_edit_site_customer_portal_tab_accessible _________________
[gw0] darwin -- Python 3.11.2 /Users/vk/Documents/NxtWash Automation/nxtwash-automation/venv/bin/python3.11
tests/admin_portal/sites/test_sites_edit.py:190: in test_edit_site_customer_portal_tab_accessible
    edit_page = open_edit_for_site(logged_in_admin_browser, site_data["site_name"])
                ^^^^^^^^^^^^^^^^^^^^^^^^^^^^^^^^^^^^^^^^^^^^^^^^^^^^^^^^^^^^^^^^^^^
tests/admin_portal/sites/test_sites_edit.py:51: in open_edit_for_site
    sites_page.open_edit_site(site_name, include_inactive=include_inactive)
pages/admin_portal/sites_page.py:225: in open_edit_site
    self.driver.execute_script("arguments[0].click();", button)
venv/lib/python3.11/site-packages/selenium/webdriver/remote/webdriver.py:578: in execute_script
    return self.execute(command, {"script": script, "args": converted_args})["value"]
           ^^^^^^^^^^^^^^^^^^^^^^^^^^^^^^^^^^^^^^^^^^^^^^^^^^^^^^^^^^^^^^^^^
venv/lib/python3.11/site-packages/selenium/webdriver/remote/webdriver.py:468: in execute
    self.error_handler.check_response(response)
venv/lib/python3.11/site-packages/selenium/webdriver/remote/errorhandler.py:232: in check_response
    raise exception_class(message, screen, stacktrace)
E   selenium.common.exceptions.StaleElementReferenceException: Message: stale element reference: stale element not found in the current frame
E     (Session info: chrome=150.0.7871.182); For documentation on this error, please visit: https://www.selenium.dev/documentation/webdriver/troubleshooting/errors#staleelementreferenceexception
E   Stacktrace:
E   0   chromedriver                        0x00000001048f5a84 cxxbridge1$str$ptr + 3195292
E   1   chromedriver                        0x00000001048edb4c cxxbridge1$str$ptr + 3162724
E   2   chromedriver                        0x00000001043972a4 _RNvCs9NA52FrZ4pF_7___rustc35___rust_no_alloc_shim_is_unstable_v2 + 73836
E   3   chromedriver                        0x000000010439d464 _RNvCs9NA52FrZ4pF_7___rustc35___rust_no_alloc_shim_is_unstable_v2 + 98860
E   4   chromedriver                        0x000000010439f92c _RNvCs9NA52FrZ4pF_7___rustc35___rust_no_alloc_shim_is_unstable_v2 + 108276
E   5   chromedriver                        0x000000010441fd54 _RNvCs9NA52FrZ4pF_7___rustc35___rust_no_alloc_shim_is_unstable_v2 + 633628
E   6   chromedriver                        0x000000010441f030 _RNvCs9NA52FrZ4pF_7___rustc35___rust_no_alloc_shim_is_unstable_v2 + 630264
E   7   chromedriver                        0x00000001043d5434 _RNvCs9NA52FrZ4pF_7___rustc35___rust_no_alloc_shim_is_unstable_v2 + 328188
E   8   chromedriver                        0x00000001048b2c40 cxxbridge1$str$ptr + 2921304
E   9   chromedriver                        0x00000001048b63b8 cxxbridge1$str$ptr + 2935504
E   10  chromedriver                        0x00000001048990f8 cxxbridge1$str$ptr + 2816016
E   11  chromedriver                        0x00000001048b6c4c cxxbridge1$str$ptr + 2937700
E   12  chromedriver                        0x000000010488a3b0 cxxbridge1$str$ptr + 2755272
E   13  chromedriver                        0x00000001048dc1f4 cxxbridge1$str$ptr + 3090700
E   14  chromedriver                        0x00000001048dc354 cxxbridge1$str$ptr + 3091052
E   15  chromedriver                        0x00000001048ed7a4 cxxbridge1$str$ptr + 3161788
E   16  libsystem_pthread.dylib             0x0000000199325c08 _pthread_start + 136
E   17  libsystem_pthread.dylib             0x0000000199320ba8 thread_start + 8
_____________ test_edit_site_contact_email_persists_after_refresh ______________
[gw0] darwin -- Python 3.11.2 /Users/vk/Documents/NxtWash Automation/nxtwash-automation/venv/bin/python3.11
tests/admin_portal/sites/test_sites_edit.py:246: in test_edit_site_contact_email_persists_after_refresh
    edit_page = open_edit_for_site(logged_in_admin_browser, managed_site["site_name"])
                ^^^^^^^^^^^^^^^^^^^^^^^^^^^^^^^^^^^^^^^^^^^^^^^^^^^^^^^^^^^^^^^^^^^^^^
tests/admin_portal/sites/test_sites_edit.py:51: in open_edit_for_site
    sites_page.open_edit_site(site_name, include_inactive=include_inactive)
pages/admin_portal/sites_page.py:224: in open_edit_site
    button = self.wait.until(EC.element_to_be_clickable(locator))
             ^^^^^^^^^^^^^^^^^^^^^^^^^^^^^^^^^^^^^^^^^^^^^^^^^^^^
venv/lib/python3.11/site-packages/selenium/webdriver/support/wait.py:112: in until
    value = method(self._driver)
            ^^^^^^^^^^^^^^^^^^^^
venv/lib/python3.11/site-packages/selenium/webdriver/support/expected_conditions.py:515: in _predicate
    element = visibility_of(target)(driver)
              ^^^^^^^^^^^^^^^^^^^^^^^^^^^^^
venv/lib/python3.11/site-packages/selenium/webdriver/support/expected_conditions.py:208: in _predicate
    return _element_if_visible(element)
           ^^^^^^^^^^^^^^^^^^^^^^^^^^^^
venv/lib/python3.11/site-packages/selenium/webdriver/support/expected_conditions.py:223: in _element_if_visible
    return element if element.is_displayed() == visibility else False
                      ^^^^^^^^^^^^^^^^^^^^^^
venv/lib/python3.11/site-packages/selenium/webdriver/remote/webelement.py:308: in is_displayed
    return self.parent.execute_script(f"/* isDisplayed */return ({isDisplayed_js}).apply(null, arguments);", self)
           ^^^^^^^^^^^^^^^^^^^^^^^^^^^^^^^^^^^^^^^^^^^^^^^^^^^^^^^^^^^^^^^^^^^^^^^^^^^^^^^^^^^^^^^^^^^^^^^^^^^^^^^
venv/lib/python3.11/site-packages/selenium/webdriver/remote/webdriver.py:578: in execute_script
    return self.execute(command, {"script": script, "args": converted_args})["value"]
           ^^^^^^^^^^^^^^^^^^^^^^^^^^^^^^^^^^^^^^^^^^^^^^^^^^^^^^^^^^^^^^^^^
venv/lib/python3.11/site-packages/selenium/webdriver/remote/webdriver.py:468: in execute
    self.error_handler.check_response(response)
venv/lib/python3.11/site-packages/selenium/webdriver/remote/errorhandler.py:232: in check_response
    raise exception_class(message, screen, stacktrace)
E   selenium.common.exceptions.StaleElementReferenceException: Message: stale element reference: stale element not found in the current frame
E     (Session info: chrome=150.0.7871.182); For documentation on this error, please visit: https://www.selenium.dev/documentation/webdriver/troubleshooting/errors#staleelementreferenceexception
E   Stacktrace:
E   0   chromedriver                        0x0000000100b45a84 cxxbridge1$str$ptr + 3195292
E   1   chromedriver                        0x0000000100b3db4c cxxbridge1$str$ptr + 3162724
E   2   chromedriver                        0x00000001005e72a4 _RNvCs9NA52FrZ4pF_7___rustc35___rust_no_alloc_shim_is_unstable_v2 + 73836
E   3   chromedriver                        0x00000001005ed464 _RNvCs9NA52FrZ4pF_7___rustc35___rust_no_alloc_shim_is_unstable_v2 + 98860
E   4   chromedriver                        0x00000001005ef92c _RNvCs9NA52FrZ4pF_7___rustc35___rust_no_alloc_shim_is_unstable_v2 + 108276
E   5   chromedriver                        0x000000010066fd54 _RNvCs9NA52FrZ4pF_7___rustc35___rust_no_alloc_shim_is_unstable_v2 + 633628
E   6   chromedriver                        0x000000010066f030 _RNvCs9NA52FrZ4pF_7___rustc35___rust_no_alloc_shim_is_unstable_v2 + 630264
E   7   chromedriver                        0x0000000100625434 _RNvCs9NA52FrZ4pF_7___rustc35___rust_no_alloc_shim_is_unstable_v2 + 328188
E   8   chromedriver                        0x0000000100b02c40 cxxbridge1$str$ptr + 2921304
E   9   chromedriver                        0x0000000100b063b8 cxxbridge1$str$ptr + 2935504
E   10  chromedriver                        0x0000000100ae90f8 cxxbridge1$str$ptr + 2816016
E   11  chromedriver                        0x0000000100b06c4c cxxbridge1$str$ptr + 2937700
E   12  chromedriver                        0x0000000100ada3b0 cxxbridge1$str$ptr + 2755272
E   13  chromedriver                        0x0000000100b2c1f4 cxxbridge1$str$ptr + 3090700
E   14  chromedriver                        0x0000000100b2c354 cxxbridge1$str$ptr + 3091052
E   15  chromedriver                        0x0000000100b3d7a4 cxxbridge1$str$ptr + 3161788
E   16  libsystem_pthread.dylib             0x0000000199325c08 _pthread_start + 136
E   17  libsystem_pthread.dylib             0x0000000199320ba8 thread_start + 8
---------------------------- Captured stderr setup -----------------------------
Python(99712) MallocStackLogging: can't turn off malloc stack logging because it was not enabled.
_____________ test_service_category_long_name_does_not_break_form ______________
[gw1] darwin -- Python 3.11.2 /Users/vk/Documents/NxtWash Automation/nxtwash-automation/venv/bin/python3.11
tests/admin_portal/service_categories/test_service_categories_edge_cases.py:24: in test_service_category_long_name_does_not_break_form
    page = create_category_if_missing(browser)
           ^^^^^^^^^^^^^^^^^^^^^^^^^^^^^^^^^^^
tests/admin_portal/service_categories/conftest.py:34: in create_category_if_missing
    page = open_service_categories_page(browser)
           ^^^^^^^^^^^^^^^^^^^^^^^^^^^^^^^^^^^^^
tests/admin_portal/service_categories/conftest.py:24: in open_service_categories_page
    open_admin_path(browser, "/services/serviceCategories")
tests/admin_portal/admin_session.py:100: in open_admin_path
    ensure_admin_logged_in(browser)
tests/admin_portal/admin_session.py:53: in ensure_admin_logged_in/Users/vk/Documents/NxtWash Automation/nxtwash-automation/venv/lib/python3.11/site-packages/_pytest/threadexception.py:58: PytestUnhandledThreadExceptionWarning: Exception in thread Thread-3 (run_connection)

Traceback (most recent call last):
  File "/Library/Frameworks/Python.framework/Versions/3.11/lib/python3.11/threading.py", line 1038, in _bootstrap_inner
    self.run()
  File "/Library/Frameworks/Python.framework/Versions/3.11/lib/python3.11/threading.py", line 975, in run
    self._target(*self._args, **self._kwargs)
  File "/Users/vk/Documents/NxtWash Automation/nxtwash-automation/venv/lib/python3.11/site-packages/pytest_rerunfailures.py", line 445, in run_connection
    op, i, k, v = self._sock_recv(conn).split("|")
                  ^^^^^^^^^^^^^^^^^^^^^
  File "/Users/vk/Documents/NxtWash Automation/nxtwash-automation/venv/lib/python3.11/site-packages/pytest_rerunfailures.py", line 410, in _sock_recv
    b = conn.recv(1)
        ^^^^^^^^^^^^
TimeoutError: timed out

Enable tracemalloc to get traceback where the object was allocated.
See https://docs.pytest.org/en/stable/how-to/capture-warnings.html#resource-warnings for more info.
  warnings.warn(pytest.PytestUnhandledThreadExceptionWarning(msg))
/Users/vk/Documents/NxtWash Automation/nxtwash-automation/venv/lib/python3.11/site-packages/_pytest/threadexception.py:58: PytestUnhandledThreadExceptionWarning: Exception in thread Thread-2 (run_connection)

Traceback (most recent call last):
  File "/Library/Frameworks/Python.framework/Versions/3.11/lib/python3.11/threading.py", line 1038, in _bootstrap_inner
    self.run()
  File "/Library/Frameworks/Python.framework/Versions/3.11/lib/python3.11/threading.py", line 975, in run
    self._target(*self._args, **self._kwargs)
  File "/Users/vk/Documents/NxtWash Automation/nxtwash-automation/venv/lib/python3.11/site-packages/pytest_rerunfailures.py", line 445, in run_connection
    op, i, k, v = self._sock_recv(conn).split("|")
                  ^^^^^^^^^^^^^^^^^^^^^
  File "/Users/vk/Documents/NxtWash Automation/nxtwash-automation/venv/lib/python3.11/site-packages/pytest_rerunfailures.py", line 410, in _sock_recv
    b = conn.recv(1)
        ^^^^^^^^^^^^
TimeoutError: timed out

Enable tracemalloc to get traceback where the object was allocated.
See https://docs.pytest.org/en/stable/how-to/capture-warnings.html#resource-warnings for more info.
  warnings.warn(pytest.PytestUnhandledThreadExceptionWarning(msg))

    if host not in browser.current_url:
                   ^^^^^^^^^^^^^^^^^^^
venv/lib/python3.11/site-packages/selenium/webdriver/remote/webdriver.py:602: in current_url
    return self.execute(Command.GET_CURRENT_URL)["value"]
           ^^^^^^^^^^^^^^^^^^^^^^^^^^^^^^^^^^^^^
venv/lib/python3.11/site-packages/selenium/webdriver/remote/webdriver.py:468: in execute
    self.error_handler.check_response(response)
venv/lib/python3.11/site-packages/selenium/webdriver/remote/errorhandler.py:232: in check_response
    raise exception_class(message, screen, stacktrace)
E   selenium.common.exceptions.TimeoutException: Message: timeout: Timed out receiving message from renderer: 60.000
E     (Session info: chrome=150.0.7871.182)
E   Stacktrace:
E   0   chromedriver                        0x00000001049d1a84 cxxbridge1$str$ptr + 3195292
E   1   chromedriver                        0x00000001049c9b4c cxxbridge1$str$ptr + 3162724
E   2   chromedriver                        0x00000001044732a4 _RNvCs9NA52FrZ4pF_7___rustc35___rust_no_alloc_shim_is_unstable_v2 + 73836
E   3   chromedriver                        0x000000010445dd20 cxxbridge1$string$len + 3628
E   4   chromedriver                        0x000000010445da80 cxxbridge1$string$len + 2956
E   5   chromedriver                        0x000000010445b818 chromedriver + 227352
E   6   chromedriver                        0x000000010445c40c chromedriver + 230412
E   7   chromedriver                        0x00000001044697a4 _RNvCs9NA52FrZ4pF_7___rustc35___rust_no_alloc_shim_is_unstable_v2 + 34156
E   8   chromedriver                        0x000000010447fe1c _RNvCs9NA52FrZ4pF_7___rustc35___rust_no_alloc_shim_is_unstable_v2 + 125924
E   9   chromedriver                        0x000000010445ca78 chromedriver + 232056
E   10  chromedriver                        0x000000010447fc18 _RNvCs9NA52FrZ4pF_7___rustc35___rust_no_alloc_shim_is_unstable_v2 + 125408
E   11  chromedriver                        0x00000001044faf70 _RNvCs9NA52FrZ4pF_7___rustc35___rust_no_alloc_shim_is_unstable_v2 + 630072
E   12  chromedriver                        0x00000001044b1434 _RNvCs9NA52FrZ4pF_7___rustc35___rust_no_alloc_shim_is_unstable_v2 + 328188
E   13  chromedriver                        0x000000010498ec40 cxxbridge1$str$ptr + 2921304
E   14  chromedriver                        0x00000001049923b8 cxxbridge1$str$ptr + 2935504
E   15  chromedriver                        0x00000001049750f8 cxxbridge1$str$ptr + 2816016
E   16  chromedriver                        0x0000000104992c4c cxxbridge1$str$ptr + 2937700
E   17  chromedriver                        0x00000001049663b0 cxxbridge1$str$ptr + 2755272
E   18  chromedriver                        0x00000001049b81f4 cxxbridge1$str$ptr + 3090700
E   19  chromedriver                        0x00000001049b8354 cxxbridge1$str$ptr + 3091052
E   20  chromedriver                        0x00000001049c97a4 cxxbridge1$str$ptr + 3161788
E   21  libsystem_pthread.dylib             0x0000000199325c08 _pthread_start + 136
E   22  libsystem_pthread.dylib             0x0000000199320ba8 thread_start + 8
---------------------------- Captured stderr setup -----------------------------
Python(16753) MallocStackLogging: can't turn off malloc stack logging because it was not enabled.
____________________ test_cancel_edit_does_not_save_changes ____________________
[gw1] darwin -- Python 3.11.2 /Users/vk/Documents/NxtWash Automation/nxtwash-automation/venv/bin/python3.11
tests/admin_portal/service_categories/test_service_categories_edge_cases.py:129: in test_cancel_edit_does_not_save_changes
    page.open_edit_category(CATEGORY_NAME)
pages/admin_portal/service_categories_page.py:329: in open_edit_category
    self.search_category(category_name)
pages/admin_portal/service_categories_page.py:354: in search_category
    self.wait.until(
venv/lib/python3.11/site-packages/selenium/webdriver/support/wait.py:121: in until
    raise TimeoutException(message, screen, stacktrace)
E   selenium.common.exceptions.TimeoutException: Message:
---------------------------- Captured stderr setup -----------------------------
Python(19592) MallocStackLogging: can't turn off malloc stack logging because it was not enabled.
__________________ test_filter_active_categories_shows_active __________________
[gw0] darwin -- Python 3.11.2 /Users/vk/Documents/NxtWash Automation/nxtwash-automation/venv/bin/python3.11
tests/admin_portal/service_categories/test_service_categories_filter.py:21: in test_filter_active_categories_shows_active
    page = create_category_if_missing(browser)
           ^^^^^^^^^^^^^^^^^^^^^^^^^^^^^^^^^^^
tests/admin_portal/service_categories/conftest.py:34: in create_category_if_missing
    page = open_service_categories_page(browser)
           ^^^^^^^^^^^^^^^^^^^^^^^^^^^^^^^^^^^^^
tests/admin_portal/service_categories/conftest.py:24: in open_service_categories_page
    open_admin_path(browser, "/services/serviceCategories")
tests/admin_portal/admin_session.py:100: in open_admin_path
    ensure_admin_logged_in(browser)
tests/admin_portal/admin_session.py:53: in ensure_admin_logged_in
    if host not in browser.current_url:
                   ^^^^^^^^^^^^^^^^^^^
venv/lib/python3.11/site-packages/selenium/webdriver/remote/webdriver.py:602: in current_url
    return self.execute(Command.GET_CURRENT_URL)["value"]
           ^^^^^^^^^^^^^^^^^^^^^^^^^^^^^^^^^^^^^
venv/lib/python3.11/site-packages/selenium/webdriver/remote/webdriver.py:468: in execute
    self.error_handler.check_response(response)
venv/lib/python3.11/site-packages/selenium/webdriver/remote/errorhandler.py:232: in check_response
    raise exception_class(message, screen, stacktrace)
E   selenium.common.exceptions.TimeoutException: Message: timeout: Timed out receiving message from renderer: 60.000
E     (Session info: chrome=150.0.7871.182)
E   Stacktrace:
E   0   chromedriver                        0x000000010157da84 cxxbridge1$str$ptr + 3195292
E   1   chromedriver                        0x0000000101575b4c cxxbridge1$str$ptr + 3162724
E   2   chromedriver                        0x000000010101f2a4 _RNvCs9NA52FrZ4pF_7___rustc35___rust_no_alloc_shim_is_unstable_v2 + 73836
E   3   chromedriver                        0x0000000101009d20 cxxbridge1$string$len + 3628
E   4   chromedriver                        0x0000000101009a80 cxxbridge1$string$len + 2956
E   5   chromedriver                        0x0000000101007818 chromedriver + 227352
E   6   chromedriver                        0x000000010100840c chromedriver + 230412
E   7   chromedriver                        0x00000001010157a4 _RNvCs9NA52FrZ4pF_7___rustc35___rust_no_alloc_shim_is_unstable_v2 + 34156
E   8   chromedriver                        0x000000010102be1c _RNvCs9NA52FrZ4pF_7___rustc35___rust_no_alloc_shim_is_unstable_v2 + 125924
E   9   chromedriver                        0x0000000101008a78 chromedriver + 232056
E   10  chromedriver                        0x000000010102bc18 _RNvCs9NA52FrZ4pF_7___rustc35___rust_no_alloc_shim_is_unstable_v2 + 125408
E   11  chromedriver                        0x00000001010a6f70 _RNvCs9NA52FrZ4pF_7___rustc35___rust_no_alloc_shim_is_unstable_v2 + 630072
E   12  chromedriver                        0x000000010105d434 _RNvCs9NA52FrZ4pF_7___rustc35___rust_no_alloc_shim_is_unstable_v2 + 328188
E   13  chromedriver                        0x000000010153ac40 cxxbridge1$str$ptr + 2921304
E   14  chromedriver                        0x000000010153e3b8 cxxbridge1$str$ptr + 2935504
E   15  chromedriver                        0x00000001015210f8 cxxbridge1$str$ptr + 2816016
E   16  chromedriver                        0x000000010153ec4c cxxbridge1$str$ptr + 2937700
E   17  chromedriver                        0x00000001015123b0 cxxbridge1$str$ptr + 2755272
E   18  chromedriver                        0x00000001015641f4 cxxbridge1$str$ptr + 3090700
E   19  chromedriver                        0x0000000101564354 cxxbridge1$str$ptr + 3091052
E   20  chromedriver                        0x00000001015757a4 cxxbridge1$str$ptr + 3161788
E   21  libsystem_pthread.dylib             0x0000000199325c08 _pthread_start + 136
E   22  libsystem_pthread.dylib             0x0000000199320ba8 thread_start + 8
---------------------------- Captured stderr setup -----------------------------
Python(19431) MallocStackLogging: can't turn off malloc stack logging because it was not enabled.
_________________ test_reset_active_filter_restores_full_grid __________________
[gw0] darwin -- Python 3.11.2 /Users/vk/Documents/NxtWash Automation/nxtwash-automation/venv/bin/python3.11
tests/admin_portal/service_categories/test_service_categories_filter.py:71: in test_reset_active_filter_restores_full_grid
    page.open_filter_panel()
pages/admin_portal/service_categories_page.py:382: in open_filter_panel
    btn = self.wait.until(EC.element_to_be_clickable(self.FILTER_BUTTON))
          ^^^^^^^^^^^^^^^^^^^^^^^^^^^^^^^^^^^^^^^^^^^^^^^^^^^^^^^^^^^^^^^
venv/lib/python3.11/site-packages/selenium/webdriver/support/wait.py:121: in until
    raise TimeoutException(message, screen, stacktrace)
E   selenium.common.exceptions.TimeoutException: Message: 
E   Stacktrace:
E   0   chromedriver                        0x0000000104875a84 cxxbridge1$str$ptr + 3195292
E   1   chromedriver                        0x000000010486db4c cxxbridge1$str$ptr + 3162724
E   2   chromedriver                        0x00000001043172a4 _RNvCs9NA52FrZ4pF_7___rustc35___rust_no_alloc_shim_is_unstable_v2 + 73836
E   3   chromedriver                        0x000000010435fa44 _RNvCs9NA52FrZ4pF_7___rustc35___rust_no_alloc_shim_is_unstable_v2 + 370700
E   4   chromedriver                        0x000000010439f030 _RNvCs9NA52FrZ4pF_7___rustc35___rust_no_alloc_shim_is_unstable_v2 + 630264
E   5   chromedriver                        0x0000000104355434 _RNvCs9NA52FrZ4pF_7___rustc35___rust_no_alloc_shim_is_unstable_v2 + 328188
E   6   chromedriver                        0x0000000104832c40 cxxbridge1$str$ptr + 2921304
E   7   chromedriver                        0x00000001048363b8 cxxbridge1$str$ptr + 2935504
E   8   chromedriver                        0x00000001048190f8 cxxbridge1$str$ptr + 2816016
E   9   chromedriver                        0x0000000104836c4c cxxbridge1$str$ptr + 2937700
E   10  chromedriver                        0x000000010480a3b0 cxxbridge1$str$ptr + 2755272
E   11  chromedriver                        0x000000010485c1f4 cxxbridge1$str$ptr + 3090700
E   12  chromedriver                        0x000000010485c354 cxxbridge1$str$ptr + 3091052
E   13  chromedriver                        0x000000010486d7a4 cxxbridge1$str$ptr + 3161788
E   14  libsystem_pthread.dylib             0x0000000199325c08 _pthread_start + 136
E   15  libsystem_pthread.dylib             0x0000000199320ba8 thread_start + 8
---------------------------- Captured stderr setup -----------------------------
Python(21468) MallocStackLogging: can't turn off malloc stack logging because it was not enabled.
__________________ test_create_service_category_is_idempotent __________________
[gw0] darwin -- Python 3.11.2 /Users/vk/Documents/NxtWash Automation/nxtwash-automation/venv/bin/python3.11
tests/admin_portal/service_categories/test_service_categories_negative.py:107: in test_create_service_category_is_idempotent
    page.search_category(CATEGORY_NAME)
pages/admin_portal/service_categories_page.py:354: in search_category
    self.wait.until(
venv/lib/python3.11/site-packages/selenium/webdriver/support/wait.py:121: in until
    raise TimeoutException(message, screen, stacktrace)
E   selenium.common.exceptions.TimeoutException: Message:
---------------------------- Captured stderr setup -----------------------------
Python(22240) MallocStackLogging: can't turn off malloc stack logging because it was not enabled.
_____________________ test_create_active_service_category ______________________
[gw0] darwin -- Python 3.11.2 /Users/vk/Documents/NxtWash Automation/nxtwash-automation/venv/bin/python3.11
tests/admin_portal/service_categories/test_service_categories_positive.py:28: in test_create_active_service_category
    page.search_category(CATEGORY_NAME)
pages/admin_portal/service_categories_page.py:354: in search_category
    self.wait.until(
venv/lib/python3.11/site-packages/selenium/webdriver/support/wait.py:121: in until
    raise TimeoutException(message, screen, stacktrace)
E   selenium.common.exceptions.TimeoutException: Message:
---------------------------- Captured stderr setup -----------------------------
Python(22697) MallocStackLogging: can't turn off malloc stack logging because it was not enabled.
____________________ test_create_inactive_service_category _____________________
[gw1] darwin -- Python 3.11.2 /Users/vk/Documents/NxtWash Automation/nxtwash-automation/venv/bin/python3.11
tests/admin_portal/service_categories/test_service_categories_positive.py:42: in test_create_inactive_service_category
    page.open_edit_category(INACTIVE_CATEGORY_NAME)
pages/admin_portal/service_categories_page.py:329: in open_edit_category
    self.search_category(category_name)
pages/admin_portal/service_categories_page.py:354: in search_category
    self.wait.until(
venv/lib/python3.11/site-packages/selenium/webdriver/support/wait.py:121: in until
    raise TimeoutException(message, screen, stacktrace)
E   selenium.common.exceptions.TimeoutException: Message:
---------------------------- Captured stderr setup -----------------------------
Python(22555) MallocStackLogging: can't turn off malloc stack logging because it was not enabled.
______________ test_service_categories_search_variants_and_clear _______________
[gw0] darwin -- Python 3.11.2 /Users/vk/Documents/NxtWash Automation/nxtwash-automation/venv/bin/python3.11
tests/admin_portal/service_categories/test_service_categories_search_filter.py:32: in test_service_categories_search_variants_and_clear
    page.search_category(CATEGORY_NAME)
pages/admin_portal/service_categories_page.py:354: in search_category
    self.wait.until(
venv/lib/python3.11/site-packages/selenium/webdriver/support/wait.py:121: in until
    raise TimeoutException(message, screen, stacktrace)
E   selenium.common.exceptions.TimeoutException: Message:
---------------------------- Captured stderr setup -----------------------------
Python(23336) MallocStackLogging: can't turn off malloc stack logging because it was not enabled.
----------------------------- Captured stderr call -----------------------------
2026-07-28 04:27:14,519 INFO tests.admin_portal.service_categories.test_service_categories_search_filter: Verifying Service Categories search variants
------------------------------ Captured log call -------------------------------
INFO     tests.admin_portal.service_categories.test_service_categories_search_filter:test_service_categories_search_filter.py:28 Verifying Service Categories search variants
=========================== short test summary info ============================
FAILED tests/admin_portal/sites/test_sites_edit.py::test_edit_site_customer_portal_tab_accessible
FAILED tests/admin_portal/sites/test_sites_edit.py::test_edit_site_contact_email_persists_after_refresh
FAILED tests/admin_portal/service_categories/test_service_categories_edge_cases.py::test_service_category_long_name_does_not_break_form
FAILED tests/admin_portal/service_categories/test_service_categories_edge_cases.py::test_cancel_edit_does_not_save_changes
FAILED tests/admin_portal/service_categories/test_service_categories_filter.py::test_filter_active_categories_shows_active
FAILED tests/admin_portal/service_categories/test_service_categories_filter.py::test_reset_active_filter_restores_full_grid
FAILED tests/admin_portal/service_categories/test_service_categories_negative.py::test_create_service_category_is_idempotent
FAILED tests/admin_portal/service_categories/test_service_categories_positive.py::test_create_active_service_category
FAILED tests/admin_portal/service_categories/test_service_categories_positive.py::test_create_inactive_service_category
FAILED tests/admin_portal/service_categories/test_service_categories_search_filter.py::test_service_categories_search_variants_and_clear
ERROR tests/admin_portal/login/test_login_validation.py::test_login_validation_invalid_email_formats[abc]
ERROR tests/admin_portal/login/test_login_validation.py::test_login_validation_invalid_email_formats[@gmail.com]
ERROR tests/admin_portal/login/test_login_validation.py::test_login_validation_invalid_email_formats[abc@@gmail.com]
ERROR tests/admin_portal/login/test_login_validation.py::test_login_validation_invalid_email_formats[abc @gmail.com]
ERROR tests/admin_portal/login/test_login_validation.py::test_login_validation_maximum_email_length_does_not_break_ui
ERROR tests/admin_portal/sites/test_sites_edge_cases.py::test_create_site_form_handles_random_address_value
ERROR tests/admin_portal/sites/test_sites_edit.py::test_edit_site_form_prepopulates
ERROR tests/admin_portal/sites/test_sites_edit.py::test_cancel_edit_does_not_save
ERROR tests/admin_portal/sites/test_sites_positive.py::test_create_site_with_zero_tax_rates
ERROR tests/admin_portal/sites/test_sites_export.py::test_sites_export_button_clickable
ERROR tests/admin_portal/sites/test_sites_search_filter.py::test_sites_filter_by_existing_site_name
ERROR tests/admin_portal/sites/test_sites_validation.py::test_create_site_blank_name_with_complete_form_blocks_save
= 10 failed, 79 passed, 18 skipped, 21 xfailed, 6 xpassed, 12 errors in 7480.14s (2:04:40) =
EXIT:0
