2026-07-28 02:44:35,307 INFO nxtwash: Test run starting against 'staging' environment
2026-07-28 02:44:48,259 INFO nxtwash: Test run starting against 'staging' environment
2026-07-28 02:44:48,272 INFO nxtwash: Test run starting against 'staging' environment
============================= test session starts ==============================
created: 2/2 workers
2 workers [164 items]

scheduling tests via LoadScheduling

tests/admin_portal/users/test_users_create.py::test_users_add_form_opens 
tests/admin_portal/users/test_users_dependency.py::test_filter_sites_match_sites_and_locations_module 
[gw1] [  0%] PASSED tests/admin_portal/users/test_users_create.py::test_users_add_form_opens 
tests/admin_portal/users/test_users_create.py::test_create_active_user 
[gw1] [  1%] SKIPPED tests/admin_portal/users/test_users_create.py::test_create_active_user 
tests/admin_portal/users/test_users_create.py::test_create_inactive_user 
[gw0] [  1%] XFAIL tests/admin_portal/users/test_users_dependency.py::test_filter_sites_match_sites_and_locations_module 
tests/admin_portal/users/test_users_edge_cases.py::test_only_active_roles_in_dropdown 2026-07-28 02:49:14,671 ERROR nxtwash: Test FAILED: tests/admin_portal/users/test_users_create.py::test_create_inactive_user (url: about:blank)

[gw0] [  2%] XFAIL tests/admin_portal/users/test_users_edge_cases.py::test_only_active_roles_in_dropdown 
tests/admin_portal/users/test_users_edge_cases.py::test_only_active_employees_in_dropdown 2026-07-28 02:50:27,306 WARNING nxtwash: Could not capture screenshot 'failure-tests_admin_portal_users_test_users_create.py_test_create_inactive_user': Message: timeout: Timed out receiving message from renderer: 10.000
  (Session info: chrome=150.0.7871.182)
Stacktrace:
0   chromedriver                        0x00000001025e5a84 cxxbridge1$str$ptr + 3195292
1   chromedriver                        0x00000001025ddb4c cxxbridge1$str$ptr + 3162724
2   chromedriver                        0x00000001020872a4 _RNvCs9NA52FrZ4pF_7___rustc35___rust_no_alloc_shim_is_unstable_v2 + 73836
3   chromedriver                        0x0000000102071d20 cxxbridge1$string$len + 3628
4   chromedriver                        0x0000000102071a80 cxxbridge1$string$len + 2956
5   chromedriver                        0x000000010206f818 chromedriver + 227352
6   chromedriver                        0x000000010207040c chromedriver + 230412
7   chromedriver                        0x00000001020947bc _RNvCs9NA52FrZ4pF_7___rustc35___rust_no_alloc_shim_is_unstable_v2 + 128388
8   chromedriver                        0x000000010211a268 _RNvCs9NA52FrZ4pF_7___rustc35___rust_no_alloc_shim_is_unstable_v2 + 675888
9   chromedriver                        0x000000010210f030 _RNvCs9NA52FrZ4pF_7___rustc35___rust_no_alloc_shim_is_unstable_v2 + 630264
10  chromedriver                        0x00000001020c5434 _RNvCs9NA52FrZ4pF_7___rustc35___rust_no_alloc_shim_is_unstable_v2 + 328188
11  chromedriver                        0x00000001025a2c40 cxxbridge1$str$ptr + 2921304
12  chromedriver                        0x00000001025a63b8 cxxbridge1$str$ptr + 2935504
13  chromedriver                        0x00000001025890f8 cxxbridge1$str$ptr + 2816016
14  chromedriver                        0x00000001025a6c4c cxxbridge1$str$ptr + 2937700
15  chromedriver                        0x000000010257a3b0 cxxbridge1$str$ptr + 2755272
16  chromedriver                        0x00000001025cc1f4 cxxbridge1$str$ptr + 3090700
17  chromedriver                        0x00000001025cc354 cxxbridge1$str$ptr + 3091052
18  chromedriver                        0x00000001025dd7a4 cxxbridge1$str$ptr + 3161788
19  libsystem_pthread.dylib             0x0000000199325c08 _pthread_start + 136
20  libsystem_pthread.dylib             0x0000000199320ba8 thread_start + 8

2026-07-28 02:50:41,816 ERROR nxtwash: Visible page text at failure:


[gw1] [  3%] FAILED tests/admin_portal/users/test_users_create.py::test_create_inactive_user 
tests/admin_portal/users/test_users_create.py::test_create_user_employee_required 
[gw0] [  3%] XFAIL tests/admin_portal/users/test_users_edge_cases.py::test_only_active_employees_in_dropdown 
tests/admin_portal/users/test_users_edge_cases.py::test_email_whitespace_trimmed_or_rejected 2026-07-28 02:54:12,318 ERROR nxtwash: Test FAILED: tests/admin_portal/users/test_users_edge_cases.py::test_email_whitespace_trimmed_or_rejected (url: about:blank)

[gw1] [  4%] PASSED tests/admin_portal/users/test_users_create.py::test_create_user_employee_required 2026-07-28 02:55:21,754 WARNING nxtwash: Could not capture screenshot 'failure-tests_admin_portal_users_test_users_edge_cases.py_test_email_whitespace_trimmed_or_rejected': Message: timeout: Timed out receiving message from renderer: 10.000
  (Session info: chrome=150.0.7871.182)
Stacktrace:
0   chromedriver                        0x0000000100e09a84 cxxbridge1$str$ptr + 3195292
1   chromedriver                        0x0000000100e01b4c cxxbridge1$str$ptr + 3162724
2   chromedriver                        0x00000001008ab2a4 _RNvCs9NA52FrZ4pF_7___rustc35___rust_no_alloc_shim_is_unstable_v2 + 73836
3   chromedriver                        0x0000000100895d20 cxxbridge1$string$len + 3628
4   chromedriver                        0x0000000100895a80 cxxbridge1$string$len + 2956
5   chromedriver                        0x0000000100893818 chromedriver + 227352
6   chromedriver                        0x000000010089440c chromedriver + 230412
7   chromedriver                        0x00000001008b87bc _RNvCs9NA52FrZ4pF_7___rustc35___rust_no_alloc_shim_is_unstable_v2 + 128388
8   chromedriver                        0x000000010093e268 _RNvCs9NA52FrZ4pF_7___rustc35___rust_no_alloc_shim_is_unstable_v2 + 675888
9   chromedriver                        0x0000000100933030 _RNvCs9NA52FrZ4pF_7___rustc35___rust_no_alloc_shim_is_unstable_v2 + 630264
10  chromedriver                        0x00000001008e9434 _RNvCs9NA52FrZ4pF_7___rustc35___rust_no_alloc_shim_is_unstable_v2 + 328188
11  chromedriver                        0x0000000100dc6c40 cxxbridge1$str$ptr + 2921304
12  chromedriver                        0x0000000100dca3b8 cxxbridge1$str$ptr + 2935504
13  chromedriver                        0x0000000100dad0f8 cxxbridge1$str$ptr + 2816016
14  chromedriver                        0x0000000100dcac4c cxxbridge1$str$ptr + 2937700
15  chromedriver                        0x0000000100d9e3b0 cxxbridge1$str$ptr + 2755272
16  chromedriver                        0x0000000100df01f4 cxxbridge1$str$ptr + 3090700
17  chromedriver                        0x0000000100df0354 cxxbridge1$str$ptr + 3091052
18  chromedriver                        0x0000000100e017a4 cxxbridge1$str$ptr + 3161788
19  libsystem_pthread.dylib             0x0000000199325c08 _pthread_start + 136
20  libsystem_pthread.dylib             0x0000000199320ba8 thread_start + 8

2026-07-28 02:55:28,910 ERROR nxtwash: Visible page text at failure:


[gw0] [  4%] FAILED tests/admin_portal/users/test_users_edge_cases.py::test_email_whitespace_trimmed_or_rejected 
tests/admin_portal/users/test_users_create.py::test_create_user_password_required 
tests/admin_portal/users/test_users_edge_cases.py::test_long_email_at_boundary 
[gw0] [  5%] PASSED tests/admin_portal/users/test_users_edge_cases.py::test_long_email_at_boundary 
tests/admin_portal/users/test_users_edge_cases.py::test_user_data_persists_after_relogin 2026-07-28 02:58:44,011 ERROR nxtwash: Test FAILED: tests/admin_portal/users/test_users_create.py::test_create_user_password_required (url: https://staging.nxtwash.com/users/users/new)
2026-07-28 02:58:47,461 ERROR nxtwash: Visible page text at failure:
Users
Add new user
Cancel
Save user
User settings
Employee
No options
Password
Confirm password
Active employee
Contact info
Email
Phone number
User role
Select user role

[gw1] [  6%] FAILED tests/admin_portal/users/test_users_create.py::test_create_user_password_required 
tests/admin_portal/users/test_users_create.py::test_create_user_confirm_password_required 2026-07-28 03:00:31,184 ERROR nxtwash: Test FAILED: tests/admin_portal/users/test_users_create.py::test_create_user_confirm_password_required (url: about:blank)

[gw0] [  6%] SKIPPED tests/admin_portal/users/test_users_edge_cases.py::test_user_data_persists_after_relogin 
tests/admin_portal/users/test_users_edge_cases.py::test_filter_panel_accessible_for_name_email_lookup 2026-07-28 03:01:39,890 WARNING nxtwash: Could not capture screenshot 'failure-tests_admin_portal_users_test_users_create.py_test_create_user_confirm_password_required': Message: timeout: Timed out receiving message from renderer: 10.000
  (Session info: chrome=150.0.7871.182)
Stacktrace:
0   chromedriver                        0x0000000105365a84 cxxbridge1$str$ptr + 3195292
1   chromedriver                        0x000000010535db4c cxxbridge1$str$ptr + 3162724
2   chromedriver                        0x0000000104e072a4 _RNvCs9NA52FrZ4pF_7___rustc35___rust_no_alloc_shim_is_unstable_v2 + 73836
3   chromedriver                        0x0000000104df1d20 cxxbridge1$string$len + 3628
4   chromedriver                        0x0000000104df1a80 cxxbridge1$string$len + 2956
5   chromedriver                        0x0000000104def818 chromedriver + 227352
6   chromedriver                        0x0000000104df040c chromedriver + 230412
7   chromedriver                        0x0000000104e147bc _RNvCs9NA52FrZ4pF_7___rustc35___rust_no_alloc_shim_is_unstable_v2 + 128388
8   chromedriver                        0x0000000104e9a268 _RNvCs9NA52FrZ4pF_7___rustc35___rust_no_alloc_shim_is_unstable_v2 + 675888
9   chromedriver                        0x0000000104e8f030 _RNvCs9NA52FrZ4pF_7___rustc35___rust_no_alloc_shim_is_unstable_v2 + 630264
10  chromedriver                        0x0000000104e45434 _RNvCs9NA52FrZ4pF_7___rustc35___rust_no_alloc_shim_is_unstable_v2 + 328188
11  chromedriver                        0x0000000105322c40 cxxbridge1$str$ptr + 2921304
12  chromedriver                        0x00000001053263b8 cxxbridge1$str$ptr + 2935504
13  chromedriver                        0x00000001053090f8 cxxbridge1$str$ptr + 2816016
14  chromedriver                        0x0000000105326c4c cxxbridge1$str$ptr + 2937700
15  chromedriver                        0x00000001052fa3b0 cxxbridge1$str$ptr + 2755272
16  chromedriver                        0x000000010534c1f4 cxxbridge1$str$ptr + 3090700
17  chromedriver                        0x000000010534c354 cxxbridge1$str$ptr + 3091052
18  chromedriver                        0x000000010535d7a4 cxxbridge1$str$ptr + 3161788
19  libsystem_pthread.dylib             0x0000000199325c08 _pthread_start + 136
20  libsystem_pthread.dylib             0x0000000199320ba8 thread_start + 8

2026-07-28 03:01:41,624 ERROR nxtwash: Visible page text at failure:


[gw1] [  7%] FAILED tests/admin_portal/users/test_users_create.py::test_create_user_confirm_password_required 
tests/admin_portal/users/test_users_create.py::test_create_user_email_required 
[gw0] [  7%] PASSED tests/admin_portal/users/test_users_edge_cases.py::test_filter_panel_accessible_for_name_email_lookup 
tests/admin_portal/users/test_users_edit.py::test_users_edit_form_opens 2026-07-28 03:03:49,966 ERROR nxtwash: Test FAILED: tests/admin_portal/users/test_users_create.py::test_create_user_email_required (url: https://staging.nxtwash.com/users/users/new)
2026-07-28 03:03:57,961 ERROR nxtwash: Visible page text at failure:
Users
Add new user
Cancel
Save user
User settings
Employee
No options
Password
Confirm password
Active employee
Contact info
Email
Phone number
User role
Select user role

[gw1] [  8%] FAILED tests/admin_portal/users/test_users_create.py::test_create_user_email_required 
tests/admin_portal/users/test_users_create.py::test_create_user_phone_required 2026-07-28 03:05:53,085 ERROR nxtwash: Test FAILED: tests/admin_portal/users/test_users_create.py::test_create_user_phone_required (url: https://staging.nxtwash.com/users/users/new)

[gw0] [  9%] SKIPPED tests/admin_portal/users/test_users_edit.py::test_users_edit_form_opens 2026-07-28 03:05:55,779 ERROR nxtwash: Visible page text at failure:
Users
Add new user
Cancel
Save user
User settings
Employee
No options
Password
Confirm password
Active employee
Contact info
Email
Phone number
User role
Select user role

[gw1] [  9%] FAILED tests/admin_portal/users/test_users_create.py::test_create_user_phone_required 
tests/admin_portal/users/test_users_create.py::test_create_user_role_required 
tests/admin_portal/users/test_users_edit.py::test_edit_user_email_persists 2026-07-28 03:07:33,813 ERROR nxtwash: Test FAILED: tests/admin_portal/users/test_users_create.py::test_create_user_role_required (url: https://staging.nxtwash.com/users/users/new)
2026-07-28 03:07:38,091 ERROR nxtwash: Visible page text at failure:
Users
Add new user
Cancel
Save user
User settings
Employee
No options
Password
Confirm password
Active employee
Contact info
Email
Phone number
User role
Select user role

[gw1] [ 10%] FAILED tests/admin_portal/users/test_users_create.py::test_create_user_role_required 
tests/admin_portal/users/test_users_create.py::test_create_user_password_mismatch 
[gw0] [ 10%] SKIPPED tests/admin_portal/users/test_users_edit.py::test_edit_user_email_persists 
tests/admin_portal/users/test_users_edit.py::test_edit_user_phone_persists 2026-07-28 03:09:27,304 ERROR nxtwash: Test FAILED: tests/admin_portal/users/test_users_create.py::test_create_user_password_mismatch (url: about:blank)
2026-07-28 03:10:33,127 WARNING nxtwash: Could not capture screenshot 'failure-tests_admin_portal_users_test_users_create.py_test_create_user_password_mismatch': Message: timeout: Timed out receiving message from renderer: 10.000
  (Session info: chrome=150.0.7871.182)
Stacktrace:
0   chromedriver                        0x000000010347da84 cxxbridge1$str$ptr + 3195292
1   chromedriver                        0x0000000103475b4c cxxbridge1$str$ptr + 3162724
2   chromedriver                        0x0000000102f1f2a4 _RNvCs9NA52FrZ4pF_7___rustc35___rust_no_alloc_shim_is_unstable_v2 + 73836
3   chromedriver                        0x0000000102f09d20 cxxbridge1$string$len + 3628
4   chromedriver                        0x0000000102f09a80 cxxbridge1$string$len + 2956
5   chromedriver                        0x0000000102f07818 chromedriver + 227352
6   chromedriver                        0x0000000102f0840c chromedriver + 230412
7   chromedriver                        0x0000000102f2c7bc _RNvCs9NA52FrZ4pF_7___rustc35___rust_no_alloc_shim_is_unstable_v2 + 128388
8   chromedriver                        0x0000000102fb2268 _RNvCs9NA52FrZ4pF_7___rustc35___rust_no_alloc_shim_is_unstable_v2 + 675888
9   chromedriver                        0x0000000102fa7030 _RNvCs9NA52FrZ4pF_7___rustc35___rust_no_alloc_shim_is_unstable_v2 + 630264
10  chromedriver                        0x0000000102f5d434 _RNvCs9NA52FrZ4pF_7___rustc35___rust_no_alloc_shim_is_unstable_v2 + 328188
11  chromedriver                        0x000000010343ac40 cxxbridge1$str$ptr + 2921304
12  chromedriver                        0x000000010343e3b8 cxxbridge1$str$ptr + 2935504
13  chromedriver                        0x00000001034210f8 cxxbridge1$str$ptr + 2816016
14  chromedriver                        0x000000010343ec4c cxxbridge1$str$ptr + 2937700
15  chromedriver                        0x00000001034123b0 cxxbridge1$str$ptr + 2755272
16  chromedriver                        0x00000001034641f4 cxxbridge1$str$ptr + 3090700
17  chromedriver                        0x0000000103464354 cxxbridge1$str$ptr + 3091052
18  chromedriver                        0x00000001034757a4 cxxbridge1$str$ptr + 3161788
19  libsystem_pthread.dylib             0x0000000199325c08 _pthread_start + 136
20  libsystem_pthread.dylib             0x0000000199320ba8 thread_start + 8

2026-07-28 03:10:38,996 ERROR nxtwash: Visible page text at failure:


[gw0] [ 11%] SKIPPED tests/admin_portal/users/test_users_edit.py::test_edit_user_phone_persists 
[gw1] [ 12%] FAILED tests/admin_portal/users/test_users_create.py::test_create_user_password_mismatch 
tests/admin_portal/users/test_users_create.py::test_create_user_password_visibility_toggle 
tests/admin_portal/users/test_users_edit.py::test_edit_user_role_persists 
[gw0] [ 12%] ERROR tests/admin_portal/users/test_users_edit.py::test_edit_user_role_persists 
[gw1] [ 13%] XFAIL tests/admin_portal/users/test_users_create.py::test_create_user_password_visibility_toggle 
tests/admin_portal/users/test_users_create.py::test_create_user_confirm_password_visibility_toggle 
tests/admin_portal/users/test_users_edit.py::test_edit_user_employee_persists 
[gw1] [ 14%] XFAIL tests/admin_portal/users/test_users_create.py::test_create_user_confirm_password_visibility_toggle 
tests/admin_portal/users/test_users_create.py::test_create_user_employee_dropdown_lists_employees 
[gw0] [ 14%] XFAIL tests/admin_portal/users/test_users_edit.py::test_edit_user_employee_persists 
tests/admin_portal/users/test_users_edit.py::test_activate_inactive_user 
[gw0] [ 15%] SKIPPED tests/admin_portal/users/test_users_edit.py::test_activate_inactive_user 
tests/admin_portal/users/test_users_edit.py::test_deactivate_active_user 
[gw1] [ 15%] XFAIL tests/admin_portal/users/test_users_create.py::test_create_user_employee_dropdown_lists_employees 
tests/admin_portal/users/test_users_create.py::test_create_user_role_dropdown_lists_roles 
[gw0] [ 16%] SKIPPED tests/admin_portal/users/test_users_edit.py::test_deactivate_active_user 
tests/admin_portal/users/test_users_edit.py::test_edit_user_email_required 
[gw1] [ 17%] XFAIL tests/admin_portal/users/test_users_create.py::test_create_user_role_dropdown_lists_roles 
tests/admin_portal/users/test_users_create.py::test_create_user_invalid_email_rejected 
[gw0] [ 17%] SKIPPED tests/admin_portal/users/test_users_edit.py::test_edit_user_email_required 
tests/admin_portal/users/test_users_edit.py::test_edit_user_phone_required 2026-07-28 03:22:38,447 ERROR nxtwash: Test FAILED: tests/admin_portal/users/test_users_create.py::test_create_user_invalid_email_rejected (url: about:blank)
2026-07-28 03:23:41,320 WARNING nxtwash: Could not capture screenshot 'failure-tests_admin_portal_users_test_users_create.py_test_create_user_invalid_email_rejected': Message: timeout: Timed out receiving message from renderer: 10.000
  (Session info: chrome=150.0.7871.182)
Stacktrace:
0   chromedriver                        0x0000000102ba9a84 cxxbridge1$str$ptr + 3195292
1   chromedriver                        0x0000000102ba1b4c cxxbridge1$str$ptr + 3162724
2   chromedriver                        0x000000010264b2a4 _RNvCs9NA52FrZ4pF_7___rustc35___rust_no_alloc_shim_is_unstable_v2 + 73836
3   chromedriver                        0x0000000102635d20 cxxbridge1$string$len + 3628
4   chromedriver                        0x0000000102635a80 cxxbridge1$string$len + 2956
5   chromedriver                        0x0000000102633818 chromedriver + 227352
6   chromedriver                        0x000000010263440c chromedriver + 230412
7   chromedriver                        0x00000001026587bc _RNvCs9NA52FrZ4pF_7___rustc35___rust_no_alloc_shim_is_unstable_v2 + 128388
8   chromedriver                        0x00000001026de268 _RNvCs9NA52FrZ4pF_7___rustc35___rust_no_alloc_shim_is_unstable_v2 + 675888
9   chromedriver                        0x00000001026d3030 _RNvCs9NA52FrZ4pF_7___rustc35___rust_no_alloc_shim_is_unstable_v2 + 630264
10  chromedriver                        0x0000000102689434 _RNvCs9NA52FrZ4pF_7___rustc35___rust_no_alloc_shim_is_unstable_v2 + 328188
11  chromedriver                        0x0000000102b66c40 cxxbridge1$str$ptr + 2921304
12  chromedriver                        0x0000000102b6a3b8 cxxbridge1$str$ptr + 2935504
13  chromedriver                        0x0000000102b4d0f8 cxxbridge1$str$ptr + 2816016
14  chromedriver                        0x0000000102b6ac4c cxxbridge1$str$ptr + 2937700
15  chromedriver                        0x0000000102b3e3b0 cxxbridge1$str$ptr + 2755272
16  chromedriver                        0x0000000102b901f4 cxxbridge1$str$ptr + 3090700
17  chromedriver                        0x0000000102b90354 cxxbridge1$str$ptr + 3091052
18  chromedriver                        0x0000000102ba17a4 cxxbridge1$str$ptr + 3161788
19  libsystem_pthread.dylib             0x0000000199325c08 _pthread_start + 136
20  libsystem_pthread.dylib             0x0000000199320ba8 thread_start + 8

2026-07-28 03:23:42,961 ERROR nxtwash: Visible page text at failure:


[gw1] [ 18%] FAILED tests/admin_portal/users/test_users_create.py::test_create_user_invalid_email_rejected 
tests/admin_portal/users/test_users_create.py::test_create_user_duplicate_email_rejected 
[gw0] [ 18%] SKIPPED tests/admin_portal/users/test_users_edit.py::test_edit_user_phone_required 
tests/admin_portal/users/test_users_edit.py::test_edit_user_invalid_email_blocked 
[gw1] [ 19%] SKIPPED tests/admin_portal/users/test_users_create.py::test_create_user_duplicate_email_rejected 
tests/admin_portal/users/test_users_create.py::test_create_user_cancel_discards_form 
[gw0] [ 20%] SKIPPED tests/admin_portal/users/test_users_edit.py::test_edit_user_invalid_email_blocked 
tests/admin_portal/users/test_users_edit.py::test_edit_user_cancel_discards_changes 2026-07-28 03:28:12,633 ERROR nxtwash: Test FAILED: tests/admin_portal/users/test_users_create.py::test_create_user_cancel_discards_form (url: about:blank)
2026-07-28 03:29:17,829 WARNING nxtwash: Could not capture screenshot 'failure-tests_admin_portal_users_test_users_create.py_test_create_user_cancel_discards_form': Message: timeout: Timed out receiving message from renderer: 10.000
  (Session info: chrome=150.0.7871.182)
Stacktrace:
0   chromedriver                        0x00000001025e5a84 cxxbridge1$str$ptr + 3195292
1   chromedriver                        0x00000001025ddb4c cxxbridge1$str$ptr + 3162724
2   chromedriver                        0x00000001020872a4 _RNvCs9NA52FrZ4pF_7___rustc35___rust_no_alloc_shim_is_unstable_v2 + 73836
3   chromedriver                        0x0000000102071d20 cxxbridge1$string$len + 3628
4   chromedriver                        0x0000000102071a80 cxxbridge1$string$len + 2956
5   chromedriver                        0x000000010206f818 chromedriver + 227352
6   chromedriver                        0x000000010207040c chromedriver + 230412
7   chromedriver                        0x00000001020947bc _RNvCs9NA52FrZ4pF_7___rustc35___rust_no_alloc_shim_is_unstable_v2 + 128388
8   chromedriver                        0x000000010211a268 _RNvCs9NA52FrZ4pF_7___rustc35___rust_no_alloc_shim_is_unstable_v2 + 675888
9   chromedriver                        0x000000010210f030 _RNvCs9NA52FrZ4pF_7___rustc35___rust_no_alloc_shim_is_unstable_v2 + 630264
10  chromedriver                        0x00000001020c5434 _RNvCs9NA52FrZ4pF_7___rustc35___rust_no_alloc_shim_is_unstable_v2 + 328188
11  chromedriver                        0x00000001025a2c40 cxxbridge1$str$ptr + 2921304
12  chromedriver                        0x00000001025a63b8 cxxbridge1$str$ptr + 2935504
13  chromedriver                        0x00000001025890f8 cxxbridge1$str$ptr + 2816016
14  chromedriver                        0x00000001025a6c4c cxxbridge1$str$ptr + 2937700
15  chromedriver                        0x000000010257a3b0 cxxbridge1$str$ptr + 2755272
16  chromedriver                        0x00000001025cc1f4 cxxbridge1$str$ptr + 3090700
17  chromedriver                        0x00000001025cc354 cxxbridge1$str$ptr + 3091052
18  chromedriver                        0x00000001025dd7a4 cxxbridge1$str$ptr + 3161788
19  libsystem_pthread.dylib             0x0000000199325c08 _pthread_start + 136
20  libsystem_pthread.dylib             0x0000000199320ba8 thread_start + 8

2026-07-28 03:29:20,134 ERROR nxtwash: Visible page text at failure:


[gw1] [ 20%] FAILED tests/admin_portal/users/test_users_create.py::test_create_user_cancel_discards_form 
tests/admin_portal/users/test_users_create.py::test_new_user_appears_immediately 
[gw1] [ 21%] SKIPPED tests/admin_portal/users/test_users_create.py::test_new_user_appears_immediately 
tests/admin_portal/users/test_users_dependency.py::test_new_role_appears_in_users_dropdown 
[gw0] [ 21%] SKIPPED tests/admin_portal/users/test_users_edit.py::test_edit_user_cancel_discards_changes 
tests/admin_portal/users/test_users_edit.py::test_edit_user_no_password_fields 
[gw1] [ 22%] XFAIL tests/admin_portal/users/test_users_dependency.py::test_new_role_appears_in_users_dropdown 
tests/admin_portal/users/test_users_dependency.py::test_employee_dropdown_reflects_employees_module 
[gw0] [ 23%] SKIPPED tests/admin_portal/users/test_users_edit.py::test_edit_user_no_password_fields 
tests/admin_portal/users/test_users_export.py::test_users_export_button_clickable 
[gw1] [ 23%] XFAIL tests/admin_portal/users/test_users_dependency.py::test_employee_dropdown_reflects_employees_module 
tests/admin_portal/users/test_users_filter.py::test_users_filter_panel_opens 
[gw0] [ 24%] PASSED tests/admin_portal/users/test_users_export.py::test_users_export_button_clickable 
tests/admin_portal/employees/test_employees_create.py::test_create_employee_last_name_required 2026-07-28 03:36:11,634 ERROR nxtwash: Test FAILED: tests/admin_portal/users/test_users_filter.py::test_users_filter_panel_opens (url: about:blank)

[gw0] [ 25%] PASSED tests/admin_portal/employees/test_employees_create.py::test_create_employee_last_name_required 
tests/admin_portal/employees/test_employees_create.py::test_create_employee_locations_required 2026-07-28 03:37:16,827 WARNING nxtwash: Could not capture screenshot 'failure-tests_admin_portal_users_test_users_filter.py_test_users_filter_panel_opens': Message: timeout: Timed out receiving message from renderer: 10.000
  (Session info: chrome=150.0.7871.182)
Stacktrace:
0   chromedriver                        0x0000000103125a84 cxxbridge1$str$ptr + 3195292
1   chromedriver                        0x000000010311db4c cxxbridge1$str$ptr + 3162724
2   chromedriver                        0x0000000102bc72a4 _RNvCs9NA52FrZ4pF_7___rustc35___rust_no_alloc_shim_is_unstable_v2 + 73836
3   chromedriver                        0x0000000102bb1d20 cxxbridge1$string$len + 3628
4   chromedriver                        0x0000000102bb1a80 cxxbridge1$string$len + 2956
5   chromedriver                        0x0000000102baf818 chromedriver + 227352
6   chromedriver                        0x0000000102bb040c chromedriver + 230412
7   chromedriver                        0x0000000102bd47bc _RNvCs9NA52FrZ4pF_7___rustc35___rust_no_alloc_shim_is_unstable_v2 + 128388
8   chromedriver                        0x0000000102c5a268 _RNvCs9NA52FrZ4pF_7___rustc35___rust_no_alloc_shim_is_unstable_v2 + 675888
9   chromedriver                        0x0000000102c4f030 _RNvCs9NA52FrZ4pF_7___rustc35___rust_no_alloc_shim_is_unstable_v2 + 630264
10  chromedriver                        0x0000000102c05434 _RNvCs9NA52FrZ4pF_7___rustc35___rust_no_alloc_shim_is_unstable_v2 + 328188
11  chromedriver                        0x00000001030e2c40 cxxbridge1$str$ptr + 2921304
12  chromedriver                        0x00000001030e63b8 cxxbridge1$str$ptr + 2935504
13  chromedriver                        0x00000001030c90f8 cxxbridge1$str$ptr + 2816016
14  chromedriver                        0x00000001030e6c4c cxxbridge1$str$ptr + 2937700
15  chromedriver                        0x00000001030ba3b0 cxxbridge1$str$ptr + 2755272
16  chromedriver                        0x000000010310c1f4 cxxbridge1$str$ptr + 3090700
17  chromedriver                        0x000000010310c354 cxxbridge1$str$ptr + 3091052
18  chromedriver                        0x000000010311d7a4 cxxbridge1$str$ptr + 3161788
19  libsystem_pthread.dylib             0x0000000199325c08 _pthread_start + 136
20  libsystem_pthread.dylib             0x0000000199320ba8 thread_start + 8

2026-07-28 03:37:24,114 ERROR nxtwash: Visible page text at failure:


[gw1] [ 25%] FAILED tests/admin_portal/users/test_users_filter.py::test_users_filter_panel_opens 
tests/admin_portal/users/test_users_filter.py::test_users_filter_by_first_name 
[gw0] [ 26%] XPASS tests/admin_portal/employees/test_employees_create.py::test_create_employee_locations_required 
tests/admin_portal/employees/test_employees_create.py::test_create_employee_email_required 
[gw1] [ 26%] SKIPPED tests/admin_portal/users/test_users_filter.py::test_users_filter_by_first_name 
[gw0] [ 27%] PASSED tests/admin_portal/employees/test_employees_create.py::test_create_employee_email_required 
tests/admin_portal/employees/test_employees_create.py::test_create_employee_phone_required 
tests/admin_portal/users/test_users_filter.py::test_users_filter_by_last_name 
[gw0] [ 28%] PASSED tests/admin_portal/employees/test_employees_create.py::test_create_employee_phone_required 
tests/admin_portal/employees/test_employees_create.py::test_create_employee_invalid_email_rejected 
[gw1] [ 28%] SKIPPED tests/admin_portal/users/test_users_filter.py::test_users_filter_by_last_name 
tests/admin_portal/users/test_users_filter.py::test_users_filter_by_email 
[gw0] [ 29%] PASSED tests/admin_portal/employees/test_employees_create.py::test_create_employee_invalid_email_rejected 
tests/admin_portal/employees/test_employees_create.py::test_create_employee_duplicate_email_rejected 
[gw1] [ 29%] SKIPPED tests/admin_portal/users/test_users_filter.py::test_users_filter_by_email 
tests/admin_portal/users/test_users_filter.py::test_users_filter_by_employee_code 
[gw0] [ 30%] XPASS tests/admin_portal/employees/test_employees_create.py::test_create_employee_duplicate_email_rejected 
tests/admin_portal/employees/test_employees_create.py::test_create_employee_single_location_persists 
[gw1] [ 31%] SKIPPED tests/admin_portal/users/test_users_filter.py::test_users_filter_by_employee_code 
tests/admin_portal/users/test_users_filter.py::test_users_filter_by_site 2026-07-28 03:52:37,659 ERROR nxtwash: Test FAILED: tests/admin_portal/users/test_users_filter.py::test_users_filter_by_site (url: about:blank)

[gw0] [ 31%] PASSED tests/admin_portal/employees/test_employees_create.py::test_create_employee_single_location_persists 
tests/admin_portal/employees/test_employees_create.py::test_create_employee_multiple_locations 2026-07-28 03:53:40,828 WARNING nxtwash: Could not capture screenshot 'failure-tests_admin_portal_users_test_users_filter.py_test_users_filter_by_site': Message: timeout: Timed out receiving message from renderer: 10.000
  (Session info: chrome=150.0.7871.182)
Stacktrace:
0   chromedriver                        0x0000000100ca1a84 cxxbridge1$str$ptr + 3195292
1   chromedriver                        0x0000000100c99b4c cxxbridge1$str$ptr + 3162724
2   chromedriver                        0x00000001007432a4 _RNvCs9NA52FrZ4pF_7___rustc35___rust_no_alloc_shim_is_unstable_v2 + 73836
3   chromedriver                        0x000000010072dd20 cxxbridge1$string$len + 3628
4   chromedriver                        0x000000010072da80 cxxbridge1$string$len + 2956
5   chromedriver                        0x000000010072b818 chromedriver + 227352
6   chromedriver                        0x000000010072c40c chromedriver + 230412
7   chromedriver                        0x00000001007507bc _RNvCs9NA52FrZ4pF_7___rustc35___rust_no_alloc_shim_is_unstable_v2 + 128388
8   chromedriver                        0x00000001007d6268 _RNvCs9NA52FrZ4pF_7___rustc35___rust_no_alloc_shim_is_unstable_v2 + 675888
9   chromedriver                        0x00000001007cb030 _RNvCs9NA52FrZ4pF_7___rustc35___rust_no_alloc_shim_is_unstable_v2 + 630264
10  chromedriver                        0x0000000100781434 _RNvCs9NA52FrZ4pF_7___rustc35___rust_no_alloc_shim_is_unstable_v2 + 328188
11  chromedriver                        0x0000000100c5ec40 cxxbridge1$str$ptr + 2921304
12  chromedriver                        0x0000000100c623b8 cxxbridge1$str$ptr + 2935504
13  chromedriver                        0x0000000100c450f8 cxxbridge1$str$ptr + 2816016
14  chromedriver                        0x0000000100c62c4c cxxbridge1$str$ptr + 2937700
15  chromedriver                        0x0000000100c363b0 cxxbridge1$str$ptr + 2755272
16  chromedriver                        0x0000000100c881f4 cxxbridge1$str$ptr + 3090700
17  chromedriver                        0x0000000100c88354 cxxbridge1$str$ptr + 3091052
18  chromedriver                        0x0000000100c997a4 cxxbridge1$str$ptr + 3161788
19  libsystem_pthread.dylib             0x0000000199325c08 _pthread_start + 136
20  libsystem_pthread.dylib             0x0000000199320ba8 thread_start + 8

2026-07-28 03:53:41,963 ERROR nxtwash: Visible page text at failure:


[gw1] [ 32%] FAILED tests/admin_portal/users/test_users_filter.py::test_users_filter_by_site 
tests/admin_portal/users/test_users_filter.py::test_users_filter_active_only 
[gw0] [ 32%] PASSED tests/admin_portal/employees/test_employees_create.py::test_create_employee_multiple_locations 
tests/admin_portal/employees/test_employees_create.py::test_create_employee_hire_date_persists 
[gw1] [ 33%] SKIPPED tests/admin_portal/users/test_users_filter.py::test_users_filter_active_only 
tests/admin_portal/users/test_users_filter.py::test_users_filter_active_off_shows_all 
[gw0] [ 34%] XFAIL tests/admin_portal/employees/test_employees_create.py::test_create_employee_hire_date_persists 
tests/admin_portal/employees/test_employees_create.py::test_create_employee_hire_date_optional 
[gw1] [ 34%] SKIPPED tests/admin_portal/users/test_users_filter.py::test_users_filter_active_off_shows_all 
tests/admin_portal/users/test_users_filter.py::test_users_filter_combined_name_and_site 
[gw0] [ 35%] PASSED tests/admin_portal/employees/test_employees_create.py::test_create_employee_hire_date_optional 
tests/admin_portal/employees/test_employees_create.py::test_create_employee_future_hire_date 
[gw1] [ 35%] SKIPPED tests/admin_portal/users/test_users_filter.py::test_users_filter_combined_name_and_site 
tests/admin_portal/users/test_users_filter.py::test_users_filter_result_count_matches_rows 
[gw0] [ 36%] XFAIL tests/admin_portal/employees/test_employees_create.py::test_create_employee_future_hire_date 
tests/admin_portal/employees/test_employees_create.py::test_create_employee_code_optional 
[gw1] [ 37%] SKIPPED tests/admin_portal/users/test_users_filter.py::test_users_filter_result_count_matches_rows 
tests/admin_portal/users/test_users_filter.py::test_users_filter_reset_all 2026-07-28 04:07:24,180 ERROR nxtwash: Test FAILED: tests/admin_portal/employees/test_employees_create.py::test_create_employee_code_optional (url: https://staging.nxtwash.com/users/employees/new)
2026-07-28 04:07:26,080 WARNING nxtwash: Could not capture body text: Message: no such element: Unable to locate element: {"method":"tag name","selector":"body"}
  (Session info: chrome=150.0.7871.182); For documentation on this error, please visit: https://www.selenium.dev/documentation/webdriver/troubleshooting/errors#nosuchelementexception
Stacktrace:
0   chromedriver                        0x00000001010dda84 cxxbridge1$str$ptr + 3195292
1   chromedriver                        0x00000001010d5b4c cxxbridge1$str$ptr + 3162724
2   chromedriver                        0x0000000100b7f2a4 _RNvCs9NA52FrZ4pF_7___rustc35___rust_no_alloc_shim_is_unstable_v2 + 73836
3   chromedriver                        0x0000000100bc7a44 _RNvCs9NA52FrZ4pF_7___rustc35___rust_no_alloc_shim_is_unstable_v2 + 370700
4   chromedriver                        0x0000000100c07030 _RNvCs9NA52FrZ4pF_7___rustc35___rust_no_alloc_shim_is_unstable_v2 + 630264
5   chromedriver                        0x0000000100bbd434 _RNvCs9NA52FrZ4pF_7___rustc35___rust_no_alloc_shim_is_unstable_v2 + 328188
6   chromedriver                        0x000000010109ac40 cxxbridge1$str$ptr + 2921304
7   chromedriver                        0x000000010109e3b8 cxxbridge1$str$ptr + 2935504
8   chromedriver                        0x00000001010810f8 cxxbridge1$str$ptr + 2816016
9   chromedriver                        0x000000010109ec4c cxxbridge1$str$ptr + 2937700
10  chromedriver                        0x00000001010723b0 cxxbridge1$str$ptr + 2755272
11  chromedriver                        0x00000001010c41f4 cxxbridge1$str$ptr + 3090700
12  chromedriver                        0x00000001010c4354 cxxbridge1$str$ptr + 3091052
13  chromedriver                        0x00000001010d57a4 cxxbridge1$str$ptr + 3161788
14  libsystem_pthread.dylib             0x0000000199325c08 _pthread_start + 136
15  libsystem_pthread.dylib             0x0000000199320ba8 thread_start + 8


[gw0] [ 37%] FAILED tests/admin_portal/employees/test_employees_create.py::test_create_employee_code_optional 
tests/admin_portal/employees/test_employees_create.py::test_create_employee_duplicate_code_behavior 
[gw0] [ 38%] SKIPPED tests/admin_portal/employees/test_employees_create.py::test_create_employee_duplicate_code_behavior 
tests/admin_portal/employees/test_employees_create.py::test_create_employee_hourly_wage_decimal 
[gw1] [ 39%] SKIPPED tests/admin_portal/users/test_users_filter.py::test_users_filter_reset_all 
tests/admin_portal/users/test_users_filter.py::test_users_filter_site_dropdown_lists_sites 
[gw0] [ 39%] PASSED tests/admin_portal/employees/test_employees_create.py::test_create_employee_hourly_wage_decimal 
[gw1] [ 40%] XFAIL tests/admin_portal/users/test_users_filter.py::test_users_filter_site_dropdown_lists_sites 
tests/admin_portal/employees/test_employees_create.py::test_create_employee_hourly_wage_optional 
tests/admin_portal/users/test_users_filter.py::test_users_filter_partial_name_matches 
[gw0] [ 40%] PASSED tests/admin_portal/employees/test_employees_create.py::test_create_employee_hourly_wage_optional 
tests/admin_portal/employees/test_employees_create.py::test_create_employee_negative_wage_rejected 
[gw1] [ 41%] SKIPPED tests/admin_portal/users/test_users_filter.py::test_users_filter_partial_name_matches 
tests/admin_portal/users/test_users_list.py::test_users_list_page_loads 
[gw1] [ 42%] PASSED tests/admin_portal/users/test_users_list.py::test_users_list_page_loads 
tests/admin_portal/users/test_users_list.py::test_users_list_required_columns 
[gw0] [ 42%] XPASS tests/admin_portal/employees/test_employees_create.py::test_create_employee_negative_wage_rejected 
tests/admin_portal/employees/test_employees_create.py::test_create_employee_state_dropdown_has_options 
[gw1] [ 43%] PASSED tests/admin_portal/users/test_users_list.py::test_users_list_required_columns 
tests/admin_portal/users/test_users_list.py::test_users_list_pagination_count 
[gw0] [ 43%] XFAIL tests/admin_portal/employees/test_employees_create.py::test_create_employee_state_dropdown_has_options 
tests/admin_portal/employees/test_employees_create.py::test_create_employee_city_populates_after_state 
[gw0] [ 44%] XFAIL tests/admin_portal/employees/test_employees_create.py::test_create_employee_city_populates_after_state 2026-07-28 04:16:49,322 ERROR nxtwash: Test FAILED: tests/admin_portal/users/test_users_list.py::test_users_list_pagination_count (url: https://staging.nxtwash.com/users/users)
2026-07-28 04:16:53,170 ERROR nxtwash: Visible page text at failure:
Users
Filter by
+ Add user
Email address
First name
Last name
Employee code
Role
vkuser02@yopmail.com
user02Edited
user02Edited
12345
VK UR01
Edit
vkuser01@yopmail.com
Vishal
Kumar
1234
Owner
Edit
maninder03@nxtwash.com
Maninder
Singh
1111
POS Operator/Admin Portal User
Edit
vk@carwash.co
NxtWash
Support
Edit
Page
of
1
Results per page
100
Showing 1 - 4 of 4

[gw1] [ 45%] FAILED tests/admin_portal/users/test_users_list.py::test_users_list_pagination_count 
tests/admin_portal/employees/test_employees_create.py::test_create_employee_state_change_clears_city 
tests/admin_portal/users/test_users_list.py::test_users_list_rows_per_page 
[gw0] [ 45%] XFAIL tests/admin_portal/employees/test_employees_create.py::test_create_employee_state_change_clears_city 
tests/admin_portal/employees/test_employees_create.py::test_create_employee_address_fields_optional 
[gw1] [ 46%] SKIPPED tests/admin_portal/users/test_users_list.py::test_users_list_rows_per_page 
tests/admin_portal/users/test_users_password.py::test_change_password_button_opens_flow 
[gw0] [ 46%] PASSED tests/admin_portal/employees/test_employees_create.py::test_create_employee_address_fields_optional 
tests/admin_portal/employees/test_employees_create.py::test_create_employee_cancel_discards_form 
[gw1] [ 47%] SKIPPED tests/admin_portal/users/test_users_password.py::test_change_password_button_opens_flow 
tests/admin_portal/users/test_users_password.py::test_change_password_matching_passwords_save 
[gw1] [ 48%] ERROR tests/admin_portal/users/test_users_password.py::test_change_password_matching_passwords_save 
tests/admin_portal/users/test_users_password.py::test_change_password_mismatch_rejected 
[gw0] [ 48%] PASSED tests/admin_portal/employees/test_employees_create.py::test_create_employee_cancel_discards_form 
[gw1] [ 49%] XFAIL tests/admin_portal/users/test_users_password.py::test_change_password_mismatch_rejected 
tests/admin_portal/employees/test_employees_create.py::test_newly_created_employee_appears_immediately 
[gw0] [ 50%] SKIPPED tests/admin_portal/employees/test_employees_create.py::test_newly_created_employee_appears_immediately 
tests/admin_portal/employees/test_employees_edge_cases.py::test_employee_name_with_special_characters 
tests/admin_portal/users/test_users_password.py::test_change_password_blank_blocked 
[gw1] [ 50%] SKIPPED tests/admin_portal/users/test_users_password.py::test_change_password_blank_blocked 
tests/admin_portal/users/test_users_password.py::test_change_password_visibility_toggles 
[gw0] [ 51%] PASSED tests/admin_portal/employees/test_employees_edge_cases.py::test_employee_name_with_special_characters 
tests/admin_portal/employees/test_employees_edge_cases.py::test_employee_data_persists_after_relogin 
[gw1] [ 51%] SKIPPED tests/admin_portal/users/test_users_password.py::test_change_password_visibility_toggles 
tests/admin_portal/users/test_users_search.py::test_users_search_exact_phone 
[gw1] [ 52%] SKIPPED tests/admin_portal/users/test_users_search.py::test_users_search_exact_phone 
tests/admin_portal/users/test_users_search.py::test_users_search_partial_phone 
[gw0] [ 53%] PASSED tests/admin_portal/employees/test_employees_edge_cases.py::test_employee_data_persists_after_relogin 
tests/admin_portal/employees/test_employees_edge_cases.py::test_deactivated_employee_in_inactive_filter 2026-07-28 04:35:39,267 ERROR nxtwash: Test FAILED: tests/admin_portal/users/test_users_search.py::test_users_search_partial_phone (url: about:blank)
2026-07-28 04:36:43,619 WARNING nxtwash: Could not capture screenshot 'failure-tests_admin_portal_users_test_users_search.py_test_users_search_partial_phone': Message: timeout: Timed out receiving message from renderer: 10.000
  (Session info: chrome=150.0.7871.182)
Stacktrace:
0   chromedriver                        0x00000001031a1a84 cxxbridge1$str$ptr + 3195292
1   chromedriver                        0x0000000103199b4c cxxbridge1$str$ptr + 3162724
2   chromedriver                        0x0000000102c432a4 _RNvCs9NA52FrZ4pF_7___rustc35___rust_no_alloc_shim_is_unstable_v2 + 73836
3   chromedriver                        0x0000000102c2dd20 cxxbridge1$string$len + 3628
4   chromedriver                        0x0000000102c2da80 cxxbridge1$string$len + 2956
5   chromedriver                        0x0000000102c2b818 chromedriver + 227352
6   chromedriver                        0x0000000102c2c40c chromedriver + 230412
7   chromedriver                        0x0000000102c507bc _RNvCs9NA52FrZ4pF_7___rustc35___rust_no_alloc_shim_is_unstable_v2 + 128388
8   chromedriver                        0x0000000102cd6268 _RNvCs9NA52FrZ4pF_7___rustc35___rust_no_alloc_shim_is_unstable_v2 + 675888
9   chromedriver                        0x0000000102ccb030 _RNvCs9NA52FrZ4pF_7___rustc35___rust_no_alloc_shim_is_unstable_v2 + 630264
10  chromedriver                        0x0000000102c81434 _RNvCs9NA52FrZ4pF_7___rustc35___rust_no_alloc_shim_is_unstable_v2 + 328188
11  chromedriver                        0x000000010315ec40 cxxbridge1$str$ptr + 2921304
12  chromedriver                        0x00000001031623b8 cxxbridge1$str$ptr + 2935504
13  chromedriver                        0x00000001031450f8 cxxbridge1$str$ptr + 2816016
14  chromedriver                        0x0000000103162c4c cxxbridge1$str$ptr + 2937700
15  chromedriver                        0x00000001031363b0 cxxbridge1$str$ptr + 2755272
16  chromedriver                        0x00000001031881f4 cxxbridge1$str$ptr + 3090700
17  chromedriver                        0x0000000103188354 cxxbridge1$str$ptr + 3091052
18  chromedriver                        0x00000001031997a4 cxxbridge1$str$ptr + 3161788
19  libsystem_pthread.dylib             0x0000000199325c08 _pthread_start + 136
20  libsystem_pthread.dylib             0x0000000199320ba8 thread_start + 8

2026-07-28 04:36:45,272 ERROR nxtwash: Visible page text at failure:


[gw1] [ 53%] FAILED tests/admin_portal/users/test_users_search.py::test_users_search_partial_phone 
tests/admin_portal/users/test_users_search.py::test_users_search_nonexistent_phone_shows_empty 
[gw0] [ 54%] XPASS tests/admin_portal/employees/test_employees_edge_cases.py::test_deactivated_employee_in_inactive_filter 
tests/admin_portal/employees/test_employees_edge_cases.py::test_edit_locations_required 
[gw1] [ 54%] PASSED tests/admin_portal/users/test_users_search.py::test_users_search_nonexistent_phone_shows_empty 
tests/admin_portal/users/test_users_search.py::test_users_search_clear_restores_list 
[gw1] [ 55%] SKIPPED tests/admin_portal/users/test_users_search.py::test_users_search_clear_restores_list 
tests/admin_portal/employees/test_employees_create.py::test_add_employee_form_opens 
[gw1] [ 56%] PASSED tests/admin_portal/employees/test_employees_create.py::test_add_employee_form_opens 
tests/admin_portal/employees/test_employees_create.py::test_create_active_employee 
[gw1] [ 56%] XFAIL tests/admin_portal/employees/test_employees_create.py::test_create_active_employee 
tests/admin_portal/employees/test_employees_create.py::test_create_inactive_employee 
[gw1] [ 57%] XFAIL tests/admin_portal/employees/test_employees_create.py::test_create_inactive_employee 
tests/admin_portal/employees/test_employees_create.py::test_create_employee_first_name_required 
[gw0] [ 57%] XFAIL tests/admin_portal/employees/test_employees_edge_cases.py::test_edit_locations_required 
tests/admin_portal/employees/test_employees_edit.py::test_edit_form_opens_prepopulated 
[gw1] [ 58%] PASSED tests/admin_portal/employees/test_employees_create.py::test_create_employee_first_name_required 
tests/admin_portal/employees/test_employees_edit.py::test_edit_invalid_email_blocked 
[gw0] [ 59%] PASSED tests/admin_portal/employees/test_employees_edit.py::test_edit_form_opens_prepopulated 
tests/admin_portal/employees/test_employees_edit.py::test_edit_first_name_persists 
[gw1] [ 59%] PASSED tests/admin_portal/employees/test_employees_edit.py::test_edit_invalid_email_blocked 
tests/admin_portal/employees/test_employees_edit.py::test_edit_cancel_discards_changes 2026-07-28 04:45:08,083 ERROR nxtwash: Test FAILED: tests/admin_portal/employees/test_employees_edit.py::test_edit_first_name_persists (url: https://staging.nxtwash.com/users/employees/edit/60363)
2026-07-28 04:45:09,611 ERROR nxtwash: Visible page text at failure:
Employees
Edit employee
Cancel
Save employee
User settings
First Name
Last Name
Locations
VK AL03
+ 1
Hire date
Employee code
Hourly wage, $
Active employee
Contact info
Email
Phone number
Address
ZIP code
State
Alaska
City
Wales

[gw0] [ 60%] FAILED tests/admin_portal/employees/test_employees_edit.py::test_edit_first_name_persists 
tests/admin_portal/employees/test_employees_edit.py::test_edit_last_name_persists 
[gw1] [ 60%] PASSED tests/admin_portal/employees/test_employees_edit.py::test_edit_cancel_discards_changes 
tests/admin_portal/employees/test_employees_export.py::test_export_button_clickable 
[gw1] [ 61%] PASSED tests/admin_portal/employees/test_employees_export.py::test_export_button_clickable 
tests/admin_portal/employees/test_employees_filter.py::test_filter_panel_opens 
[gw1] [ 62%] PASSED tests/admin_portal/employees/test_employees_filter.py::test_filter_panel_opens 
tests/admin_portal/employees/test_employees_filter.py::test_filter_by_active_status 
[gw0] [ 62%] PASSED tests/admin_portal/employees/test_employees_edit.py::test_edit_last_name_persists 
tests/admin_portal/employees/test_employees_edit.py::test_edit_locations_persists 
[gw1] [ 63%] XFAIL tests/admin_portal/employees/test_employees_filter.py::test_filter_by_active_status 
[gw0] [ 64%] XFAIL tests/admin_portal/employees/test_employees_edit.py::test_edit_locations_persists 
tests/admin_portal/employees/test_employees_filter.py::test_filter_by_inactive_status 
tests/admin_portal/employees/test_employees_edit.py::test_edit_email_persists 
[gw1] [ 64%] XPASS tests/admin_portal/employees/test_employees_filter.py::test_filter_by_inactive_status 
tests/admin_portal/employees/test_employees_filter.py::test_filter_result_count_matches_rows 
[gw0] [ 65%] ERROR tests/admin_portal/employees/test_employees_edit.py::test_edit_email_persists 
tests/admin_portal/employees/test_employees_edit.py::test_edit_phone_persists 
[gw1] [ 65%] XFAIL tests/admin_portal/employees/test_employees_filter.py::test_filter_result_count_matches_rows 
tests/admin_portal/employees/test_employees_filter.py::test_reset_all_clears_filters 
[gw0] [ 66%] ERROR tests/admin_portal/employees/test_employees_edit.py::test_edit_phone_persists 
tests/admin_portal/employees/test_employees_edit.py::test_edit_hourly_wage_persists 
[gw1] [ 67%] XFAIL tests/admin_portal/employees/test_employees_filter.py::test_reset_all_clears_filters 
tests/admin_portal/employees/test_employees_list.py::test_employees_page_loads 
[gw1] [ 67%] PASSED tests/admin_portal/employees/test_employees_list.py::test_employees_page_loads 
tests/admin_portal/employees/test_employees_list.py::test_employees_list_displays_correct_columns 
[gw1] [ 68%] PASSED tests/admin_portal/employees/test_employees_list.py::test_employees_list_displays_correct_columns 
tests/admin_portal/employees/test_employees_list.py::test_shift_status_inactive_when_no_active_shift 
[gw0] [ 68%] XFAIL tests/admin_portal/employees/test_employees_edit.py::test_edit_hourly_wage_persists 
tests/admin_portal/employees/test_employees_edit.py::test_edit_hire_date_persists 
[gw1] [ 69%] ERROR tests/admin_portal/employees/test_employees_list.py::test_shift_status_inactive_when_no_active_shift 
tests/admin_portal/employees/test_employees_list.py::test_status_column_shows_badge 
[gw0] [ 70%] XFAIL tests/admin_portal/employees/test_employees_edit.py::test_edit_hire_date_persists 
tests/admin_portal/employees/test_employees_edit.py::test_edit_employee_code_persists 
[gw1] [ 70%] ERROR tests/admin_portal/employees/test_employees_list.py::test_status_column_shows_badge 
tests/admin_portal/employees/test_employees_list.py::test_employees_pagination_shows_count 
[gw1] [ 71%] PASSED tests/admin_portal/employees/test_employees_list.py::test_employees_pagination_shows_count 
tests/admin_portal/employees/test_employees_list.py::test_results_per_page_updates_rows 
[gw1] [ 71%] XFAIL tests/admin_portal/employees/test_employees_list.py::test_results_per_page_updates_rows 
tests/admin_portal/employees/test_employees_list.py::test_search_by_exact_last_name 
[gw0] [ 72%] XFAIL tests/admin_portal/employees/test_employees_edit.py::test_edit_employee_code_persists 
tests/admin_portal/employees/test_employees_edit.py::test_activate_inactive_employee 
[gw0] [ 73%] SKIPPED tests/admin_portal/employees/test_employees_edit.py::test_activate_inactive_employee 
tests/admin_portal/employees/test_employees_edit.py::test_deactivate_active_employee 
[gw1] [ 73%] ERROR tests/admin_portal/employees/test_employees_list.py::test_search_by_exact_last_name 
tests/admin_portal/employees/test_employees_list.py::test_search_by_partial_last_name 
[gw0] [ 74%] ERROR tests/admin_portal/employees/test_employees_edit.py::test_deactivate_active_employee 
tests/admin_portal/employees/test_employees_edit.py::test_edit_clear_first_name_blocked 
[gw1] [ 75%] ERROR tests/admin_portal/employees/test_employees_list.py::test_search_by_partial_last_name 
tests/admin_portal/employees/test_employees_list.py::test_search_nonexistent_shows_empty_state 
[gw1] [ 75%] SKIPPED tests/admin_portal/employees/test_employees_list.py::test_search_nonexistent_shows_empty_state 
tests/admin_portal/employees/test_employees_list.py::test_clear_search_restores_full_list 
[gw0] [ 76%] ERROR tests/admin_portal/employees/test_employees_edit.py::test_edit_clear_first_name_blocked 
tests/admin_portal/employees/test_employees_edit.py::test_edit_clear_last_name_blocked 
[gw1] [ 76%] ERROR tests/admin_portal/employees/test_employees_list.py::test_clear_search_restores_full_list 
tests/admin_portal/employees/test_employees_shift_create.py::test_add_shift_form_opens 
[gw1] [ 77%] PASSED tests/admin_portal/employees/test_employees_shift_create.py::test_add_shift_form_opens 
tests/admin_portal/employees/test_employees_shift_create.py::test_create_active_shift 
[gw0] [ 78%] ERROR tests/admin_portal/employees/test_employees_edit.py::test_edit_clear_last_name_blocked 
tests/admin_portal/employees/test_employees_shift_create.py::test_create_shift_employee_required 
[gw0] [ 78%] XFAIL tests/admin_portal/employees/test_employees_shift_create.py::test_create_shift_employee_required 
tests/admin_portal/employees/test_employees_shift_create.py::test_create_shift_site_required 
[gw1] [ 79%] XFAIL tests/admin_portal/employees/test_employees_shift_create.py::test_create_active_shift 
tests/admin_portal/employees/test_employees_shift_create.py::test_create_inactive_shift 
[gw0] [ 79%] XFAIL tests/admin_portal/employees/test_employees_shift_create.py::test_create_shift_site_required 
tests/admin_portal/employees/test_employees_shift_create.py::test_create_shift_time_required 
[gw1] [ 80%] XFAIL tests/admin_portal/employees/test_employees_shift_create.py::test_create_inactive_shift 
tests/admin_portal/employees/test_employees_shift_create.py::test_create_shift_datetime_picker_present 
[gw1] [ 81%] XFAIL tests/admin_portal/employees/test_employees_shift_create.py::test_create_shift_datetime_picker_present 
tests/admin_portal/employees/test_employees_shift_create.py::test_create_shift_end_before_start 
[gw0] [ 81%] XFAIL tests/admin_portal/employees/test_employees_shift_create.py::test_create_shift_time_required 
tests/admin_portal/employees/test_employees_shift_create.py::test_create_shift_employee_dropdown_lists_active_employees 
[gw1] [ 82%] XFAIL tests/admin_portal/employees/test_employees_shift_create.py::test_create_shift_end_before_start 
tests/admin_portal/employees/test_employees_shift_create.py::test_create_shift_midnight_spanning 
[gw0] [ 82%] XFAIL tests/admin_portal/employees/test_employees_shift_create.py::test_create_shift_employee_dropdown_lists_active_employees 
tests/admin_portal/employees/test_employees_shift_create.py::test_create_shift_site_dropdown_lists_sites 
[gw0] [ 83%] XFAIL tests/admin_portal/employees/test_employees_shift_create.py::test_create_shift_site_dropdown_lists_sites 
tests/admin_portal/employees/test_employees_shift_edit.py::test_shift_edit_form_opens_prepopulated 
[gw1] [ 84%] XFAIL tests/admin_portal/employees/test_employees_shift_create.py::test_create_shift_midnight_spanning 
tests/admin_portal/employees/test_employees_shift_create.py::test_create_shift_overlapping_shifts 
[gw0] [ 84%] XFAIL tests/admin_portal/employees/test_employees_shift_edit.py::test_shift_edit_form_opens_prepopulated 
tests/admin_portal/employees/test_employees_shift_edit.py::test_shift_edit_employee_persists 
[gw1] [ 85%] XFAIL tests/admin_portal/employees/test_employees_shift_create.py::test_create_shift_overlapping_shifts 
tests/admin_portal/employees/test_employees_shift_create.py::test_create_shift_cancel_discards_form 
[gw1] [ 85%] PASSED tests/admin_portal/employees/test_employees_shift_create.py::test_create_shift_cancel_discards_form 
tests/admin_portal/employees/test_employees_shift_create.py::test_newly_created_shift_appears_immediately 
[gw0] [ 86%] XFAIL tests/admin_portal/employees/test_employees_shift_edit.py::test_shift_edit_employee_persists 
tests/admin_portal/employees/test_employees_shift_edit.py::test_shift_edit_site_persists 
[gw0] [ 87%] XFAIL tests/admin_portal/employees/test_employees_shift_edit.py::test_shift_edit_site_persists 
tests/admin_portal/employees/test_employees_shift_edit.py::test_shift_edit_time_recalculates_hours 
[gw1] [ 87%] XFAIL tests/admin_portal/employees/test_employees_shift_create.py::test_newly_created_shift_appears_immediately 
tests/admin_portal/employees/test_employees_shift_edit.py::test_shift_edit_activate_inactive_shift 
[gw0] [ 88%] XFAIL tests/admin_portal/employees/test_employees_shift_edit.py::test_shift_edit_time_recalculates_hours 
tests/admin_portal/employees/test_employees_shift_filter.py::test_shift_filter_by_first_name 
[gw1] [ 89%] XFAIL tests/admin_portal/employees/test_employees_shift_edit.py::test_shift_edit_activate_inactive_shift 
tests/admin_portal/employees/test_employees_shift_export.py::test_shift_export_button_clickable 
[gw1] [ 89%] PASSED tests/admin_portal/employees/test_employees_shift_export.py::test_shift_export_button_clickable 
tests/admin_portal/employees/test_employees_shift_filter.py::test_shift_filter_panel_opens_with_controls 
[gw1] [ 90%] PASSED tests/admin_portal/employees/test_employees_shift_filter.py::test_shift_filter_panel_opens_with_controls 
tests/admin_portal/employees/test_employees_shift_filter.py::test_shift_filter_active_on 
[gw1] [ 90%] PASSED tests/admin_portal/employees/test_employees_shift_filter.py::test_shift_filter_active_on 
tests/admin_portal/employees/test_employees_shift_filter.py::test_shift_filter_active_off 
[gw1] [ 91%] PASSED tests/admin_portal/employees/test_employees_shift_filter.py::test_shift_filter_active_off 
tests/admin_portal/employees/test_employees_shift_filter.py::test_shift_filter_invalid_date_range 
[gw1] [ 92%] XFAIL tests/admin_portal/employees/test_employees_shift_filter.py::test_shift_filter_invalid_date_range 
tests/admin_portal/employees/test_employees_shift_filter.py::test_shift_filter_result_count_matches_rows 
[gw1] [ 92%] XFAIL tests/admin_portal/employees/test_employees_shift_filter.py::test_shift_filter_result_count_matches_rows 
tests/admin_portal/employees/test_employees_shift_filter.py::test_shift_reset_all_clears_filters 
[gw0] [ 93%] XFAIL tests/admin_portal/employees/test_employees_shift_filter.py::test_shift_filter_by_first_name 
tests/admin_portal/employees/test_employees_shift_filter.py::test_shift_filter_by_site 
[gw0] [ 93%] PASSED tests/admin_portal/employees/test_employees_shift_filter.py::test_shift_filter_by_site 
tests/admin_portal/employees/test_employees_shift_filter.py::test_shift_filter_by_date_range 
[gw0] [ 94%] XFAIL tests/admin_portal/employees/test_employees_shift_filter.py::test_shift_filter_by_date_range 
tests/admin_portal/employees/test_employees_shift_list.py::test_shift_list_displays_correct_columns 
[gw0] [ 95%] XPASS tests/admin_portal/employees/test_employees_shift_list.py::test_shift_list_displays_correct_columns 
tests/admin_portal/employees/test_employees_shift_list.py::test_shift_empty_state_when_no_records 
[gw0] [ 95%] PASSED tests/admin_portal/employees/test_employees_shift_list.py::test_shift_empty_state_when_no_records 
tests/admin_portal/employees/test_employees_shift_list.py::test_shift_pagination_no_negative_numbers 
[gw0] [ 96%] SKIPPED tests/admin_portal/employees/test_employees_shift_list.py::test_shift_pagination_no_negative_numbers 
tests/admin_portal/employees/test_employees_shift_list.py::test_shift_search_by_exact_last_name 
[gw1] [ 96%] XFAIL tests/admin_portal/employees/test_employees_shift_filter.py::test_shift_reset_all_clears_filters 
tests/admin_portal/employees/test_employees_shift_list.py::test_shift_tab_loads 
[gw1] [ 97%] PASSED tests/admin_portal/employees/test_employees_shift_list.py::test_shift_tab_loads 
tests/admin_portal/employees/test_employees_shift_list.py::test_shift_search_nonexistent_shows_empty 
[gw1] [ 98%] PASSED tests/admin_portal/employees/test_employees_shift_list.py::test_shift_search_nonexistent_shows_empty 
tests/admin_portal/employees/test_employees_shift_list.py::test_shift_clear_search_restores_list 
[gw1] [ 98%] PASSED tests/admin_portal/employees/test_employees_shift_list.py::test_shift_clear_search_restores_list 
[gw0] [ 99%] ERROR tests/admin_portal/employees/test_employees_shift_list.py::test_shift_search_by_exact_last_name 
tests/admin_portal/employees/test_employees_shift_list.py::test_shift_search_by_partial_last_name 
[gw0] [100%] ERROR tests/admin_portal/employees/test_employees_shift_list.py::test_shift_search_by_partial_last_name 

==================================== ERRORS ====================================
________________ ERROR at setup of test_edit_user_role_persists ________________
[gw0] darwin -- Python 3.11.2 /Users/vk/Documents/NxtWash Automation/nxtwash-automation/venv/bin/python3.11
tests/admin_portal/users/conftest.py:109: in managed_user
    page = create_user_if_missing(browser)
           ^^^^^^^^^^^^^^^^^^^^^^^^^^^^^^^
tests/admin_portal/users/conftest.py:79: in create_user_if_missing
    page = open_users_page(browser)
           ^^^^^^^^^^^^^^^^^^^^^^^^
tests/admin_portal/users/conftest.py:41: in open_users_page
    open_admin_path(browser, "/users/users")
tests/admin_portal/admin_session.py:100: in open_admin_path
    ensure_admin_logged_in(browser)
tests/admin_portal/admin_session.py:53: in ensure_admin_logged_in
    if host not in browser.current_url:
                   ^^^^^^^^^^^^^^^^^^^
venv/lib/python3.11/site-packages/selenium/webdriver/remote/webdriver.py:602: in current_url
    return self.execute(Command.GET_CURRENT_URL)["value"]
           ^^^^^^^^^^^^^^^^^^^^^^^^^^^^^^^^^^^^^
venv/lib/python3.11/site-packages/selenium/webdriver/remote/webdriver.py:468: in execute
    self.error_handler.check_response(response)
venv/lib/python3.11/site-packages/selenium/webdriver/remote/errorhandler.py:232: in check_response
    raise exception_class(message, screen, stacktrace)
E   selenium.common.exceptions.TimeoutException: Message: timeout: Timed out receiving message from renderer: 60.000
E     (Session info: chrome=150.0.7871.182)
E   Stacktrace:
E   0   chromedriver                        0x0000000100b71a84 cxxbridge1$str$ptr + 3195292
E   1   chromedriver                        0x0000000100b69b4c cxxbridge1$str$ptr + 3162724
E   2   chromedriver                        0x00000001006132a4 _RNvCs9NA52FrZ4pF_7___rustc35___rust_no_alloc_shim_is_unstable_v2 + 73836
E   3   chromedriver                        0x00000001005fdd20 cxxbridge1$string$len + 3628
E   4   chromedriver                        0x00000001005fda80 cxxbridge1$string$len + 2956
E   5   chromedriver                        0x00000001005fb818 chromedriver + 227352
E   6   chromedriver                        0x00000001005fc40c chromedriver + 230412
E   7   chromedriver                        0x00000001006097a4 _RNvCs9NA52FrZ4pF_7___rustc35___rust_no_alloc_shim_is_unstable_v2 + 34156
E   8   chromedriver                        0x000000010061fe1c _RNvCs9NA52FrZ4pF_7___rustc35___rust_no_alloc_shim_is_unstable_v2 + 125924
E   9   chromedriver                        0x00000001005fca78 chromedriver + 232056
E   10  chromedriver                        0x000000010061fc18 _RNvCs9NA52FrZ4pF_7___rustc35___rust_no_alloc_shim_is_unstable_v2 + 125408
E   11  chromedriver                        0x000000010069af70 _RNvCs9NA52FrZ4pF_7___rustc35___rust_no_alloc_shim_is_unstable_v2 + 630072
E   12  chromedriver                        0x0000000100651434 _RNvCs9NA52FrZ4pF_7___rustc35___rust_no_alloc_shim_is_unstable_v2 + 328188
E   13  chromedriver                        0x0000000100b2ec40 cxxbridge1$str$ptr + 2921304
E   14  chromedriver                        0x0000000100b323b8 cxxbridge1$str$ptr + 2935504
E   15  chromedriver                        0x0000000100b150f8 cxxbridge1$str$ptr + 2816016
E   16  chromedriver                        0x0000000100b32c4c cxxbridge1$str$ptr + 2937700
E   17  chromedriver                        0x0000000100b063b0 cxxbridge1$str$ptr + 2755272
E   18  chromedriver                        0x0000000100b581f4 cxxbridge1$str$ptr + 3090700
E   19  chromedriver                        0x0000000100b58354 cxxbridge1$str$ptr + 3091052
E   20  chromedriver                        0x0000000100b697a4 cxxbridge1$str$ptr + 3161788
E   21  libsystem_pthread.dylib             0x0000000199325c08 _pthread_start + 136
E   22  libsystem_pthread.dylib             0x0000000199320ba8 thread_start + 8
---------------------------- Captured stderr setup -----------------------------
Python(6072) MallocStackLogging: can't turn off malloc stack logging because it was not enabled.
________ ERROR at setup of test_change_password_matching_passwords_save ________
[gw1] darwin -- Python 3.11.2 /Users/vk/Documents/NxtWash Automation/nxtwash-automation/venv/bin/python3.11
tests/admin_portal/users/conftest.py:109: in managed_user
    page = create_user_if_missing(browser)
           ^^^^^^^^^^^^^^^^^^^^^^^^^^^^^^^
tests/admin_portal/users/conftest.py:79: in create_user_if_missing
    page = open_users_page(browser)
           ^^^^^^^^^^^^^^^^^^^^^^^^
tests/admin_portal/users/conftest.py:41: in open_users_page
    open_admin_path(browser, "/users/users")
tests/admin_portal/admin_session.py:100: in open_admin_path
    ensure_admin_logged_in(browser)
tests/admin_portal/admin_session.py:53: in ensure_admin_logged_in
    if host not in browser.current_url:
                   ^^^^^^^^^^^^^^^^^^^
venv/lib/python3.11/site-packages/selenium/webdriver/remote/webdriver.py:602: in current_url
    return self.execute(Command.GET_CURRENT_URL)["value"]
           ^^^^^^^^^^^^^^^^^^^^^^^^^^^^^^^^^^^^^
venv/lib/python3.11/site-packages/selenium/webdriver/remote/webdriver.py:468: in execute
    self.error_handler.check_response(response)
venv/lib/python3.11/site-packages/selenium/webdriver/remote/errorhandler.py:232: in check_response
    raise exception_class(message, screen, stacktrace)
E   selenium.common.exceptions.TimeoutException: Message: timeout: Timed out receiving message from renderer: 60.000
E     (Session info: chrome=150.0.7871.182)
E   Stacktrace:
E   0   chromedriver                        0x00000001051bda84 cxxbridge1$str$ptr + 3195292
E   1   chromedriver                        0x00000001051b5b4c cxxbridge1$str$ptr + 3162724
E   2   chromedriver                        0x0000000104c5f2a4 _RNvCs9NA52FrZ4pF_7___rustc35___rust_no_alloc_shim_is_unstable_v2 + 73836
E   3   chromedriver                        0x0000000104c49d20 cxxbridge1$string$len + 3628
E   4   chromedriver                        0x0000000104c49a80 cxxbridge1$string$len + 2956
E   5   chromedriver                        0x0000000104c47818 chromedriver + 227352
E   6   chromedriver                        0x0000000104c4840c chromedriver + 230412
E   7   chromedriver                        0x0000000104c557a4 _RNvCs9NA52FrZ4pF_7___rustc35___rust_no_alloc_shim_is_unstable_v2 + 34156
E   8   chromedriver                        0x0000000104c6be1c _RNvCs9NA52FrZ4pF_7___rustc35___rust_no_alloc_shim_is_unstable_v2 + 125924
E   9   chromedriver                        0x0000000104c48a78 chromedriver + 232056
E   10  chromedriver                        0x0000000104c6bc18 _RNvCs9NA52FrZ4pF_7___rustc35___rust_no_alloc_shim_is_unstable_v2 + 125408
E   11  chromedriver                        0x0000000104ce6f70 _RNvCs9NA52FrZ4pF_7___rustc35___rust_no_alloc_shim_is_unstable_v2 + 630072
E   12  chromedriver                        0x0000000104c9d434 _RNvCs9NA52FrZ4pF_7___rustc35___rust_no_alloc_shim_is_unstable_v2 + 328188
E   13  chromedriver                        0x000000010517ac40 cxxbridge1$str$ptr + 2921304
E   14  chromedriver                        0x000000010517e3b8 cxxbridge1$str$ptr + 2935504
E   15  chromedriver                        0x00000001051610f8 cxxbridge1$str$ptr + 2816016
E   16  chromedriver                        0x000000010517ec4c cxxbridge1$str$ptr + 2937700
E   17  chromedriver                        0x00000001051523b0 cxxbridge1$str$ptr + 2755272
E   18  chromedriver                        0x00000001051a41f4 cxxbridge1$str$ptr + 3090700
E   19  chromedriver                        0x00000001051a4354 cxxbridge1$str$ptr + 3091052
E   20  chromedriver                        0x00000001051b57a4 cxxbridge1$str$ptr + 3161788
E   21  libsystem_pthread.dylib             0x0000000199325c08 _pthread_start + 136
E   22  libsystem_pthread.dylib             0x0000000199320ba8 thread_start + 8
---------------------------- Captured stderr setup -----------------------------
Python(22466) MallocStackLogging: can't turn off malloc stack logging because it was not enabled.
__________________ ERROR at setup of test_edit_email_persists __________________
[gw0] darwin -- Python 3.11.2 /Users/vk/Documents/NxtWash Automation/nxtwash-automation/venv/bin/python3.11
tests/admin_portal/employees/conftest.py:199: in managed_employee
    page = create_employee_if_missing(browser)
           ^^^^^^^^^^^^^^^^^^^^^^^^^^^^^^^^^^^
tests/admin_portal/employees/conftest.py:181: in create_employee_if_missing
    page.wait_for_employee_row(last_name, timeout=180)
pages/admin_portal/employees_page.py:127: in wait_for_employee_row
    return WebDriverWait(self.driver, timeout).until(
venv/lib/python3.11/site-packages/selenium/webdriver/support/wait.py:121: in until
    raise TimeoutException(message, screen, stacktrace)
E   selenium.common.exceptions.TimeoutException: Message: 
E   Stacktrace:
E   0   chromedriver                        0x0000000101035a84 cxxbridge1$str$ptr + 3195292
E   1   chromedriver                        0x000000010102db4c cxxbridge1$str$ptr + 3162724
E   2   chromedriver                        0x0000000100ad72a4 _RNvCs9NA52FrZ4pF_7___rustc35___rust_no_alloc_shim_is_unstable_v2 + 73836
E   3   chromedriver                        0x0000000100b1fa44 _RNvCs9NA52FrZ4pF_7___rustc35___rust_no_alloc_shim_is_unstable_v2 + 370700
E   4   chromedriver                        0x0000000100b5f030 _RNvCs9NA52FrZ4pF_7___rustc35___rust_no_alloc_shim_is_unstable_v2 + 630264
E   5   chromedriver                        0x0000000100b15434 _RNvCs9NA52FrZ4pF_7___rustc35___rust_no_alloc_shim_is_unstable_v2 + 328188
E   6   chromedriver                        0x0000000100ff2c40 cxxbridge1$str$ptr + 2921304
E   7   chromedriver                        0x0000000100ff63b8 cxxbridge1$str$ptr + 2935504
E   8   chromedriver                        0x0000000100fd90f8 cxxbridge1$str$ptr + 2816016
E   9   chromedriver                        0x0000000100ff6c4c cxxbridge1$str$ptr + 2937700
E   10  chromedriver                        0x0000000100fca3b0 cxxbridge1$str$ptr + 2755272
E   11  chromedriver                        0x000000010101c1f4 cxxbridge1$str$ptr + 3090700
E   12  chromedriver                        0x000000010101c354 cxxbridge1$str$ptr + 3091052
E   13  chromedriver                        0x000000010102d7a4 cxxbridge1$str$ptr + 3161788
E   14  libsystem_pthread.dylib             0x0000000199325c08 _pthread_start + 136
E   15  libsystem_pthread.dylib             0x0000000199320ba8 thread_start + 8
---------------------------- Captured stderr setup -----------------------------
Python(28139) MallocStackLogging: can't turn off malloc stack logging because it was not enabled.
2026-07-28 04:56:57,116 WARNING nxtwash: Employee save did not navigate away. Page text: Employees
Add new employee
Cancel
Save employee
User settings
First Name
Last Name
Locations
VK Test carwash 2
+ 2
VK AL92
VK AL33
VK AL32
VK AL31
VK ZT c6d556
VK AL30
VK AL29
VK ZT 9e7bdf
VK AL28
VK AL27
VK ZT 4e248f
VK AL26
VK ZT 8f811b
VK AL25
VK AL24
VK ZT 46d34b
VK AL23
VK ZT c4a124
VK ZT d4ccd8
VK ZT 71c6f6
VK ZT 9eaa54
VK ZT ae9b9c
test 12
VK AL22
VK AL21
VK AL20
VK ZT c26508
VK AL19
VK AL18
VK ZT c54675
VK AL17
VK AL16
VK ZT 2b4279
VK AL15
VK AL14
VK ZT 146465
VK AL13
VK AL12
VK AL11
VK AL10
VK AL09
VK AL08
VK AL01
vkauto1
VK AL07
VK AL06
VK AL05
VK AL04
VK AL03
VK AL02
test123 udpated
VK Test carwash 2
VK Test Wash 01
Hire date
Employee code
Hourly wage, $
Active employee
Contact info
Email
Phone number
Address
ZIP code
State
Alaska
City
Wales
2026-07-28 04:56:57,276 WARNING nxtwash: Employee create did not navigate away — assuming duplicate; searching list with extended timeout
------------------------------ Captured log setup ------------------------------
WARNING  nxtwash:employees_page.py:521 Employee save did not navigate away. Page text: Employees
Add new employee
Cancel
Save employee
User settings
First Name
Last Name
Locations
VK Test carwash 2
+ 2
VK AL92
VK AL33
VK AL32
VK AL31
VK ZT c6d556
VK AL30
VK AL29
VK ZT 9e7bdf
VK AL28
VK AL27
VK ZT 4e248f
VK AL26
VK ZT 8f811b
VK AL25
VK AL24
VK ZT 46d34b
VK AL23
VK ZT c4a124
VK ZT d4ccd8
VK ZT 71c6f6
VK ZT 9eaa54
VK ZT ae9b9c
test 12
VK AL22
VK AL21
VK AL20
VK ZT c26508
VK AL19
VK AL18
VK ZT c54675
VK AL17
VK AL16
VK ZT 2b4279
VK AL15
VK AL14
VK ZT 146465
VK AL13
VK AL12
VK AL11
VK AL10
VK AL09
VK AL08
VK AL01
vkauto1
VK AL07
VK AL06
VK AL05
VK AL04
VK AL03
VK AL02
test123 udpated
VK Test carwash 2
VK Test Wash 01
Hire date
Employee code
Hourly wage, $
Active employee
Contact info
Email
Phone number
Address
ZIP code
State
Alaska
City
Wales
WARNING  nxtwash:conftest.py:175 Employee create did not navigate away — assuming duplicate; searching list with extended timeout
__________________ ERROR at setup of test_edit_phone_persists __________________
[gw0] darwin -- Python 3.11.2 /Users/vk/Documents/NxtWash Automation/nxtwash-automation/venv/bin/python3.11
tests/admin_portal/employees/conftest.py:199: in managed_employee
    page = create_employee_if_missing(browser)
           ^^^^^^^^^^^^^^^^^^^^^^^^^^^^^^^^^^^
tests/admin_portal/employees/conftest.py:142: in create_employee_if_missing
    form.assign_locations(locations)
pages/admin_portal/employees_page.py:426: in assign_locations
    self.select_react_dropdown_option(
pages/common/base_page.py:101: in select_react_dropdown_option
    inner_input.send_keys(option_text)
venv/lib/python3.11/site-packages/selenium/webdriver/remote/webelement.py:276: in send_keys
    self._execute(
venv/lib/python3.11/site-packages/selenium/webdriver/remote/webelement.py:508: in _execute
    return self._parent.execute(command, params)
           ^^^^^^^^^^^^^^^^^^^^^^^^^^^^^^^^^^^^^
venv/lib/python3.11/site-packages/selenium/webdriver/remote/webdriver.py:468: in execute
    self.error_handler.check_response(response)
venv/lib/python3.11/site-packages/selenium/webdriver/remote/errorhandler.py:232: in check_response
    raise exception_class(message, screen, stacktrace)
E   selenium.common.exceptions.ElementNotInteractableException: Message: element not interactable
E     (Session info: chrome=150.0.7871.182); For documentation on this error, please visit: https://www.selenium.dev/documentation/webdriver/troubleshooting/errors#elementnotinteractableexception
E   Stacktrace:
E   0   chromedriver                        0x0000000102fbda84 cxxbridge1$str$ptr + 3195292
E   1   chromedriver                        0x0000000102fb5b4c cxxbridge1$str$ptr + 3162724
E   2   chromedriver                        0x0000000102a5f0a8 _RNvCs9NA52FrZ4pF_7___rustc35___rust_no_alloc_shim_is_unstable_v2 + 73328
E   3   chromedriver                        0x0000000102aa3d3c _RNvCs9NA52FrZ4pF_7___rustc35___rust_no_alloc_shim_is_unstable_v2 + 355076
E   4   chromedriver                        0x0000000102aa2354 _RNvCs9NA52FrZ4pF_7___rustc35___rust_no_alloc_shim_is_unstable_v2 + 348444
E   5   chromedriver                        0x0000000102a9e934 _RNvCs9NA52FrZ4pF_7___rustc35___rust_no_alloc_shim_is_unstable_v2 + 333564
E   6   chromedriver                        0x0000000102ae7030 _RNvCs9NA52FrZ4pF_7___rustc35___rust_no_alloc_shim_is_unstable_v2 + 630264
E   7   chromedriver                        0x0000000102a9d434 _RNvCs9NA52FrZ4pF_7___rustc35___rust_no_alloc_shim_is_unstable_v2 + 328188
E   8   chromedriver                        0x0000000102f7ac40 cxxbridge1$str$ptr + 2921304
E   9   chromedriver                        0x0000000102f7e3b8 cxxbridge1$str$ptr + 2935504
E   10  chromedriver                        0x0000000102f610f8 cxxbridge1$str$ptr + 2816016
E   11  chromedriver                        0x0000000102f7ec4c cxxbridge1$str$ptr + 2937700
E   12  chromedriver                        0x0000000102f523b0 cxxbridge1$str$ptr + 2755272
E   13  chromedriver                        0x0000000102fa41f4 cxxbridge1$str$ptr + 3090700
E   14  chromedriver                        0x0000000102fa4354 cxxbridge1$str$ptr + 3091052
E   15  chromedriver                        0x0000000102fb57a4 cxxbridge1$str$ptr + 3161788
E   16  libsystem_pthread.dylib             0x0000000199325c08 _pthread_start + 136
E   17  libsystem_pthread.dylib             0x0000000199320ba8 thread_start + 8
---------------------------- Captured stderr setup -----------------------------
Python(29345) MallocStackLogging: can't turn off malloc stack logging because it was not enabled.
______ ERROR at setup of test_shift_status_inactive_when_no_active_shift _______
[gw1] darwin -- Python 3.11.2 /Users/vk/Documents/NxtWash Automation/nxtwash-automation/venv/bin/python3.11
tests/admin_portal/employees/conftest.py:199: in managed_employee
    page = create_employee_if_missing(browser)
           ^^^^^^^^^^^^^^^^^^^^^^^^^^^^^^^^^^^
tests/admin_portal/employees/conftest.py:181: in create_employee_if_missing
    page.wait_for_employee_row(last_name, timeout=180)
pages/admin_portal/employees_page.py:127: in wait_for_employee_row
    return WebDriverWait(self.driver, timeout).until(
venv/lib/python3.11/site-packages/selenium/webdriver/support/wait.py:121: in until
    raise TimeoutException(message, screen, stacktrace)
E   selenium.common.exceptions.TimeoutException: Message: 
E   Stacktrace:
E   0   chromedriver                        0x00000001027e1a84 cxxbridge1$str$ptr + 3195292
E   1   chromedriver                        0x00000001027d9b4c cxxbridge1$str$ptr + 3162724
E   2   chromedriver                        0x00000001022832a4 _RNvCs9NA52FrZ4pF_7___rustc35___rust_no_alloc_shim_is_unstable_v2 + 73836
E   3   chromedriver                        0x00000001022cba44 _RNvCs9NA52FrZ4pF_7___rustc35___rust_no_alloc_shim_is_unstable_v2 + 370700
E   4   chromedriver                        0x000000010230b030 _RNvCs9NA52FrZ4pF_7___rustc35___rust_no_alloc_shim_is_unstable_v2 + 630264
E   5   chromedriver                        0x00000001022c1434 _RNvCs9NA52FrZ4pF_7___rustc35___rust_no_alloc_shim_is_unstable_v2 + 328188
E   6   chromedriver                        0x000000010279ec40 cxxbridge1$str$ptr + 2921304
E   7   chromedriver                        0x00000001027a23b8 cxxbridge1$str$ptr + 2935504
E   8   chromedriver                        0x00000001027850f8 cxxbridge1$str$ptr + 2816016
E   9   chromedriver                        0x00000001027a2c4c cxxbridge1$str$ptr + 2937700
E   10  chromedriver                        0x00000001027763b0 cxxbridge1$str$ptr + 2755272
E   11  chromedriver                        0x00000001027c81f4 cxxbridge1$str$ptr + 3090700
E   12  chromedriver                        0x00000001027c8354 cxxbridge1$str$ptr + 3091052
E   13  chromedriver                        0x00000001027d97a4 cxxbridge1$str$ptr + 3161788
E   14  libsystem_pthread.dylib             0x0000000199325c08 _pthread_start + 136
E   15  libsystem_pthread.dylib             0x0000000199320ba8 thread_start + 8
---------------------------- Captured stderr setup -----------------------------
Python(30792) MallocStackLogging: can't turn off malloc stack logging because it was not enabled.
2026-07-28 05:10:24,355 WARNING nxtwash: Employee save did not navigate away. Page text: Employees
Add new employee
Cancel
Save employee
User settings
First Name
Last Name
Locations
VK Test carwash 2
+ 2
VK AL92
VK AL33
VK AL32
VK AL31
VK ZT c6d556
VK AL30
VK AL29
VK ZT 9e7bdf
VK AL28
VK AL27
VK ZT 4e248f
VK AL26
VK ZT 8f811b
VK AL25
VK AL24
VK ZT 46d34b
VK AL23
VK ZT c4a124
VK ZT d4ccd8
VK ZT 71c6f6
VK ZT 9eaa54
VK ZT ae9b9c
test 12
VK AL22
VK AL21
VK AL20
VK ZT c26508
VK AL19
VK AL18
VK ZT c54675
VK AL17
VK AL16
VK ZT 2b4279
VK AL15
VK AL14
VK ZT 146465
VK AL13
VK AL12
VK AL11
VK AL10
VK AL09
VK AL08
VK AL01
vkauto1
VK AL07
VK AL06
VK AL05
VK AL04
VK AL03
VK AL02
test123 udpated
VK Test carwash 2
VK Test Wash 01
Hire date
Employee code
Hourly wage, $
Active employee
Contact info
Email
Phone number
Address
ZIP code
State
Alaska
City
Wales
2026-07-28 05:10:24,365 WARNING nxtwash: Employee create did not navigate away — assuming duplicate; searching list with extended timeout
------------------------------ Captured log setup ------------------------------
WARNING  nxtwash:employees_page.py:521 Employee save did not navigate away. Page text: Employees
Add new employee
Cancel
Save employee
User settings
First Name
Last Name
Locations
VK Test carwash 2
+ 2
VK AL92
VK AL33
VK AL32
VK AL31
VK ZT c6d556
VK AL30
VK AL29
VK ZT 9e7bdf
VK AL28
VK AL27
VK ZT 4e248f
VK AL26
VK ZT 8f811b
VK AL25
VK AL24
VK ZT 46d34b
VK AL23
VK ZT c4a124
VK ZT d4ccd8
VK ZT 71c6f6
VK ZT 9eaa54
VK ZT ae9b9c
test 12
VK AL22
VK AL21
VK AL20
VK ZT c26508
VK AL19
VK AL18
VK ZT c54675
VK AL17
VK AL16
VK ZT 2b4279
VK AL15
VK AL14
VK ZT 146465
VK AL13
VK AL12
VK AL11
VK AL10
VK AL09
VK AL08
VK AL01
vkauto1
VK AL07
VK AL06
VK AL05
VK AL04
VK AL03
VK AL02
test123 udpated
VK Test carwash 2
VK Test Wash 01
Hire date
Employee code
Hourly wage, $
Active employee
Contact info
Email
Phone number
Address
ZIP code
State
Alaska
City
Wales
WARNING  nxtwash:conftest.py:175 Employee create did not navigate away — assuming duplicate; searching list with extended timeout
_______________ ERROR at setup of test_status_column_shows_badge _______________
[gw1] darwin -- Python 3.11.2 /Users/vk/Documents/NxtWash Automation/nxtwash-automation/venv/bin/python3.11
tests/admin_portal/employees/conftest.py:199: in managed_employee
    page = create_employee_if_missing(browser)
           ^^^^^^^^^^^^^^^^^^^^^^^^^^^^^^^^^^^
tests/admin_portal/employees/conftest.py:181: in create_employee_if_missing
    page.wait_for_employee_row(last_name, timeout=180)
pages/admin_portal/employees_page.py:127: in wait_for_employee_row
    return WebDriverWait(self.driver, timeout).until(
venv/lib/python3.11/site-packages/selenium/webdriver/support/wait.py:121: in until
    raise TimeoutException(message, screen, stacktrace)
E   selenium.common.exceptions.TimeoutException: Message: 
E   Stacktrace:
E   0   chromedriver                        0x0000000100ab1a84 cxxbridge1$str$ptr + 3195292
E   1   chromedriver                        0x0000000100aa9b4c cxxbridge1$str$ptr + 3162724
E   2   chromedriver                        0x00000001005532a4 _RNvCs9NA52FrZ4pF_7___rustc35___rust_no_alloc_shim_is_unstable_v2 + 73836
E   3   chromedriver                        0x000000010059ba44 _RNvCs9NA52FrZ4pF_7___rustc35___rust_no_alloc_shim_is_unstable_v2 + 370700
E   4   chromedriver                        0x00000001005db030 _RNvCs9NA52FrZ4pF_7___rustc35___rust_no_alloc_shim_is_unstable_v2 + 630264
E   5   chromedriver                        0x0000000100591434 _RNvCs9NA52FrZ4pF_7___rustc35___rust_no_alloc_shim_is_unstable_v2 + 328188
E   6   chromedriver                        0x0000000100a6ec40 cxxbridge1$str$ptr + 2921304
E   7   chromedriver                        0x0000000100a723b8 cxxbridge1$str$ptr + 2935504
E   8   chromedriver                        0x0000000100a550f8 cxxbridge1$str$ptr + 2816016
E   9   chromedriver                        0x0000000100a72c4c cxxbridge1$str$ptr + 2937700
E   10  chromedriver                        0x0000000100a463b0 cxxbridge1$str$ptr + 2755272
E   11  chromedriver                        0x0000000100a981f4 cxxbridge1$str$ptr + 3090700
E   12  chromedriver                        0x0000000100a98354 cxxbridge1$str$ptr + 3091052
E   13  chromedriver                        0x0000000100aa97a4 cxxbridge1$str$ptr + 3161788
E   14  libsystem_pthread.dylib             0x0000000199325c08 _pthread_start + 136
E   15  libsystem_pthread.dylib             0x0000000199320ba8 thread_start + 8
---------------------------- Captured stderr setup -----------------------------
Python(31917) MallocStackLogging: can't turn off malloc stack logging because it was not enabled.
2026-07-28 05:16:32,483 WARNING nxtwash: Employee save did not navigate away. Page text: Employees
Add new employee
Cancel
Save employee
User settings
First Name
Last Name
Locations
VK Test carwash 2
+ 2
VK AL92
VK AL33
VK AL32
VK AL31
VK ZT c6d556
VK AL30
VK AL29
VK ZT 9e7bdf
VK AL28
VK AL27
VK ZT 4e248f
VK AL26
VK ZT 8f811b
VK AL25
VK AL24
VK ZT 46d34b
VK AL23
VK ZT c4a124
VK ZT d4ccd8
VK ZT 71c6f6
VK ZT 9eaa54
VK ZT ae9b9c
test 12
VK AL22
VK AL21
VK AL20
VK ZT c26508
VK AL19
VK AL18
VK ZT c54675
VK AL17
VK AL16
VK ZT 2b4279
VK AL15
VK AL14
VK ZT 146465
VK AL13
VK AL12
VK AL11
VK AL10
VK AL09
VK AL08
VK AL01
vkauto1
VK AL07
VK AL06
VK AL05
VK AL04
VK AL03
VK AL02
test123 udpated
VK Test carwash 2
VK Test Wash 01
Hire date
Employee code
Hourly wage, $
Active employee
Contact info
Email
Phone number
Address
ZIP code
State
Alaska
City
Wales
2026-07-28 05:16:32,503 WARNING nxtwash: Employee create did not navigate away — assuming duplicate; searching list with extended timeout
------------------------------ Captured log setup ------------------------------
WARNING  nxtwash:employees_page.py:521 Employee save did not navigate away. Page text: Employees
Add new employee
Cancel
Save employee
User settings
First Name
Last Name
Locations
VK Test carwash 2
+ 2
VK AL92
VK AL33
VK AL32
VK AL31
VK ZT c6d556
VK AL30
VK AL29
VK ZT 9e7bdf
VK AL28
VK AL27
VK ZT 4e248f
VK AL26
VK ZT 8f811b
VK AL25
VK AL24
VK ZT 46d34b
VK AL23
VK ZT c4a124
VK ZT d4ccd8
VK ZT 71c6f6
VK ZT 9eaa54
VK ZT ae9b9c
test 12
VK AL22
VK AL21
VK AL20
VK ZT c26508
VK AL19
VK AL18
VK ZT c54675
VK AL17
VK AL16
VK ZT 2b4279
VK AL15
VK AL14
VK ZT 146465
VK AL13
VK AL12
VK AL11
VK AL10
VK AL09
VK AL08
VK AL01
vkauto1
VK AL07
VK AL06
VK AL05
VK AL04
VK AL03
VK AL02
test123 udpated
VK Test carwash 2
VK Test Wash 01
Hire date
Employee code
Hourly wage, $
Active employee
Contact info
Email
Phone number
Address
ZIP code
State
Alaska
City
Wales
WARNING  nxtwash:conftest.py:175 Employee create did not navigate away — assuming duplicate; searching list with extended timeout
_______________ ERROR at setup of test_search_by_exact_last_name _______________
[gw1] darwin -- Python 3.11.2 /Users/vk/Documents/NxtWash Automation/nxtwash-automation/venv/bin/python3.11
tests/admin_portal/employees/conftest.py:199: in managed_employee
    page = create_employee_if_missing(browser)
           ^^^^^^^^^^^^^^^^^^^^^^^^^^^^^^^^^^^
tests/admin_portal/employees/conftest.py:181: in create_employee_if_missing
    page.wait_for_employee_row(last_name, timeout=180)
pages/admin_portal/employees_page.py:127: in wait_for_employee_row
    return WebDriverWait(self.driver, timeout).until(
venv/lib/python3.11/site-packages/selenium/webdriver/support/wait.py:121: in until
    raise TimeoutException(message, screen, stacktrace)
E   selenium.common.exceptions.TimeoutException: Message: 
E   Stacktrace:
E   0   chromedriver                        0x0000000104845a84 cxxbridge1$str$ptr + 3195292
E   1   chromedriver                        0x000000010483db4c cxxbridge1$str$ptr + 3162724
E   2   chromedriver                        0x00000001042e72a4 _RNvCs9NA52FrZ4pF_7___rustc35___rust_no_alloc_shim_is_unstable_v2 + 73836
E   3   chromedriver                        0x000000010432fa44 _RNvCs9NA52FrZ4pF_7___rustc35___rust_no_alloc_shim_is_unstable_v2 + 370700
E   4   chromedriver                        0x000000010436f030 _RNvCs9NA52FrZ4pF_7___rustc35___rust_no_alloc_shim_is_unstable_v2 + 630264
E   5   chromedriver                        0x0000000104325434 _RNvCs9NA52FrZ4pF_7___rustc35___rust_no_alloc_shim_is_unstable_v2 + 328188
E   6   chromedriver                        0x0000000104802c40 cxxbridge1$str$ptr + 2921304
E   7   chromedriver                        0x00000001048063b8 cxxbridge1$str$ptr + 2935504
E   8   chromedriver                        0x00000001047e90f8 cxxbridge1$str$ptr + 2816016
E   9   chromedriver                        0x0000000104806c4c cxxbridge1$str$ptr + 2937700
E   10  chromedriver                        0x00000001047da3b0 cxxbridge1$str$ptr + 2755272
E   11  chromedriver                        0x000000010482c1f4 cxxbridge1$str$ptr + 3090700
E   12  chromedriver                        0x000000010482c354 cxxbridge1$str$ptr + 3091052
E   13  chromedriver                        0x000000010483d7a4 cxxbridge1$str$ptr + 3161788
E   14  libsystem_pthread.dylib             0x0000000199325c08 _pthread_start + 136
E   15  libsystem_pthread.dylib             0x0000000199320ba8 thread_start + 8
---------------------------- Captured stderr setup -----------------------------
Python(32684) MallocStackLogging: can't turn off malloc stack logging because it was not enabled.
2026-07-28 05:23:26,132 WARNING nxtwash: Employee save did not navigate away. Page text: Employees
Add new employee
Cancel
Save employee
User settings
First Name
Last Name
Locations
VK Test carwash 2
+ 2
VK AL92
VK AL33
VK AL32
VK AL31
VK ZT c6d556
VK AL30
VK AL29
VK ZT 9e7bdf
VK AL28
VK AL27
VK ZT 4e248f
VK AL26
VK ZT 8f811b
VK AL25
VK AL24
VK ZT 46d34b
VK AL23
VK ZT c4a124
VK ZT d4ccd8
VK ZT 71c6f6
VK ZT 9eaa54
VK ZT ae9b9c
test 12
VK AL22
VK AL21
VK AL20
VK ZT c26508
VK AL19
VK AL18
VK ZT c54675
VK AL17
VK AL16
VK ZT 2b4279
VK AL15
VK AL14
VK ZT 146465
VK AL13
VK AL12
VK AL11
VK AL10
VK AL09
VK AL08
VK AL01
vkauto1
VK AL07
VK AL06
VK AL05
VK AL04
VK AL03
VK AL02
test123 udpated
VK Test carwash 2
VK Test Wash 01
Hire date
Employee code
Hourly wage, $
Active employee
Contact info
Email
Phone number
Address
ZIP code
State
Alaska
City
Wales
2026-07-28 05:23:26,140 WARNING nxtwash: Employee create did not navigate away — assuming duplicate; searching list with extended timeout
------------------------------ Captured log setup ------------------------------
WARNING  nxtwash:employees_page.py:521 Employee save did not navigate away. Page text: Employees
Add new employee
Cancel
Save employee
User settings
First Name
Last Name
Locations
VK Test carwash 2
+ 2
VK AL92
VK AL33
VK AL32
VK AL31
VK ZT c6d556
VK AL30
VK AL29
VK ZT 9e7bdf
VK AL28
VK AL27
VK ZT 4e248f
VK AL26
VK ZT 8f811b
VK AL25
VK AL24
VK ZT 46d34b
VK AL23
VK ZT c4a124
VK ZT d4ccd8
VK ZT 71c6f6
VK ZT 9eaa54
VK ZT ae9b9c
test 12
VK AL22
VK AL21
VK AL20
VK ZT c26508
VK AL19
VK AL18
VK ZT c54675
VK AL17
VK AL16
VK ZT 2b4279
VK AL15
VK AL14
VK ZT 146465
VK AL13
VK AL12
VK AL11
VK AL10
VK AL09
VK AL08
VK AL01
vkauto1
VK AL07
VK AL06
VK AL05
VK AL04
VK AL03
VK AL02
test123 udpated
VK Test carwash 2
VK Test Wash 01
Hire date
Employee code
Hourly wage, $
Active employee
Contact info
Email
Phone number
Address
ZIP code
State
Alaska
City
Wales
WARNING  nxtwash:conftest.py:175 Employee create did not navigate away — assuming duplicate; searching list with extended timeout
______________ ERROR at setup of test_deactivate_active_employee _______________
[gw0] darwin -- Python 3.11.2 /Users/vk/Documents/NxtWash Automation/nxtwash-automation/venv/bin/python3.11
tests/admin_portal/employees/conftest.py:199: in managed_employee
    page = create_employee_if_missing(browser)
           ^^^^^^^^^^^^^^^^^^^^^^^^^^^^^^^^^^^
tests/admin_portal/employees/conftest.py:181: in create_employee_if_missing
    page.wait_for_employee_row(last_name, timeout=180)
pages/admin_portal/employees_page.py:127: in wait_for_employee_row
    return WebDriverWait(self.driver, timeout).until(
venv/lib/python3.11/site-packages/selenium/webdriver/support/wait.py:121: in until
    raise TimeoutException(message, screen, stacktrace)
E   selenium.common.exceptions.TimeoutException: Message: 
E   Stacktrace:
E   0   chromedriver                        0x0000000103129a84 cxxbridge1$str$ptr + 3195292
E   1   chromedriver                        0x0000000103121b4c cxxbridge1$str$ptr + 3162724
E   2   chromedriver                        0x0000000102bcb2a4 _RNvCs9NA52FrZ4pF_7___rustc35___rust_no_alloc_shim_is_unstable_v2 + 73836
E   3   chromedriver                        0x0000000102c13a44 _RNvCs9NA52FrZ4pF_7___rustc35___rust_no_alloc_shim_is_unstable_v2 + 370700
E   4   chromedriver                        0x0000000102c53030 _RNvCs9NA52FrZ4pF_7___rustc35___rust_no_alloc_shim_is_unstable_v2 + 630264
E   5   chromedriver                        0x0000000102c09434 _RNvCs9NA52FrZ4pF_7___rustc35___rust_no_alloc_shim_is_unstable_v2 + 328188
E   6   chromedriver                        0x00000001030e6c40 cxxbridge1$str$ptr + 2921304
E   7   chromedriver                        0x00000001030ea3b8 cxxbridge1$str$ptr + 2935504
E   8   chromedriver                        0x00000001030cd0f8 cxxbridge1$str$ptr + 2816016
E   9   chromedriver                        0x00000001030eac4c cxxbridge1$str$ptr + 2937700
E   10  chromedriver                        0x00000001030be3b0 cxxbridge1$str$ptr + 2755272
E   11  chromedriver                        0x00000001031101f4 cxxbridge1$str$ptr + 3090700
E   12  chromedriver                        0x0000000103110354 cxxbridge1$str$ptr + 3091052
E   13  chromedriver                        0x00000001031217a4 cxxbridge1$str$ptr + 3161788
E   14  libsystem_pthread.dylib             0x0000000199325c08 _pthread_start + 136
E   15  libsystem_pthread.dylib             0x0000000199320ba8 thread_start + 8
---------------------------- Captured stderr setup -----------------------------
Python(32808) MallocStackLogging: can't turn off malloc stack logging because it was not enabled.
2026-07-28 05:24:40,341 WARNING nxtwash: Employee save did not navigate away. Page text: Employees
Add new employee
Cancel
Save employee
User settings
First Name
Last Name
Locations
VK Test carwash 2
+ 2
VK AL92
VK AL33
VK AL32
VK AL31
VK ZT c6d556
VK AL30
VK AL29
VK ZT 9e7bdf
VK AL28
VK AL27
VK ZT 4e248f
VK AL26
VK ZT 8f811b
VK AL25
VK AL24
VK ZT 46d34b
VK AL23
VK ZT c4a124
VK ZT d4ccd8
VK ZT 71c6f6
VK ZT 9eaa54
VK ZT ae9b9c
test 12
VK AL22
VK AL21
VK AL20
VK ZT c26508
VK AL19
VK AL18
VK ZT c54675
VK AL17
VK AL16
VK ZT 2b4279
VK AL15
VK AL14
VK ZT 146465
VK AL13
VK AL12
VK AL11
VK AL10
VK AL09
VK AL08
VK AL01
vkauto1
VK AL07
VK AL06
VK AL05
VK AL04
VK AL03
VK AL02
test123 udpated
VK Test carwash 2
VK Test Wash 01
Hire date
Employee code
Hourly wage, $
Active employee
Contact info
Email
Phone number
Address
ZIP code
State
Alaska
City
Wales
2026-07-28 05:24:40,347 WARNING nxtwash: Employee create did not navigate away — assuming duplicate; searching list with extended timeout
------------------------------ Captured log setup ------------------------------
WARNING  nxtwash:employees_page.py:521 Employee save did not navigate away. Page text: Employees
Add new employee
Cancel
Save employee
User settings
First Name
Last Name
Locations
VK Test carwash 2
+ 2
VK AL92
VK AL33
VK AL32
VK AL31
VK ZT c6d556
VK AL30
VK AL29
VK ZT 9e7bdf
VK AL28
VK AL27
VK ZT 4e248f
VK AL26
VK ZT 8f811b
VK AL25
VK AL24
VK ZT 46d34b
VK AL23
VK ZT c4a124
VK ZT d4ccd8
VK ZT 71c6f6
VK ZT 9eaa54
VK ZT ae9b9c
test 12
VK AL22
VK AL21
VK AL20
VK ZT c26508
VK AL19
VK AL18
VK ZT c54675
VK AL17
VK AL16
VK ZT 2b4279
VK AL15
VK AL14
VK ZT 146465
VK AL13
VK AL12
VK AL11
VK AL10
VK AL09
VK AL08
VK AL01
vkauto1
VK AL07
VK AL06
VK AL05
VK AL04
VK AL03
VK AL02
test123 udpated
VK Test carwash 2
VK Test Wash 01
Hire date
Employee code
Hourly wage, $
Active employee
Contact info
Email
Phone number
Address
ZIP code
State
Alaska
City
Wales
WARNING  nxtwash:conftest.py:175 Employee create did not navigate away — assuming duplicate; searching list with extended timeout
______________ ERROR at setup of test_search_by_partial_last_name ______________
[gw1] darwin -- Python 3.11.2 /Users/vk/Documents/NxtWash Automation/nxtwash-automation/venv/bin/python3.11
tests/admin_portal/employees/conftest.py:199: in managed_employee
    page = create_employee_if_missing(browser)
           ^^^^^^^^^^^^^^^^^^^^^^^^^^^^^^^^^^^
tests/admin_portal/employees/conftest.py:181: in create_employee_if_missing
    page.wait_for_employee_row(last_name, timeout=180)
pages/admin_portal/employees_page.py:127: in wait_for_employee_row
    return WebDriverWait(self.driver, timeout).until(
venv/lib/python3.11/site-packages/selenium/webdriver/support/wait.py:121: in until
    raise TimeoutException(message, screen, stacktrace)
E   selenium.common.exceptions.TimeoutException: Message: 
E   Stacktrace:
E   0   chromedriver                        0x00000001013c9a84 cxxbridge1$str$ptr + 3195292
E   1   chromedriver                        0x00000001013c1b4c cxxbridge1$str$ptr + 3162724
E   2   chromedriver                        0x0000000100e6b2a4 _RNvCs9NA52FrZ4pF_7___rustc35___rust_no_alloc_shim_is_unstable_v2 + 73836
E   3   chromedriver                        0x0000000100eb3a44 _RNvCs9NA52FrZ4pF_7___rustc35___rust_no_alloc_shim_is_unstable_v2 + 370700
E   4   chromedriver                        0x0000000100ef3030 _RNvCs9NA52FrZ4pF_7___rustc35___rust_no_alloc_shim_is_unstable_v2 + 630264
E   5   chromedriver                        0x0000000100ea9434 _RNvCs9NA52FrZ4pF_7___rustc35___rust_no_alloc_shim_is_unstable_v2 + 328188
E   6   chromedriver                        0x0000000101386c40 cxxbridge1$str$ptr + 2921304
E   7   chromedriver                        0x000000010138a3b8 cxxbridge1$str$ptr + 2935504
E   8   chromedriver                        0x000000010136d0f8 cxxbridge1$str$ptr + 2816016
E   9   chromedriver                        0x000000010138ac4c cxxbridge1$str$ptr + 2937700
E   10  chromedriver                        0x000000010135e3b0 cxxbridge1$str$ptr + 2755272
E   11  chromedriver                        0x00000001013b01f4 cxxbridge1$str$ptr + 3090700
E   12  chromedriver                        0x00000001013b0354 cxxbridge1$str$ptr + 3091052
E   13  chromedriver                        0x00000001013c17a4 cxxbridge1$str$ptr + 3161788
E   14  libsystem_pthread.dylib             0x0000000199325c08 _pthread_start + 136
E   15  libsystem_pthread.dylib             0x0000000199320ba8 thread_start + 8
---------------------------- Captured stderr setup -----------------------------
Python(33176) MallocStackLogging: can't turn off malloc stack logging because it was not enabled.
2026-07-28 05:29:49,648 WARNING nxtwash: Employee save did not navigate away. Page text: Employees
Add new employee
Cancel
Save employee
User settings
First Name
Last Name
Locations
VK Test carwash 2
+ 2
VK AL92
VK AL33
VK AL32
VK AL31
VK ZT c6d556
VK AL30
VK AL29
VK ZT 9e7bdf
VK AL28
VK AL27
VK ZT 4e248f
VK AL26
VK ZT 8f811b
VK AL25
VK AL24
VK ZT 46d34b
VK AL23
VK ZT c4a124
VK ZT d4ccd8
VK ZT 71c6f6
VK ZT 9eaa54
VK ZT ae9b9c
test 12
VK AL22
VK AL21
VK AL20
VK ZT c26508
VK AL19
VK AL18
VK ZT c54675
VK AL17
VK AL16
VK ZT 2b4279
VK AL15
VK AL14
VK ZT 146465
VK AL13
VK AL12
VK AL11
VK AL10
VK AL09
VK AL08
VK AL01
vkauto1
VK AL07
VK AL06
VK AL05
VK AL04
VK AL03
VK AL02
test123 udpated
VK Test carwash 2
VK Test Wash 01
Hire date
Employee code
Hourly wage, $
Active employee
Contact info
Email
Phone number
Address
ZIP code
State
Alaska
City
Wales
2026-07-28 05:29:49,656 WARNING nxtwash: Employee create did not navigate away — assuming duplicate; searching list with extended timeout
------------------------------ Captured log setup ------------------------------
WARNING  nxtwash:employees_page.py:521 Employee save did not navigate away. Page text: Employees
Add new employee
Cancel
Save employee
User settings
First Name
Last Name
Locations
VK Test carwash 2
+ 2
VK AL92
VK AL33
VK AL32
VK AL31
VK ZT c6d556
VK AL30
VK AL29
VK ZT 9e7bdf
VK AL28
VK AL27
VK ZT 4e248f
VK AL26
VK ZT 8f811b
VK AL25
VK AL24
VK ZT 46d34b
VK AL23
VK ZT c4a124
VK ZT d4ccd8
VK ZT 71c6f6
VK ZT 9eaa54
VK ZT ae9b9c
test 12
VK AL22
VK AL21
VK AL20
VK ZT c26508
VK AL19
VK AL18
VK ZT c54675
VK AL17
VK AL16
VK ZT 2b4279
VK AL15
VK AL14
VK ZT 146465
VK AL13
VK AL12
VK AL11
VK AL10
VK AL09
VK AL08
VK AL01
vkauto1
VK AL07
VK AL06
VK AL05
VK AL04
VK AL03
VK AL02
test123 udpated
VK Test carwash 2
VK Test Wash 01
Hire date
Employee code
Hourly wage, $
Active employee
Contact info
Email
Phone number
Address
ZIP code
State
Alaska
City
Wales
WARNING  nxtwash:conftest.py:175 Employee create did not navigate away — assuming duplicate; searching list with extended timeout
_____________ ERROR at setup of test_edit_clear_first_name_blocked _____________
[gw0] darwin -- Python 3.11.2 /Users/vk/Documents/NxtWash Automation/nxtwash-automation/venv/bin/python3.11
tests/admin_portal/employees/conftest.py:199: in managed_employee
    page = create_employee_if_missing(browser)
           ^^^^^^^^^^^^^^^^^^^^^^^^^^^^^^^^^^^
tests/admin_portal/employees/conftest.py:181: in create_employee_if_missing
    page.wait_for_employee_row(last_name, timeout=180)
pages/admin_portal/employees_page.py:127: in wait_for_employee_row
    return WebDriverWait(self.driver, timeout).until(
venv/lib/python3.11/site-packages/selenium/webdriver/support/wait.py:121: in until
    raise TimeoutException(message, screen, stacktrace)
E   selenium.common.exceptions.TimeoutException: Message: 
E   Stacktrace:
E   0   chromedriver                        0x000000010143da84 cxxbridge1$str$ptr + 3195292
E   1   chromedriver                        0x0000000101435b4c cxxbridge1$str$ptr + 3162724
E   2   chromedriver                        0x0000000100edf2a4 _RNvCs9NA52FrZ4pF_7___rustc35___rust_no_alloc_shim_is_unstable_v2 + 73836
E   3   chromedriver                        0x0000000100f27a44 _RNvCs9NA52FrZ4pF_7___rustc35___rust_no_alloc_shim_is_unstable_v2 + 370700
E   4   chromedriver                        0x0000000100f67030 _RNvCs9NA52FrZ4pF_7___rustc35___rust_no_alloc_shim_is_unstable_v2 + 630264
E   5   chromedriver                        0x0000000100f1d434 _RNvCs9NA52FrZ4pF_7___rustc35___rust_no_alloc_shim_is_unstable_v2 + 328188
E   6   chromedriver                        0x00000001013fac40 cxxbridge1$str$ptr + 2921304
E   7   chromedriver                        0x00000001013fe3b8 cxxbridge1$str$ptr + 2935504
E   8   chromedriver                        0x00000001013e10f8 cxxbridge1$str$ptr + 2816016
E   9   chromedriver                        0x00000001013fec4c cxxbridge1$str$ptr + 2937700
E   10  chromedriver                        0x00000001013d23b0 cxxbridge1$str$ptr + 2755272
E   11  chromedriver                        0x00000001014241f4 cxxbridge1$str$ptr + 3090700
E   12  chromedriver                        0x0000000101424354 cxxbridge1$str$ptr + 3091052
E   13  chromedriver                        0x00000001014357a4 cxxbridge1$str$ptr + 3161788
E   14  libsystem_pthread.dylib             0x0000000199325c08 _pthread_start + 136
E   15  libsystem_pthread.dylib             0x0000000199320ba8 thread_start + 8
---------------------------- Captured stderr setup -----------------------------
Python(33317) MallocStackLogging: can't turn off malloc stack logging because it was not enabled.
2026-07-28 05:30:45,631 WARNING nxtwash: Employee save did not navigate away. Page text: Employees
Add new employee
Cancel
Save employee
User settings
First Name
Last Name
Locations
VK Test carwash 2
+ 2
VK AL92
VK AL33
VK AL32
VK AL31
VK ZT c6d556
VK AL30
VK AL29
VK ZT 9e7bdf
VK AL28
VK AL27
VK ZT 4e248f
VK AL26
VK ZT 8f811b
VK AL25
VK AL24
VK ZT 46d34b
VK AL23
VK ZT c4a124
VK ZT d4ccd8
VK ZT 71c6f6
VK ZT 9eaa54
VK ZT ae9b9c
test 12
VK AL22
VK AL21
VK AL20
VK ZT c26508
VK AL19
VK AL18
VK ZT c54675
VK AL17
VK AL16
VK ZT 2b4279
VK AL15
VK AL14
VK ZT 146465
VK AL13
VK AL12
VK AL11
VK AL10
VK AL09
VK AL08
VK AL01
vkauto1
VK AL07
VK AL06
VK AL05
VK AL04
VK AL03
VK AL02
test123 udpated
VK Test carwash 2
VK Test Wash 01
Hire date
Employee code
Hourly wage, $
Active employee
Contact info
Email
Phone number
Address
ZIP code
State
Alaska
City
Wales
2026-07-28 05:30:45,635 WARNING nxtwash: Employee create did not navigate away — assuming duplicate; searching list with extended timeout
------------------------------ Captured log setup ------------------------------
WARNING  nxtwash:employees_page.py:521 Employee save did not navigate away. Page text: Employees
Add new employee
Cancel
Save employee
User settings
First Name
Last Name
Locations
VK Test carwash 2
+ 2
VK AL92
VK AL33
VK AL32
VK AL31
VK ZT c6d556
VK AL30
VK AL29
VK ZT 9e7bdf
VK AL28
VK AL27
VK ZT 4e248f
VK AL26
VK ZT 8f811b
VK AL25
VK AL24
VK ZT 46d34b
VK AL23
VK ZT c4a124
VK ZT d4ccd8
VK ZT 71c6f6
VK ZT 9eaa54
VK ZT ae9b9c
test 12
VK AL22
VK AL21
VK AL20
VK ZT c26508
VK AL19
VK AL18
VK ZT c54675
VK AL17
VK AL16
VK ZT 2b4279
VK AL15
VK AL14
VK ZT 146465
VK AL13
VK AL12
VK AL11
VK AL10
VK AL09
VK AL08
VK AL01
vkauto1
VK AL07
VK AL06
VK AL05
VK AL04
VK AL03
VK AL02
test123 udpated
VK Test carwash 2
VK Test Wash 01
Hire date
Employee code
Hourly wage, $
Active employee
Contact info
Email
Phone number
Address
ZIP code
State
Alaska
City
Wales
WARNING  nxtwash:conftest.py:175 Employee create did not navigate away — assuming duplicate; searching list with extended timeout
____________ ERROR at setup of test_clear_search_restores_full_list ____________
[gw1] darwin -- Python 3.11.2 /Users/vk/Documents/NxtWash Automation/nxtwash-automation/venv/bin/python3.11
tests/admin_portal/employees/conftest.py:199: in managed_employee
    page = create_employee_if_missing(browser)
           ^^^^^^^^^^^^^^^^^^^^^^^^^^^^^^^^^^^
tests/admin_portal/employees/conftest.py:181: in create_employee_if_missing
    page.wait_for_employee_row(last_name, timeout=180)
pages/admin_portal/employees_page.py:127: in wait_for_employee_row
    return WebDriverWait(self.driver, timeout).until(
venv/lib/python3.11/site-packages/selenium/webdriver/support/wait.py:121: in until
    raise TimeoutException(message, screen, stacktrace)
E   selenium.common.exceptions.TimeoutException: Message: 
E   Stacktrace:
E   0   chromedriver                        0x000000010325da84 cxxbridge1$str$ptr + 3195292
E   1   chromedriver                        0x0000000103255b4c cxxbridge1$str$ptr + 3162724
E   2   chromedriver                        0x0000000102cff2a4 _RNvCs9NA52FrZ4pF_7___rustc35___rust_no_alloc_shim_is_unstable_v2 + 73836
E   3   chromedriver                        0x0000000102d47a44 _RNvCs9NA52FrZ4pF_7___rustc35___rust_no_alloc_shim_is_unstable_v2 + 370700
E   4   chromedriver                        0x0000000102d87030 _RNvCs9NA52FrZ4pF_7___rustc35___rust_no_alloc_shim_is_unstable_v2 + 630264
E   5   chromedriver                        0x0000000102d3d434 _RNvCs9NA52FrZ4pF_7___rustc35___rust_no_alloc_shim_is_unstable_v2 + 328188
E   6   chromedriver                        0x000000010321ac40 cxxbridge1$str$ptr + 2921304
E   7   chromedriver                        0x000000010321e3b8 cxxbridge1$str$ptr + 2935504
E   8   chromedriver                        0x00000001032010f8 cxxbridge1$str$ptr + 2816016
E   9   chromedriver                        0x000000010321ec4c cxxbridge1$str$ptr + 2937700
E   10  chromedriver                        0x00000001031f23b0 cxxbridge1$str$ptr + 2755272
E   11  chromedriver                        0x00000001032441f4 cxxbridge1$str$ptr + 3090700
E   12  chromedriver                        0x0000000103244354 cxxbridge1$str$ptr + 3091052
E   13  chromedriver                        0x00000001032557a4 cxxbridge1$str$ptr + 3161788
E   14  libsystem_pthread.dylib             0x0000000199325c08 _pthread_start + 136
E   15  libsystem_pthread.dylib             0x0000000199320ba8 thread_start + 8
---------------------------- Captured stderr setup -----------------------------
Python(33543) MallocStackLogging: can't turn off malloc stack logging because it was not enabled.
2026-07-28 05:35:55,164 WARNING nxtwash: Employee save did not navigate away. Page text: Employees
Add new employee
Cancel
Save employee
User settings
First Name
Last Name
Locations
VK Test carwash 2
+ 2
VK AL92
VK AL33
VK AL32
VK AL31
VK ZT c6d556
VK AL30
VK AL29
VK ZT 9e7bdf
VK AL28
VK AL27
VK ZT 4e248f
VK AL26
VK ZT 8f811b
VK AL25
VK AL24
VK ZT 46d34b
VK AL23
VK ZT c4a124
VK ZT d4ccd8
VK ZT 71c6f6
VK ZT 9eaa54
VK ZT ae9b9c
test 12
VK AL22
VK AL21
VK AL20
VK ZT c26508
VK AL19
VK AL18
VK ZT c54675
VK AL17
VK AL16
VK ZT 2b4279
VK AL15
VK AL14
VK ZT 146465
VK AL13
VK AL12
VK AL11
VK AL10
VK AL09
VK AL08
VK AL01
vkauto1
VK AL07
VK AL06
VK AL05
VK AL04
VK AL03
VK AL02
test123 udpated
VK Test carwash 2
VK Test Wash 01
Hire date
Employee code
Hourly wage, $
Active employee
Contact info
Email
Phone number
Address
ZIP code
State
Alaska
City
Wales
2026-07-28 05:35:55,169 WARNING nxtwash: Employee create did not navigate away — assuming duplicate; searching list with extended timeout
------------------------------ Captured log setup ------------------------------
WARNING  nxtwash:employees_page.py:521 Employee save did not navigate away. Page text: Employees
Add new employee
Cancel
Save employee
User settings
First Name
Last Name
Locations
VK Test carwash 2
+ 2
VK AL92
VK AL33
VK AL32
VK AL31
VK ZT c6d556
VK AL30
VK AL29
VK ZT 9e7bdf
VK AL28
VK AL27
VK ZT 4e248f
VK AL26
VK ZT 8f811b
VK AL25
VK AL24
VK ZT 46d34b
VK AL23
VK ZT c4a124
VK ZT d4ccd8
VK ZT 71c6f6
VK ZT 9eaa54
VK ZT ae9b9c
test 12
VK AL22
VK AL21
VK AL20
VK ZT c26508
VK AL19
VK AL18
VK ZT c54675
VK AL17
VK AL16
VK ZT 2b4279
VK AL15
VK AL14
VK ZT 146465
VK AL13
VK AL12
VK AL11
VK AL10
VK AL09
VK AL08
VK AL01
vkauto1
VK AL07
VK AL06
VK AL05
VK AL04
VK AL03
VK AL02
test123 udpated
VK Test carwash 2
VK Test Wash 01
Hire date
Employee code
Hourly wage, $
Active employee
Contact info
Email
Phone number
Address
ZIP code
State
Alaska
City
Wales
WARNING  nxtwash:conftest.py:175 Employee create did not navigate away — assuming duplicate; searching list with extended timeout
_____________ ERROR at setup of test_edit_clear_last_name_blocked ______________
[gw0] darwin -- Python 3.11.2 /Users/vk/Documents/NxtWash Automation/nxtwash-automation/venv/bin/python3.11
tests/admin_portal/employees/conftest.py:199: in managed_employee
    page = create_employee_if_missing(browser)
           ^^^^^^^^^^^^^^^^^^^^^^^^^^^^^^^^^^^
tests/admin_portal/employees/conftest.py:181: in create_employee_if_missing
    page.wait_for_employee_row(last_name, timeout=180)
pages/admin_portal/employees_page.py:127: in wait_for_employee_row
    return WebDriverWait(self.driver, timeout).until(
venv/lib/python3.11/site-packages/selenium/webdriver/support/wait.py:121: in until
    raise TimeoutException(message, screen, stacktrace)
E   selenium.common.exceptions.TimeoutException: Message: 
E   Stacktrace:
E   0   chromedriver                        0x0000000100ad5a84 cxxbridge1$str$ptr + 3195292
E   1   chromedriver                        0x0000000100acdb4c cxxbridge1$str$ptr + 3162724
E   2   chromedriver                        0x00000001005772a4 _RNvCs9NA52FrZ4pF_7___rustc35___rust_no_alloc_shim_is_unstable_v2 + 73836
E   3   chromedriver                        0x00000001005bfa44 _RNvCs9NA52FrZ4pF_7___rustc35___rust_no_alloc_shim_is_unstable_v2 + 370700
E   4   chromedriver                        0x00000001005ff030 _RNvCs9NA52FrZ4pF_7___rustc35___rust_no_alloc_shim_is_unstable_v2 + 630264
E   5   chromedriver                        0x00000001005b5434 _RNvCs9NA52FrZ4pF_7___rustc35___rust_no_alloc_shim_is_unstable_v2 + 328188
E   6   chromedriver                        0x0000000100a92c40 cxxbridge1$str$ptr + 2921304
E   7   chromedriver                        0x0000000100a963b8 cxxbridge1$str$ptr + 2935504
E   8   chromedriver                        0x0000000100a790f8 cxxbridge1$str$ptr + 2816016
E   9   chromedriver                        0x0000000100a96c4c cxxbridge1$str$ptr + 2937700
E   10  chromedriver                        0x0000000100a6a3b0 cxxbridge1$str$ptr + 2755272
E   11  chromedriver                        0x0000000100abc1f4 cxxbridge1$str$ptr + 3090700
E   12  chromedriver                        0x0000000100abc354 cxxbridge1$str$ptr + 3091052
E   13  chromedriver                        0x0000000100acd7a4 cxxbridge1$str$ptr + 3161788
E   14  libsystem_pthread.dylib             0x0000000199325c08 _pthread_start + 136
E   15  libsystem_pthread.dylib             0x0000000199320ba8 thread_start + 8
---------------------------- Captured stderr setup -----------------------------
Python(33653) MallocStackLogging: can't turn off malloc stack logging because it was not enabled.
2026-07-28 05:36:57,136 WARNING nxtwash: Employee save did not navigate away. Page text: Employees
Add new employee
Cancel
Save employee
User settings
First Name
Last Name
Locations
VK Test carwash 2
+ 2
VK AL92
VK AL33
VK AL32
VK AL31
VK ZT c6d556
VK AL30
VK AL29
VK ZT 9e7bdf
VK AL28
VK AL27
VK ZT 4e248f
VK AL26
VK ZT 8f811b
VK AL25
VK AL24
VK ZT 46d34b
VK AL23
VK ZT c4a124
VK ZT d4ccd8
VK ZT 71c6f6
VK ZT 9eaa54
VK ZT ae9b9c
test 12
VK AL22
VK AL21
VK AL20
VK ZT c26508
VK AL19
VK AL18
VK ZT c54675
VK AL17
VK AL16
VK ZT 2b4279
VK AL15
VK AL14
VK ZT 146465
VK AL13
VK AL12
VK AL11
VK AL10
VK AL09
VK AL08
VK AL01
vkauto1
VK AL07
VK AL06
VK AL05
VK AL04
VK AL03
VK AL02
test123 udpated
VK Test carwash 2
VK Test Wash 01
Hire date
Employee code
Hourly wage, $
Active employee
Contact info
Email
Phone number
Address
ZIP code
State
Alaska
City
Wales
2026-07-28 05:36:57,140 WARNING nxtwash: Employee create did not navigate away — assuming duplicate; searching list with extended timeout
------------------------------ Captured log setup ------------------------------
WARNING  nxtwash:employees_page.py:521 Employee save did not navigate away. Page text: Employees
Add new employee
Cancel
Save employee
User settings
First Name
Last Name
Locations
VK Test carwash 2
+ 2
VK AL92
VK AL33
VK AL32
VK AL31
VK ZT c6d556
VK AL30
VK AL29
VK ZT 9e7bdf
VK AL28
VK AL27
VK ZT 4e248f
VK AL26
VK ZT 8f811b
VK AL25
VK AL24
VK ZT 46d34b
VK AL23
VK ZT c4a124
VK ZT d4ccd8
VK ZT 71c6f6
VK ZT 9eaa54
VK ZT ae9b9c
test 12
VK AL22
VK AL21
VK AL20
VK ZT c26508
VK AL19
VK AL18
VK ZT c54675
VK AL17
VK AL16
VK ZT 2b4279
VK AL15
VK AL14
VK ZT 146465
VK AL13
VK AL12
VK AL11
VK AL10
VK AL09
VK AL08
VK AL01
vkauto1
VK AL07
VK AL06
VK AL05
VK AL04
VK AL03
VK AL02
test123 udpated
VK Test carwash 2
VK Test Wash 01
Hire date
Employee code
Hourly wage, $
Active employee
Contact info
Email
Phone number
Address
ZIP code
State
Alaska
City
Wales
WARNING  nxtwash:conftest.py:175 Employee create did not navigate away — assuming duplicate; searching list with extended timeout
____________ ERROR at setup of test_shift_search_by_exact_last_name ____________
[gw0] darwin -- Python 3.11.2 /Users/vk/Documents/NxtWash Automation/nxtwash-automation/venv/bin/python3.11
tests/admin_portal/employees/conftest.py:199: in managed_employee
    page = create_employee_if_missing(browser)
           ^^^^^^^^^^^^^^^^^^^^^^^^^^^^^^^^^^^
tests/admin_portal/employees/conftest.py:181: in create_employee_if_missing
    page.wait_for_employee_row(last_name, timeout=180)
pages/admin_portal/employees_page.py:127: in wait_for_employee_row
    return WebDriverWait(self.driver, timeout).until(
venv/lib/python3.11/site-packages/selenium/webdriver/support/wait.py:121: in until
    raise TimeoutException(message, screen, stacktrace)
E   selenium.common.exceptions.TimeoutException: Message: 
E   Stacktrace:
E   0   chromedriver                        0x0000000101209a84 cxxbridge1$str$ptr + 3195292
E   1   chromedriver                        0x0000000101201b4c cxxbridge1$str$ptr + 3162724
E   2   chromedriver                        0x0000000100cab2a4 _RNvCs9NA52FrZ4pF_7___rustc35___rust_no_alloc_shim_is_unstable_v2 + 73836
E   3   chromedriver                        0x0000000100cf3a44 _RNvCs9NA52FrZ4pF_7___rustc35___rust_no_alloc_shim_is_unstable_v2 + 370700
E   4   chromedriver                        0x0000000100d33030 _RNvCs9NA52FrZ4pF_7___rustc35___rust_no_alloc_shim_is_unstable_v2 + 630264
E   5   chromedriver                        0x0000000100ce9434 _RNvCs9NA52FrZ4pF_7___rustc35___rust_no_alloc_shim_is_unstable_v2 + 328188
E   6   chromedriver                        0x00000001011c6c40 cxxbridge1$str$ptr + 2921304
E   7   chromedriver                        0x00000001011ca3b8 cxxbridge1$str$ptr + 2935504
E   8   chromedriver                        0x00000001011ad0f8 cxxbridge1$str$ptr + 2816016
E   9   chromedriver                        0x00000001011cac4c cxxbridge1$str$ptr + 2937700
E   10  chromedriver                        0x000000010119e3b0 cxxbridge1$str$ptr + 2755272
E   11  chromedriver                        0x00000001011f01f4 cxxbridge1$str$ptr + 3090700
E   12  chromedriver                        0x00000001011f0354 cxxbridge1$str$ptr + 3091052
E   13  chromedriver                        0x00000001012017a4 cxxbridge1$str$ptr + 3161788
E   14  libsystem_pthread.dylib             0x0000000199325c08 _pthread_start + 136
E   15  libsystem_pthread.dylib             0x0000000199320ba8 thread_start + 8
---------------------------- Captured stderr setup -----------------------------
Python(37019) MallocStackLogging: can't turn off malloc stack logging because it was not enabled.
2026-07-28 06:30:25,178 WARNING nxtwash: Employee save did not navigate away. Page text: Employees
Add new employee
Cancel
Save employee
User settings
First Name
Last Name
Locations
VK Test carwash 2
+ 2
VK AL92
VK AL33
VK AL32
VK AL31
VK ZT c6d556
VK AL30
VK AL29
VK ZT 9e7bdf
VK AL28
VK AL27
VK ZT 4e248f
VK AL26
VK ZT 8f811b
VK AL25
VK AL24
VK ZT 46d34b
VK AL23
VK ZT c4a124
VK ZT d4ccd8
VK ZT 71c6f6
VK ZT 9eaa54
VK ZT ae9b9c
test 12
VK AL22
VK AL21
VK AL20
VK ZT c26508
VK AL19
VK AL18
VK ZT c54675
VK AL17
VK AL16
VK ZT 2b4279
VK AL15
VK AL14
VK ZT 146465
VK AL13
VK AL12
VK AL11
VK AL10
VK AL09
VK AL08
VK AL01
vkauto1
VK AL07
VK AL06
VK AL05
VK AL04
VK AL03
VK AL02
test123 udpated
VK Test carwash 2
VK Test Wash 01
Hire date
Employee code
Hourly wage, $
Active employee
Contact info
Email
Phone number
Address
ZIP code
State
Alaska
City
Wales
2026-07-28 06:30:25,182 WARNING nxtwash: Employee create did not navigate away — assuming duplicate; searching list with extended timeout
------------------------------ Captured log setup ------------------------------
WARNING  nxtwash:employees_page.py:521 Employee save did not navigate away. Page text: Employees
Add new employee
Cancel
Save employee
User settings
First Name
Last Name
Locations
VK Test carwash 2
+ 2
VK AL92
VK AL33
VK AL32
VK AL31
VK ZT c6d556
VK AL30
VK AL29
VK ZT 9e7bdf
VK AL28
VK AL27
VK ZT 4e248f
VK AL26
VK ZT 8f811b
VK AL25
VK AL24
VK ZT 46d34b
VK AL23
VK ZT c4a124
VK ZT d4ccd8
VK ZT 71c6f6
VK ZT 9eaa54
VK ZT ae9b9c
test 12
VK AL22
VK AL21
VK AL20
VK ZT c26508
VK AL19
VK AL18
VK ZT c54675
VK AL17
VK AL16
VK ZT 2b4279
VK AL15
VK AL14
VK ZT 146465
VK AL13
VK AL12
VK AL11
VK AL10
VK AL09
VK AL08
VK AL01
vkauto1
VK AL07
VK AL06
VK AL05
VK AL04
VK AL03
VK AL02
test123 udpated
VK Test carwash 2
VK Test Wash 01
Hire date
Employee code
Hourly wage, $
Active employee
Contact info
Email
Phone number
Address
ZIP code
State
Alaska
City
Wales
WARNING  nxtwash:conftest.py:175 Employee create did not navigate away — assuming duplicate; searching list with extended timeout
___________ ERROR at setup of test_shift_search_by_partial_last_name ___________
[gw0] darwin -- Python 3.11.2 /Users/vk/Documents/NxtWash Automation/nxtwash-automation/venv/bin/python3.11
tests/admin_portal/employees/conftest.py:199: in managed_employee
    page = create_employee_if_missing(browser)
           ^^^^^^^^^^^^^^^^^^^^^^^^^^^^^^^^^^^
tests/admin_portal/employees/conftest.py:181: in create_employee_if_missing
    page.wait_for_employee_row(last_name, timeout=180)
pages/admin_portal/employees_page.py:127: in wait_for_employee_row
    return WebDriverWait(self.driver, timeout).until(
venv/lib/python3.11/site-packages/selenium/webdriver/support/wait.py:121: in until
    raise TimeoutException(message, screen, stacktrace)
E   selenium.common.exceptions.TimeoutException: Message: 
E   Stacktrace:
E   0   chromedriver                        0x0000000100875a84 cxxbridge1$str$ptr + 3195292
E   1   chromedriver                        0x000000010086db4c cxxbridge1$str$ptr + 3162724
E   2   chromedriver                        0x00000001003172a4 _RNvCs9NA52FrZ4pF_7___rustc35___rust_no_alloc_shim_is_unstable_v2 + 73836
E   3   chromedriver                        0x000000010035fa44 _RNvCs9NA52FrZ4pF_7___rustc35___rust_no_alloc_shim_is_unstable_v2 + 370700
E   4   chromedriver                        0x000000010039f030 _RNvCs9NA52FrZ4pF_7___rustc35___rust_no_alloc_shim_is_unstable_v2 + 630264
E   5   chromedriver                        0x0000000100355434 _RNvCs9NA52FrZ4pF_7___rustc35___rust_no_alloc_shim_is_unstable_v2 + 328188
E   6   chromedriver                        0x0000000100832c40 cxxbridge1$str$ptr + 2921304
E   7   chromedriver                        0x00000001008363b8 cxxbridge1$str$ptr + 2935504
E   8   chromedriver                        0x00000001008190f8 cxxbridge1$str$ptr + 2816016
E   9   chromedriver                        0x0000000100836c4c cxxbridge1$str$ptr + 2937700
E   10  chromedriver                        0x000000010080a3b0 cxxbridge1$str$ptr + 2755272
E   11  chromedriver                        0x000000010085c1f4 cxxbridge1$str$ptr + 3090700
E   12  chromedriver                        0x000000010085c354 cxxbridge1$str$ptr + 3091052
E   13  chromedriver                        0x000000010086d7a4 cxxbridge1$str$ptr + 3161788
E   14  libsystem_pthread.dylib             0x0000000199325c08 _pthread_start + 136
E   15  libsystem_pthread.dylib             0x0000000199320ba8 thread_start + 8
---------------------------- Captured stderr setup -----------------------------
Python(37201) MallocStackLogging: can't turn off malloc stack logging because it was not enabled.
2026-07-28 06:36:31,029 WARNING nxtwash: Employee save did not navigate away. Page text: Employees
Add new employee
Cancel
Save employee
User settings
First Name
Last Name
Locations
VK Test carwash 2
+ 2
VK AL92
VK AL33
VK AL32
VK AL31
VK ZT c6d556
VK AL30
VK AL29
VK ZT 9e7bdf
VK AL28
VK AL27
VK ZT 4e248f
VK AL26
VK ZT 8f811b
VK AL25
VK AL24
VK ZT 46d34b
VK AL23
VK ZT c4a124
VK ZT d4ccd8
VK ZT 71c6f6
VK ZT 9eaa54
VK ZT ae9b9c
test 12
VK AL22
VK AL21
VK AL20
VK ZT c26508
VK AL19
VK AL18
VK ZT c54675
VK AL17
VK AL16
VK ZT 2b4279
VK AL15
VK AL14
VK ZT 146465
VK AL13
VK AL12
VK AL11
VK AL10
VK AL09
VK AL08
VK AL01
vkauto1
VK AL07
VK AL06
VK AL05
VK AL04
VK AL03
VK AL02
test123 udpated
VK Test carwash 2
VK Test Wash 01
Hire date
Employee code
Hourly wage, $
Active employee
Contact info
Email
Phone number
Address
ZIP code
State
Alaska
City
Wales
2026-07-28 06:36:31,035 WARNING nxtwash: Employee create did not navigate away — assuming duplicate; searching list with extended timeout
------------------------------ Captured log setup ------------------------------
WARNING  nxtwash:employees_page.py:521 Employee save did not navigate away. Page text: Employees
Add new employee
Cancel
Save employee
User settings
First Name
Last Name
Locations
VK Test carwash 2
+ 2
VK AL92
VK AL33
VK AL32
VK AL31
VK ZT c6d556
VK AL30
VK AL29
VK ZT 9e7bdf
VK AL28
VK AL27
VK ZT 4e248f
VK AL26
VK ZT 8f811b
VK AL25
VK AL24
VK ZT 46d34b
VK AL23
VK ZT c4a124
VK ZT d4ccd8
VK ZT 71c6f6
VK ZT 9eaa54
VK ZT ae9b9c
test 12
VK AL22
VK AL21
VK AL20
VK ZT c26508
VK AL19
VK AL18
VK ZT c54675
VK AL17
VK AL16
VK ZT 2b4279
VK AL15
VK AL14
VK ZT 146465
VK AL13
VK AL12
VK AL11
VK AL10
VK AL09
VK AL08
VK AL01
vkauto1
VK AL07
VK AL06
VK AL05
VK AL04
VK AL03
VK AL02
test123 udpated
VK Test carwash 2
VK Test Wash 01
Hire date
Employee code
Hourly wage, $
Active employee
Contact info
Email
Phone number
Address
ZIP code
State
Alaska
City
Wales
WARNING  nxtwash:conftest.py:175 Employee create did not navigate away — assuming duplicate; searching list with extended timeout
=================================== FAILURES ===================================
__________________________ test_create_inactive_user ___________________________
[gw1] darwin -- Python 3.11.2 /Users/vk/Documents/NxtWash Automation/nxtwash-automation/venv/bin/python3.11
tests/admin_portal/users/test_users_create.py:69: in test_create_inactive_user
    form = open_create_user_form(browser)
           ^^^^^^^^^^^^^^^^^^^^^^^^^^^^^^
tests/admin_portal/users/conftest.py:48: in open_create_user_form
    page = open_users_page(browser)
           ^^^^^^^^^^^^^^^^^^^^^^^^
tests/admin_portal/users/conftest.py:41: in open_users_page
    open_admin_path(browser, "/users/users")
tests/admin_portal/admin_session.py:100: in open_admin_path
    ensure_admin_logged_in(browser)
tests/admin_portal/admin_session.py:53: in ensure_admin_logged_in
    if host not in browser.current_url:
                   ^^^^^^^^^^^^^^^^^^^
venv/lib/python3.11/site-packages/selenium/webdriver/remote/webdriver.py:602: in current_url
    return self.execute(Command.GET_CURRENT_URL)["value"]
           ^^^^^^^^^^^^^^^^^^^^^^^^^^^^^^^^^^^^^
venv/lib/python3.11/site-packages/selenium/webdriver/remote/webdriver.py:468: in execute
    self.error_handler.check_response(response)
venv/lib/python3.11/site-packages/selenium/webdriver/remote/errorhandler.py:232: in check_response
    raise exception_class(message, screen, stacktrace)
E   selenium.common.exceptions.TimeoutException: Message: timeout: Timed out receiving message from renderer: 60.000
E     (Session info: chrome=150.0.7871.182)
E   Stacktrace:
E   0   chromedriver                        0x00000001025e5a84 cxxbridge1$str$ptr + 3195292
E   1   chromedriver                        0x00000001025ddb4c cxxbridge1$str$ptr + 3162724
E   2   chromedriver                        0x00000001020872a4 _RNvCs9NA52FrZ4pF_7___rustc35___rust_no_alloc_shim_is_unstable_v2 + 73836
E   3   chromedriver                        0x0000000102071d20 cxxbridge1$string$len + 3628
E   4   chromedriver                        0x0000000102071a80 cxxbridge1$string$len + 2956
E   5   chromedriver                        0x000000010206f818 chromedriver + 227352
E   6   chromedriver                        0x000000010207040c chromedriver + 230412
E   7   chromedriver                        0x000000010207d7a4 _RNvCs9NA52FrZ4pF_7___rustc35___rust_no_alloc_shim_is_unstable_v2 + 34156
E   8   chromedriver                        0x0000000102093e1c _RNvCs9NA52FrZ4pF_7___rustc35___rust_no_alloc_shim_is_unstable_v2 + 125924
E   9   chromedriver                        0x0000000102070a78 chromedriver + 232056
E   10  chromedriver                        0x0000000102093c18 _RNvCs9NA52FrZ4pF_7___rustc35___rust_no_alloc_shim_is_unstable_v2 + 125408
E   11  chromedriver                        0x000000010210ef70 _RNvCs9NA52FrZ4pF_7___rustc35___rust_no_alloc_shim_is_unstable_v2 + 630072
E   12  chromedriver                        0x00000001020c5434 _RNvCs9NA52FrZ4pF_7___rustc35___rust_no_alloc_shim_is_unstable_v2 + 328188
E   13  chromedriver                        0x00000001025a2c40 cxxbridge1$str$ptr + 2921304
E   14  chromedriver                        0x00000001025a63b8 cxxbridge1$str$ptr + 2935504
E   15  chromedriver                        0x00000001025890f8 cxxbridge1$str$ptr + 2816016
E   16  chromedriver                        0x00000001025a6c4c cxxbridge1$str$ptr + 2937700
E   17  chromedriver                        0x000000010257a3b0 cxxbridge1$str$ptr + 2755272
E   18  chromedriver                        0x00000001025cc1f4 cxxbridge1$str$ptr + 3090700
E   19  chromedriver                        0x00000001025cc354 cxxbridge1$str$ptr + 3091052
E   20  chromedriver                        0x00000001025dd7a4 cxxbridge1$str$ptr + 3161788
E   21  libsystem_pthread.dylib             0x0000000199325c08 _pthread_start + 136
E   22  libsystem_pthread.dylib             0x0000000199320ba8 thread_start + 8
__________________ test_email_whitespace_trimmed_or_rejected ___________________
[gw0] darwin -- Python 3.11.2 /Users/vk/Documents/NxtWash Automation/nxtwash-automation/venv/bin/python3.11
tests/admin_portal/users/test_users_edge_cases.py:72: in test_email_whitespace_trimmed_or_rejected
    form = open_create_user_form(browser)
           ^^^^^^^^^^^^^^^^^^^^^^^^^^^^^^
tests/admin_portal/users/conftest.py:48: in open_create_user_form
    page = open_users_page(browser)
           ^^^^^^^^^^^^^^^^^^^^^^^^
tests/admin_portal/users/conftest.py:41: in open_users_page
    open_admin_path(browser, "/users/users")
tests/admin_portal/admin_session.py:100: in open_admin_path
    ensure_admin_logged_in(browser)
tests/admin_portal/admin_session.py:53: in ensure_admin_logged_in
    if host not in browser.current_url:
                   ^^^^^^^^^^^^^^^^^^^
venv/lib/python3.11/site-packages/selenium/webdriver/remote/webdriver.py:602: in current_url
    return self.execute(Command.GET_CURRENT_URL)["value"]
           ^^^^^^^^^^^^^^^^^^^^^^^^^^^^^^^^^^^^^
venv/lib/python3.11/site-packages/selenium/webdriver/remote/webdriver.py:468: in execute
    self.error_handler.check_response(response)
venv/lib/python3.11/site-packages/selenium/webdriver/remote/errorhandler.py:232: in check_response
    raise exception_class(message, screen, stacktrace)
E   selenium.common.exceptions.TimeoutException: Message: timeout: Timed out receiving message from renderer: 60.000
E     (Session info: chrome=150.0.7871.182)
E   Stacktrace:
E   0   chromedriver                        0x0000000100e09a84 cxxbridge1$str$ptr + 3195292
E   1   chromedriver                        0x0000000100e01b4c cxxbridge1$str$ptr + 3162724
E   2   chromedriver                        0x00000001008ab2a4 _RNvCs9NA52FrZ4pF_7___rustc35___rust_no_alloc_shim_is_unstable_v2 + 73836
E   3   chromedriver                        0x0000000100895d20 cxxbridge1$string$len + 3628
E   4   chromedriver                        0x0000000100895a80 cxxbridge1$string$len + 2956
E   5   chromedriver                        0x0000000100893818 chromedriver + 227352
E   6   chromedriver                        0x000000010089440c chromedriver + 230412
E   7   chromedriver                        0x00000001008a17a4 _RNvCs9NA52FrZ4pF_7___rustc35___rust_no_alloc_shim_is_unstable_v2 + 34156
E   8   chromedriver                        0x00000001008b7e1c _RNvCs9NA52FrZ4pF_7___rustc35___rust_no_alloc_shim_is_unstable_v2 + 125924
E   9   chromedriver                        0x0000000100894a78 chromedriver + 232056
E   10  chromedriver                        0x00000001008b7c18 _RNvCs9NA52FrZ4pF_7___rustc35___rust_no_alloc_shim_is_unstable_v2 + 125408
E   11  chromedriver                        0x0000000100932f70 _RNvCs9NA52FrZ4pF_7___rustc35___rust_no_alloc_shim_is_unstable_v2 + 630072
E   12  chromedriver                        0x00000001008e9434 _RNvCs9NA52FrZ4pF_7___rustc35___rust_no_alloc_shim_is_unstable_v2 + 328188
E   13  chromedriver                        0x0000000100dc6c40 cxxbridge1$str$ptr + 2921304
E   14  chromedriver                        0x0000000100dca3b8 cxxbridge1$str$ptr + 2935504
E   15  chromedriver                        0x0000000100dad0f8 cxxbridge1$str$ptr + 2816016
E   16  chromedriver                        0x0000000100dcac4c cxxbridge1$str$ptr + 2937700
E   17  chromedriver                        0x0000000100d9e3b0 cxxbridge1$str$ptr + 2755272
E   18  chromedriver                        0x0000000100df01f4 cxxbridge1$str$ptr + 3090700
E   19  chromedriver                        0x0000000100df0354 cxxbridge1$str$ptr + 3091052
E   20  chromedriver                        0x0000000100e017a4 cxxbridge1$str$ptr + 3161788
E   21  libsystem_pthread.dylib             0x0000000199325c08 _pthread_start + 136
E   22  libsystem_pthread.dylib             0x0000000199320ba8 thread_start + 8
---------------------------- Captured stderr setup -----------------------------
Python(1774) MallocStackLogging: can't turn off malloc stack logging because it was not enabled.
______________________ test_create_user_password_required ______________________
[gw1] darwin -- Python 3.11.2 /Users/vk/Documents/NxtWash Automation/nxtwash-automation/venv/bin/python3.11
tests/admin_portal/users/test_users_create.py:106: in test_create_user_password_required
    form.select_employee(EMPLOYEE_NAME)
pages/admin_portal/users_page.py:394: in select_employee
    self.select_react_dropdown_option(self.EMPLOYEE_COMBOBOX, employee_name)
pages/common/base_page.py:108: in select_react_dropdown_option
    option = WebDriverWait(self.driver, 20).until(
venv/lib/python3.11/site-packages/selenium/webdriver/support/wait.py:121: in until
    raise TimeoutException(message, screen, stacktrace)
E   selenium.common.exceptions.TimeoutException: Message:
---------------------------- Captured stderr setup -----------------------------
Python(2411) MallocStackLogging: can't turn off malloc stack logging because it was not enabled.
__________________ test_create_user_confirm_password_required __________________
[gw1] darwin -- Python 3.11.2 /Users/vk/Documents/NxtWash Automation/nxtwash-automation/venv/bin/python3.11
tests/admin_portal/users/test_users_create.py:120: in test_create_user_confirm_password_required
    form = open_create_user_form(browser)
           ^^^^^^^^^^^^^^^^^^^^^^^^^^^^^^
tests/admin_portal/users/conftest.py:48: in open_create_user_form
    page = open_users_page(browser)
           ^^^^^^^^^^^^^^^^^^^^^^^^
tests/admin_portal/users/conftest.py:41: in open_users_page
    open_admin_path(browser, "/users/users")
tests/admin_portal/admin_session.py:100: in open_admin_path
    ensure_admin_logged_in(browser)
tests/admin_portal/admin_session.py:53: in ensure_admin_logged_in
    if host not in browser.current_url:
                   ^^^^^^^^^^^^^^^^^^^
venv/lib/python3.11/site-packages/selenium/webdriver/remote/webdriver.py:602: in current_url
    return self.execute(Command.GET_CURRENT_URL)["value"]
           ^^^^^^^^^^^^^^^^^^^^^^^^^^^^^^^^^^^^^
venv/lib/python3.11/site-packages/selenium/webdriver/remote/webdriver.py:468: in execute
    self.error_handler.check_response(response)
venv/lib/python3.11/site-packages/selenium/webdriver/remote/errorhandler.py:232: in check_response
    raise exception_class(message, screen, stacktrace)
E   selenium.common.exceptions.TimeoutException: Message: timeout: Timed out receiving message from renderer: 60.000
E     (Session info: chrome=150.0.7871.182)
E   Stacktrace:
E   0   chromedriver                        0x0000000105365a84 cxxbridge1$str$ptr + 3195292
E   1   chromedriver                        0x000000010535db4c cxxbridge1$str$ptr + 3162724
E   2   chromedriver                        0x0000000104e072a4 _RNvCs9NA52FrZ4pF_7___rustc35___rust_no_alloc_shim_is_unstable_v2 + 73836
E   3   chromedriver                        0x0000000104df1d20 cxxbridge1$string$len + 3628
E   4   chromedriver                        0x0000000104df1a80 cxxbridge1$string$len + 2956
E   5   chromedriver                        0x0000000104def818 chromedriver + 227352
E   6   chromedriver                        0x0000000104df040c chromedriver + 230412
E   7   chromedriver                        0x0000000104dfd7a4 _RNvCs9NA52FrZ4pF_7___rustc35___rust_no_alloc_shim_is_unstable_v2 + 34156
E   8   chromedriver                        0x0000000104e13e1c _RNvCs9NA52FrZ4pF_7___rustc35___rust_no_alloc_shim_is_unstable_v2 + 125924
E   9   chromedriver                        0x0000000104df0a78 chromedriver + 232056
E   10  chromedriver                        0x0000000104e13c18 _RNvCs9NA52FrZ4pF_7___rustc35___rust_no_alloc_shim_is_unstable_v2 + 125408
E   11  chromedriver                        0x0000000104e8ef70 _RNvCs9NA52FrZ4pF_7___rustc35___rust_no_alloc_shim_is_unstable_v2 + 630072
E   12  chromedriver                        0x0000000104e45434 _RNvCs9NA52FrZ4pF_7___rustc35___rust_no_alloc_shim_is_unstable_v2 + 328188
E   13  chromedriver                        0x0000000105322c40 cxxbridge1$str$ptr + 2921304
E   14  chromedriver                        0x00000001053263b8 cxxbridge1$str$ptr + 2935504
E   15  chromedriver                        0x00000001053090f8 cxxbridge1$str$ptr + 2816016
E   16  chromedriver                        0x0000000105326c4c cxxbridge1$str$ptr + 2937700
E   17  chromedriver                        0x00000001052fa3b0 cxxbridge1$str$ptr + 2755272
E   18  chromedriver                        0x000000010534c1f4 cxxbridge1$str$ptr + 3090700
E   19  chromedriver                        0x000000010534c354 cxxbridge1$str$ptr + 3091052
E   20  chromedriver                        0x000000010535d7a4 cxxbridge1$str$ptr + 3161788
E   21  libsystem_pthread.dylib             0x0000000199325c08 _pthread_start + 136
E   22  libsystem_pthread.dylib             0x0000000199320ba8 thread_start + 8
---------------------------- Captured stderr setup -----------------------------
Python(3087) MallocStackLogging: can't turn off malloc stack logging because it was not enabled.
_______________________ test_create_user_email_required ________________________
[gw1] darwin -- Python 3.11.2 /Users/vk/Documents/NxtWash Automation/nxtwash-automation/venv/bin/python3.11
tests/admin_portal/users/test_users_create.py:141: in test_create_user_email_required
    form.select_employee(EMPLOYEE_NAME)
pages/admin_portal/users_page.py:394: in select_employee
    self.select_react_dropdown_option(self.EMPLOYEE_COMBOBOX, employee_name)
pages/common/base_page.py:108: in select_react_dropdown_option
    option = WebDriverWait(self.driver, 20).until(
venv/lib/python3.11/site-packages/selenium/webdriver/support/wait.py:121: in until
    raise TimeoutException(message, screen, stacktrace)
E   selenium.common.exceptions.TimeoutException: Message:
---------------------------- Captured stderr setup -----------------------------
Python(3730) MallocStackLogging: can't turn off malloc stack logging because it was not enabled.
_______________________ test_create_user_phone_required ________________________
[gw1] darwin -- Python 3.11.2 /Users/vk/Documents/NxtWash Automation/nxtwash-automation/venv/bin/python3.11
tests/admin_portal/users/test_users_create.py:157: in test_create_user_phone_required
    form.select_employee(EMPLOYEE_NAME)
pages/admin_portal/users_page.py:394: in select_employee
    self.select_react_dropdown_option(self.EMPLOYEE_COMBOBOX, employee_name)
pages/common/base_page.py:108: in select_react_dropdown_option
    option = WebDriverWait(self.driver, 20).until(
venv/lib/python3.11/site-packages/selenium/webdriver/support/wait.py:121: in until
    raise TimeoutException(message, screen, stacktrace)
E   selenium.common.exceptions.TimeoutException: Message:
---------------------------- Captured stderr setup -----------------------------
Python(4421) MallocStackLogging: can't turn off malloc stack logging because it was not enabled.
________________________ test_create_user_role_required ________________________
[gw1] darwin -- Python 3.11.2 /Users/vk/Documents/NxtWash Automation/nxtwash-automation/venv/bin/python3.11
tests/admin_portal/users/test_users_create.py:173: in test_create_user_role_required
    form.select_employee(EMPLOYEE_NAME)
pages/admin_portal/users_page.py:394: in select_employee
    self.select_react_dropdown_option(self.EMPLOYEE_COMBOBOX, employee_name)
pages/common/base_page.py:108: in select_react_dropdown_option
    option = WebDriverWait(self.driver, 20).until(
venv/lib/python3.11/site-packages/selenium/webdriver/support/wait.py:121: in until
    raise TimeoutException(message, screen, stacktrace)
E   selenium.common.exceptions.TimeoutException: Message:
---------------------------- Captured stderr setup -----------------------------
Python(4863) MallocStackLogging: can't turn off malloc stack logging because it was not enabled.
______________________ test_create_user_password_mismatch ______________________
[gw1] darwin -- Python 3.11.2 /Users/vk/Documents/NxtWash Automation/nxtwash-automation/venv/bin/python3.11
tests/admin_portal/users/test_users_create.py:193: in test_create_user_password_mismatch
    form = open_create_user_form(browser)
           ^^^^^^^^^^^^^^^^^^^^^^^^^^^^^^
tests/admin_portal/users/conftest.py:48: in open_create_user_form
    page = open_users_page(browser)
           ^^^^^^^^^^^^^^^^^^^^^^^^
tests/admin_portal/users/conftest.py:41: in open_users_page
    open_admin_path(browser, "/users/users")
tests/admin_portal/admin_session.py:100: in open_admin_path
    ensure_admin_logged_in(browser)
tests/admin_portal/admin_session.py:53: in ensure_admin_logged_in
    if host not in browser.current_url:
                   ^^^^^^^^^^^^^^^^^^^
venv/lib/python3.11/site-packages/selenium/webdriver/remote/webdriver.py:602: in current_url
    return self.execute(Command.GET_CURRENT_URL)["value"]
           ^^^^^^^^^^^^^^^^^^^^^^^^^^^^^^^^^^^^^
venv/lib/python3.11/site-packages/selenium/webdriver/remote/webdriver.py:468: in execute
    self.error_handler.check_response(response)
venv/lib/python3.11/site-packages/selenium/webdriver/remote/errorhandler.py:232: in check_response
    raise exception_class(message, screen, stacktrace)
E   selenium.common.exceptions.TimeoutException: Message: timeout: Timed out receiving message from renderer: 60.000
E     (Session info: chrome=150.0.7871.182)
E   Stacktrace:
E   0   chromedriver                        0x000000010347da84 cxxbridge1$str$ptr + 3195292
E   1   chromedriver                        0x0000000103475b4c cxxbridge1$str$ptr + 3162724
E   2   chromedriver                        0x0000000102f1f2a4 _RNvCs9NA52FrZ4pF_7___rustc35___rust_no_alloc_shim_is_unstable_v2 + 73836
E   3   chromedriver                        0x0000000102f09d20 cxxbridge1$string$len + 3628
E   4   chromedriver                        0x0000000102f09a80 cxxbridge1$string$len + 2956
E   5   chromedriver                        0x0000000102f07818 chromedriver + 227352
E   6   chromedriver                        0x0000000102f0840c chromedriver + 230412
E   7   chromedriver                        0x0000000102f157a4 _RNvCs9NA52FrZ4pF_7___rustc35___rust_no_alloc_shim_is_unstable_v2 + 34156
E   8   chromedriver                        0x0000000102f2be1c _RNvCs9NA52FrZ4pF_7___rustc35___rust_no_alloc_shim_is_unstable_v2 + 125924
E   9   chromedriver                        0x0000000102f08a78 chromedriver + 232056
E   10  chromedriver                        0x0000000102f2bc18 _RNvCs9NA52FrZ4pF_7___rustc35___rust_no_alloc_shim_is_unstable_v2 + 125408
E   11  chromedriver                        0x0000000102fa6f70 _RNvCs9NA52FrZ4pF_7___rustc35___rust_no_alloc_shim_is_unstable_v2 + 630072
E   12  chromedriver                        0x0000000102f5d434 _RNvCs9NA52FrZ4pF_7___rustc35___rust_no_alloc_shim_is_unstable_v2 + 328188
E   13  chromedriver                        0x000000010343ac40 cxxbridge1$str$ptr + 2921304
E   14  chromedriver                        0x000000010343e3b8 cxxbridge1$str$ptr + 2935504
E   15  chromedriver                        0x00000001034210f8 cxxbridge1$str$ptr + 2816016
E   16  chromedriver                        0x000000010343ec4c cxxbridge1$str$ptr + 2937700
E   17  chromedriver                        0x00000001034123b0 cxxbridge1$str$ptr + 2755272
E   18  chromedriver                        0x00000001034641f4 cxxbridge1$str$ptr + 3090700
E   19  chromedriver                        0x0000000103464354 cxxbridge1$str$ptr + 3091052
E   20  chromedriver                        0x00000001034757a4 cxxbridge1$str$ptr + 3161788
E   21  libsystem_pthread.dylib             0x0000000199325c08 _pthread_start + 136
E   22  libsystem_pthread.dylib             0x0000000199320ba8 thread_start + 8
---------------------------- Captured stderr setup -----------------------------
Python(5321) MallocStackLogging: can't turn off malloc stack logging because it was not enabled.
___________________ test_create_user_invalid_email_rejected ____________________
[gw1] darwin -- Python 3.11.2 /Users/vk/Documents/NxtWash Automation/nxtwash-automation/venv/bin/python3.11
tests/admin_portal/users/test_users_create.py:294: in test_create_user_invalid_email_rejected
    form = open_create_user_form(browser)
           ^^^^^^^^^^^^^^^^^^^^^^^^^^^^^^
tests/admin_portal/users/conftest.py:48: in open_create_user_form
    page = open_users_page(browser)
           ^^^^^^^^^^^^^^^^^^^^^^^^
tests/admin_portal/users/conftest.py:41: in open_users_page
    open_admin_path(browser, "/users/users")
tests/admin_portal/admin_session.py:100: in open_admin_path
    ensure_admin_logged_in(browser)
tests/admin_portal/admin_session.py:53: in ensure_admin_logged_in
    if host not in browser.current_url:
                   ^^^^^^^^^^^^^^^^^^^
venv/lib/python3.11/site-packages/selenium/webdriver/remote/webdriver.py:602: in current_url
    return self.execute(Command.GET_CURRENT_URL)["value"]
           ^^^^^^^^^^^^^^^^^^^^^^^^^^^^^^^^^^^^^
venv/lib/python3.11/site-packages/selenium/webdriver/remote/webdriver.py:468: in execute
    self.error_handler.check_response(response)
venv/lib/python3.11/site-packages/selenium/webdriver/remote/errorhandler.py:232: in check_response
    raise exception_class(message, screen, stacktrace)
E   selenium.common.exceptions.TimeoutException: Message: timeout: Timed out receiving message from renderer: 60.000
E     (Session info: chrome=150.0.7871.182)
E   Stacktrace:
E   0   chromedriver                        0x0000000102ba9a84 cxxbridge1$str$ptr + 3195292
E   1   chromedriver                        0x0000000102ba1b4c cxxbridge1$str$ptr + 3162724
E   2   chromedriver                        0x000000010264b2a4 _RNvCs9NA52FrZ4pF_7___rustc35___rust_no_alloc_shim_is_unstable_v2 + 73836
E   3   chromedriver                        0x0000000102635d20 cxxbridge1$string$len + 3628
E   4   chromedriver                        0x0000000102635a80 cxxbridge1$string$len + 2956
E   5   chromedriver                        0x0000000102633818 chromedriver + 227352
E   6   chromedriver                        0x000000010263440c chromedriver + 230412
E   7   chromedriver                        0x00000001026417a4 _RNvCs9NA52FrZ4pF_7___rustc35___rust_no_alloc_shim_is_unstable_v2 + 34156
E   8   chromedriver                        0x0000000102657e1c _RNvCs9NA52FrZ4pF_7___rustc35___rust_no_alloc_shim_is_unstable_v2 + 125924
E   9   chromedriver                        0x0000000102634a78 chromedriver + 232056
E   10  chromedriver                        0x0000000102657c18 _RNvCs9NA52FrZ4pF_7___rustc35___rust_no_alloc_shim_is_unstable_v2 + 125408
E   11  chromedriver                        0x00000001026d2f70 _RNvCs9NA52FrZ4pF_7___rustc35___rust_no_alloc_shim_is_unstable_v2 + 630072
E   12  chromedriver                        0x0000000102689434 _RNvCs9NA52FrZ4pF_7___rustc35___rust_no_alloc_shim_is_unstable_v2 + 328188
E   13  chromedriver                        0x0000000102b66c40 cxxbridge1$str$ptr + 2921304
E   14  chromedriver                        0x0000000102b6a3b8 cxxbridge1$str$ptr + 2935504
E   15  chromedriver                        0x0000000102b4d0f8 cxxbridge1$str$ptr + 2816016
E   16  chromedriver                        0x0000000102b6ac4c cxxbridge1$str$ptr + 2937700
E   17  chromedriver                        0x0000000102b3e3b0 cxxbridge1$str$ptr + 2755272
E   18  chromedriver                        0x0000000102b901f4 cxxbridge1$str$ptr + 3090700
E   19  chromedriver                        0x0000000102b90354 cxxbridge1$str$ptr + 3091052
E   20  chromedriver                        0x0000000102ba17a4 cxxbridge1$str$ptr + 3161788
E   21  libsystem_pthread.dylib             0x0000000199325c08 _pthread_start + 136
E   22  libsystem_pthread.dylib             0x0000000199320ba8 thread_start + 8
---------------------------- Captured stderr setup -----------------------------
Python(8274) MallocStackLogging: can't turn off malloc stack logging because it was not enabled.
____________________ test_create_user_cancel_discards_form _____________________
[gw1] darwin -- Python 3.11.2 /Users/vk/Documents/NxtWash Automation/nxtwash-automation/venv/bin/python3.11
tests/admin_portal/users/test_users_create.py:329: in test_create_user_cancel_discards_form
    form = open_create_user_form(browser)
           ^^^^^^^^^^^^^^^^^^^^^^^^^^^^^^
tests/admin_portal/users/conftest.py:48: in open_create_user_form
    page = open_users_page(browser)
           ^^^^^^^^^^^^^^^^^^^^^^^^
tests/admin_portal/users/conftest.py:41: in open_users_page
    open_admin_path(browser, "/users/users")
tests/admin_portal/admin_session.py:100: in open_admin_path
    ensure_admin_logged_in(browser)
tests/admin_portal/admin_session.py:53: in ensure_admin_logged_in
    if host not in browser.current_url:
                   ^^^^^^^^^^^^^^^^^^^
venv/lib/python3.11/site-packages/selenium/webdriver/remote/webdriver.py:602: in current_url
    return self.execute(Command.GET_CURRENT_URL)["value"]
           ^^^^^^^^^^^^^^^^^^^^^^^^^^^^^^^^^^^^^
venv/lib/python3.11/site-packages/selenium/webdriver/remote/webdriver.py:468: in execute
    self.error_handler.check_response(response)
venv/lib/python3.11/site-packages/selenium/webdriver/remote/errorhandler.py:232: in check_response
    raise exception_class(message, screen, stacktrace)
E   selenium.common.exceptions.TimeoutException: Message: timeout: Timed out receiving message from renderer: 60.000
E     (Session info: chrome=150.0.7871.182)
E   Stacktrace:
E   0   chromedriver                        0x00000001025e5a84 cxxbridge1$str$ptr + 3195292
E   1   chromedriver                        0x00000001025ddb4c cxxbridge1$str$ptr + 3162724
E   2   chromedriver                        0x00000001020872a4 _RNvCs9NA52FrZ4pF_7___rustc35___rust_no_alloc_shim_is_unstable_v2 + 73836
E   3   chromedriver                        0x0000000102071d20 cxxbridge1$string$len + 3628
E   4   chromedriver                        0x0000000102071a80 cxxbridge1$string$len + 2956
E   5   chromedriver                        0x000000010206f818 chromedriver + 227352
E   6   chromedriver                        0x000000010207040c chromedriver + 230412
E   7   chromedriver                        0x000000010207d7a4 _RNvCs9NA52FrZ4pF_7___rustc35___rust_no_alloc_shim_is_unstable_v2 + 34156
E   8   chromedriver                        0x0000000102093e1c _RNvCs9NA52FrZ4pF_7___rustc35___rust_no_alloc_shim_is_unstable_v2 + 125924
E   9   chromedriver                        0x0000000102070a78 chromedriver + 232056
E   10  chromedriver                        0x0000000102093c18 _RNvCs9NA52FrZ4pF_7___rustc35___rust_no_alloc_shim_is_unstable_v2 + 125408
E   11  chromedriver                        0x000000010210ef70 _RNvCs9NA52FrZ4pF_7___rustc35___rust_no_alloc_shim_is_unstable_v2 + 630072
E   12  chromedriver                        0x00000001020c5434 _RNvCs9NA52FrZ4pF_7___rustc35___rust_no_alloc_shim_is_unstable_v2 + 328188
E   13  chromedriver                        0x00000001025a2c40 cxxbridge1$str$ptr + 2921304
E   14  chromedriver                        0x00000001025a63b8 cxxbridge1$str$ptr + 2935504
E   15  chromedriver                        0x00000001025890f8 cxxbridge1$str$ptr + 2816016
E   16  chromedriver                        0x00000001025a6c4c cxxbridge1$str$ptr + 2937700
E   17  chromedriver                        0x000000010257a3b0 cxxbridge1$str$ptr + 2755272
E   18  chromedriver                        0x00000001025cc1f4 cxxbridge1$str$ptr + 3090700
E   19  chromedriver                        0x00000001025cc354 cxxbridge1$str$ptr + 3091052
E   20  chromedriver                        0x00000001025dd7a4 cxxbridge1$str$ptr + 3161788
E   21  libsystem_pthread.dylib             0x0000000199325c08 _pthread_start + 136
E   22  libsystem_pthread.dylib             0x0000000199320ba8 thread_start + 8
---------------------------- Captured stderr setup -----------------------------
Python(9763) MallocStackLogging: can't turn off malloc stack logging because it was not enabled.
________________________ test_users_filter_panel_opens _________________________
[gw1] darwin -- Python 3.11.2 /Users/vk/Documents/NxtWash Automation/nxtwash-automation/venv/bin/python3.11
tests/admin_portal/users/test_users_filter.py:34: in test_users_filter_panel_opens
    page = open_users_page(browser)
           ^^^^^^^^^^^^^^^^^^^^^^^^
tests/admin_portal/users/conftest.py:41: in open_users_page
    open_admin_path(browser, "/users/users")
tests/admin_portal/admin_session.py:100: in open_admin_path
    ensure_admin_logged_in(browser)
tests/admin_portal/admin_session.py:53: in ensure_admin_logged_in
    if host not in browser.current_url:
                   ^^^^^^^^^^^^^^^^^^^
venv/lib/python3.11/site-packages/selenium/webdriver/remote/webdriver.py:602: in current_url
    return self.execute(Command.GET_CURRENT_URL)["value"]
           ^^^^^^^^^^^^^^^^^^^^^^^^^^^^^^^^^^^^^
venv/lib/python3.11/site-packages/selenium/webdriver/remote/webdriver.py:468: in execute
    self.error_handler.check_response(response)
venv/lib/python3.11/site-packages/selenium/webdriver/remote/errorhandler.py:232: in check_response
    raise exception_class(message, screen, stacktrace)
E   selenium.common.exceptions.TimeoutException: Message: timeout: Timed out receiving message from renderer: 60.000
E     (Session info: chrome=150.0.7871.182)
E   Stacktrace:
E   0   chromedriver                        0x0000000103125a84 cxxbridge1$str$ptr + 3195292
E   1   chromedriver                        0x000000010311db4c cxxbridge1$str$ptr + 3162724
E   2   chromedriver                        0x0000000102bc72a4 _RNvCs9NA52FrZ4pF_7___rustc35___rust_no_alloc_shim_is_unstable_v2 + 73836
E   3   chromedriver                        0x0000000102bb1d20 cxxbridge1$string$len + 3628
E   4   chromedriver                        0x0000000102bb1a80 cxxbridge1$string$len + 2956
E   5   chromedriver                        0x0000000102baf818 chromedriver + 227352
E   6   chromedriver                        0x0000000102bb040c chromedriver + 230412
E   7   chromedriver                        0x0000000102bbd7a4 _RNvCs9NA52FrZ4pF_7___rustc35___rust_no_alloc_shim_is_unstable_v2 + 34156
E   8   chromedriver                        0x0000000102bd3e1c _RNvCs9NA52FrZ4pF_7___rustc35___rust_no_alloc_shim_is_unstable_v2 + 125924
E   9   chromedriver                        0x0000000102bb0a78 chromedriver + 232056
E   10  chromedriver                        0x0000000102bd3c18 _RNvCs9NA52FrZ4pF_7___rustc35___rust_no_alloc_shim_is_unstable_v2 + 125408
E   11  chromedriver                        0x0000000102c4ef70 _RNvCs9NA52FrZ4pF_7___rustc35___rust_no_alloc_shim_is_unstable_v2 + 630072
E   12  chromedriver                        0x0000000102c05434 _RNvCs9NA52FrZ4pF_7___rustc35___rust_no_alloc_shim_is_unstable_v2 + 328188
E   13  chromedriver                        0x00000001030e2c40 cxxbridge1$str$ptr + 2921304
E   14  chromedriver                        0x00000001030e63b8 cxxbridge1$str$ptr + 2935504
E   15  chromedriver                        0x00000001030c90f8 cxxbridge1$str$ptr + 2816016
E   16  chromedriver                        0x00000001030e6c4c cxxbridge1$str$ptr + 2937700
E   17  chromedriver                        0x00000001030ba3b0 cxxbridge1$str$ptr + 2755272
E   18  chromedriver                        0x000000010310c1f4 cxxbridge1$str$ptr + 3090700
E   19  chromedriver                        0x000000010310c354 cxxbridge1$str$ptr + 3091052
E   20  chromedriver                        0x000000010311d7a4 cxxbridge1$str$ptr + 3161788
E   21  libsystem_pthread.dylib             0x0000000199325c08 _pthread_start + 136
E   22  libsystem_pthread.dylib             0x0000000199320ba8 thread_start + 8
---------------------------- Captured stderr setup -----------------------------
Python(11739) MallocStackLogging: can't turn off malloc stack logging because it was not enabled.
__________________________ test_users_filter_by_site ___________________________
[gw1] darwin -- Python 3.11.2 /Users/vk/Documents/NxtWash Automation/nxtwash-automation/venv/bin/python3.11
tests/admin_portal/users/test_users_filter.py:94: in test_users_filter_by_site
    create_user_if_missing(browser)
tests/admin_portal/users/conftest.py:79: in create_user_if_missing
    page = open_users_page(browser)
           ^^^^^^^^^^^^^^^^^^^^^^^^
tests/admin_portal/users/conftest.py:41: in open_users_page
    open_admin_path(browser, "/users/users")
tests/admin_portal/admin_session.py:100: in open_admin_path
    ensure_admin_logged_in(browser)
tests/admin_portal/admin_session.py:53: in ensure_admin_logged_in
    if host not in browser.current_url:
                   ^^^^^^^^^^^^^^^^^^^
venv/lib/python3.11/site-packages/selenium/webdriver/remote/webdriver.py:602: in current_url
    return self.execute(Command.GET_CURRENT_URL)["value"]
           ^^^^^^^^^^^^^^^^^^^^^^^^^^^^^^^^^^^^^
/Users/vk/Documents/NxtWash Automation/nxtwash-automation/venv/lib/python3.11/site-packages/_pytest/threadexception.py:58: PytestUnhandledThreadExceptionWarning: Exception in thread Thread-3 (run_connection)

Traceback (most recent call last):
  File "/Library/Frameworks/Python.framework/Versions/3.11/lib/python3.11/threading.py", line 1038, in _bootstrap_inner
    self.run()
  File "/Library/Frameworks/Python.framework/Versions/3.11/lib/python3.11/threading.py", line 975, in run
    self._target(*self._args, **self._kwargs)
  File "/Users/vk/Documents/NxtWash Automation/nxtwash-automation/venv/lib/python3.11/site-packages/pytest_rerunfailures.py", line 445, in run_connection
    op, i, k, v = self._sock_recv(conn).split("|")
                  ^^^^^^^^^^^^^^^^^^^^^
  File "/Users/vk/Documents/NxtWash Automation/nxtwash-automation/venv/lib/python3.11/site-packages/pytest_rerunfailures.py", line 410, in _sock_recv
    b = conn.recv(1)
        ^^^^^^^^^^^^
TimeoutError: timed out

Enable tracemalloc to get traceback where the object was allocated.
See https://docs.pytest.org/en/stable/how-to/capture-warnings.html#resource-warnings for more info.
  warnings.warn(pytest.PytestUnhandledThreadExceptionWarning(msg))
/Users/vk/Documents/NxtWash Automation/nxtwash-automation/venv/lib/python3.11/site-packages/_pytest/threadexception.py:58: PytestUnhandledThreadExceptionWarning: Exception in thread Thread-2 (run_connection)

Traceback (most recent call last):
  File "/Library/Frameworks/Python.framework/Versions/3.11/lib/python3.11/threading.py", line 1038, in _bootstrap_inner
    self.run()
  File "/Library/Frameworks/Python.framework/Versions/3.11/lib/python3.11/threading.py", line 975, in run
    self._target(*self._args, **self._kwargs)
  File "/Users/vk/Documents/NxtWash Automation/nxtwash-automation/venv/lib/python3.11/site-packages/pytest_rerunfailures.py", line 445, in run_connection
    op, i, k, v = self._sock_recv(conn).split("|")
                  ^^^^^^^^^^^^^^^^^^^^^
  File "/Users/vk/Documents/NxtWash Automation/nxtwash-automation/venv/lib/python3.11/site-packages/pytest_rerunfailures.py", line 410, in _sock_recv
    b = conn.recv(1)
        ^^^^^^^^^^^^
TimeoutError: timed out

Enable tracemalloc to get traceback where the object was allocated.
See https://docs.pytest.org/en/stable/how-to/capture-warnings.html#resource-warnings for more info.
  warnings.warn(pytest.PytestUnhandledThreadExceptionWarning(msg))
venv/lib/python3.11/site-packages/selenium/webdriver/remote/webdriver.py:468: in execute
    self.error_handler.check_response(response)
venv/lib/python3.11/site-packages/selenium/webdriver/remote/errorhandler.py:232: in check_response
    raise exception_class(message, screen, stacktrace)
E   selenium.common.exceptions.TimeoutException: Message: timeout: Timed out receiving message from renderer: 60.000
E     (Session info: chrome=150.0.7871.182)
E   Stacktrace:
E   0   chromedriver                        0x0000000100ca1a84 cxxbridge1$str$ptr + 3195292
E   1   chromedriver                        0x0000000100c99b4c cxxbridge1$str$ptr + 3162724
E   2   chromedriver                        0x00000001007432a4 _RNvCs9NA52FrZ4pF_7___rustc35___rust_no_alloc_shim_is_unstable_v2 + 73836
E   3   chromedriver                        0x000000010072dd20 cxxbridge1$string$len + 3628
E   4   chromedriver                        0x000000010072da80 cxxbridge1$string$len + 2956
E   5   chromedriver                        0x000000010072b818 chromedriver + 227352
E   6   chromedriver                        0x000000010072c40c chromedriver + 230412
E   7   chromedriver                        0x00000001007397a4 _RNvCs9NA52FrZ4pF_7___rustc35___rust_no_alloc_shim_is_unstable_v2 + 34156
E   8   chromedriver                        0x000000010074fe1c _RNvCs9NA52FrZ4pF_7___rustc35___rust_no_alloc_shim_is_unstable_v2 + 125924
E   9   chromedriver                        0x000000010072ca78 chromedriver + 232056
E   10  chromedriver                        0x000000010074fc18 _RNvCs9NA52FrZ4pF_7___rustc35___rust_no_alloc_shim_is_unstable_v2 + 125408
E   11  chromedriver                        0x00000001007caf70 _RNvCs9NA52FrZ4pF_7___rustc35___rust_no_alloc_shim_is_unstable_v2 + 630072
E   12  chromedriver                        0x0000000100781434 _RNvCs9NA52FrZ4pF_7___rustc35___rust_no_alloc_shim_is_unstable_v2 + 328188
E   13  chromedriver                        0x0000000100c5ec40 cxxbridge1$str$ptr + 2921304
E   14  chromedriver                        0x0000000100c623b8 cxxbridge1$str$ptr + 2935504
E   15  chromedriver                        0x0000000100c450f8 cxxbridge1$str$ptr + 2816016
E   16  chromedriver                        0x0000000100c62c4c cxxbridge1$str$ptr + 2937700
E   17  chromedriver                        0x0000000100c363b0 cxxbridge1$str$ptr + 2755272
E   18  chromedriver                        0x0000000100c881f4 cxxbridge1$str$ptr + 3090700
E   19  chromedriver                        0x0000000100c88354 cxxbridge1$str$ptr + 3091052
E   20  chromedriver                        0x0000000100c997a4 cxxbridge1$str$ptr + 3161788
E   21  libsystem_pthread.dylib             0x0000000199325c08 _pthread_start + 136
E   22  libsystem_pthread.dylib             0x0000000199320ba8 thread_start + 8
---------------------------- Captured stderr setup -----------------------------
Python(15503) MallocStackLogging: can't turn off malloc stack logging because it was not enabled.
______________________ test_create_employee_code_optional ______________________
[gw0] darwin -- Python 3.11.2 /Users/vk/Documents/NxtWash Automation/nxtwash-automation/venv/bin/python3.11
tests/admin_portal/employees/test_employees_create.py:348: in test_create_employee_code_optional
    form = open_create_employee_form(browser)
           ^^^^^^^^^^^^^^^^^^^^^^^^^^^^^^^^^^
tests/admin_portal/employees/conftest.py:64: in open_create_employee_form
    form.wait_for_create_loaded()
pages/admin_portal/employees_page.py:313: in wait_for_create_loaded
    self.wait.until(EC.visibility_of_element_located(self.FIRST_NAME_INPUT))
venv/lib/python3.11/site-packages/selenium/webdriver/support/wait.py:121: in until
    raise TimeoutException(message, screen, stacktrace)
E   selenium.common.exceptions.TimeoutException: Message: 
E   Stacktrace:
E   0   chromedriver                        0x00000001010dda84 cxxbridge1$str$ptr + 3195292
E   1   chromedriver                        0x00000001010d5b4c cxxbridge1$str$ptr + 3162724
E   2   chromedriver                        0x0000000100b7f2a4 _RNvCs9NA52FrZ4pF_7___rustc35___rust_no_alloc_shim_is_unstable_v2 + 73836
E   3   chromedriver                        0x0000000100bc7a44 _RNvCs9NA52FrZ4pF_7___rustc35___rust_no_alloc_shim_is_unstable_v2 + 370700
E   4   chromedriver                        0x0000000100c07030 _RNvCs9NA52FrZ4pF_7___rustc35___rust_no_alloc_shim_is_unstable_v2 + 630264
E   5   chromedriver                        0x0000000100bbd434 _RNvCs9NA52FrZ4pF_7___rustc35___rust_no_alloc_shim_is_unstable_v2 + 328188
E   6   chromedriver                        0x000000010109ac40 cxxbridge1$str$ptr + 2921304
E   7   chromedriver                        0x000000010109e3b8 cxxbridge1$str$ptr + 2935504
E   8   chromedriver                        0x00000001010810f8 cxxbridge1$str$ptr + 2816016
E   9   chromedriver                        0x000000010109ec4c cxxbridge1$str$ptr + 2937700
E   10  chromedriver                        0x00000001010723b0 cxxbridge1$str$ptr + 2755272
E   11  chromedriver                        0x00000001010c41f4 cxxbridge1$str$ptr + 3090700
E   12  chromedriver                        0x00000001010c4354 cxxbridge1$str$ptr + 3091052
E   13  chromedriver                        0x00000001010d57a4 cxxbridge1$str$ptr + 3161788
E   14  libsystem_pthread.dylib             0x0000000199325c08 _pthread_start + 136
E   15  libsystem_pthread.dylib             0x0000000199320ba8 thread_start + 8
---------------------------- Captured stderr setup -----------------------------
Python(18459) MallocStackLogging: can't turn off malloc stack logging because it was not enabled.
_______________________ test_users_list_pagination_count _______________________
[gw1] darwin -- Python 3.11.2 /Users/vk/Documents/NxtWash Automation/nxtwash-automation/venv/bin/python3.11
tests/admin_portal/users/test_users_list.py:42: in test_users_list_pagination_count
    create_user_if_missing(browser)
tests/admin_portal/users/conftest.py:79: in create_user_if_missing
    page = open_users_page(browser)
           ^^^^^^^^^^^^^^^^^^^^^^^^
tests/admin_portal/users/conftest.py:43: in open_users_page
    page.wait_for_loaded()
pages/admin_portal/users_page.py:78: in wait_for_loaded
    self.wait.until(EC.visibility_of_element_located(self.PAGE_TITLE))
venv/lib/python3.11/site-packages/selenium/webdriver/support/wait.py:121: in until
    raise TimeoutException(message, screen, stacktrace)
E   selenium.common.exceptions.TimeoutException: Message: 
E   Stacktrace:
E   0   chromedriver                        0x0000000101379a84 cxxbridge1$str$ptr + 3195292
E   1   chromedriver                        0x0000000101371b4c cxxbridge1$str$ptr + 3162724
E   2   chromedriver                        0x0000000100e1b2a4 _RNvCs9NA52FrZ4pF_7___rustc35___rust_no_alloc_shim_is_unstable_v2 + 73836
E   3   chromedriver                        0x0000000100e63a44 _RNvCs9NA52FrZ4pF_7___rustc35___rust_no_alloc_shim_is_unstable_v2 + 370700
E   4   chromedriver                        0x0000000100ea3030 _RNvCs9NA52FrZ4pF_7___rustc35___rust_no_alloc_shim_is_unstable_v2 + 630264
E   5   chromedriver                        0x0000000100e59434 _RNvCs9NA52FrZ4pF_7___rustc35___rust_no_alloc_shim_is_unstable_v2 + 328188
E   6   chromedriver                        0x0000000101336c40 cxxbridge1$str$ptr + 2921304
E   7   chromedriver                        0x000000010133a3b8 cxxbridge1$str$ptr + 2935504
E   8   chromedriver                        0x000000010131d0f8 cxxbridge1$str$ptr + 2816016
E   9   chromedriver                        0x000000010133ac4c cxxbridge1$str$ptr + 2937700
E   10  chromedriver                        0x000000010130e3b0 cxxbridge1$str$ptr + 2755272
E   11  chromedriver                        0x00000001013601f4 cxxbridge1$str$ptr + 3090700
E   12  chromedriver                        0x0000000101360354 cxxbridge1$str$ptr + 3091052
E   13  chromedriver                        0x00000001013717a4 cxxbridge1$str$ptr + 3161788
E   14  libsystem_pthread.dylib             0x0000000199325c08 _pthread_start + 136
E   15  libsystem_pthread.dylib             0x0000000199320ba8 thread_start + 8
---------------------------- Captured stderr setup -----------------------------
Python(20662) MallocStackLogging: can't turn off malloc stack logging because it was not enabled.
_______________________ test_users_search_partial_phone ________________________
[gw1] darwin -- Python 3.11.2 /Users/vk/Documents/NxtWash Automation/nxtwash-automation/venv/bin/python3.11
tests/admin_portal/users/test_users_search.py:35: in test_users_search_partial_phone
    create_user_if_missing(browser)
tests/admin_portal/users/conftest.py:79: in create_user_if_missing
    page = open_users_page(browser)
           ^^^^^^^^^^^^^^^^^^^^^^^^
tests/admin_portal/users/conftest.py:41: in open_users_page
    open_admin_path(browser, "/users/users")
tests/admin_portal/admin_session.py:100: in open_admin_path
    ensure_admin_logged_in(browser)
tests/admin_portal/admin_session.py:53: in ensure_admin_logged_in
    if host not in browser.current_url:
                   ^^^^^^^^^^^^^^^^^^^
venv/lib/python3.11/site-packages/selenium/webdriver/remote/webdriver.py:602: in current_url
    return self.execute(Command.GET_CURRENT_URL)["value"]
           ^^^^^^^^^^^^^^^^^^^^^^^^^^^^^^^^^^^^^
venv/lib/python3.11/site-packages/selenium/webdriver/remote/webdriver.py:468: in execute
    self.error_handler.check_response(response)
venv/lib/python3.11/site-packages/selenium/webdriver/remote/errorhandler.py:232: in check_response
    raise exception_class(message, screen, stacktrace)
E   selenium.common.exceptions.TimeoutException: Message: timeout: Timed out receiving message from renderer: 60.000
E     (Session info: chrome=150.0.7871.182)
E   Stacktrace:
E   0   chromedriver                        0x00000001031a1a84 cxxbridge1$str$ptr + 3195292
E   1   chromedriver                        0x0000000103199b4c cxxbridge1$str$ptr + 3162724
E   2   chromedriver                        0x0000000102c432a4 _RNvCs9NA52FrZ4pF_7___rustc35___rust_no_alloc_shim_is_unstable_v2 + 73836
E   3   chromedriver                        0x0000000102c2dd20 cxxbridge1$string$len + 3628
E   4   chromedriver                        0x0000000102c2da80 cxxbridge1$string$len + 2956
E   5   chromedriver                        0x0000000102c2b818 chromedriver + 227352
E   6   chromedriver                        0x0000000102c2c40c chromedriver + 230412
E   7   chromedriver                        0x0000000102c397a4 _RNvCs9NA52FrZ4pF_7___rustc35___rust_no_alloc_shim_is_unstable_v2 + 34156
E   8   chromedriver                        0x0000000102c4fe1c _RNvCs9NA52FrZ4pF_7___rustc35___rust_no_alloc_shim_is_unstable_v2 + 125924
E   9   chromedriver                        0x0000000102c2ca78 chromedriver + 232056
E   10  chromedriver                        0x0000000102c4fc18 _RNvCs9NA52FrZ4pF_7___rustc35___rust_no_alloc_shim_is_unstable_v2 + 125408
E   11  chromedriver                        0x0000000102ccaf70 _RNvCs9NA52FrZ4pF_7___rustc35___rust_no_alloc_shim_is_unstable_v2 + 630072
E   12  chromedriver                        0x0000000102c81434 _RNvCs9NA52FrZ4pF_7___rustc35___rust_no_alloc_shim_is_unstable_v2 + 328188
E   13  chromedriver                        0x000000010315ec40 cxxbridge1$str$ptr + 2921304
E   14  chromedriver                        0x00000001031623b8 cxxbridge1$str$ptr + 2935504
E   15  chromedriver                        0x00000001031450f8 cxxbridge1$str$ptr + 2816016
E   16  chromedriver                        0x0000000103162c4c cxxbridge1$str$ptr + 2937700
E   17  chromedriver                        0x00000001031363b0 cxxbridge1$str$ptr + 2755272
E   18  chromedriver                        0x00000001031881f4 cxxbridge1$str$ptr + 3090700
E   19  chromedriver                        0x0000000103188354 cxxbridge1$str$ptr + 3091052
E   20  chromedriver                        0x00000001031997a4 cxxbridge1$str$ptr + 3161788
E   21  libsystem_pthread.dylib             0x0000000199325c08 _pthread_start + 136
E   22  libsystem_pthread.dylib             0x0000000199320ba8 thread_start + 8
---------------------------- Captured stderr setup -----------------------------
Python(24446) MallocStackLogging: can't turn off malloc stack logging because it was not enabled.
________________________ test_edit_first_name_persists _________________________
[gw0] darwin -- Python 3.11.2 /Users/vk/Documents/NxtWash Automation/nxtwash-automation/venv/bin/python3.11
tests/admin_portal/employees/test_employees_edit.py:50: in test_edit_first_name_persists
    assert form2.get_first_name_value() == UPDATED_LAST_NAME
E   AssertionError: assert 'Test A' == 'user02Edited'
E     
E     - user02Edited
E     + Test A
---------------------------- Captured stderr setup -----------------------------
Python(26175) MallocStackLogging: can't turn off malloc stack logging because it was not enabled.
=========================== short test summary info ============================
FAILED tests/admin_portal/users/test_users_create.py::test_create_inactive_user
FAILED tests/admin_portal/users/test_users_edge_cases.py::test_email_whitespace_trimmed_or_rejected
FAILED tests/admin_portal/users/test_users_create.py::test_create_user_password_required
FAILED tests/admin_portal/users/test_users_create.py::test_create_user_confirm_password_required
FAILED tests/admin_portal/users/test_users_create.py::test_create_user_email_required
FAILED tests/admin_portal/users/test_users_create.py::test_create_user_phone_required
FAILED tests/admin_portal/users/test_users_create.py::test_create_user_role_required
FAILED tests/admin_portal/users/test_users_create.py::test_create_user_password_mismatch
FAILED tests/admin_portal/users/test_users_create.py::test_create_user_invalid_email_rejected
FAILED tests/admin_portal/users/test_users_create.py::test_create_user_cancel_discards_form
FAILED tests/admin_portal/users/test_users_filter.py::test_users_filter_panel_opens
FAILED tests/admin_portal/users/test_users_filter.py::test_users_filter_by_site
FAILED tests/admin_portal/employees/test_employees_create.py::test_create_employee_code_optional
FAILED tests/admin_portal/users/test_users_list.py::test_users_list_pagination_count
FAILED tests/admin_portal/users/test_users_search.py::test_users_search_partial_phone
FAILED tests/admin_portal/employees/test_employees_edit.py::test_edit_first_name_persists
ERROR tests/admin_portal/users/test_users_edit.py::test_edit_user_role_persists
ERROR tests/admin_portal/users/test_users_password.py::test_change_password_matching_passwords_save
ERROR tests/admin_portal/employees/test_employees_edit.py::test_edit_email_persists
ERROR tests/admin_portal/employees/test_employees_edit.py::test_edit_phone_persists
ERROR tests/admin_portal/employees/test_employees_list.py::test_shift_status_inactive_when_no_active_shift
ERROR tests/admin_portal/employees/test_employees_list.py::test_status_column_shows_badge
ERROR tests/admin_portal/employees/test_employees_list.py::test_search_by_exact_last_name
ERROR tests/admin_portal/employees/test_employees_edit.py::test_deactivate_active_employee
ERROR tests/admin_portal/employees/test_employees_list.py::test_search_by_partial_last_name
ERROR tests/admin_portal/employees/test_employees_edit.py::test_edit_clear_first_name_blocked
ERROR tests/admin_portal/employees/test_employees_list.py::test_clear_search_restores_full_list
ERROR tests/admin_portal/employees/test_employees_edit.py::test_edit_clear_last_name_blocked
ERROR tests/admin_portal/employees/test_employees_shift_list.py::test_shift_search_by_exact_last_name
ERROR tests/admin_portal/employees/test_employees_shift_list.py::test_shift_search_by_partial_last_name
= 16 failed, 43 passed, 35 skipped, 50 xfailed, 6 xpassed, 14 errors in 14100.89s (3:55:00) =
EXIT:0
