2026-07-29 00:16:01,672 INFO nxtwash: Test run starting against 'staging' environment
============================= test session starts ==============================
platform darwin -- Python 3.11.2, pytest-9.0.3, pluggy-1.6.0
rootdir: /Users/vk/Documents/NxtWash Automation/nxtwash-automation
configfile: pytest.ini
plugins: html-4.1.1, allure-pytest-2.16.0, xdist-3.8.0, Faker-40.19.1, timeout-2.4.0, metadata-3.1.1, rerunfailures-15.1
timeout: 300.0s
timeout method: signal
timeout func_only: False
collected 160 items

tests/admin_portal/wash_books/test_customer_wash_books_dependency.py::test_only_active_wash_books_in_cwb_dropdown PASSED [  0%]
tests/admin_portal/wash_books/test_customer_wash_books_dependency.py::test_cwb_washes_reflect_template_wash_book 2026-07-29 00:17:17,526 ERROR nxtwash: Test FAILED: tests/admin_portal/wash_books/test_customer_wash_books_dependency.py::test_cwb_washes_reflect_template_wash_book (url: https://staging.nxtwash.com/services/customerWashBooks/new)

-------------------------------- live log call ---------------------------------
ERROR    nxtwash:conftest.py:241 Test FAILED: tests/admin_portal/wash_books/test_customer_wash_books_dependency.py::test_cwb_washes_reflect_template_wash_book (url: https://staging.nxtwash.com/services/customerWashBooks/new)
2026-07-29 00:17:18,148 ERROR nxtwash: Visible page text at failure:
Customer wash books
Add customer wash book
Cancel
Save customer wash book
Select site
Select site
Select wash book
No options
Select customer
Enter at least 2 letters to load customers
Wash book number
Number of washes
Expiration date
Active customer wash book
ERROR    nxtwash:conftest.py:256 Visible page text at failure:
Customer wash books
Add customer wash book
Cancel
Save customer wash book
Select site
Select site
Select wash book
No options
Select customer
Enter at least 2 letters to load customers
Wash book number
Number of washes
Expiration date
Active customer wash book
FAILED                                                                   [  1%]
tests/admin_portal/wash_books/test_customer_wash_books_edge_cases.py::test_cwb_customer_search_requires_two_characters PASSED [  1%]
tests/admin_portal/wash_books/test_customer_wash_books_edge_cases.py::test_cwb_past_expiration_date_behaviour SKIPPED [  2%]
tests/admin_portal/wash_books/test_customer_wash_books_edit.py::test_edit_cwb_number_of_washes_persists 2026-07-29 00:18:27,032 ERROR nxtwash: Test FAILED: tests/admin_portal/wash_books/test_customer_wash_books_edit.py::test_edit_cwb_number_of_washes_persists (url: https://staging.nxtwash.com/services/customerWashBooks/new)

-------------------------------- live log call ---------------------------------
ERROR    nxtwash:conftest.py:241 Test FAILED: tests/admin_portal/wash_books/test_customer_wash_books_edit.py::test_edit_cwb_number_of_washes_persists (url: https://staging.nxtwash.com/services/customerWashBooks/new)
2026-07-29 00:18:27,672 ERROR nxtwash: Visible page text at failure:
Customer wash books
Add customer wash book
Cancel
Save customer wash book
Select site
Select site
Select wash book
No options
Select customer
Enter at least 2 letters to load customers
Wash book number
Number of washes
Expiration date
Active customer wash book
ERROR    nxtwash:conftest.py:256 Visible page text at failure:
Customer wash books
Add customer wash book
Cancel
Save customer wash book
Select site
Select site
Select wash book
No options
Select customer
Enter at least 2 letters to load customers
Wash book number
Number of washes
Expiration date
Active customer wash book
FAILED                                                                   [  3%]
tests/admin_portal/wash_books/test_customer_wash_books_edit.py::test_edit_cwb_expiration_date_persists SKIPPED [  3%]
tests/admin_portal/wash_books/test_customer_wash_books_edit.py::test_activate_customer_wash_book 2026-07-29 00:19:23,860 ERROR nxtwash: Test FAILED: tests/admin_portal/wash_books/test_customer_wash_books_edit.py::test_activate_customer_wash_book (url: https://staging.nxtwash.com/services/customerWashBooks/new)

-------------------------------- live log call ---------------------------------
ERROR    nxtwash:conftest.py:241 Test FAILED: tests/admin_portal/wash_books/test_customer_wash_books_edit.py::test_activate_customer_wash_book (url: https://staging.nxtwash.com/services/customerWashBooks/new)
2026-07-29 00:19:24,497 ERROR nxtwash: Visible page text at failure:
Customer wash books
Add customer wash book
Cancel
Save customer wash book
Select site
Select site
Select wash book
No options
Select customer
Enter at least 2 letters to load customers
Wash book number
Number of washes
Expiration date
Active customer wash book
ERROR    nxtwash:conftest.py:256 Visible page text at failure:
Customer wash books
Add customer wash book
Cancel
Save customer wash book
Select site
Select site
Select wash book
No options
Select customer
Enter at least 2 letters to load customers
Wash book number
Number of washes
Expiration date
Active customer wash book
FAILED                                                                   [  4%]
tests/admin_portal/wash_books/test_customer_wash_books_edit.py::test_deactivate_customer_wash_book 2026-07-29 00:20:22,636 ERROR nxtwash: Test FAILED: tests/admin_portal/wash_books/test_customer_wash_books_edit.py::test_deactivate_customer_wash_book (url: https://staging.nxtwash.com/services/customerWashBooks/new)

-------------------------------- live log call ---------------------------------
ERROR    nxtwash:conftest.py:241 Test FAILED: tests/admin_portal/wash_books/test_customer_wash_books_edit.py::test_deactivate_customer_wash_book (url: https://staging.nxtwash.com/services/customerWashBooks/new)
2026-07-29 00:20:23,228 ERROR nxtwash: Visible page text at failure:
Customer wash books
Add customer wash book
Cancel
Save customer wash book
Select site
Select site
Select wash book
No options
Select customer
Enter at least 2 letters to load customers
Wash book number
Number of washes
Expiration date
Active customer wash book
ERROR    nxtwash:conftest.py:256 Visible page text at failure:
Customer wash books
Add customer wash book
Cancel
Save customer wash book
Select site
Select site
Select wash book
No options
Select customer
Enter at least 2 letters to load customers
Wash book number
Number of washes
Expiration date
Active customer wash book
FAILED                                                                   [  5%]
tests/admin_portal/wash_books/test_customer_wash_books_negative.py::test_create_cwb_blank_wash_book_selection_blocked PASSED [  5%]
tests/admin_portal/wash_books/test_customer_wash_books_negative.py::test_create_cwb_blank_wash_book_number_blocked PASSED [  6%]
tests/admin_portal/wash_books/test_customer_wash_books_negative.py::test_create_cwb_blank_number_of_washes_blocked PASSED [  6%]
tests/admin_portal/wash_books/test_customer_wash_books_negative.py::test_create_cwb_duplicate_number_rejected 2026-07-29 00:22:10,838 ERROR nxtwash: Test FAILED: tests/admin_portal/wash_books/test_customer_wash_books_negative.py::test_create_cwb_duplicate_number_rejected (url: https://staging.nxtwash.com/services/customerWashBooks/new)

-------------------------------- live log call ---------------------------------
ERROR    nxtwash:conftest.py:241 Test FAILED: tests/admin_portal/wash_books/test_customer_wash_books_negative.py::test_create_cwb_duplicate_number_rejected (url: https://staging.nxtwash.com/services/customerWashBooks/new)
2026-07-29 00:22:11,456 ERROR nxtwash: Visible page text at failure:
Customer wash books
Add customer wash book
Cancel
Save customer wash book
Select site
Select site
Select wash book
No options
Select customer
Enter at least 2 letters to load customers
Wash book number
Number of washes
Expiration date
Active customer wash book
ERROR    nxtwash:conftest.py:256 Visible page text at failure:
Customer wash books
Add customer wash book
Cancel
Save customer wash book
Select site
Select site
Select wash book
No options
Select customer
Enter at least 2 letters to load customers
Wash book number
Number of washes
Expiration date
Active customer wash book
FAILED                                                                   [  7%]
tests/admin_portal/wash_books/test_customer_wash_books_positive.py::test_create_customer_wash_book 2026-07-29 00:23:08,764 ERROR nxtwash: Test FAILED: tests/admin_portal/wash_books/test_customer_wash_books_positive.py::test_create_customer_wash_book (url: https://staging.nxtwash.com/services/customerWashBooks/new)

-------------------------------- live log call ---------------------------------
ERROR    nxtwash:conftest.py:241 Test FAILED: tests/admin_portal/wash_books/test_customer_wash_books_positive.py::test_create_customer_wash_book (url: https://staging.nxtwash.com/services/customerWashBooks/new)
2026-07-29 00:23:09,379 ERROR nxtwash: Visible page text at failure:
Customer wash books
Add customer wash book
Cancel
Save customer wash book
Select site
Select site
Select wash book
No options
Select customer
Enter at least 2 letters to load customers
Wash book number
Number of washes
Expiration date
Active customer wash book
ERROR    nxtwash:conftest.py:256 Visible page text at failure:
Customer wash books
Add customer wash book
Cancel
Save customer wash book
Select site
Select site
Select wash book
No options
Select customer
Enter at least 2 letters to load customers
Wash book number
Number of washes
Expiration date
Active customer wash book
FAILED                                                                   [  8%]
tests/admin_portal/wash_books/test_customer_wash_books_positive.py::test_create_cwb_with_site_selection SKIPPED [  8%]
tests/admin_portal/wash_books/test_customer_wash_books_positive.py::test_create_cwb_with_expiration_date SKIPPED [  9%]
tests/admin_portal/wash_books/test_customer_wash_books_positive.py::test_create_cwb_is_active_by_default SKIPPED [ 10%]
tests/admin_portal/wash_books/test_customer_wash_books_search_filter.py::test_cwb_search_by_exact_number 2026-07-29 00:24:03,911 ERROR nxtwash: Test FAILED: tests/admin_portal/wash_books/test_customer_wash_books_search_filter.py::test_cwb_search_by_exact_number (url: https://staging.nxtwash.com/services/customerWashBooks/new)

-------------------------------- live log call ---------------------------------
ERROR    nxtwash:conftest.py:241 Test FAILED: tests/admin_portal/wash_books/test_customer_wash_books_search_filter.py::test_cwb_search_by_exact_number (url: https://staging.nxtwash.com/services/customerWashBooks/new)
2026-07-29 00:24:04,552 ERROR nxtwash: Visible page text at failure:
Customer wash books
Add customer wash book
Cancel
Save customer wash book
Select site
Select site
Select wash book
No options
Select customer
Enter at least 2 letters to load customers
Wash book number
Number of washes
Expiration date
Active customer wash book
ERROR    nxtwash:conftest.py:256 Visible page text at failure:
Customer wash books
Add customer wash book
Cancel
Save customer wash book
Select site
Select site
Select wash book
No options
Select customer
Enter at least 2 letters to load customers
Wash book number
Number of washes
Expiration date
Active customer wash book
FAILED                                                                   [ 10%]
tests/admin_portal/wash_books/test_customer_wash_books_search_filter.py::test_cwb_search_by_partial_number 2026-07-29 00:25:06,285 ERROR nxtwash: Test FAILED: tests/admin_portal/wash_books/test_customer_wash_books_search_filter.py::test_cwb_search_by_partial_number (url: https://staging.nxtwash.com/services/customerWashBooks/new)

-------------------------------- live log call ---------------------------------
ERROR    nxtwash:conftest.py:241 Test FAILED: tests/admin_portal/wash_books/test_customer_wash_books_search_filter.py::test_cwb_search_by_partial_number (url: https://staging.nxtwash.com/services/customerWashBooks/new)
2026-07-29 00:25:06,896 ERROR nxtwash: Visible page text at failure:
Customer wash books
Add customer wash book
Cancel
Save customer wash book
Select site
Select site
Select wash book
No options
Select customer
Enter at least 2 letters to load customers
Wash book number
Number of washes
Expiration date
Active customer wash book
ERROR    nxtwash:conftest.py:256 Visible page text at failure:
Customer wash books
Add customer wash book
Cancel
Save customer wash book
Select site
Select site
Select wash book
No options
Select customer
Enter at least 2 letters to load customers
Wash book number
Number of washes
Expiration date
Active customer wash book
FAILED                                                                   [ 11%]
tests/admin_portal/wash_books/test_customer_wash_books_search_filter.py::test_cwb_search_non_existing_number_shows_empty_state PASSED [ 11%]
tests/admin_portal/wash_books/test_customer_wash_books_search_filter.py::test_cwb_filter_by_site_narrows_results PASSED [ 12%]
tests/admin_portal/wash_books/test_customer_wash_books_search_filter.py::test_cwb_filter_reset_all_restores_list PASSED [ 13%]
tests/admin_portal/wash_books/test_customer_wash_books_ui.py::test_customer_wash_books_tab_loads_with_controls PASSED [ 13%]
tests/admin_portal/wash_books/test_customer_wash_books_ui.py::test_customer_wash_books_grid_columns_are_visible PASSED [ 14%]
tests/admin_portal/wash_books/test_customer_wash_books_ui.py::test_customer_wash_books_export_file_validation XFAIL [ 15%]
tests/admin_portal/wash_books/test_wash_books_dependency.py::test_active_wash_book_available_for_cwb_creation SKIPPED [ 15%]
tests/admin_portal/wash_books/test_wash_books_dependency.py::test_deactivated_wash_book_not_available_for_cwb_creation SKIPPED [ 16%]
tests/admin_portal/wash_books/test_wash_books_dependency.py::test_valid_points_awarded_saves SKIPPED [ 16%]
tests/admin_portal/wash_books/test_wash_books_dependency.py::test_duplicate_barcode_rejected SKIPPED [ 17%]
tests/admin_portal/wash_books/test_wash_books_dependency.py::test_description_shows_on_customer_portal SKIPPED [ 18%]
tests/admin_portal/wash_books/test_wash_books_dependency.py::test_customer_portal_enabled_wash_book_visible SKIPPED [ 18%]
tests/admin_portal/wash_books/test_wash_books_edge_cases.py::test_wash_book_long_description_does_not_break_form 2026-07-29 00:29:27,922 ERROR nxtwash: Test FAILED: tests/admin_portal/wash_books/test_wash_books_edge_cases.py::test_wash_book_long_description_does_not_break_form (url: https://staging.nxtwash.com/services/washBooks)

-------------------------------- live log call ---------------------------------
ERROR    nxtwash:conftest.py:241 Test FAILED: tests/admin_portal/wash_books/test_wash_books_edge_cases.py::test_wash_book_long_description_does_not_break_form (url: https://staging.nxtwash.com/services/washBooks)
2026-07-29 00:29:28,586 ERROR nxtwash: Visible page text at failure:
Wash books
Filter by (1)
+ Add new wash book
Wash books
Customer wash books
ID
Wash book name
Washes number
Price
Status
No records available
Page
of
0
Results per page
100
Showing 0 - 0 of 0
ERROR    nxtwash:conftest.py:256 Visible page text at failure:
Wash books
Filter by (1)
+ Add new wash book
Wash books
Customer wash books
ID
Wash book name
Washes number
Price
Status
No records available
Page
of
0
Results per page
100
Showing 0 - 0 of 0
FAILED                                                                   [ 19%]
tests/admin_portal/wash_books/test_wash_books_edit.py::test_edit_wash_book_description 2026-07-29 00:32:14,239 ERROR nxtwash: Test FAILED: tests/admin_portal/wash_books/test_wash_books_edit.py::test_edit_wash_book_description (url: https://staging.nxtwash.com/services/washBooks)

-------------------------------- live log call ---------------------------------
ERROR    nxtwash:conftest.py:241 Test FAILED: tests/admin_portal/wash_books/test_wash_books_edit.py::test_edit_wash_book_description (url: https://staging.nxtwash.com/services/washBooks)
2026-07-29 00:32:14,845 ERROR nxtwash: Visible page text at failure:
Wash books
Filter by (1)
+ Add new wash book
Wash books
Customer wash books
ID
Wash book name
Washes number
Price
Status
No records available
Page
of
0
Results per page
100
Showing 0 - 0 of 0
ERROR    nxtwash:conftest.py:256 Visible page text at failure:
Wash books
Filter by (1)
+ Add new wash book
Wash books
Customer wash books
ID
Wash book name
Washes number
Price
Status
No records available
Page
of
0
Results per page
100
Showing 0 - 0 of 0
FAILED                                                                   [ 20%]
tests/admin_portal/wash_books/test_wash_books_edit.py::test_edit_wash_book_name_persists 2026-07-29 00:35:08,861 ERROR nxtwash: Test FAILED: tests/admin_portal/wash_books/test_wash_books_edit.py::test_edit_wash_book_name_persists (url: https://staging.nxtwash.com/services/washBooks)

-------------------------------- live log call ---------------------------------
ERROR    nxtwash:conftest.py:241 Test FAILED: tests/admin_portal/wash_books/test_wash_books_edit.py::test_edit_wash_book_name_persists (url: https://staging.nxtwash.com/services/washBooks)
2026-07-29 00:35:09,475 ERROR nxtwash: Visible page text at failure:
Wash books
Filter by (1)
+ Add new wash book
Wash books
Customer wash books
ID
Wash book name
Washes number
Price
Status
No records available
Page
of
0
Results per page
100
Showing 0 - 0 of 0
ERROR    nxtwash:conftest.py:256 Visible page text at failure:
Wash books
Filter by (1)
+ Add new wash book
Wash books
Customer wash books
ID
Wash book name
Washes number
Price
Status
No records available
Page
of
0
Results per page
100
Showing 0 - 0 of 0
FAILED                                                                   [ 20%]
tests/admin_portal/wash_books/test_wash_books_edit.py::test_edit_wash_book_global_price_persists 2026-07-29 00:37:59,763 ERROR nxtwash: Test FAILED: tests/admin_portal/wash_books/test_wash_books_edit.py::test_edit_wash_book_global_price_persists (url: https://staging.nxtwash.com/services/washBooks)

-------------------------------- live log call ---------------------------------
ERROR    nxtwash:conftest.py:241 Test FAILED: tests/admin_portal/wash_books/test_wash_books_edit.py::test_edit_wash_book_global_price_persists (url: https://staging.nxtwash.com/services/washBooks)
2026-07-29 00:38:00,385 ERROR nxtwash: Visible page text at failure:
Wash books
Filter by (1)
+ Add new wash book
Wash books
Customer wash books
ID
Wash book name
Washes number
Price
Status
No records available
Page
of
0
Results per page
100
Showing 0 - 0 of 0
ERROR    nxtwash:conftest.py:256 Visible page text at failure:
Wash books
Filter by (1)
+ Add new wash book
Wash books
Customer wash books
ID
Wash book name
Washes number
Price
Status
No records available
Page
of
0
Results per page
100
Showing 0 - 0 of 0
FAILED                                                                   [ 21%]
tests/admin_portal/wash_books/test_wash_books_edit.py::test_edit_wash_book_number_of_washes_persists 2026-07-29 00:40:57,490 ERROR nxtwash: Test FAILED: tests/admin_portal/wash_books/test_wash_books_edit.py::test_edit_wash_book_number_of_washes_persists (url: https://staging.nxtwash.com/services/washBooks)

-------------------------------- live log call ---------------------------------
ERROR    nxtwash:conftest.py:241 Test FAILED: tests/admin_portal/wash_books/test_wash_books_edit.py::test_edit_wash_book_number_of_washes_persists (url: https://staging.nxtwash.com/services/washBooks)
2026-07-29 00:40:58,125 ERROR nxtwash: Visible page text at failure:
Wash books
Filter by (1)
+ Add new wash book
Wash books
Customer wash books
ID
Wash book name
Washes number
Price
Status
No records available
Page
of
0
Results per page
100
Showing 0 - 0 of 0
ERROR    nxtwash:conftest.py:256 Visible page text at failure:
Wash books
Filter by (1)
+ Add new wash book
Wash books
Customer wash books
ID
Wash book name
Washes number
Price
Status
No records available
Page
of
0
Results per page
100
Showing 0 - 0 of 0
FAILED                                                                   [ 21%]
tests/admin_portal/wash_books/test_wash_books_edit.py::test_edit_wash_book_site_assignment_persists XFAIL [ 22%]
tests/admin_portal/wash_books/test_wash_books_edit.py::test_edit_wash_book_global_commission_persists 2026-07-29 00:46:37,403 ERROR nxtwash: Test FAILED: tests/admin_portal/wash_books/test_wash_books_edit.py::test_edit_wash_book_global_commission_persists (url: https://staging.nxtwash.com/services/washBooks)

-------------------------------- live log call ---------------------------------
ERROR    nxtwash:conftest.py:241 Test FAILED: tests/admin_portal/wash_books/test_wash_books_edit.py::test_edit_wash_book_global_commission_persists (url: https://staging.nxtwash.com/services/washBooks)
2026-07-29 00:46:38,029 ERROR nxtwash: Visible page text at failure:
Wash books
Filter by (1)
+ Add new wash book
Wash books
Customer wash books
ID
Wash book name
Washes number
Price
Status
No records available
Page
of
0
Results per page
100
Showing 0 - 0 of 0
ERROR    nxtwash:conftest.py:256 Visible page text at failure:
Wash books
Filter by (1)
+ Add new wash book
Wash books
Customer wash books
ID
Wash book name
Washes number
Price
Status
No records available
Page
of
0
Results per page
100
Showing 0 - 0 of 0
FAILED                                                                   [ 23%]
tests/admin_portal/wash_books/test_wash_books_edit.py::test_activate_wash_book 2026-07-29 00:49:24,661 ERROR nxtwash: Test FAILED: tests/admin_portal/wash_books/test_wash_books_edit.py::test_activate_wash_book (url: https://staging.nxtwash.com/services/washBooks)

-------------------------------- live log call ---------------------------------
ERROR    nxtwash:conftest.py:241 Test FAILED: tests/admin_portal/wash_books/test_wash_books_edit.py::test_activate_wash_book (url: https://staging.nxtwash.com/services/washBooks)
2026-07-29 00:49:25,281 ERROR nxtwash: Visible page text at failure:
Wash books
Filter by (1)
+ Add new wash book
Wash books
Customer wash books
ID
Wash book name
Washes number
Price
Status
No records available
Page
of
0
Results per page
100
Showing 0 - 0 of 0
ERROR    nxtwash:conftest.py:256 Visible page text at failure:
Wash books
Filter by (1)
+ Add new wash book
Wash books
Customer wash books
ID
Wash book name
Washes number
Price
Status
No records available
Page
of
0
Results per page
100
Showing 0 - 0 of 0
FAILED                                                                   [ 23%]
tests/admin_portal/wash_books/test_wash_books_edit.py::test_deactivate_wash_book 2026-07-29 00:52:15,851 ERROR nxtwash: Test FAILED: tests/admin_portal/wash_books/test_wash_books_edit.py::test_deactivate_wash_book (url: https://staging.nxtwash.com/services/washBooks)

-------------------------------- live log call ---------------------------------
ERROR    nxtwash:conftest.py:241 Test FAILED: tests/admin_portal/wash_books/test_wash_books_edit.py::test_deactivate_wash_book (url: https://staging.nxtwash.com/services/washBooks)
2026-07-29 00:52:16,443 ERROR nxtwash: Visible page text at failure:
Wash books
Filter by (1)
+ Add new wash book
Wash books
Customer wash books
ID
Wash book name
Washes number
Price
Status
No records available
Page
of
0
Results per page
100
Showing 0 - 0 of 0
ERROR    nxtwash:conftest.py:256 Visible page text at failure:
Wash books
Filter by (1)
+ Add new wash book
Wash books
Customer wash books
ID
Wash book name
Washes number
Price
Status
No records available
Page
of
0
Results per page
100
Showing 0 - 0 of 0
FAILED                                                                   [ 24%]
tests/admin_portal/wash_books/test_wash_books_negative.py::test_wash_books_special_character_search_stays_usable PASSED [ 25%]
tests/admin_portal/wash_books/test_wash_books_negative.py::test_duplicate_wash_book_name_is_blocked PASSED [ 25%]
tests/admin_portal/wash_books/test_wash_books_negative.py::test_whitespace_only_wash_book_name_is_rejected PASSED [ 26%]
tests/admin_portal/wash_books/test_wash_books_negative.py::test_negative_number_of_washes_is_rejected PASSED [ 26%]
tests/admin_portal/wash_books/test_wash_books_negative.py::test_negative_global_price_is_rejected PASSED [ 27%]
tests/admin_portal/wash_books/test_wash_books_negative.py::test_negative_global_commission_is_rejected PASSED [ 28%]
tests/admin_portal/wash_books/test_wash_books_positive.py::test_create_wash_book 2026-07-29 00:56:22,314 ERROR nxtwash: Test FAILED: tests/admin_portal/wash_books/test_wash_books_positive.py::test_create_wash_book (url: https://staging.nxtwash.com/services/washBooks)

-------------------------------- live log call ---------------------------------
ERROR    nxtwash:conftest.py:241 Test FAILED: tests/admin_portal/wash_books/test_wash_books_positive.py::test_create_wash_book (url: https://staging.nxtwash.com/services/washBooks)
2026-07-29 00:56:22,928 ERROR nxtwash: Visible page text at failure:
Wash books
Filter by (1)
+ Add new wash book
Wash books
Customer wash books
ID
Wash book name
Washes number
Price
Status
No records available
Page
of
0
Results per page
100
Showing 0 - 0 of 0
ERROR    nxtwash:conftest.py:256 Visible page text at failure:
Wash books
Filter by (1)
+ Add new wash book
Wash books
Customer wash books
ID
Wash book name
Washes number
Price
Status
No records available
Page
of
0
Results per page
100
Showing 0 - 0 of 0
FAILED                                                                   [ 28%]
tests/admin_portal/wash_books/test_wash_books_positive.py::test_wash_book_settings_persist 2026-07-29 00:59:12,197 ERROR nxtwash: Test FAILED: tests/admin_portal/wash_books/test_wash_books_positive.py::test_wash_book_settings_persist (url: https://staging.nxtwash.com/services/washBooks)

-------------------------------- live log call ---------------------------------
ERROR    nxtwash:conftest.py:241 Test FAILED: tests/admin_portal/wash_books/test_wash_books_positive.py::test_wash_book_settings_persist (url: https://staging.nxtwash.com/services/washBooks)
2026-07-29 00:59:12,788 ERROR nxtwash: Visible page text at failure:
Wash books
Filter by (1)
+ Add new wash book
Wash books
Customer wash books
ID
Wash book name
Washes number
Price
Status
No records available
Page
of
0
Results per page
100
Showing 0 - 0 of 0
ERROR    nxtwash:conftest.py:256 Visible page text at failure:
Wash books
Filter by (1)
+ Add new wash book
Wash books
Customer wash books
ID
Wash book name
Washes number
Price
Status
No records available
Page
of
0
Results per page
100
Showing 0 - 0 of 0
FAILED                                                                   [ 29%]
tests/admin_portal/wash_books/test_wash_books_positive.py::test_create_inactive_wash_book PASSED [ 30%]
tests/admin_portal/wash_books/test_wash_books_positive.py::test_wash_book_decimal_price_accepted PASSED [ 30%]
tests/admin_portal/wash_books/test_wash_books_positive.py::test_customer_portal_switch_is_off_by_default PASSED [ 31%]
tests/admin_portal/wash_books/test_wash_books_positive.py::test_wash_book_zero_loyalty_points_accepted PASSED [ 31%]
tests/admin_portal/wash_books/test_wash_books_positive.py::test_wash_book_save_without_loyalty_points_succeeds PASSED [ 32%]
tests/admin_portal/wash_books/test_wash_books_redemption.py::test_redemption_at_site_with_wash_package_persists 2026-07-29 01:03:18,832 ERROR nxtwash: Test FAILED: tests/admin_portal/wash_books/test_wash_books_redemption.py::test_redemption_at_site_with_wash_package_persists (url: https://staging.nxtwash.com/services/washBooks)

-------------------------------- live log call ---------------------------------
ERROR    nxtwash:conftest.py:241 Test FAILED: tests/admin_portal/wash_books/test_wash_books_redemption.py::test_redemption_at_site_with_wash_package_persists (url: https://staging.nxtwash.com/services/washBooks)
2026-07-29 01:03:19,424 ERROR nxtwash: Visible page text at failure:
Wash books
Filter by (1)
+ Add new wash book
Wash books
Customer wash books
ID
Wash book name
Washes number
Price
Status
No records available
Page
of
0
Results per page
100
Showing 0 - 0 of 0
ERROR    nxtwash:conftest.py:256 Visible page text at failure:
Wash books
Filter by (1)
+ Add new wash book
Wash books
Customer wash books
ID
Wash book name
Washes number
Price
Status
No records available
Page
of
0
Results per page
100
Showing 0 - 0 of 0
FAILED                                                                   [ 33%]
tests/admin_portal/wash_books/test_wash_books_redemption.py::test_redemption_site_without_wash_package_behaviour 2026-07-29 01:06:13,340 ERROR nxtwash: Test FAILED: tests/admin_portal/wash_books/test_wash_books_redemption.py::test_redemption_site_without_wash_package_behaviour (url: https://staging.nxtwash.com/services/washBooks)

-------------------------------- live log call ---------------------------------
ERROR    nxtwash:conftest.py:241 Test FAILED: tests/admin_portal/wash_books/test_wash_books_redemption.py::test_redemption_site_without_wash_package_behaviour (url: https://staging.nxtwash.com/services/washBooks)
2026-07-29 01:06:13,951 ERROR nxtwash: Visible page text at failure:
Wash books
Filter by (1)
+ Add new wash book
Wash books
Customer wash books
ID
Wash book name
Washes number
Price
Status
No records available
Page
of
0
Results per page
100
Showing 0 - 0 of 0
ERROR    nxtwash:conftest.py:256 Visible page text at failure:
Wash books
Filter by (1)
+ Add new wash book
Wash books
Customer wash books
ID
Wash book name
Washes number
Price
Status
No records available
Page
of
0
Results per page
100
Showing 0 - 0 of 0
FAILED                                                                   [ 33%]
tests/admin_portal/wash_books/test_wash_books_search_filter.py::test_wash_books_existing_search PASSED [ 34%]
tests/admin_portal/wash_books/test_wash_books_search_filter.py::test_wash_books_partial_search_returns_matches PASSED [ 35%]
tests/admin_portal/wash_books/test_wash_books_search_filter.py::test_wash_books_missing_search PASSED [ 35%]
tests/admin_portal/wash_books/test_wash_books_search_filter.py::test_wash_books_clear_search_restores_list PASSED [ 36%]
tests/admin_portal/wash_books/test_wash_books_search_filter.py::test_wash_books_filter_panel_shows_controls PASSED [ 36%]
tests/admin_portal/wash_books/test_wash_books_search_filter.py::test_wash_books_filter_by_site_narrows_results PASSED [ 37%]
tests/admin_portal/wash_books/test_wash_books_search_filter.py::test_wash_books_filter_reset_all_restores_list PASSED [ 38%]
tests/admin_portal/wash_books/test_wash_books_search_filter.py::test_wash_books_search_payloads_do_not_break_grid PASSED [ 38%]
tests/admin_portal/wash_books/test_wash_books_site_assignment.py::test_assign_single_site_persists XFAIL [ 39%]
tests/admin_portal/wash_books/test_wash_books_site_assignment.py::test_assign_multiple_sites_persists XFAIL [ 40%]
tests/admin_portal/wash_books/test_wash_books_site_assignment.py::test_location_price_override_persists 2026-07-29 01:16:33,070 ERROR nxtwash: Test FAILED: tests/admin_portal/wash_books/test_wash_books_site_assignment.py::test_location_price_override_persists (url: https://staging.nxtwash.com/services/washBooks)

-------------------------------- live log call ---------------------------------
ERROR    nxtwash:conftest.py:241 Test FAILED: tests/admin_portal/wash_books/test_wash_books_site_assignment.py::test_location_price_override_persists (url: https://staging.nxtwash.com/services/washBooks)
2026-07-29 01:16:33,737 ERROR nxtwash: Visible page text at failure:
Wash books
Filter by (1)
+ Add new wash book
Wash books
Customer wash books
ID
Wash book name
Washes number
Price
Status
No records available
Page
of
0
Results per page
100
Showing 0 - 0 of 0
ERROR    nxtwash:conftest.py:256 Visible page text at failure:
Wash books
Filter by (1)
+ Add new wash book
Wash books
Customer wash books
ID
Wash book name
Washes number
Price
Status
No records available
Page
of
0
Results per page
100
Showing 0 - 0 of 0
FAILED                                                                   [ 40%]
tests/admin_portal/wash_books/test_wash_books_site_assignment.py::test_save_wash_book_with_no_site_assigned PASSED [ 41%]
tests/admin_portal/wash_books/test_wash_books_site_assignment.py::test_per_site_customer_portal_toggle_persists SKIPPED [ 41%]
tests/admin_portal/wash_books/test_wash_books_ui.py::test_wash_books_page_loads_with_primary_controls PASSED [ 42%]
tests/admin_portal/wash_books/test_wash_books_ui.py::test_wash_books_grid_columns_are_visible PASSED [ 43%]
tests/admin_portal/wash_books/test_wash_books_ui.py::test_customer_wash_books_tab_is_accessible PASSED [ 43%]
tests/admin_portal/wash_books/test_wash_books_ui.py::test_add_wash_book_form_loads 2026-07-29 01:18:40,998 ERROR nxtwash: Test FAILED: tests/admin_portal/wash_books/test_wash_books_ui.py::test_add_wash_book_form_loads (url: https://staging.nxtwash.com/)

-------------------------------- live log call ---------------------------------
ERROR    nxtwash:conftest.py:241 Test FAILED: tests/admin_portal/wash_books/test_wash_books_ui.py::test_add_wash_book_form_loads (url: https://staging.nxtwash.com/)
2026-07-29 01:18:41,623 ERROR nxtwash: Visible page text at failure:
Overview
Sites / Locations
Services
Customers
Users / Employees
Kiosk Settings
Gas Pump Settings
POS Settings
Tunnel Settings
Self Serve
Reports
Vishal Kumar
Owner
ERROR    nxtwash:conftest.py:256 Visible page text at failure:
Overview
Sites / Locations
Services
Customers
Users / Employees
Kiosk Settings
Gas Pump Settings
POS Settings
Tunnel Settings
Self Serve
Reports
Vishal Kumar
Owner
FAILED                                                                   [ 44%]
tests/admin_portal/wash_books/test_wash_books_ui.py::test_wash_books_export_file_validation XFAIL [ 45%]
tests/admin_portal/wash_books/test_wash_books_validation.py::test_wash_book_required_name_validation PASSED [ 45%]
tests/admin_portal/wash_books/test_wash_books_validation.py::test_wash_book_blank_required_form_stays_on_form PASSED [ 46%]
tests/admin_portal/wash_books/test_wash_books_validation.py::test_wash_book_blank_global_price_is_blocked PASSED [ 46%]
tests/admin_portal/wash_books/test_wash_books_validation.py::test_wash_book_valid_number_of_washes_saves PASSED [ 47%]
tests/admin_portal/wash_books/test_wash_books_validation.py::test_wash_book_zero_washes_boundary_behaviour PASSED [ 48%]
tests/admin_portal/wash_books/test_wash_books_validation.py::test_wash_book_zero_price_boundary_behaviour PASSED [ 48%]
tests/admin_portal/wash_books/test_wash_books_validation.py::test_wash_book_valid_commission_saves PASSED [ 49%]
tests/admin_portal/wash_books/test_wash_books_validation.py::test_wash_book_save_without_commission_succeeds PASSED [ 50%]
tests/admin_portal/wash_books/test_wash_books_validation.py::test_wash_book_max_length_name_handled PASSED [ 50%]
tests/admin_portal/wash_books/test_wash_books_validation.py::test_wash_book_invalid_numeric_values_do_not_break_form PASSED [ 51%]
tests/admin_portal/wash_packages/test_wash_packages_barcode.py::test_wash_package_barcode_persists ERROR [ 51%]
tests/admin_portal/wash_packages/test_wash_packages_barcode.py::test_duplicate_barcode_behaviour 2026-07-29 01:23:14,179 ERROR nxtwash: Test FAILED: tests/admin_portal/wash_packages/test_wash_packages_barcode.py::test_duplicate_barcode_behaviour (url: https://staging.nxtwash.com/services/washPackages/new)

-------------------------------- live log call ---------------------------------
ERROR    nxtwash:conftest.py:241 Test FAILED: tests/admin_portal/wash_packages/test_wash_packages_barcode.py::test_duplicate_barcode_behaviour (url: https://staging.nxtwash.com/services/washPackages/new)
2026-07-29 01:23:14,889 ERROR nxtwash: Visible page text at failure:
Wash packages
Add new wash package
Cancel
Save wash package
Service settings
Discount settings
Service name
Barcode
Loyalty points
Points awarded
Points to redeem
Service description
Force receipt printing
Active service
Global price
Global commission
Assign to
Controller code
Location price
Exempt tax
State sales tax rate
City sales tax rate
Commission
VK AL37
Los angeles
5%
3%
VK ZT ab24bb
Los angeles
0%
0%
VK AL36
Los angeles
5%
3%
VK AL35
Los angeles
5%
3%
VK ZT 9344b0
Los angeles
0%
0%
VK AL34
Los angeles
5%
3%
VK AL92
5%
3%
VK AL33
Los angeles
5%
3%
VK AL32
Los angeles
5%
3%
VK AL31
Los angeles
5%
3%
VK ZT c6d556
Los angeles
0%
0%
VK AL30
Los angeles
5%
3%
VK AL29
Los angeles
5%
3%
VK ZT 9e7bdf
Los angeles
0%
0%
ERROR    nxtwash:conftest.py:256 Visible page text at failure:
Wash packages
Add new wash package
Cancel
Save wash package
Service settings
Discount settings
Service name
Barcode
Loyalty points
Points awarded
Points to redeem
Service description
Force receipt printing
Active service
Global price
Global commission
Assign to
Controller code
Location price
Exempt tax
State sales tax rate
City sales tax rate
Commission
VK AL37
Los angeles
5%
3%
VK ZT ab24bb
Los angeles
0%
0%
VK AL36
Los angeles
5%
3%
VK AL35
Los angeles
5%
3%
VK ZT 9344b0
Los angeles
0%
0%
VK AL34
Los angeles
5%
3%
VK AL92
5%
3%
VK AL33
Los angeles
5%
3%
VK AL32
Los angeles
5%
3%
VK AL31
Los angeles
5%
3%
VK ZT c6d556
Los angeles
0%
0%
VK AL30
Los angeles
5%
3%
VK AL29
Los angeles
5%
3%
VK ZT 9e7bdf
Los angeles
0%
0%
FAILED                                                                   [ 52%]
tests/admin_portal/wash_packages/test_wash_packages_coverage_gap.py::test_wash_packages_list_shell_controls_and_grid 
-------------------------------- live log call ---------------------------------
INFO     nxtwash:test_wash_packages_coverage_gap.py:23 Verifying Wash Packages list shell and primary controls
PASSED                                                                   [ 53%]
tests/admin_portal/wash_packages/test_wash_packages_coverage_gap.py::test_wash_packages_search_variants_and_clear 
-------------------------------- live log call ---------------------------------
INFO     nxtwash:test_wash_packages_coverage_gap.py:47 Verifying Wash Packages search variants
2026-07-29 01:24:39,911 ERROR nxtwash: Test FAILED: tests/admin_portal/wash_packages/test_wash_packages_coverage_gap.py::test_wash_packages_search_variants_and_clear (url: https://staging.nxtwash.com/services/washPackages/new)
ERROR    nxtwash:conftest.py:241 Test FAILED: tests/admin_portal/wash_packages/test_wash_packages_coverage_gap.py::test_wash_packages_search_variants_and_clear (url: https://staging.nxtwash.com/services/washPackages/new)
2026-07-29 01:24:40,660 ERROR nxtwash: Visible page text at failure:
Wash packages
Add new wash package
Cancel
Save wash package
Service settings
Discount settings
Service name
Barcode
Loyalty points
Points awarded
Points to redeem
Service description
Force receipt printing
Active service
Global price
Global commission
Assign to
Controller code
Location price
Exempt tax
State sales tax rate
City sales tax rate
Commission
VK AL37
Los angeles
5%
3%
VK ZT ab24bb
Los angeles
0%
0%
VK AL36
Los angeles
5%
3%
VK AL35
Los angeles
5%
3%
VK ZT 9344b0
Los angeles
0%
0%
VK AL34
Los angeles
5%
3%
VK AL92
5%
3%
VK AL33
Los angeles
5%
3%
VK AL32
Los angeles
5%
3%
VK AL31
Los angeles
5%
3%
VK ZT c6d556
Los angeles
0%
0%
VK AL30
Los angeles
5%
3%
VK AL29
Los angeles
5%
3%
VK ZT 9e7bdf
Los angeles
0%
0%
ERROR    nxtwash:conftest.py:256 Visible page text at failure:
Wash packages
Add new wash package
Cancel
Save wash package
Service settings
Discount settings
Service name
Barcode
Loyalty points
Points awarded
Points to redeem
Service description
Force receipt printing
Active service
Global price
Global commission
Assign to
Controller code
Location price
Exempt tax
State sales tax rate
City sales tax rate
Commission
VK AL37
Los angeles
5%
3%
VK ZT ab24bb
Los angeles
0%
0%
VK AL36
Los angeles
5%
3%
VK AL35
Los angeles
5%
3%
VK ZT 9344b0
Los angeles
0%
0%
VK AL34
Los angeles
5%
3%
VK AL92
5%
3%
VK AL33
Los angeles
5%
3%
VK AL32
Los angeles
5%
3%
VK AL31
Los angeles
5%
3%
VK ZT c6d556
Los angeles
0%
0%
VK AL30
Los angeles
5%
3%
VK AL29
Los angeles
5%
3%
VK ZT 9e7bdf
Los angeles
0%
0%
FAILED                                                                   [ 53%]
tests/admin_portal/wash_packages/test_wash_packages_coverage_gap.py::test_wash_packages_filter_panel_site_option_and_reset 
-------------------------------- live log call ---------------------------------
INFO     nxtwash:test_wash_packages_coverage_gap.py:79 Verifying Wash Packages filter panel controls and reset
PASSED                                                                   [ 54%]
tests/admin_portal/wash_packages/test_wash_packages_coverage_gap.py::test_add_wash_package_form_service_discount_save_cancel_controls 
-------------------------------- live log call ---------------------------------
INFO     nxtwash:test_wash_packages_coverage_gap.py:95 Verifying Add Wash Package form controls
PASSED                                                                   [ 55%]
tests/admin_portal/wash_packages/test_wash_packages_coverage_gap.py::test_wash_package_global_price_is_required 
-------------------------------- live log call ---------------------------------
INFO     nxtwash:test_wash_packages_coverage_gap.py:118 Verifying global price mandatory validation
PASSED                                                                   [ 55%]
tests/admin_portal/wash_packages/test_wash_packages_coverage_gap.py::test_wash_packages_download_file_validation_blocker XFAIL [ 56%]
tests/admin_portal/wash_packages/test_wash_packages_coverage_gap.py::test_wash_packages_permission_matrix_blocker XFAIL [ 56%]
tests/admin_portal/wash_packages/test_wash_packages_coverage_gap.py::test_wash_packages_advanced_edge_case_harness_blocker XFAIL [ 57%]
tests/admin_portal/wash_packages/test_wash_packages_dependency.py::test_wash_package_available_for_membership_redemption SKIPPED [ 58%]
tests/admin_portal/wash_packages/test_wash_packages_dependency.py::test_deactivate_wash_package_mapped_to_membership SKIPPED [ 58%]
tests/admin_portal/wash_packages/test_wash_packages_dependency.py::test_rename_wash_package_mapped_to_membership SKIPPED [ 59%]
tests/admin_portal/wash_packages/test_wash_packages_dependency.py::test_deactivated_discount_removed_from_wash_package SKIPPED [ 60%]
tests/admin_portal/wash_packages/test_wash_packages_dependency.py::test_site_unassignment_does_not_affect_other_redemption_sites SKIPPED [ 60%]
tests/admin_portal/wash_packages/test_wash_packages_edge_cases.py::test_wash_package_long_name_does_not_break_form PASSED [ 61%]
tests/admin_portal/wash_packages/test_wash_packages_edge_cases.py::test_wash_package_whitespace_name_is_rejected PASSED [ 61%]
tests/admin_portal/wash_packages/test_wash_packages_edge_cases.py::test_wash_package_existing_search_is_repeatable 2026-07-29 01:27:33,049 ERROR nxtwash: Test FAILED: tests/admin_portal/wash_packages/test_wash_packages_edge_cases.py::test_wash_package_existing_search_is_repeatable (url: https://staging.nxtwash.com/services/washPackages)

-------------------------------- live log call ---------------------------------
ERROR    nxtwash:conftest.py:241 Test FAILED: tests/admin_portal/wash_packages/test_wash_packages_edge_cases.py::test_wash_package_existing_search_is_repeatable (url: https://staging.nxtwash.com/services/washPackages)
2026-07-29 01:27:33,645 ERROR nxtwash: Visible page text at failure:
Wash packages
Filter by (1)
+ Add new wash package
Wash package name
Price
Status
No records available
Page
of
0
Results per page
100
Showing 0 - 0 of 0
ERROR    nxtwash:conftest.py:256 Visible page text at failure:
Wash packages
Filter by (1)
+ Add new wash package
Wash package name
Price
Status
No records available
Page
of
0
Results per page
100
Showing 0 - 0 of 0
FAILED                                                                   [ 62%]
tests/admin_portal/wash_packages/test_wash_packages_edit.py::test_edit_wash_package_name_persists ERROR [ 63%]
tests/admin_portal/wash_packages/test_wash_packages_edit.py::test_edit_wash_package_global_price_persists ERROR [ 63%]
tests/admin_portal/wash_packages/test_wash_packages_edit.py::test_edit_wash_package_global_commission_persists ERROR [ 64%]
tests/admin_portal/wash_packages/test_wash_packages_edit.py::test_edit_wash_package_loyalty_points_persist ERROR [ 65%]
tests/admin_portal/wash_packages/test_wash_packages_edit.py::test_edit_wash_package_assigned_sites ERROR [ 65%]
tests/admin_portal/wash_packages/test_wash_packages_edit.py::test_activate_wash_package ERROR [ 66%]
tests/admin_portal/wash_packages/test_wash_packages_edit.py::test_deactivate_wash_package XFAIL [ 66%]
tests/admin_portal/wash_packages/test_wash_packages_edit.py::test_assign_applicable_discount_persists ERROR [ 67%]
tests/admin_portal/wash_packages/test_wash_packages_edit.py::test_assign_multiple_discounts_persist ERROR [ 68%]
tests/admin_portal/wash_packages/test_wash_packages_edit.py::test_remove_applicable_discount_persists XFAIL [ 68%]
tests/admin_portal/wash_packages/test_wash_packages_edit.py::test_service_description_persists XFAIL [ 69%]
tests/admin_portal/wash_packages/test_wash_packages_export.py::test_wash_packages_export_button_clickable PASSED [ 70%]
tests/admin_portal/wash_packages/test_wash_packages_export.py::test_wash_packages_export_after_filter XFAIL [ 70%]
tests/admin_portal/wash_packages/test_wash_packages_loyalty.py::test_loyalty_points_awarded_persists ERROR [ 71%]
tests/admin_portal/wash_packages/test_wash_packages_loyalty.py::test_loyalty_points_redeemed_persists ERROR [ 71%]
tests/admin_portal/wash_packages/test_wash_packages_loyalty.py::test_points_awarded_info_tooltip_is_visible PASSED [ 72%]
tests/admin_portal/wash_packages/test_wash_packages_loyalty.py::test_points_redeemed_info_tooltip_is_visible PASSED [ 73%]
tests/admin_portal/wash_packages/test_wash_packages_managed.py::test_managed_package_provided_at_baseline ERROR [ 73%]
tests/admin_portal/wash_packages/test_wash_packages_managed.py::test_managed_package_mutation_is_reset_on_teardown ERROR [ 74%]
tests/admin_portal/wash_packages/test_wash_packages_negative.py::test_wash_package_required_name_validation PASSED [ 75%]
tests/admin_portal/wash_packages/test_wash_packages_negative.py::test_create_duplicate_wash_package_is_blocked 2026-07-29 01:47:17,884 ERROR nxtwash: Test FAILED: tests/admin_portal/wash_packages/test_wash_packages_negative.py::test_create_duplicate_wash_package_is_blocked (url: https://staging.nxtwash.com/services/washPackages/new)

-------------------------------- live log call ---------------------------------
ERROR    nxtwash:conftest.py:241 Test FAILED: tests/admin_portal/wash_packages/test_wash_packages_negative.py::test_create_duplicate_wash_package_is_blocked (url: https://staging.nxtwash.com/services/washPackages/new)
2026-07-29 01:47:18,786 ERROR nxtwash: Visible page text at failure:
Wash packages
Add new wash package
Cancel
Save wash package
Service settings
Discount settings
Service name
Barcode
Loyalty points
Points awarded
Points to redeem
Service description
Force receipt printing
Active service
Global price
Global commission
Assign to
Controller code
Location price
Exempt tax
State sales tax rate
City sales tax rate
Commission
VK AL37
Los angeles
5%
3%
VK ZT ab24bb
Los angeles
0%
0%
VK AL36
Los angeles
5%
3%
VK AL35
Los angeles
5%
3%
VK ZT 9344b0
Los angeles
0%
0%
VK AL34
Los angeles
5%
3%
VK AL92
5%
3%
VK AL33
Los angeles
5%
3%
VK AL32
Los angeles
5%
3%
VK AL31
Los angeles
5%
3%
VK ZT c6d556
Los angeles
0%
0%
VK AL30
Los angeles
5%
3%
VK AL29
Los angeles
5%
3%
VK ZT 9e7bdf
Los angeles
0%
0%
ERROR    nxtwash:conftest.py:256 Visible page text at failure:
Wash packages
Add new wash package
Cancel
Save wash package
Service settings
Discount settings
Service name
Barcode
Loyalty points
Points awarded
Points to redeem
Service description
Force receipt printing
Active service
Global price
Global commission
Assign to
Controller code
Location price
Exempt tax
State sales tax rate
City sales tax rate
Commission
VK AL37
Los angeles
5%
3%
VK ZT ab24bb
Los angeles
0%
0%
VK AL36
Los angeles
5%
3%
VK AL35
Los angeles
5%
3%
VK ZT 9344b0
Los angeles
0%
0%
VK AL34
Los angeles
5%
3%
VK AL92
5%
3%
VK AL33
Los angeles
5%
3%
VK AL32
Los angeles
5%
3%
VK AL31
Los angeles
5%
3%
VK ZT c6d556
Los angeles
0%
0%
VK AL30
Los angeles
5%
3%
VK AL29
Los angeles
5%
3%
VK ZT 9e7bdf
Los angeles
0%
0%
FAILED                                                                   [ 75%]
tests/admin_portal/wash_packages/test_wash_packages_negative.py::test_wash_package_required_price_validation PASSED [ 76%]
tests/admin_portal/wash_packages/test_wash_packages_negative.py::test_negative_global_price_is_rejected XFAIL [ 76%]
tests/admin_portal/wash_packages/test_wash_packages_negative.py::test_negative_global_commission_is_rejected XFAIL [ 77%]
tests/admin_portal/wash_packages/test_wash_packages_negative.py::test_wash_packages_special_character_search_stays_usable PASSED [ 78%]
tests/admin_portal/wash_packages/test_wash_packages_positive.py::test_create_active_wash_package 2026-07-29 01:49:49,057 ERROR nxtwash: Test FAILED: tests/admin_portal/wash_packages/test_wash_packages_positive.py::test_create_active_wash_package (url: https://staging.nxtwash.com/services/washPackages/new)

-------------------------------- live log call ---------------------------------
ERROR    nxtwash:conftest.py:241 Test FAILED: tests/admin_portal/wash_packages/test_wash_packages_positive.py::test_create_active_wash_package (url: https://staging.nxtwash.com/services/washPackages/new)
2026-07-29 01:49:50,618 ERROR nxtwash: Visible page text at failure:
Wash packages
Add new wash package
Cancel
Save wash package
Service settings
Discount settings
Service name
Barcode
Loyalty points
Points awarded
Points to redeem
Service description
Force receipt printing
Active service
Global price
Global commission
Assign to
Controller code
Location price
Exempt tax
State sales tax rate
City sales tax rate
Commission
VK AL37
Los angeles
5%
3%
VK ZT ab24bb
Los angeles
0%
0%
VK AL36
Los angeles
5%
3%
VK AL35
Los angeles
5%
3%
VK ZT 9344b0
Los angeles
0%
0%
VK AL34
Los angeles
5%
3%
VK AL92
5%
3%
VK AL33
Los angeles
5%
3%
VK AL32
Los angeles
5%
3%
VK AL31
Los angeles
5%
3%
VK ZT c6d556
Los angeles
0%
0%
VK AL30
Los angeles
5%
3%
VK AL29
Los angeles
5%
3%
VK ZT 9e7bdf
Los angeles
0%
0%
ERROR    nxtwash:conftest.py:256 Visible page text at failure:
Wash packages
Add new wash package
Cancel
Save wash package
Service settings
Discount settings
Service name
Barcode
Loyalty points
Points awarded
Points to redeem
Service description
Force receipt printing
Active service
Global price
Global commission
Assign to
Controller code
Location price
Exempt tax
State sales tax rate
City sales tax rate
Commission
VK AL37
Los angeles
5%
3%
VK ZT ab24bb
Los angeles
0%
0%
VK AL36
Los angeles
5%
3%
VK AL35
Los angeles
5%
3%
VK ZT 9344b0
Los angeles
0%
0%
VK AL34
Los angeles
5%
3%
VK AL92
5%
3%
VK AL33
Los angeles
5%
3%
VK AL32
Los angeles
5%
3%
VK AL31
Los angeles
5%
3%
VK ZT c6d556
Los angeles
0%
0%
VK AL30
Los angeles
5%
3%
VK AL29
Los angeles
5%
3%
VK ZT 9e7bdf
Los angeles
0%
0%
FAILED                                                                   [ 78%]
tests/admin_portal/wash_packages/test_wash_packages_positive.py::test_create_inactive_wash_package 2026-07-29 01:50:48,233 ERROR nxtwash: Test FAILED: tests/admin_portal/wash_packages/test_wash_packages_positive.py::test_create_inactive_wash_package (url: https://staging.nxtwash.com/services/washPackages/new)

-------------------------------- live log call ---------------------------------
ERROR    nxtwash:conftest.py:241 Test FAILED: tests/admin_portal/wash_packages/test_wash_packages_positive.py::test_create_inactive_wash_package (url: https://staging.nxtwash.com/services/washPackages/new)
2026-07-29 01:50:49,393 ERROR nxtwash: Visible page text at failure:
Wash packages
Add new wash package
Cancel
Save wash package
Service settings
Discount settings
Service name
Barcode
Loyalty points
Points awarded
Points to redeem
Service description
Force receipt printing
Active service
Global price
Global commission
Assign to
Controller code
Location price
Exempt tax
State sales tax rate
City sales tax rate
Commission
VK AL37
Los angeles
5%
3%
VK ZT ab24bb
Los angeles
0%
0%
VK AL36
Los angeles
5%
3%
VK AL35
Los angeles
5%
3%
VK ZT 9344b0
Los angeles
0%
0%
VK AL34
Los angeles
5%
3%
VK AL92
5%
3%
VK AL33
Los angeles
5%
3%
VK AL32
Los angeles
5%
3%
VK AL31
Los angeles
5%
3%
VK ZT c6d556
Los angeles
0%
0%
VK AL30
Los angeles
5%
3%
VK AL29
Los angeles
5%
3%
VK ZT 9e7bdf
Los angeles
0%
0%
ERROR    nxtwash:conftest.py:256 Visible page text at failure:
Wash packages
Add new wash package
Cancel
Save wash package
Service settings
Discount settings
Service name
Barcode
Loyalty points
Points awarded
Points to redeem
Service description
Force receipt printing
Active service
Global price
Global commission
Assign to
Controller code
Location price
Exempt tax
State sales tax rate
City sales tax rate
Commission
VK AL37
Los angeles
5%
3%
VK ZT ab24bb
Los angeles
0%
0%
VK AL36
Los angeles
5%
3%
VK AL35
Los angeles
5%
3%
VK ZT 9344b0
Los angeles
0%
0%
VK AL34
Los angeles
5%
3%
VK AL92
5%
3%
VK AL33
Los angeles
5%
3%
VK AL32
Los angeles
5%
3%
VK AL31
Los angeles
5%
3%
VK ZT c6d556
Los angeles
0%
0%
VK AL30
Los angeles
5%
3%
VK AL29
Los angeles
5%
3%
VK ZT 9e7bdf
Los angeles
0%
0%
FAILED                                                                   [ 79%]
tests/admin_portal/wash_packages/test_wash_packages_positive.py::test_create_wash_package_without_barcode 2026-07-29 01:51:41,907 ERROR nxtwash: Test FAILED: tests/admin_portal/wash_packages/test_wash_packages_positive.py::test_create_wash_package_without_barcode (url: https://staging.nxtwash.com/services/washPackages/new)

-------------------------------- live log call ---------------------------------
ERROR    nxtwash:conftest.py:241 Test FAILED: tests/admin_portal/wash_packages/test_wash_packages_positive.py::test_create_wash_package_without_barcode (url: https://staging.nxtwash.com/services/washPackages/new)
2026-07-29 01:51:44,119 ERROR nxtwash: Visible page text at failure:
Wash packages
Add new wash package
Cancel
Save wash package
Service settings
Discount settings
Service name
Barcode
Loyalty points
Points awarded
Points to redeem
Service description
Force receipt printing
Active service
Global price
Global commission
Assign to
Controller code
Location price
Exempt tax
State sales tax rate
City sales tax rate
Commission
VK AL37
Los angeles
5%
3%
VK ZT ab24bb
Los angeles
0%
0%
VK AL36
Los angeles
5%
3%
VK AL35
Los angeles
5%
3%
VK ZT 9344b0
Los angeles
0%
0%
VK AL34
Los angeles
5%
3%
VK AL92
5%
3%
VK AL33
Los angeles
5%
3%
VK AL32
Los angeles
5%
3%
VK AL31
Los angeles
5%
3%
VK ZT c6d556
Los angeles
0%
0%
VK AL30
Los angeles
5%
3%
VK AL29
Los angeles
5%
3%
VK ZT 9e7bdf
Los angeles
0%
0%
ERROR    nxtwash:conftest.py:256 Visible page text at failure:
Wash packages
Add new wash package
Cancel
Save wash package
Service settings
Discount settings
Service name
Barcode
Loyalty points
Points awarded
Points to redeem
Service description
Force receipt printing
Active service
Global price
Global commission
Assign to
Controller code
Location price
Exempt tax
State sales tax rate
City sales tax rate
Commission
VK AL37
Los angeles
5%
3%
VK ZT ab24bb
Los angeles
0%
0%
VK AL36
Los angeles
5%
3%
VK AL35
Los angeles
5%
3%
VK ZT 9344b0
Los angeles
0%
0%
VK AL34
Los angeles
5%
3%
VK AL92
5%
3%
VK AL33
Los angeles
5%
3%
VK AL32
Los angeles
5%
3%
VK AL31
Los angeles
5%
3%
VK ZT c6d556
Los angeles
0%
0%
VK AL30
Los angeles
5%
3%
VK AL29
Los angeles
5%
3%
VK ZT 9e7bdf
Los angeles
0%
0%
FAILED                                                                   [ 80%]
tests/admin_portal/wash_packages/test_wash_packages_positive.py::test_create_wash_package_without_loyalty_points 2026-07-29 01:52:32,178 ERROR nxtwash: Test FAILED: tests/admin_portal/wash_packages/test_wash_packages_positive.py::test_create_wash_package_without_loyalty_points (url: https://staging.nxtwash.com/services/washPackages/new)

-------------------------------- live log call ---------------------------------
ERROR    nxtwash:conftest.py:241 Test FAILED: tests/admin_portal/wash_packages/test_wash_packages_positive.py::test_create_wash_package_without_loyalty_points (url: https://staging.nxtwash.com/services/washPackages/new)
2026-07-29 01:52:33,001 ERROR nxtwash: Visible page text at failure:
Wash packages
Add new wash package
Cancel
Save wash package
Service settings
Discount settings
Service name
Barcode
Loyalty points
Points awarded
Points to redeem
Service description
Force receipt printing
Active service
Global price
Global commission
Assign to
Controller code
Location price
Exempt tax
State sales tax rate
City sales tax rate
Commission
VK AL37
Los angeles
5%
3%
VK ZT ab24bb
Los angeles
0%
0%
VK AL36
Los angeles
5%
3%
VK AL35
Los angeles
5%
3%
VK ZT 9344b0
Los angeles
0%
0%
VK AL34
Los angeles
5%
3%
VK AL92
5%
3%
VK AL33
Los angeles
5%
3%
VK AL32
Los angeles
5%
3%
VK AL31
Los angeles
5%
3%
VK ZT c6d556
Los angeles
0%
0%
VK AL30
Los angeles
5%
3%
VK AL29
Los angeles
5%
3%
VK ZT 9e7bdf
Los angeles
0%
0%
ERROR    nxtwash:conftest.py:256 Visible page text at failure:
Wash packages
Add new wash package
Cancel
Save wash package
Service settings
Discount settings
Service name
Barcode
Loyalty points
Points awarded
Points to redeem
Service description
Force receipt printing
Active service
Global price
Global commission
Assign to
Controller code
Location price
Exempt tax
State sales tax rate
City sales tax rate
Commission
VK AL37
Los angeles
5%
3%
VK ZT ab24bb
Los angeles
0%
0%
VK AL36
Los angeles
5%
3%
VK AL35
Los angeles
5%
3%
VK ZT 9344b0
Los angeles
0%
0%
VK AL34
Los angeles
5%
3%
VK AL92
5%
3%
VK AL33
Los angeles
5%
3%
VK AL32
Los angeles
5%
3%
VK AL31
Los angeles
5%
3%
VK ZT c6d556
Los angeles
0%
0%
VK AL30
Los angeles
5%
3%
VK AL29
Los angeles
5%
3%
VK ZT 9e7bdf
Los angeles
0%
0%
FAILED                                                                   [ 80%]
tests/admin_portal/wash_packages/test_wash_packages_positive.py::test_create_wash_package_without_discount 2026-07-29 01:53:31,190 ERROR nxtwash: Test FAILED: tests/admin_portal/wash_packages/test_wash_packages_positive.py::test_create_wash_package_without_discount (url: https://staging.nxtwash.com/services/washPackages/new)

-------------------------------- live log call ---------------------------------
ERROR    nxtwash:conftest.py:241 Test FAILED: tests/admin_portal/wash_packages/test_wash_packages_positive.py::test_create_wash_package_without_discount (url: https://staging.nxtwash.com/services/washPackages/new)
2026-07-29 01:53:32,148 ERROR nxtwash: Visible page text at failure:
Wash packages
Add new wash package
Cancel
Save wash package
Service settings
Discount settings
Service name
Barcode
Loyalty points
Points awarded
Points to redeem
Service description
Force receipt printing
Active service
Global price
Global commission
Assign to
Controller code
Location price
Exempt tax
State sales tax rate
City sales tax rate
Commission
VK AL37
Los angeles
5%
3%
VK ZT ab24bb
Los angeles
0%
0%
VK AL36
Los angeles
5%
3%
VK AL35
Los angeles
5%
3%
VK ZT 9344b0
Los angeles
0%
0%
VK AL34
Los angeles
5%
3%
VK AL92
5%
3%
VK AL33
Los angeles
5%
3%
VK AL32
Los angeles
5%
3%
VK AL31
Los angeles
5%
3%
VK ZT c6d556
Los angeles
0%
0%
VK AL30
Los angeles
5%
3%
VK AL29
Los angeles
5%
3%
VK ZT 9e7bdf
Los angeles
0%
0%
ERROR    nxtwash:conftest.py:256 Visible page text at failure:
Wash packages
Add new wash package
Cancel
Save wash package
Service settings
Discount settings
Service name
Barcode
Loyalty points
Points awarded
Points to redeem
Service description
Force receipt printing
Active service
Global price
Global commission
Assign to
Controller code
Location price
Exempt tax
State sales tax rate
City sales tax rate
Commission
VK AL37
Los angeles
5%
3%
VK ZT ab24bb
Los angeles
0%
0%
VK AL36
Los angeles
5%
3%
VK AL35
Los angeles
5%
3%
VK ZT 9344b0
Los angeles
0%
0%
VK AL34
Los angeles
5%
3%
VK AL92
5%
3%
VK AL33
Los angeles
5%
3%
VK AL32
Los angeles
5%
3%
VK AL31
Los angeles
5%
3%
VK ZT c6d556
Los angeles
0%
0%
VK AL30
Los angeles
5%
3%
VK AL29
Los angeles
5%
3%
VK ZT 9e7bdf
Los angeles
0%
0%
FAILED                                                                   [ 81%]
tests/admin_portal/wash_packages/test_wash_packages_positive.py::test_wash_package_settings_persist 2026-07-29 01:54:43,102 ERROR nxtwash: Test FAILED: tests/admin_portal/wash_packages/test_wash_packages_positive.py::test_wash_package_settings_persist (url: https://staging.nxtwash.com/services/washPackages/new)

-------------------------------- live log call ---------------------------------
ERROR    nxtwash:conftest.py:241 Test FAILED: tests/admin_portal/wash_packages/test_wash_packages_positive.py::test_wash_package_settings_persist (url: https://staging.nxtwash.com/services/washPackages/new)
2026-07-29 01:54:43,869 ERROR nxtwash: Visible page text at failure:
Wash packages
Add new wash package
Cancel
Save wash package
Service settings
Discount settings
Service name
Barcode
Loyalty points
Points awarded
Points to redeem
Service description
Force receipt printing
Active service
Global price
Global commission
Assign to
Controller code
Location price
Exempt tax
State sales tax rate
City sales tax rate
Commission
VK AL37
Los angeles
5%
3%
VK ZT ab24bb
Los angeles
0%
0%
VK AL36
Los angeles
5%
3%
VK AL35
Los angeles
5%
3%
VK ZT 9344b0
Los angeles
0%
0%
VK AL34
Los angeles
5%
3%
VK AL92
5%
3%
VK AL33
Los angeles
5%
3%
VK AL32
Los angeles
5%
3%
VK AL31
Los angeles
5%
3%
VK ZT c6d556
Los angeles
0%
0%
VK AL30
Los angeles
5%
3%
VK AL29
Los angeles
5%
3%
VK ZT 9e7bdf
Los angeles
0%
0%
ERROR    nxtwash:conftest.py:256 Visible page text at failure:
Wash packages
Add new wash package
Cancel
Save wash package
Service settings
Discount settings
Service name
Barcode
Loyalty points
Points awarded
Points to redeem
Service description
Force receipt printing
Active service
Global price
Global commission
Assign to
Controller code
Location price
Exempt tax
State sales tax rate
City sales tax rate
Commission
VK AL37
Los angeles
5%
3%
VK ZT ab24bb
Los angeles
0%
0%
VK AL36
Los angeles
5%
3%
VK AL35
Los angeles
5%
3%
VK ZT 9344b0
Los angeles
0%
0%
VK AL34
Los angeles
5%
3%
VK AL92
5%
3%
VK AL33
Los angeles
5%
3%
VK AL32
Los angeles
5%
3%
VK AL31
Los angeles
5%
3%
VK ZT c6d556
Los angeles
0%
0%
VK AL30
Los angeles
5%
3%
VK AL29
Los angeles
5%
3%
VK ZT 9e7bdf
Los angeles
0%
0%
FAILED                                                                   [ 81%]
tests/admin_portal/wash_packages/test_wash_packages_search_filter.py::test_wash_packages_existing_search 2026-07-29 01:56:12,934 ERROR nxtwash: Test FAILED: tests/admin_portal/wash_packages/test_wash_packages_search_filter.py::test_wash_packages_existing_search (url: https://staging.nxtwash.com/services/washPackages/new)

-------------------------------- live log call ---------------------------------
ERROR    nxtwash:conftest.py:241 Test FAILED: tests/admin_portal/wash_packages/test_wash_packages_search_filter.py::test_wash_packages_existing_search (url: https://staging.nxtwash.com/services/washPackages/new)
2026-07-29 01:56:13,709 ERROR nxtwash: Visible page text at failure:
Wash packages
Add new wash package
Cancel
Save wash package
Service settings
Discount settings
Service name
Barcode
Loyalty points
Points awarded
Points to redeem
Service description
Force receipt printing
Active service
Global price
Global commission
Assign to
Controller code
Location price
Exempt tax
State sales tax rate
City sales tax rate
Commission
VK AL37
Los angeles
5%
3%
VK ZT ab24bb
Los angeles
0%
0%
VK AL36
Los angeles
5%
3%
VK AL35
Los angeles
5%
3%
VK ZT 9344b0
Los angeles
0%
0%
VK AL34
Los angeles
5%
3%
VK AL92
5%
3%
VK AL33
Los angeles
5%
3%
VK AL32
Los angeles
5%
3%
VK AL31
Los angeles
5%
3%
VK ZT c6d556
Los angeles
0%
0%
VK AL30
Los angeles
5%
3%
VK AL29
Los angeles
5%
3%
VK ZT 9e7bdf
Los angeles
0%
0%
ERROR    nxtwash:conftest.py:256 Visible page text at failure:
Wash packages
Add new wash package
Cancel
Save wash package
Service settings
Discount settings
Service name
Barcode
Loyalty points
Points awarded
Points to redeem
Service description
Force receipt printing
Active service
Global price
Global commission
Assign to
Controller code
Location price
Exempt tax
State sales tax rate
City sales tax rate
Commission
VK AL37
Los angeles
5%
3%
VK ZT ab24bb
Los angeles
0%
0%
VK AL36
Los angeles
5%
3%
VK AL35
Los angeles
5%
3%
VK ZT 9344b0
Los angeles
0%
0%
VK AL34
Los angeles
5%
3%
VK AL92
5%
3%
VK AL33
Los angeles
5%
3%
VK AL32
Los angeles
5%
3%
VK AL31
Los angeles
5%
3%
VK ZT c6d556
Los angeles
0%
0%
VK AL30
Los angeles
5%
3%
VK AL29
Los angeles
5%
3%
VK ZT 9e7bdf
Los angeles
0%
0%
FAILED                                                                   [ 82%]
tests/admin_portal/wash_packages/test_wash_packages_search_filter.py::test_wash_packages_partial_search XFAIL [ 83%]
tests/admin_portal/wash_packages/test_wash_packages_search_filter.py::test_wash_packages_missing_search PASSED [ 83%]
tests/admin_portal/wash_packages/test_wash_packages_search_filter.py::test_wash_packages_clear_search_restores_list 2026-07-29 01:57:48,170 ERROR nxtwash: Test FAILED: tests/admin_portal/wash_packages/test_wash_packages_search_filter.py::test_wash_packages_clear_search_restores_list (url: https://staging.nxtwash.com/services/washPackages/new)

-------------------------------- live log call ---------------------------------
ERROR    nxtwash:conftest.py:241 Test FAILED: tests/admin_portal/wash_packages/test_wash_packages_search_filter.py::test_wash_packages_clear_search_restores_list (url: https://staging.nxtwash.com/services/washPackages/new)
2026-07-29 01:57:48,897 ERROR nxtwash: Visible page text at failure:
Wash packages
Add new wash package
Cancel
Save wash package
Service settings
Discount settings
Service name
Barcode
Loyalty points
Points awarded
Points to redeem
Service description
Force receipt printing
Active service
Global price
Global commission
Assign to
Controller code
Location price
Exempt tax
State sales tax rate
City sales tax rate
Commission
VK AL37
Los angeles
5%
3%
VK ZT ab24bb
Los angeles
0%
0%
VK AL36
Los angeles
5%
3%
VK AL35
Los angeles
5%
3%
VK ZT 9344b0
Los angeles
0%
0%
VK AL34
Los angeles
5%
3%
VK AL92
5%
3%
VK AL33
Los angeles
5%
3%
VK AL32
Los angeles
5%
3%
VK AL31
Los angeles
5%
3%
VK ZT c6d556
Los angeles
0%
0%
VK AL30
Los angeles
5%
3%
VK AL29
Los angeles
5%
3%
VK ZT 9e7bdf
Los angeles
0%
0%
ERROR    nxtwash:conftest.py:256 Visible page text at failure:
Wash packages
Add new wash package
Cancel
Save wash package
Service settings
Discount settings
Service name
Barcode
Loyalty points
Points awarded
Points to redeem
Service description
Force receipt printing
Active service
Global price
Global commission
Assign to
Controller code
Location price
Exempt tax
State sales tax rate
City sales tax rate
Commission
VK AL37
Los angeles
5%
3%
VK ZT ab24bb
Los angeles
0%
0%
VK AL36
Los angeles
5%
3%
VK AL35
Los angeles
5%
3%
VK ZT 9344b0
Los angeles
0%
0%
VK AL34
Los angeles
5%
3%
VK AL92
5%
3%
VK AL33
Los angeles
5%
3%
VK AL32
Los angeles
5%
3%
VK AL31
Los angeles
5%
3%
VK ZT c6d556
Los angeles
0%
0%
VK AL30
Los angeles
5%
3%
VK AL29
Los angeles
5%
3%
VK ZT 9e7bdf
Los angeles
0%
0%
FAILED                                                                   [ 84%]
tests/admin_portal/wash_packages/test_wash_packages_search_filter.py::test_wash_packages_search_payloads_do_not_break_grid PASSED [ 85%]
tests/admin_portal/wash_packages/test_wash_packages_search_filter.py::test_search_inactive_wash_package_returns_it XFAIL [ 85%]
tests/admin_portal/wash_packages/test_wash_packages_search_filter.py::test_filter_by_site_narrows_results 2026-07-29 02:00:14,558 ERROR nxtwash: Test FAILED: tests/admin_portal/wash_packages/test_wash_packages_search_filter.py::test_filter_by_site_narrows_results (url: https://staging.nxtwash.com/services/washPackages/new)

-------------------------------- live log call ---------------------------------
ERROR    nxtwash:conftest.py:241 Test FAILED: tests/admin_portal/wash_packages/test_wash_packages_search_filter.py::test_filter_by_site_narrows_results (url: https://staging.nxtwash.com/services/washPackages/new)
2026-07-29 02:00:15,290 ERROR nxtwash: Visible page text at failure:
Wash packages
Add new wash package
Cancel
Save wash package
Service settings
Discount settings
Service name
Barcode
Loyalty points
Points awarded
Points to redeem
Service description
Force receipt printing
Active service
Global price
Global commission
Assign to
Controller code
Location price
Exempt tax
State sales tax rate
City sales tax rate
Commission
VK AL37
Los angeles
5%
3%
VK ZT ab24bb
Los angeles
0%
0%
VK AL36
Los angeles
5%
3%
VK AL35
Los angeles
5%
3%
VK ZT 9344b0
Los angeles
0%
0%
VK AL34
Los angeles
5%
3%
VK AL92
5%
3%
VK AL33
Los angeles
5%
3%
VK AL32
Los angeles
5%
3%
VK AL31
Los angeles
5%
3%
VK ZT c6d556
Los angeles
0%
0%
VK AL30
Los angeles
5%
3%
VK AL29
Los angeles
5%
3%
VK ZT 9e7bdf
Los angeles
0%
0%
ERROR    nxtwash:conftest.py:256 Visible page text at failure:
Wash packages
Add new wash package
Cancel
Save wash package
Service settings
Discount settings
Service name
Barcode
Loyalty points
Points awarded
Points to redeem
Service description
Force receipt printing
Active service
Global price
Global commission
Assign to
Controller code
Location price
Exempt tax
State sales tax rate
City sales tax rate
Commission
VK AL37
Los angeles
5%
3%
VK ZT ab24bb
Los angeles
0%
0%
VK AL36
Los angeles
5%
3%
VK AL35
Los angeles
5%
3%
VK ZT 9344b0
Los angeles
0%
0%
VK AL34
Los angeles
5%
3%
VK AL92
5%
3%
VK AL33
Los angeles
5%
3%
VK AL32
Los angeles
5%
3%
VK AL31
Los angeles
5%
3%
VK ZT c6d556
Los angeles
0%
0%
VK AL30
Los angeles
5%
3%
VK AL29
Los angeles
5%
3%
VK ZT 9e7bdf
Los angeles
0%
0%
FAILED                                                                   [ 86%]
tests/admin_portal/wash_packages/test_wash_packages_search_filter.py::test_filter_active_shows_active_packages XFAIL [ 86%]
tests/admin_portal/wash_packages/test_wash_packages_search_filter.py::test_filter_site_and_active_combined XFAIL [ 87%]
tests/admin_portal/wash_packages/test_wash_packages_search_filter.py::test_reset_filters_restores_grid XFAIL [ 88%]
tests/admin_portal/wash_packages/test_wash_packages_site_assignment.py::test_assign_multiple_sites_persists ERROR [ 88%]
tests/admin_portal/wash_packages/test_wash_packages_site_assignment.py::test_select_all_sites_via_header_checkbox ERROR [ 89%]
tests/admin_portal/wash_packages/test_wash_packages_site_assignment.py::test_save_wash_package_without_site_selection PASSED [ 90%]
tests/admin_portal/wash_packages/test_wash_packages_site_assignment.py::test_global_price_reflected_at_site ERROR [ 90%]
tests/admin_portal/wash_packages/test_wash_packages_site_assignment.py::test_location_price_override_persists XFAIL [ 91%]
tests/admin_portal/wash_packages/test_wash_packages_site_assignment.py::test_location_price_override_higher_than_global_persists ERROR [ 91%]
tests/admin_portal/wash_packages/test_wash_packages_site_assignment.py::test_location_price_override_lower_than_global_persists ERROR [ 92%]
tests/admin_portal/wash_packages/test_wash_packages_site_assignment.py::test_location_commission_override_persists ERROR [ 93%]
tests/admin_portal/wash_packages/test_wash_packages_site_assignment.py::test_location_commission_higher_than_global_persists ERROR [ 93%]
tests/admin_portal/wash_packages/test_wash_packages_ui.py::test_wash_packages_page_loads_with_primary_controls PASSED [ 94%]
tests/admin_portal/wash_packages/test_wash_packages_ui.py::test_wash_packages_grid_columns_are_visible PASSED [ 95%]
tests/admin_portal/wash_packages/test_wash_packages_ui.py::test_wash_packages_pagination_controls_are_visible PASSED [ 95%]
tests/admin_portal/wash_packages/test_wash_packages_ui.py::test_add_wash_package_form_loads PASSED [ 96%]
tests/admin_portal/wash_packages/test_wash_packages_ui.py::test_discount_settings_tab_loads 2026-07-29 02:13:31,268 ERROR nxtwash: Test FAILED: tests/admin_portal/wash_packages/test_wash_packages_ui.py::test_discount_settings_tab_loads (url: https://staging.nxtwash.com/services/washPackages)

-------------------------------- live log call ---------------------------------
ERROR    nxtwash:conftest.py:241 Test FAILED: tests/admin_portal/wash_packages/test_wash_packages_ui.py::test_discount_settings_tab_loads (url: https://staging.nxtwash.com/services/washPackages)
2026-07-29 02:13:31,920 ERROR nxtwash: Visible page text at failure:
Wash packages
Filter by (1)
+ Add new wash package
Wash package name
Price
Status
No records available
Page
of
0
Results per page
100
Showing 0 - 0 of 0
ERROR    nxtwash:conftest.py:256 Visible page text at failure:
Wash packages
Filter by (1)
+ Add new wash package
Wash package name
Price
Status
No records available
Page
of
0
Results per page
100
Showing 0 - 0 of 0
FAILED                                                                   [ 96%]
tests/admin_portal/wash_packages/test_wash_packages_ui.py::test_wash_packages_filter_panel_shows_controls PASSED [ 97%]
tests/admin_portal/wash_packages/test_wash_packages_validation.py::test_wash_package_blank_required_form_stays_on_form PASSED [ 98%]
tests/admin_portal/wash_packages/test_wash_packages_validation.py::test_wash_package_decimal_price_is_accepted PASSED [ 98%]
tests/admin_portal/wash_packages/test_wash_packages_validation.py::test_wash_package_decimal_commission_is_accepted PASSED [ 99%]
tests/admin_portal/wash_packages/test_wash_packages_validation.py::test_wash_package_invalid_numeric_values_do_not_break_form PASSED [100%]

==================================== ERRORS ====================================
_____________ ERROR at setup of test_wash_package_barcode_persists _____________

browser = <selenium.webdriver.chrome.webdriver.WebDriver (session="ceba16cf102e260cbf6c2ba1a5952d96")>

    @pytest.fixture
    def managed_package(browser):
        """Ensure PACKAGE_NAME exists at baseline before the test and restore after."""
>       page = _reset_managed_package(browser)
               ^^^^^^^^^^^^^^^^^^^^^^^^^^^^^^^

tests/admin_portal/wash_packages/conftest.py:110: 
_ _ _ _ _ _ _ _ _ _ _ _ _ _ _ _ _ _ _ _ _ _ _ _ _ _ _ _ _ _ _ _ _ _ _ _ _ _ _ _ 
tests/admin_portal/wash_packages/conftest.py:78: in _reset_managed_package
    page.create_package(
pages/admin_portal/wash_packages_page.py:829: in create_package
    self.fill_package_form(
pages/admin_portal/wash_packages_page.py:647: in fill_package_form
    self.assign_site_with_price_and_commission(
pages/admin_portal/wash_packages_page.py:606: in assign_site_with_price_and_commission
    row = self.get_site_row(site_name)
          ^^^^^^^^^^^^^^^^^^^^^^^^^^^^
pages/admin_portal/wash_packages_page.py:602: in get_site_row
    return self.wait.until(EC.presence_of_element_located(row_xpath))
           ^^^^^^^^^^^^^^^^^^^^^^^^^^^^^^^^^^^^^^^^^^^^^^^^^^^^^^^^^^
_ _ _ _ _ _ _ _ _ _ _ _ _ _ _ _ _ _ _ _ _ _ _ _ _ _ _ _ _ _ _ _ _ _ _ _ _ _ _ _ 

self = <selenium.webdriver.support.wait.WebDriverWait (session="ceba16cf102e260cbf6c2ba1a5952d96")>
method = <function presence_of_element_located.<locals>._predicate at 0x111327880>
message = ''

    def until(self, method: Callable[[D], Literal[False] | T], message: str = "") -> T:
        """Wait until the method returns a value that is not False.
    
        Calls the method provided with the driver as an argument until the
        return value does not evaluate to ``False``.
    
        Args:
            method: A callable object that takes a WebDriver instance as an
                argument.
            message: Optional message for TimeoutException.
    
        Returns:
            The result of the last call to `method`.
    
        Raises:
            TimeoutException: If 'method' does not return a truthy value within
                the WebDriverWait object's timeout.
    
        Example:
            >>> from selenium.webdriver.common.by import By
            >>> from selenium.webdriver.support.ui import WebDriverWait
            >>> from selenium.webdriver.support import expected_conditions as EC
            >>>
            >>> # Wait until an element is visible on the page
            >>> wait = WebDriverWait(driver, 10)
            >>> element = wait.until(EC.visibility_of_element_located((By.ID, "exampleId")))
            >>> print(element.text)
        """
        screen = None
        stacktrace = None
    
        end_time = time.monotonic() + self._timeout
        while True:
            try:
                value = method(self._driver)
                if value:
                    return value
            except self._ignored_exceptions as exc:
                screen = getattr(exc, "screen", None)
                stacktrace = getattr(exc, "stacktrace", None)
            if time.monotonic() > end_time:
                break
            time.sleep(self._poll)
>       raise TimeoutException(message, screen, stacktrace)
E       selenium.common.exceptions.TimeoutException: Message: 
E       Stacktrace:
E       0   chromedriver                        0x00000001031c1a84 cxxbridge1$str$ptr + 3195292
E       1   chromedriver                        0x00000001031b9b4c cxxbridge1$str$ptr + 3162724
E       2   chromedriver                        0x0000000102c632a4 _RNvCs9NA52FrZ4pF_7___rustc35___rust_no_alloc_shim_is_unstable_v2 + 73836
E       3   chromedriver                        0x0000000102caba44 _RNvCs9NA52FrZ4pF_7___rustc35___rust_no_alloc_shim_is_unstable_v2 + 370700
E       4   chromedriver                        0x0000000102ceb030 _RNvCs9NA52FrZ4pF_7___rustc35___rust_no_alloc_shim_is_unstable_v2 + 630264
E       5   chromedriver                        0x0000000102ca1434 _RNvCs9NA52FrZ4pF_7___rustc35___rust_no_alloc_shim_is_unstable_v2 + 328188
E       6   chromedriver                        0x000000010317ec40 cxxbridge1$str$ptr + 2921304
E       7   chromedriver                        0x00000001031823b8 cxxbridge1$str$ptr + 2935504
E       8   chromedriver                        0x00000001031650f8 cxxbridge1$str$ptr + 2816016
E       9   chromedriver                        0x0000000103182c4c cxxbridge1$str$ptr + 2937700
E       10  chromedriver                        0x00000001031563b0 cxxbridge1$str$ptr + 2755272
E       11  chromedriver                        0x00000001031a81f4 cxxbridge1$str$ptr + 3090700
E       12  chromedriver                        0x00000001031a8354 cxxbridge1$str$ptr + 3091052
E       13  chromedriver                        0x00000001031b97a4 cxxbridge1$str$ptr + 3161788
E       14  libsystem_pthread.dylib             0x0000000199325c08 _pthread_start + 136
E       15  libsystem_pthread.dylib             0x0000000199320ba8 thread_start + 8

venv/lib/python3.11/site-packages/selenium/webdriver/support/wait.py:121: TimeoutException
____________ ERROR at setup of test_edit_wash_package_name_persists ____________

browser = <selenium.webdriver.chrome.webdriver.WebDriver (session="52b3e11ebdcedd81da2a2ea3d3a4527d")>

    @pytest.fixture
    def managed_package(browser):
        """Ensure PACKAGE_NAME exists at baseline before the test and restore after."""
>       page = _reset_managed_package(browser)
               ^^^^^^^^^^^^^^^^^^^^^^^^^^^^^^^

tests/admin_portal/wash_packages/conftest.py:110: 
_ _ _ _ _ _ _ _ _ _ _ _ _ _ _ _ _ _ _ _ _ _ _ _ _ _ _ _ _ _ _ _ _ _ _ _ _ _ _ _ 
tests/admin_portal/wash_packages/conftest.py:78: in _reset_managed_package
    page.create_package(
pages/admin_portal/wash_packages_page.py:829: in create_package
    self.fill_package_form(
pages/admin_portal/wash_packages_page.py:647: in fill_package_form
    self.assign_site_with_price_and_commission(
pages/admin_portal/wash_packages_page.py:606: in assign_site_with_price_and_commission
    row = self.get_site_row(site_name)
          ^^^^^^^^^^^^^^^^^^^^^^^^^^^^
pages/admin_portal/wash_packages_page.py:602: in get_site_row
    return self.wait.until(EC.presence_of_element_located(row_xpath))
           ^^^^^^^^^^^^^^^^^^^^^^^^^^^^^^^^^^^^^^^^^^^^^^^^^^^^^^^^^^
_ _ _ _ _ _ _ _ _ _ _ _ _ _ _ _ _ _ _ _ _ _ _ _ _ _ _ _ _ _ _ _ _ _ _ _ _ _ _ _ 

self = <selenium.webdriver.support.wait.WebDriverWait (session="52b3e11ebdcedd81da2a2ea3d3a4527d")>
method = <function presence_of_element_located.<locals>._predicate at 0x111372520>
message = ''

    def until(self, method: Callable[[D], Literal[False] | T], message: str = "") -> T:
        """Wait until the method returns a value that is not False.
    
        Calls the method provided with the driver as an argument until the
        return value does not evaluate to ``False``.
    
        Args:
            method: A callable object that takes a WebDriver instance as an
                argument.
            message: Optional message for TimeoutException.
    
        Returns:
            The result of the last call to `method`.
    
        Raises:
            TimeoutException: If 'method' does not return a truthy value within
                the WebDriverWait object's timeout.
    
        Example:
            >>> from selenium.webdriver.common.by import By
            >>> from selenium.webdriver.support.ui import WebDriverWait
            >>> from selenium.webdriver.support import expected_conditions as EC
            >>>
            >>> # Wait until an element is visible on the page
            >>> wait = WebDriverWait(driver, 10)
            >>> element = wait.until(EC.visibility_of_element_located((By.ID, "exampleId")))
            >>> print(element.text)
        """
        screen = None
        stacktrace = None
    
        end_time = time.monotonic() + self._timeout
        while True:
            try:
                value = method(self._driver)
                if value:
                    return value
            except self._ignored_exceptions as exc:
                screen = getattr(exc, "screen", None)
                stacktrace = getattr(exc, "stacktrace", None)
            if time.monotonic() > end_time:
                break
            time.sleep(self._poll)
>       raise TimeoutException(message, screen, stacktrace)
E       selenium.common.exceptions.TimeoutException: Message: 
E       Stacktrace:
E       0   chromedriver                        0x0000000104759a84 cxxbridge1$str$ptr + 3195292
E       1   chromedriver                        0x0000000104751b4c cxxbridge1$str$ptr + 3162724
E       2   chromedriver                        0x00000001041fb2a4 _RNvCs9NA52FrZ4pF_7___rustc35___rust_no_alloc_shim_is_unstable_v2 + 73836
E       3   chromedriver                        0x0000000104243a44 _RNvCs9NA52FrZ4pF_7___rustc35___rust_no_alloc_shim_is_unstable_v2 + 370700
E       4   chromedriver                        0x0000000104283030 _RNvCs9NA52FrZ4pF_7___rustc35___rust_no_alloc_shim_is_unstable_v2 + 630264
E       5   chromedriver                        0x0000000104239434 _RNvCs9NA52FrZ4pF_7___rustc35___rust_no_alloc_shim_is_unstable_v2 + 328188
E       6   chromedriver                        0x0000000104716c40 cxxbridge1$str$ptr + 2921304
E       7   chromedriver                        0x000000010471a3b8 cxxbridge1$str$ptr + 2935504
E       8   chromedriver                        0x00000001046fd0f8 cxxbridge1$str$ptr + 2816016
E       9   chromedriver                        0x000000010471ac4c cxxbridge1$str$ptr + 2937700
E       10  chromedriver                        0x00000001046ee3b0 cxxbridge1$str$ptr + 2755272
E       11  chromedriver                        0x00000001047401f4 cxxbridge1$str$ptr + 3090700
E       12  chromedriver                        0x0000000104740354 cxxbridge1$str$ptr + 3091052
E       13  chromedriver                        0x00000001047517a4 cxxbridge1$str$ptr + 3161788
E       14  libsystem_pthread.dylib             0x0000000199325c08 _pthread_start + 136
E       15  libsystem_pthread.dylib             0x0000000199320ba8 thread_start + 8

venv/lib/python3.11/site-packages/selenium/webdriver/support/wait.py:121: TimeoutException
________ ERROR at setup of test_edit_wash_package_global_price_persists ________

browser = <selenium.webdriver.chrome.webdriver.WebDriver (session="895d6445c9090620b5344548363b6410")>

    @pytest.fixture
    def managed_package(browser):
        """Ensure PACKAGE_NAME exists at baseline before the test and restore after."""
>       page = _reset_managed_package(browser)
               ^^^^^^^^^^^^^^^^^^^^^^^^^^^^^^^

tests/admin_portal/wash_packages/conftest.py:110: 
_ _ _ _ _ _ _ _ _ _ _ _ _ _ _ _ _ _ _ _ _ _ _ _ _ _ _ _ _ _ _ _ _ _ _ _ _ _ _ _ 
tests/admin_portal/wash_packages/conftest.py:78: in _reset_managed_package
    page.create_package(
pages/admin_portal/wash_packages_page.py:829: in create_package
    self.fill_package_form(
pages/admin_portal/wash_packages_page.py:647: in fill_package_form
    self.assign_site_with_price_and_commission(
pages/admin_portal/wash_packages_page.py:606: in assign_site_with_price_and_commission
    row = self.get_site_row(site_name)
          ^^^^^^^^^^^^^^^^^^^^^^^^^^^^
pages/admin_portal/wash_packages_page.py:602: in get_site_row
    return self.wait.until(EC.presence_of_element_located(row_xpath))
           ^^^^^^^^^^^^^^^^^^^^^^^^^^^^^^^^^^^^^^^^^^^^^^^^^^^^^^^^^^
_ _ _ _ _ _ _ _ _ _ _ _ _ _ _ _ _ _ _ _ _ _ _ _ _ _ _ _ _ _ _ _ _ _ _ _ _ _ _ _ 

self = <selenium.webdriver.support.wait.WebDriverWait (session="895d6445c9090620b5344548363b6410")>
method = <function presence_of_element_located.<locals>._predicate at 0x111371b20>
message = ''

    def until(self, method: Callable[[D], Literal[False] | T], message: str = "") -> T:
        """Wait until the method returns a value that is not False.
    
        Calls the method provided with the driver as an argument until the
        return value does not evaluate to ``False``.
    
        Args:
            method: A callable object that takes a WebDriver instance as an
                argument.
            message: Optional message for TimeoutException.
    
        Returns:
            The result of the last call to `method`.
    
        Raises:
            TimeoutException: If 'method' does not return a truthy value within
                the WebDriverWait object's timeout.
    
        Example:
            >>> from selenium.webdriver.common.by import By
            >>> from selenium.webdriver.support.ui import WebDriverWait
            >>> from selenium.webdriver.support import expected_conditions as EC
            >>>
            >>> # Wait until an element is visible on the page
            >>> wait = WebDriverWait(driver, 10)
            >>> element = wait.until(EC.visibility_of_element_located((By.ID, "exampleId")))
            >>> print(element.text)
        """
        screen = None
        stacktrace = None
    
        end_time = time.monotonic() + self._timeout
        while True:
            try:
                value = method(self._driver)
                if value:
                    return value
            except self._ignored_exceptions as exc:
                screen = getattr(exc, "screen", None)
                stacktrace = getattr(exc, "stacktrace", None)
            if time.monotonic() > end_time:
                break
            time.sleep(self._poll)
>       raise TimeoutException(message, screen, stacktrace)
E       selenium.common.exceptions.TimeoutException: Message: 
E       Stacktrace:
E       0   chromedriver                        0x0000000102905a84 cxxbridge1$str$ptr + 3195292
E       1   chromedriver                        0x00000001028fdb4c cxxbridge1$str$ptr + 3162724
E       2   chromedriver                        0x00000001023a72a4 _RNvCs9NA52FrZ4pF_7___rustc35___rust_no_alloc_shim_is_unstable_v2 + 73836
E       3   chromedriver                        0x00000001023efa44 _RNvCs9NA52FrZ4pF_7___rustc35___rust_no_alloc_shim_is_unstable_v2 + 370700
E       4   chromedriver                        0x000000010242f030 _RNvCs9NA52FrZ4pF_7___rustc35___rust_no_alloc_shim_is_unstable_v2 + 630264
E       5   chromedriver                        0x00000001023e5434 _RNvCs9NA52FrZ4pF_7___rustc35___rust_no_alloc_shim_is_unstable_v2 + 328188
E       6   chromedriver                        0x00000001028c2c40 cxxbridge1$str$ptr + 2921304
E       7   chromedriver                        0x00000001028c63b8 cxxbridge1$str$ptr + 2935504
E       8   chromedriver                        0x00000001028a90f8 cxxbridge1$str$ptr + 2816016
E       9   chromedriver                        0x00000001028c6c4c cxxbridge1$str$ptr + 2937700
E       10  chromedriver                        0x000000010289a3b0 cxxbridge1$str$ptr + 2755272
E       11  chromedriver                        0x00000001028ec1f4 cxxbridge1$str$ptr + 3090700
E       12  chromedriver                        0x00000001028ec354 cxxbridge1$str$ptr + 3091052
E       13  chromedriver                        0x00000001028fd7a4 cxxbridge1$str$ptr + 3161788
E       14  libsystem_pthread.dylib             0x0000000199325c08 _pthread_start + 136
E       15  libsystem_pthread.dylib             0x0000000199320ba8 thread_start + 8

venv/lib/python3.11/site-packages/selenium/webdriver/support/wait.py:121: TimeoutException
_____ ERROR at setup of test_edit_wash_package_global_commission_persists ______

browser = <selenium.webdriver.chrome.webdriver.WebDriver (session="a7e8cedbcb0b0ebf3be64414c0ea62d3")>

    @pytest.fixture
    def managed_package(browser):
        """Ensure PACKAGE_NAME exists at baseline before the test and restore after."""
>       page = _reset_managed_package(browser)
               ^^^^^^^^^^^^^^^^^^^^^^^^^^^^^^^

tests/admin_portal/wash_packages/conftest.py:110: 
_ _ _ _ _ _ _ _ _ _ _ _ _ _ _ _ _ _ _ _ _ _ _ _ _ _ _ _ _ _ _ _ _ _ _ _ _ _ _ _ 
tests/admin_portal/wash_packages/conftest.py:78: in _reset_managed_package
    page.create_package(
pages/admin_portal/wash_packages_page.py:829: in create_package
    self.fill_package_form(
pages/admin_portal/wash_packages_page.py:647: in fill_package_form
    self.assign_site_with_price_and_commission(
pages/admin_portal/wash_packages_page.py:606: in assign_site_with_price_and_commission
    row = self.get_site_row(site_name)
          ^^^^^^^^^^^^^^^^^^^^^^^^^^^^
pages/admin_portal/wash_packages_page.py:602: in get_site_row
    return self.wait.until(EC.presence_of_element_located(row_xpath))
           ^^^^^^^^^^^^^^^^^^^^^^^^^^^^^^^^^^^^^^^^^^^^^^^^^^^^^^^^^^
_ _ _ _ _ _ _ _ _ _ _ _ _ _ _ _ _ _ _ _ _ _ _ _ _ _ _ _ _ _ _ _ _ _ _ _ _ _ _ _ 

self = <selenium.webdriver.support.wait.WebDriverWait (session="a7e8cedbcb0b0ebf3be64414c0ea62d3")>
method = <function presence_of_element_located.<locals>._predicate at 0x111373240>
message = ''

    def until(self, method: Callable[[D], Literal[False] | T], message: str = "") -> T:
        """Wait until the method returns a value that is not False.
    
        Calls the method provided with the driver as an argument until the
        return value does not evaluate to ``False``.
    
        Args:
            method: A callable object that takes a WebDriver instance as an
                argument.
            message: Optional message for TimeoutException.
    
        Returns:
            The result of the last call to `method`.
    
        Raises:
            TimeoutException: If 'method' does not return a truthy value within
                the WebDriverWait object's timeout.
    
        Example:
            >>> from selenium.webdriver.common.by import By
            >>> from selenium.webdriver.support.ui import WebDriverWait
            >>> from selenium.webdriver.support import expected_conditions as EC
            >>>
            >>> # Wait until an element is visible on the page
            >>> wait = WebDriverWait(driver, 10)
            >>> element = wait.until(EC.visibility_of_element_located((By.ID, "exampleId")))
            >>> print(element.text)
        """
        screen = None
        stacktrace = None
    
        end_time = time.monotonic() + self._timeout
        while True:
            try:
                value = method(self._driver)
                if value:
                    return value
            except self._ignored_exceptions as exc:
                screen = getattr(exc, "screen", None)
                stacktrace = getattr(exc, "stacktrace", None)
            if time.monotonic() > end_time:
                break
            time.sleep(self._poll)
>       raise TimeoutException(message, screen, stacktrace)
E       selenium.common.exceptions.TimeoutException: Message: 
E       Stacktrace:
E       0   chromedriver                        0x0000000100a65a84 cxxbridge1$str$ptr + 3195292
E       1   chromedriver                        0x0000000100a5db4c cxxbridge1$str$ptr + 3162724
E       2   chromedriver                        0x00000001005072a4 _RNvCs9NA52FrZ4pF_7___rustc35___rust_no_alloc_shim_is_unstable_v2 + 73836
E       3   chromedriver                        0x000000010054fa44 _RNvCs9NA52FrZ4pF_7___rustc35___rust_no_alloc_shim_is_unstable_v2 + 370700
E       4   chromedriver                        0x000000010058f030 _RNvCs9NA52FrZ4pF_7___rustc35___rust_no_alloc_shim_is_unstable_v2 + 630264
E       5   chromedriver                        0x0000000100545434 _RNvCs9NA52FrZ4pF_7___rustc35___rust_no_alloc_shim_is_unstable_v2 + 328188
E       6   chromedriver                        0x0000000100a22c40 cxxbridge1$str$ptr + 2921304
E       7   chromedriver                        0x0000000100a263b8 cxxbridge1$str$ptr + 2935504
E       8   chromedriver                        0x0000000100a090f8 cxxbridge1$str$ptr + 2816016
E       9   chromedriver                        0x0000000100a26c4c cxxbridge1$str$ptr + 2937700
E       10  chromedriver                        0x00000001009fa3b0 cxxbridge1$str$ptr + 2755272
E       11  chromedriver                        0x0000000100a4c1f4 cxxbridge1$str$ptr + 3090700
E       12  chromedriver                        0x0000000100a4c354 cxxbridge1$str$ptr + 3091052
E       13  chromedriver                        0x0000000100a5d7a4 cxxbridge1$str$ptr + 3161788
E       14  libsystem_pthread.dylib             0x0000000199325c08 _pthread_start + 136
E       15  libsystem_pthread.dylib             0x0000000199320ba8 thread_start + 8

venv/lib/python3.11/site-packages/selenium/webdriver/support/wait.py:121: TimeoutException
_______ ERROR at setup of test_edit_wash_package_loyalty_points_persist ________

browser = <selenium.webdriver.chrome.webdriver.WebDriver (session="5cdeb334ad500578f9b897429b5c6392")>

    @pytest.fixture
    def managed_package(browser):
        """Ensure PACKAGE_NAME exists at baseline before the test and restore after."""
>       page = _reset_managed_package(browser)
               ^^^^^^^^^^^^^^^^^^^^^^^^^^^^^^^

tests/admin_portal/wash_packages/conftest.py:110: 
_ _ _ _ _ _ _ _ _ _ _ _ _ _ _ _ _ _ _ _ _ _ _ _ _ _ _ _ _ _ _ _ _ _ _ _ _ _ _ _ 
tests/admin_portal/wash_packages/conftest.py:78: in _reset_managed_package
    page.create_package(
pages/admin_portal/wash_packages_page.py:829: in create_package
    self.fill_package_form(
pages/admin_portal/wash_packages_page.py:647: in fill_package_form
    self.assign_site_with_price_and_commission(
pages/admin_portal/wash_packages_page.py:606: in assign_site_with_price_and_commission
    row = self.get_site_row(site_name)
          ^^^^^^^^^^^^^^^^^^^^^^^^^^^^
pages/admin_portal/wash_packages_page.py:602: in get_site_row
    return self.wait.until(EC.presence_of_element_located(row_xpath))
           ^^^^^^^^^^^^^^^^^^^^^^^^^^^^^^^^^^^^^^^^^^^^^^^^^^^^^^^^^^
_ _ _ _ _ _ _ _ _ _ _ _ _ _ _ _ _ _ _ _ _ _ _ _ _ _ _ _ _ _ _ _ _ _ _ _ _ _ _ _ 

self = <selenium.webdriver.support.wait.WebDriverWait (session="5cdeb334ad500578f9b897429b5c6392")>
method = <function presence_of_element_located.<locals>._predicate at 0x1113736a0>
message = ''

    def until(self, method: Callable[[D], Literal[False] | T], message: str = "") -> T:
        """Wait until the method returns a value that is not False.
    
        Calls the method provided with the driver as an argument until the
        return value does not evaluate to ``False``.
    
        Args:
            method: A callable object that takes a WebDriver instance as an
                argument.
            message: Optional message for TimeoutException.
    
        Returns:
            The result of the last call to `method`.
    
        Raises:
            TimeoutException: If 'method' does not return a truthy value within
                the WebDriverWait object's timeout.
    
        Example:
            >>> from selenium.webdriver.common.by import By
            >>> from selenium.webdriver.support.ui import WebDriverWait
            >>> from selenium.webdriver.support import expected_conditions as EC
            >>>
            >>> # Wait until an element is visible on the page
            >>> wait = WebDriverWait(driver, 10)
            >>> element = wait.until(EC.visibility_of_element_located((By.ID, "exampleId")))
            >>> print(element.text)
        """
        screen = None
        stacktrace = None
    
        end_time = time.monotonic() + self._timeout
        while True:
            try:
                value = method(self._driver)
                if value:
                    return value
            except self._ignored_exceptions as exc:
                screen = getattr(exc, "screen", None)
                stacktrace = getattr(exc, "stacktrace", None)
            if time.monotonic() > end_time:
                break
            time.sleep(self._poll)
>       raise TimeoutException(message, screen, stacktrace)
E       selenium.common.exceptions.TimeoutException: Message: 
E       Stacktrace:
E       0   chromedriver                        0x00000001025b1a84 cxxbridge1$str$ptr + 3195292
E       1   chromedriver                        0x00000001025a9b4c cxxbridge1$str$ptr + 3162724
E       2   chromedriver                        0x00000001020532a4 _RNvCs9NA52FrZ4pF_7___rustc35___rust_no_alloc_shim_is_unstable_v2 + 73836
E       3   chromedriver                        0x000000010209ba44 _RNvCs9NA52FrZ4pF_7___rustc35___rust_no_alloc_shim_is_unstable_v2 + 370700
E       4   chromedriver                        0x00000001020db030 _RNvCs9NA52FrZ4pF_7___rustc35___rust_no_alloc_shim_is_unstable_v2 + 630264
E       5   chromedriver                        0x0000000102091434 _RNvCs9NA52FrZ4pF_7___rustc35___rust_no_alloc_shim_is_unstable_v2 + 328188
E       6   chromedriver                        0x000000010256ec40 cxxbridge1$str$ptr + 2921304
E       7   chromedriver                        0x00000001025723b8 cxxbridge1$str$ptr + 2935504
E       8   chromedriver                        0x00000001025550f8 cxxbridge1$str$ptr + 2816016
E       9   chromedriver                        0x0000000102572c4c cxxbridge1$str$ptr + 2937700
E       10  chromedriver                        0x00000001025463b0 cxxbridge1$str$ptr + 2755272
E       11  chromedriver                        0x00000001025981f4 cxxbridge1$str$ptr + 3090700
E       12  chromedriver                        0x0000000102598354 cxxbridge1$str$ptr + 3091052
E       13  chromedriver                        0x00000001025a97a4 cxxbridge1$str$ptr + 3161788
E       14  libsystem_pthread.dylib             0x0000000199325c08 _pthread_start + 136
E       15  libsystem_pthread.dylib             0x0000000199320ba8 thread_start + 8

venv/lib/python3.11/site-packages/selenium/webdriver/support/wait.py:121: TimeoutException
___________ ERROR at setup of test_edit_wash_package_assigned_sites ____________

browser = <selenium.webdriver.chrome.webdriver.WebDriver (session="d61e563afdb267a5de11df24ff38a629")>

    @pytest.fixture
    def managed_package(browser):
        """Ensure PACKAGE_NAME exists at baseline before the test and restore after."""
>       page = _reset_managed_package(browser)
               ^^^^^^^^^^^^^^^^^^^^^^^^^^^^^^^

tests/admin_portal/wash_packages/conftest.py:110: 
_ _ _ _ _ _ _ _ _ _ _ _ _ _ _ _ _ _ _ _ _ _ _ _ _ _ _ _ _ _ _ _ _ _ _ _ _ _ _ _ 
tests/admin_portal/wash_packages/conftest.py:78: in _reset_managed_package
    page.create_package(
pages/admin_portal/wash_packages_page.py:829: in create_package
    self.fill_package_form(
pages/admin_portal/wash_packages_page.py:647: in fill_package_form
    self.assign_site_with_price_and_commission(
pages/admin_portal/wash_packages_page.py:606: in assign_site_with_price_and_commission
    row = self.get_site_row(site_name)
          ^^^^^^^^^^^^^^^^^^^^^^^^^^^^
pages/admin_portal/wash_packages_page.py:602: in get_site_row
    return self.wait.until(EC.presence_of_element_located(row_xpath))
           ^^^^^^^^^^^^^^^^^^^^^^^^^^^^^^^^^^^^^^^^^^^^^^^^^^^^^^^^^^
_ _ _ _ _ _ _ _ _ _ _ _ _ _ _ _ _ _ _ _ _ _ _ _ _ _ _ _ _ _ _ _ _ _ _ _ _ _ _ _ 

self = <selenium.webdriver.support.wait.WebDriverWait (session="d61e563afdb267a5de11df24ff38a629")>
method = <function presence_of_element_located.<locals>._predicate at 0x111373920>
message = ''

    def until(self, method: Callable[[D], Literal[False] | T], message: str = "") -> T:
        """Wait until the method returns a value that is not False.
    
        Calls the method provided with the driver as an argument until the
        return value does not evaluate to ``False``.
    
        Args:
            method: A callable object that takes a WebDriver instance as an
                argument.
            message: Optional message for TimeoutException.
    
        Returns:
            The result of the last call to `method`.
    
        Raises:
            TimeoutException: If 'method' does not return a truthy value within
                the WebDriverWait object's timeout.
    
        Example:
            >>> from selenium.webdriver.common.by import By
            >>> from selenium.webdriver.support.ui import WebDriverWait
            >>> from selenium.webdriver.support import expected_conditions as EC
            >>>
            >>> # Wait until an element is visible on the page
            >>> wait = WebDriverWait(driver, 10)
            >>> element = wait.until(EC.visibility_of_element_located((By.ID, "exampleId")))
            >>> print(element.text)
        """
        screen = None
        stacktrace = None
    
        end_time = time.monotonic() + self._timeout
        while True:
            try:
                value = method(self._driver)
                if value:
                    return value
            except self._ignored_exceptions as exc:
                screen = getattr(exc, "screen", None)
                stacktrace = getattr(exc, "stacktrace", None)
            if time.monotonic() > end_time:
                break
            time.sleep(self._poll)
>       raise TimeoutException(message, screen, stacktrace)
E       selenium.common.exceptions.TimeoutException: Message: 
E       Stacktrace:
E       0   chromedriver                        0x0000000102ae1a84 cxxbridge1$str$ptr + 3195292
E       1   chromedriver                        0x0000000102ad9b4c cxxbridge1$str$ptr + 3162724
E       2   chromedriver                        0x00000001025832a4 _RNvCs9NA52FrZ4pF_7___rustc35___rust_no_alloc_shim_is_unstable_v2 + 73836
E       3   chromedriver                        0x00000001025cba44 _RNvCs9NA52FrZ4pF_7___rustc35___rust_no_alloc_shim_is_unstable_v2 + 370700
E       4   chromedriver                        0x000000010260b030 _RNvCs9NA52FrZ4pF_7___rustc35___rust_no_alloc_shim_is_unstable_v2 + 630264
E       5   chromedriver                        0x00000001025c1434 _RNvCs9NA52FrZ4pF_7___rustc35___rust_no_alloc_shim_is_unstable_v2 + 328188
E       6   chromedriver                        0x0000000102a9ec40 cxxbridge1$str$ptr + 2921304
E       7   chromedriver                        0x0000000102aa23b8 cxxbridge1$str$ptr + 2935504
E       8   chromedriver                        0x0000000102a850f8 cxxbridge1$str$ptr + 2816016
E       9   chromedriver                        0x0000000102aa2c4c cxxbridge1$str$ptr + 2937700
E       10  chromedriver                        0x0000000102a763b0 cxxbridge1$str$ptr + 2755272
E       11  chromedriver                        0x0000000102ac81f4 cxxbridge1$str$ptr + 3090700
E       12  chromedriver                        0x0000000102ac8354 cxxbridge1$str$ptr + 3091052
E       13  chromedriver                        0x0000000102ad97a4 cxxbridge1$str$ptr + 3161788
E       14  libsystem_pthread.dylib             0x0000000199325c08 _pthread_start + 136
E       15  libsystem_pthread.dylib             0x0000000199320ba8 thread_start + 8

venv/lib/python3.11/site-packages/selenium/webdriver/support/wait.py:121: TimeoutException
_________________ ERROR at setup of test_activate_wash_package _________________

browser = <selenium.webdriver.chrome.webdriver.WebDriver (session="9b392afb6df6dc27ebfede6140010773")>

    @pytest.fixture
    def managed_package(browser):
        """Ensure PACKAGE_NAME exists at baseline before the test and restore after."""
>       page = _reset_managed_package(browser)
               ^^^^^^^^^^^^^^^^^^^^^^^^^^^^^^^

tests/admin_portal/wash_packages/conftest.py:110: 
_ _ _ _ _ _ _ _ _ _ _ _ _ _ _ _ _ _ _ _ _ _ _ _ _ _ _ _ _ _ _ _ _ _ _ _ _ _ _ _ 
tests/admin_portal/wash_packages/conftest.py:78: in _reset_managed_package
    page.create_package(
pages/admin_portal/wash_packages_page.py:829: in create_package
    self.fill_package_form(
pages/admin_portal/wash_packages_page.py:647: in fill_package_form
    self.assign_site_with_price_and_commission(
pages/admin_portal/wash_packages_page.py:606: in assign_site_with_price_and_commission
    row = self.get_site_row(site_name)
          ^^^^^^^^^^^^^^^^^^^^^^^^^^^^
pages/admin_portal/wash_packages_page.py:602: in get_site_row
    return self.wait.until(EC.presence_of_element_located(row_xpath))
           ^^^^^^^^^^^^^^^^^^^^^^^^^^^^^^^^^^^^^^^^^^^^^^^^^^^^^^^^^^
_ _ _ _ _ _ _ _ _ _ _ _ _ _ _ _ _ _ _ _ _ _ _ _ _ _ _ _ _ _ _ _ _ _ _ _ _ _ _ _ 

self = <selenium.webdriver.support.wait.WebDriverWait (session="9b392afb6df6dc27ebfede6140010773")>
method = <function presence_of_element_located.<locals>._predicate at 0x111373c40>
message = ''

    def until(self, method: Callable[[D], Literal[False] | T], message: str = "") -> T:
        """Wait until the method returns a value that is not False.
    
        Calls the method provided with the driver as an argument until the
        return value does not evaluate to ``False``.
    
        Args:
            method: A callable object that takes a WebDriver instance as an
                argument.
            message: Optional message for TimeoutException.
    
        Returns:
            The result of the last call to `method`.
    
        Raises:
            TimeoutException: If 'method' does not return a truthy value within
                the WebDriverWait object's timeout.
    
        Example:
            >>> from selenium.webdriver.common.by import By
            >>> from selenium.webdriver.support.ui import WebDriverWait
            >>> from selenium.webdriver.support import expected_conditions as EC
            >>>
            >>> # Wait until an element is visible on the page
            >>> wait = WebDriverWait(driver, 10)
            >>> element = wait.until(EC.visibility_of_element_located((By.ID, "exampleId")))
            >>> print(element.text)
        """
        screen = None
        stacktrace = None
    
        end_time = time.monotonic() + self._timeout
        while True:
            try:
                value = method(self._driver)
                if value:
                    return value
            except self._ignored_exceptions as exc:
                screen = getattr(exc, "screen", None)
                stacktrace = getattr(exc, "stacktrace", None)
            if time.monotonic() > end_time:
                break
            time.sleep(self._poll)
>       raise TimeoutException(message, screen, stacktrace)
E       selenium.common.exceptions.TimeoutException: Message: 
E       Stacktrace:
E       0   chromedriver                        0x0000000100b39a84 cxxbridge1$str$ptr + 3195292
E       1   chromedriver                        0x0000000100b31b4c cxxbridge1$str$ptr + 3162724
E       2   chromedriver                        0x00000001005db2a4 _RNvCs9NA52FrZ4pF_7___rustc35___rust_no_alloc_shim_is_unstable_v2 + 73836
E       3   chromedriver                        0x0000000100623a44 _RNvCs9NA52FrZ4pF_7___rustc35___rust_no_alloc_shim_is_unstable_v2 + 370700
E       4   chromedriver                        0x0000000100663030 _RNvCs9NA52FrZ4pF_7___rustc35___rust_no_alloc_shim_is_unstable_v2 + 630264
E       5   chromedriver                        0x0000000100619434 _RNvCs9NA52FrZ4pF_7___rustc35___rust_no_alloc_shim_is_unstable_v2 + 328188
E       6   chromedriver                        0x0000000100af6c40 cxxbridge1$str$ptr + 2921304
E       7   chromedriver                        0x0000000100afa3b8 cxxbridge1$str$ptr + 2935504
E       8   chromedriver                        0x0000000100add0f8 cxxbridge1$str$ptr + 2816016
E       9   chromedriver                        0x0000000100afac4c cxxbridge1$str$ptr + 2937700
E       10  chromedriver                        0x0000000100ace3b0 cxxbridge1$str$ptr + 2755272
E       11  chromedriver                        0x0000000100b201f4 cxxbridge1$str$ptr + 3090700
E       12  chromedriver                        0x0000000100b20354 cxxbridge1$str$ptr + 3091052
E       13  chromedriver                        0x0000000100b317a4 cxxbridge1$str$ptr + 3161788
E       14  libsystem_pthread.dylib             0x0000000199325c08 _pthread_start + 136
E       15  libsystem_pthread.dylib             0x0000000199320ba8 thread_start + 8

venv/lib/python3.11/site-packages/selenium/webdriver/support/wait.py:121: TimeoutException
__________ ERROR at setup of test_assign_applicable_discount_persists __________

browser = <selenium.webdriver.chrome.webdriver.WebDriver (session="c3924230c786eb216ef871cf82f2f365")>

    @pytest.fixture
    def managed_package(browser):
        """Ensure PACKAGE_NAME exists at baseline before the test and restore after."""
>       page = _reset_managed_package(browser)
               ^^^^^^^^^^^^^^^^^^^^^^^^^^^^^^^

tests/admin_portal/wash_packages/conftest.py:110: 
_ _ _ _ _ _ _ _ _ _ _ _ _ _ _ _ _ _ _ _ _ _ _ _ _ _ _ _ _ _ _ _ _ _ _ _ _ _ _ _ 
tests/admin_portal/wash_packages/conftest.py:78: in _reset_managed_package
    page.create_package(
pages/admin_portal/wash_packages_page.py:829: in create_package
    self.fill_package_form(
pages/admin_portal/wash_packages_page.py:647: in fill_package_form
    self.assign_site_with_price_and_commission(
pages/admin_portal/wash_packages_page.py:606: in assign_site_with_price_and_commission
    row = self.get_site_row(site_name)
          ^^^^^^^^^^^^^^^^^^^^^^^^^^^^
pages/admin_portal/wash_packages_page.py:602: in get_site_row
    return self.wait.until(EC.presence_of_element_located(row_xpath))
           ^^^^^^^^^^^^^^^^^^^^^^^^^^^^^^^^^^^^^^^^^^^^^^^^^^^^^^^^^^
_ _ _ _ _ _ _ _ _ _ _ _ _ _ _ _ _ _ _ _ _ _ _ _ _ _ _ _ _ _ _ _ _ _ _ _ _ _ _ _ 

self = <selenium.webdriver.support.wait.WebDriverWait (session="c3924230c786eb216ef871cf82f2f365")>
method = <function presence_of_element_located.<locals>._predicate at 0x1113731a0>
message = ''

    def until(self, method: Callable[[D], Literal[False] | T], message: str = "") -> T:
        """Wait until the method returns a value that is not False.
    
        Calls the method provided with the driver as an argument until the
        return value does not evaluate to ``False``.
    
        Args:
            method: A callable object that takes a WebDriver instance as an
                argument.
            message: Optional message for TimeoutException.
    
        Returns:
            The result of the last call to `method`.
    
        Raises:
            TimeoutException: If 'method' does not return a truthy value within
                the WebDriverWait object's timeout.
    
        Example:
            >>> from selenium.webdriver.common.by import By
            >>> from selenium.webdriver.support.ui import WebDriverWait
            >>> from selenium.webdriver.support import expected_conditions as EC
            >>>
            >>> # Wait until an element is visible on the page
            >>> wait = WebDriverWait(driver, 10)
            >>> element = wait.until(EC.visibility_of_element_located((By.ID, "exampleId")))
            >>> print(element.text)
        """
        screen = None
        stacktrace = None
    
        end_time = time.monotonic() + self._timeout
        while True:
            try:
                value = method(self._driver)
                if value:
                    return value
            except self._ignored_exceptions as exc:
                screen = getattr(exc, "screen", None)
                stacktrace = getattr(exc, "stacktrace", None)
            if time.monotonic() > end_time:
                break
            time.sleep(self._poll)
>       raise TimeoutException(message, screen, stacktrace)
E       selenium.common.exceptions.TimeoutException: Message: 
E       Stacktrace:
E       0   chromedriver                        0x00000001006dda84 cxxbridge1$str$ptr + 3195292
E       1   chromedriver                        0x00000001006d5b4c cxxbridge1$str$ptr + 3162724
E       2   chromedriver                        0x000000010017f2a4 _RNvCs9NA52FrZ4pF_7___rustc35___rust_no_alloc_shim_is_unstable_v2 + 73836
E       3   chromedriver                        0x00000001001c7a44 _RNvCs9NA52FrZ4pF_7___rustc35___rust_no_alloc_shim_is_unstable_v2 + 370700
E       4   chromedriver                        0x0000000100207030 _RNvCs9NA52FrZ4pF_7___rustc35___rust_no_alloc_shim_is_unstable_v2 + 630264
E       5   chromedriver                        0x00000001001bd434 _RNvCs9NA52FrZ4pF_7___rustc35___rust_no_alloc_shim_is_unstable_v2 + 328188
E       6   chromedriver                        0x000000010069ac40 cxxbridge1$str$ptr + 2921304
E       7   chromedriver                        0x000000010069e3b8 cxxbridge1$str$ptr + 2935504
E       8   chromedriver                        0x00000001006810f8 cxxbridge1$str$ptr + 2816016
E       9   chromedriver                        0x000000010069ec4c cxxbridge1$str$ptr + 2937700
E       10  chromedriver                        0x00000001006723b0 cxxbridge1$str$ptr + 2755272
E       11  chromedriver                        0x00000001006c41f4 cxxbridge1$str$ptr + 3090700
E       12  chromedriver                        0x00000001006c4354 cxxbridge1$str$ptr + 3091052
E       13  chromedriver                        0x00000001006d57a4 cxxbridge1$str$ptr + 3161788
E       14  libsystem_pthread.dylib             0x0000000199325c08 _pthread_start + 136
E       15  libsystem_pthread.dylib             0x0000000199320ba8 thread_start + 8

venv/lib/python3.11/site-packages/selenium/webdriver/support/wait.py:121: TimeoutException
___________ ERROR at setup of test_assign_multiple_discounts_persist ___________

browser = <selenium.webdriver.chrome.webdriver.WebDriver (session="e5318f240a526370cff3f8d94bb79b18")>

    @pytest.fixture
    def managed_package(browser):
        """Ensure PACKAGE_NAME exists at baseline before the test and restore after."""
>       page = _reset_managed_package(browser)
               ^^^^^^^^^^^^^^^^^^^^^^^^^^^^^^^

tests/admin_portal/wash_packages/conftest.py:110: 
_ _ _ _ _ _ _ _ _ _ _ _ _ _ _ _ _ _ _ _ _ _ _ _ _ _ _ _ _ _ _ _ _ _ _ _ _ _ _ _ 
tests/admin_portal/wash_packages/conftest.py:78: in _reset_managed_package
    page.create_package(
pages/admin_portal/wash_packages_page.py:829: in create_package
    self.fill_package_form(
pages/admin_portal/wash_packages_page.py:647: in fill_package_form
    self.assign_site_with_price_and_commission(
pages/admin_portal/wash_packages_page.py:606: in assign_site_with_price_and_commission
    row = self.get_site_row(site_name)
          ^^^^^^^^^^^^^^^^^^^^^^^^^^^^
pages/admin_portal/wash_packages_page.py:602: in get_site_row
    return self.wait.until(EC.presence_of_element_located(row_xpath))
           ^^^^^^^^^^^^^^^^^^^^^^^^^^^^^^^^^^^^^^^^^^^^^^^^^^^^^^^^^^
_ _ _ _ _ _ _ _ _ _ _ _ _ _ _ _ _ _ _ _ _ _ _ _ _ _ _ _ _ _ _ _ _ _ _ _ _ _ _ _ 

self = <selenium.webdriver.support.wait.WebDriverWait (session="e5318f240a526370cff3f8d94bb79b18")>
method = <function presence_of_element_located.<locals>._predicate at 0x111554cc0>
message = ''

    def until(self, method: Callable[[D], Literal[False] | T], message: str = "") -> T:
        """Wait until the method returns a value that is not False.
    
        Calls the method provided with the driver as an argument until the
        return value does not evaluate to ``False``.
    
        Args:
            method: A callable object that takes a WebDriver instance as an
                argument.
            message: Optional message for TimeoutException.
    
        Returns:
            The result of the last call to `method`.
    
        Raises:
            TimeoutException: If 'method' does not return a truthy value within
                the WebDriverWait object's timeout.
    
        Example:
            >>> from selenium.webdriver.common.by import By
            >>> from selenium.webdriver.support.ui import WebDriverWait
            >>> from selenium.webdriver.support import expected_conditions as EC
            >>>
            >>> # Wait until an element is visible on the page
            >>> wait = WebDriverWait(driver, 10)
            >>> element = wait.until(EC.visibility_of_element_located((By.ID, "exampleId")))
            >>> print(element.text)
        """
        screen = None
        stacktrace = None
    
        end_time = time.monotonic() + self._timeout
        while True:
            try:
                value = method(self._driver)
                if value:
                    return value
            except self._ignored_exceptions as exc:
                screen = getattr(exc, "screen", None)
                stacktrace = getattr(exc, "stacktrace", None)
            if time.monotonic() > end_time:
                break
            time.sleep(self._poll)
>       raise TimeoutException(message, screen, stacktrace)
E       selenium.common.exceptions.TimeoutException: Message: 
E       Stacktrace:
E       0   chromedriver                        0x0000000104e1da84 cxxbridge1$str$ptr + 3195292
E       1   chromedriver                        0x0000000104e15b4c cxxbridge1$str$ptr + 3162724
E       2   chromedriver                        0x00000001048bf2a4 _RNvCs9NA52FrZ4pF_7___rustc35___rust_no_alloc_shim_is_unstable_v2 + 73836
E       3   chromedriver                        0x0000000104907a44 _RNvCs9NA52FrZ4pF_7___rustc35___rust_no_alloc_shim_is_unstable_v2 + 370700
E       4   chromedriver                        0x0000000104947030 _RNvCs9NA52FrZ4pF_7___rustc35___rust_no_alloc_shim_is_unstable_v2 + 630264
E       5   chromedriver                        0x00000001048fd434 _RNvCs9NA52FrZ4pF_7___rustc35___rust_no_alloc_shim_is_unstable_v2 + 328188
E       6   chromedriver                        0x0000000104ddac40 cxxbridge1$str$ptr + 2921304
E       7   chromedriver                        0x0000000104dde3b8 cxxbridge1$str$ptr + 2935504
E       8   chromedriver                        0x0000000104dc10f8 cxxbridge1$str$ptr + 2816016
E       9   chromedriver                        0x0000000104ddec4c cxxbridge1$str$ptr + 2937700
E       10  chromedriver                        0x0000000104db23b0 cxxbridge1$str$ptr + 2755272
E       11  chromedriver                        0x0000000104e041f4 cxxbridge1$str$ptr + 3090700
E       12  chromedriver                        0x0000000104e04354 cxxbridge1$str$ptr + 3091052
E       13  chromedriver                        0x0000000104e157a4 cxxbridge1$str$ptr + 3161788
E       14  libsystem_pthread.dylib             0x0000000199325c08 _pthread_start + 136
E       15  libsystem_pthread.dylib             0x0000000199320ba8 thread_start + 8

venv/lib/python3.11/site-packages/selenium/webdriver/support/wait.py:121: TimeoutException
____________ ERROR at setup of test_loyalty_points_awarded_persists ____________

browser = <selenium.webdriver.chrome.webdriver.WebDriver (session="61079e2b63a0456f7a0d759c82f944e7")>

    @pytest.fixture
    def managed_package(browser):
        """Ensure PACKAGE_NAME exists at baseline before the test and restore after."""
>       page = _reset_managed_package(browser)
               ^^^^^^^^^^^^^^^^^^^^^^^^^^^^^^^

tests/admin_portal/wash_packages/conftest.py:110: 
_ _ _ _ _ _ _ _ _ _ _ _ _ _ _ _ _ _ _ _ _ _ _ _ _ _ _ _ _ _ _ _ _ _ _ _ _ _ _ _ 
tests/admin_portal/wash_packages/conftest.py:78: in _reset_managed_package
    page.create_package(
pages/admin_portal/wash_packages_page.py:829: in create_package
    self.fill_package_form(
pages/admin_portal/wash_packages_page.py:647: in fill_package_form
    self.assign_site_with_price_and_commission(
pages/admin_portal/wash_packages_page.py:606: in assign_site_with_price_and_commission
    row = self.get_site_row(site_name)
          ^^^^^^^^^^^^^^^^^^^^^^^^^^^^
pages/admin_portal/wash_packages_page.py:602: in get_site_row
    return self.wait.until(EC.presence_of_element_located(row_xpath))
           ^^^^^^^^^^^^^^^^^^^^^^^^^^^^^^^^^^^^^^^^^^^^^^^^^^^^^^^^^^
_ _ _ _ _ _ _ _ _ _ _ _ _ _ _ _ _ _ _ _ _ _ _ _ _ _ _ _ _ _ _ _ _ _ _ _ _ _ _ _ 

self = <selenium.webdriver.support.wait.WebDriverWait (session="61079e2b63a0456f7a0d759c82f944e7")>
method = <function presence_of_element_located.<locals>._predicate at 0x1113734c0>
message = ''

    def until(self, method: Callable[[D], Literal[False] | T], message: str = "") -> T:
        """Wait until the method returns a value that is not False.
    
        Calls the method provided with the driver as an argument until the
        return value does not evaluate to ``False``.
    
        Args:
            method: A callable object that takes a WebDriver instance as an
                argument.
            message: Optional message for TimeoutException.
    
        Returns:
            The result of the last call to `method`.
    
        Raises:
            TimeoutException: If 'method' does not return a truthy value within
                the WebDriverWait object's timeout.
    
        Example:
            >>> from selenium.webdriver.common.by import By
            >>> from selenium.webdriver.support.ui import WebDriverWait
            >>> from selenium.webdriver.support import expected_conditions as EC
            >>>
            >>> # Wait until an element is visible on the page
            >>> wait = WebDriverWait(driver, 10)
            >>> element = wait.until(EC.visibility_of_element_located((By.ID, "exampleId")))
            >>> print(element.text)
        """
        screen = None
        stacktrace = None
    
        end_time = time.monotonic() + self._timeout
        while True:
            try:
                value = method(self._driver)
                if value:
                    return value
            except self._ignored_exceptions as exc:
                screen = getattr(exc, "screen", None)
                stacktrace = getattr(exc, "stacktrace", None)
            if time.monotonic() > end_time:
                break
            time.sleep(self._poll)
>       raise TimeoutException(message, screen, stacktrace)
E       selenium.common.exceptions.TimeoutException: Message: 
E       Stacktrace:
E       0   chromedriver                        0x00000001031a5a84 cxxbridge1$str$ptr + 3195292
E       1   chromedriver                        0x000000010319db4c cxxbridge1$str$ptr + 3162724
E       2   chromedriver                        0x0000000102c472a4 _RNvCs9NA52FrZ4pF_7___rustc35___rust_no_alloc_shim_is_unstable_v2 + 73836
E       3   chromedriver                        0x0000000102c8fa44 _RNvCs9NA52FrZ4pF_7___rustc35___rust_no_alloc_shim_is_unstable_v2 + 370700
E       4   chromedriver                        0x0000000102ccf030 _RNvCs9NA52FrZ4pF_7___rustc35___rust_no_alloc_shim_is_unstable_v2 + 630264
E       5   chromedriver                        0x0000000102c85434 _RNvCs9NA52FrZ4pF_7___rustc35___rust_no_alloc_shim_is_unstable_v2 + 328188
E       6   chromedriver                        0x0000000103162c40 cxxbridge1$str$ptr + 2921304
E       7   chromedriver                        0x00000001031663b8 cxxbridge1$str$ptr + 2935504
E       8   chromedriver                        0x00000001031490f8 cxxbridge1$str$ptr + 2816016
E       9   chromedriver                        0x0000000103166c4c cxxbridge1$str$ptr + 2937700
E       10  chromedriver                        0x000000010313a3b0 cxxbridge1$str$ptr + 2755272
E       11  chromedriver                        0x000000010318c1f4 cxxbridge1$str$ptr + 3090700
E       12  chromedriver                        0x000000010318c354 cxxbridge1$str$ptr + 3091052
E       13  chromedriver                        0x000000010319d7a4 cxxbridge1$str$ptr + 3161788
E       14  libsystem_pthread.dylib             0x0000000199325c08 _pthread_start + 136
E       15  libsystem_pthread.dylib             0x0000000199320ba8 thread_start + 8

venv/lib/python3.11/site-packages/selenium/webdriver/support/wait.py:121: TimeoutException
___________ ERROR at setup of test_loyalty_points_redeemed_persists ____________

browser = <selenium.webdriver.chrome.webdriver.WebDriver (session="e3fdfa7e39570f9943f8f4d1121f890d")>

    @pytest.fixture
    def managed_package(browser):
        """Ensure PACKAGE_NAME exists at baseline before the test and restore after."""
>       page = _reset_managed_package(browser)
               ^^^^^^^^^^^^^^^^^^^^^^^^^^^^^^^

tests/admin_portal/wash_packages/conftest.py:110: 
_ _ _ _ _ _ _ _ _ _ _ _ _ _ _ _ _ _ _ _ _ _ _ _ _ _ _ _ _ _ _ _ _ _ _ _ _ _ _ _ 
tests/admin_portal/wash_packages/conftest.py:78: in _reset_managed_package
    page.create_package(
pages/admin_portal/wash_packages_page.py:829: in create_package
    self.fill_package_form(
pages/admin_portal/wash_packages_page.py:647: in fill_package_form
    self.assign_site_with_price_and_commission(
pages/admin_portal/wash_packages_page.py:606: in assign_site_with_price_and_commission
    row = self.get_site_row(site_name)
          ^^^^^^^^^^^^^^^^^^^^^^^^^^^^
pages/admin_portal/wash_packages_page.py:602: in get_site_row
    return self.wait.until(EC.presence_of_element_located(row_xpath))
           ^^^^^^^^^^^^^^^^^^^^^^^^^^^^^^^^^^^^^^^^^^^^^^^^^^^^^^^^^^
_ _ _ _ _ _ _ _ _ _ _ _ _ _ _ _ _ _ _ _ _ _ _ _ _ _ _ _ _ _ _ _ _ _ _ _ _ _ _ _ 

self = <selenium.webdriver.support.wait.WebDriverWait (session="e3fdfa7e39570f9943f8f4d1121f890d")>
method = <function presence_of_element_located.<locals>._predicate at 0x111372f20>
message = ''

    def until(self, method: Callable[[D], Literal[False] | T], message: str = "") -> T:
        """Wait until the method returns a value that is not False.
    
        Calls the method provided with the driver as an argument until the
        return value does not evaluate to ``False``.
    
        Args:
            method: A callable object that takes a WebDriver instance as an
                argument.
            message: Optional message for TimeoutException.
    
        Returns:
            The result of the last call to `method`.
    
        Raises:
            TimeoutException: If 'method' does not return a truthy value within
                the WebDriverWait object's timeout.
    
        Example:
            >>> from selenium.webdriver.common.by import By
            >>> from selenium.webdriver.support.ui import WebDriverWait
            >>> from selenium.webdriver.support import expected_conditions as EC
            >>>
            >>> # Wait until an element is visible on the page
            >>> wait = WebDriverWait(driver, 10)
            >>> element = wait.until(EC.visibility_of_element_located((By.ID, "exampleId")))
            >>> print(element.text)
        """
        screen = None
        stacktrace = None
    
        end_time = time.monotonic() + self._timeout
        while True:
            try:
                value = method(self._driver)
                if value:
                    return value
            except self._ignored_exceptions as exc:
                screen = getattr(exc, "screen", None)
                stacktrace = getattr(exc, "stacktrace", None)
            if time.monotonic() > end_time:
                break
            time.sleep(self._poll)
>       raise TimeoutException(message, screen, stacktrace)
E       selenium.common.exceptions.TimeoutException: Message: 
E       Stacktrace:
E       0   chromedriver                        0x00000001025d5a84 cxxbridge1$str$ptr + 3195292
E       1   chromedriver                        0x00000001025cdb4c cxxbridge1$str$ptr + 3162724
E       2   chromedriver                        0x00000001020772a4 _RNvCs9NA52FrZ4pF_7___rustc35___rust_no_alloc_shim_is_unstable_v2 + 73836
E       3   chromedriver                        0x00000001020bfa44 _RNvCs9NA52FrZ4pF_7___rustc35___rust_no_alloc_shim_is_unstable_v2 + 370700
E       4   chromedriver                        0x00000001020ff030 _RNvCs9NA52FrZ4pF_7___rustc35___rust_no_alloc_shim_is_unstable_v2 + 630264
E       5   chromedriver                        0x00000001020b5434 _RNvCs9NA52FrZ4pF_7___rustc35___rust_no_alloc_shim_is_unstable_v2 + 328188
E       6   chromedriver                        0x0000000102592c40 cxxbridge1$str$ptr + 2921304
E       7   chromedriver                        0x00000001025963b8 cxxbridge1$str$ptr + 2935504
E       8   chromedriver                        0x00000001025790f8 cxxbridge1$str$ptr + 2816016
E       9   chromedriver                        0x0000000102596c4c cxxbridge1$str$ptr + 2937700
E       10  chromedriver                        0x000000010256a3b0 cxxbridge1$str$ptr + 2755272
E       11  chromedriver                        0x00000001025bc1f4 cxxbridge1$str$ptr + 3090700
E       12  chromedriver                        0x00000001025bc354 cxxbridge1$str$ptr + 3091052
E       13  chromedriver                        0x00000001025cd7a4 cxxbridge1$str$ptr + 3161788
E       14  libsystem_pthread.dylib             0x0000000199325c08 _pthread_start + 136
E       15  libsystem_pthread.dylib             0x0000000199320ba8 thread_start + 8

venv/lib/python3.11/site-packages/selenium/webdriver/support/wait.py:121: TimeoutException
_________ ERROR at setup of test_managed_package_provided_at_baseline __________

browser = <selenium.webdriver.chrome.webdriver.WebDriver (session="4b18d1d5f7ea3bd551bb7ef9073d5eba")>

    @pytest.fixture
    def managed_package(browser):
        """Ensure PACKAGE_NAME exists at baseline before the test and restore after."""
>       page = _reset_managed_package(browser)
               ^^^^^^^^^^^^^^^^^^^^^^^^^^^^^^^

tests/admin_portal/wash_packages/conftest.py:110: 
_ _ _ _ _ _ _ _ _ _ _ _ _ _ _ _ _ _ _ _ _ _ _ _ _ _ _ _ _ _ _ _ _ _ _ _ _ _ _ _ 
tests/admin_portal/wash_packages/conftest.py:78: in _reset_managed_package
    page.create_package(
pages/admin_portal/wash_packages_page.py:829: in create_package
    self.fill_package_form(
pages/admin_portal/wash_packages_page.py:647: in fill_package_form
    self.assign_site_with_price_and_commission(
pages/admin_portal/wash_packages_page.py:606: in assign_site_with_price_and_commission
    row = self.get_site_row(site_name)
          ^^^^^^^^^^^^^^^^^^^^^^^^^^^^
pages/admin_portal/wash_packages_page.py:602: in get_site_row
    return self.wait.until(EC.presence_of_element_located(row_xpath))
           ^^^^^^^^^^^^^^^^^^^^^^^^^^^^^^^^^^^^^^^^^^^^^^^^^^^^^^^^^^
_ _ _ _ _ _ _ _ _ _ _ _ _ _ _ _ _ _ _ _ _ _ _ _ _ _ _ _ _ _ _ _ _ _ _ _ _ _ _ _ 

self = <selenium.webdriver.support.wait.WebDriverWait (session="4b18d1d5f7ea3bd551bb7ef9073d5eba")>
method = <function presence_of_element_located.<locals>._predicate at 0x1112c3ba0>
message = ''

    def until(self, method: Callable[[D], Literal[False] | T], message: str = "") -> T:
        """Wait until the method returns a value that is not False.
    
        Calls the method provided with the driver as an argument until the
        return value does not evaluate to ``False``.
    
        Args:
            method: A callable object that takes a WebDriver instance as an
                argument.
            message: Optional message for TimeoutException.
    
        Returns:
            The result of the last call to `method`.
    
        Raises:
            TimeoutException: If 'method' does not return a truthy value within
                the WebDriverWait object's timeout.
    
        Example:
            >>> from selenium.webdriver.common.by import By
            >>> from selenium.webdriver.support.ui import WebDriverWait
            >>> from selenium.webdriver.support import expected_conditions as EC
            >>>
            >>> # Wait until an element is visible on the page
            >>> wait = WebDriverWait(driver, 10)
            >>> element = wait.until(EC.visibility_of_element_located((By.ID, "exampleId")))
            >>> print(element.text)
        """
        screen = None
        stacktrace = None
    
        end_time = time.monotonic() + self._timeout
        while True:
            try:
                value = method(self._driver)
                if value:
                    return value
            except self._ignored_exceptions as exc:
                screen = getattr(exc, "screen", None)
                stacktrace = getattr(exc, "stacktrace", None)
            if time.monotonic() > end_time:
                break
            time.sleep(self._poll)
>       raise TimeoutException(message, screen, stacktrace)
E       selenium.common.exceptions.TimeoutException: Message: 
E       Stacktrace:
E       0   chromedriver                        0x00000001028eda84 cxxbridge1$str$ptr + 3195292
E       1   chromedriver                        0x00000001028e5b4c cxxbridge1$str$ptr + 3162724
E       2   chromedriver                        0x000000010238f2a4 _RNvCs9NA52FrZ4pF_7___rustc35___rust_no_alloc_shim_is_unstable_v2 + 73836
E       3   chromedriver                        0x00000001023d7a44 _RNvCs9NA52FrZ4pF_7___rustc35___rust_no_alloc_shim_is_unstable_v2 + 370700
E       4   chromedriver                        0x0000000102417030 _RNvCs9NA52FrZ4pF_7___rustc35___rust_no_alloc_shim_is_unstable_v2 + 630264
E       5   chromedriver                        0x00000001023cd434 _RNvCs9NA52FrZ4pF_7___rustc35___rust_no_alloc_shim_is_unstable_v2 + 328188
E       6   chromedriver                        0x00000001028aac40 cxxbridge1$str$ptr + 2921304
E       7   chromedriver                        0x00000001028ae3b8 cxxbridge1$str$ptr + 2935504
E       8   chromedriver                        0x00000001028910f8 cxxbridge1$str$ptr + 2816016
E       9   chromedriver                        0x00000001028aec4c cxxbridge1$str$ptr + 2937700
E       10  chromedriver                        0x00000001028823b0 cxxbridge1$str$ptr + 2755272
E       11  chromedriver                        0x00000001028d41f4 cxxbridge1$str$ptr + 3090700
E       12  chromedriver                        0x00000001028d4354 cxxbridge1$str$ptr + 3091052
E       13  chromedriver                        0x00000001028e57a4 cxxbridge1$str$ptr + 3161788
E       14  libsystem_pthread.dylib             0x0000000199325c08 _pthread_start + 136
E       15  libsystem_pthread.dylib             0x0000000199320ba8 thread_start + 8

venv/lib/python3.11/site-packages/selenium/webdriver/support/wait.py:121: TimeoutException
_____ ERROR at setup of test_managed_package_mutation_is_reset_on_teardown _____

browser = <selenium.webdriver.chrome.webdriver.WebDriver (session="60877d6ae5c1b81043becd691fd76888")>

    @pytest.fixture
    def managed_package(browser):
        """Ensure PACKAGE_NAME exists at baseline before the test and restore after."""
>       page = _reset_managed_package(browser)
               ^^^^^^^^^^^^^^^^^^^^^^^^^^^^^^^

tests/admin_portal/wash_packages/conftest.py:110: 
_ _ _ _ _ _ _ _ _ _ _ _ _ _ _ _ _ _ _ _ _ _ _ _ _ _ _ _ _ _ _ _ _ _ _ _ _ _ _ _ 
tests/admin_portal/wash_packages/conftest.py:78: in _reset_managed_package
    page.create_package(
pages/admin_portal/wash_packages_page.py:829: in create_package
    self.fill_package_form(
pages/admin_portal/wash_packages_page.py:647: in fill_package_form
    self.assign_site_with_price_and_commission(
pages/admin_portal/wash_packages_page.py:606: in assign_site_with_price_and_commission
    row = self.get_site_row(site_name)
          ^^^^^^^^^^^^^^^^^^^^^^^^^^^^
pages/admin_portal/wash_packages_page.py:602: in get_site_row
    return self.wait.until(EC.presence_of_element_located(row_xpath))
           ^^^^^^^^^^^^^^^^^^^^^^^^^^^^^^^^^^^^^^^^^^^^^^^^^^^^^^^^^^
_ _ _ _ _ _ _ _ _ _ _ _ _ _ _ _ _ _ _ _ _ _ _ _ _ _ _ _ _ _ _ _ _ _ _ _ _ _ _ _ 

self = <selenium.webdriver.support.wait.WebDriverWait (session="60877d6ae5c1b81043becd691fd76888")>
method = <function presence_of_element_located.<locals>._predicate at 0x111534680>
message = ''

    def until(self, method: Callable[[D], Literal[False] | T], message: str = "") -> T:
        """Wait until the method returns a value that is not False.
    
        Calls the method provided with the driver as an argument until the
        return value does not evaluate to ``False``.
    
        Args:
            method: A callable object that takes a WebDriver instance as an
                argument.
            message: Optional message for TimeoutException.
    
        Returns:
            The result of the last call to `method`.
    
        Raises:
            TimeoutException: If 'method' does not return a truthy value within
                the WebDriverWait object's timeout.
    
        Example:
            >>> from selenium.webdriver.common.by import By
            >>> from selenium.webdriver.support.ui import WebDriverWait
            >>> from selenium.webdriver.support import expected_conditions as EC
            >>>
            >>> # Wait until an element is visible on the page
            >>> wait = WebDriverWait(driver, 10)
            >>> element = wait.until(EC.visibility_of_element_located((By.ID, "exampleId")))
            >>> print(element.text)
        """
        screen = None
        stacktrace = None
    
        end_time = time.monotonic() + self._timeout
        while True:
            try:
                value = method(self._driver)
                if value:
                    return value
            except self._ignored_exceptions as exc:
                screen = getattr(exc, "screen", None)
                stacktrace = getattr(exc, "stacktrace", None)
            if time.monotonic() > end_time:
                break
            time.sleep(self._poll)
>       raise TimeoutException(message, screen, stacktrace)
E       selenium.common.exceptions.TimeoutException: Message: 
E       Stacktrace:
E       0   chromedriver                        0x0000000104cf9a84 cxxbridge1$str$ptr + 3195292
E       1   chromedriver                        0x0000000104cf1b4c cxxbridge1$str$ptr + 3162724
E       2   chromedriver                        0x000000010479b2a4 _RNvCs9NA52FrZ4pF_7___rustc35___rust_no_alloc_shim_is_unstable_v2 + 73836
E       3   chromedriver                        0x00000001047e3a44 _RNvCs9NA52FrZ4pF_7___rustc35___rust_no_alloc_shim_is_unstable_v2 + 370700
E       4   chromedriver                        0x0000000104823030 _RNvCs9NA52FrZ4pF_7___rustc35___rust_no_alloc_shim_is_unstable_v2 + 630264
E       5   chromedriver                        0x00000001047d9434 _RNvCs9NA52FrZ4pF_7___rustc35___rust_no_alloc_shim_is_unstable_v2 + 328188
E       6   chromedriver                        0x0000000104cb6c40 cxxbridge1$str$ptr + 2921304
E       7   chromedriver                        0x0000000104cba3b8 cxxbridge1$str$ptr + 2935504
E       8   chromedriver                        0x0000000104c9d0f8 cxxbridge1$str$ptr + 2816016
E       9   chromedriver                        0x0000000104cbac4c cxxbridge1$str$ptr + 2937700
E       10  chromedriver                        0x0000000104c8e3b0 cxxbridge1$str$ptr + 2755272
E       11  chromedriver                        0x0000000104ce01f4 cxxbridge1$str$ptr + 3090700
E       12  chromedriver                        0x0000000104ce0354 cxxbridge1$str$ptr + 3091052
E       13  chromedriver                        0x0000000104cf17a4 cxxbridge1$str$ptr + 3161788
E       14  libsystem_pthread.dylib             0x0000000199325c08 _pthread_start + 136
E       15  libsystem_pthread.dylib             0x0000000199320ba8 thread_start + 8

venv/lib/python3.11/site-packages/selenium/webdriver/support/wait.py:121: TimeoutException
____________ ERROR at setup of test_assign_multiple_sites_persists _____________

browser = <selenium.webdriver.chrome.webdriver.WebDriver (session="e13dda7c6e6db958f297630d557b1066")>

    @pytest.fixture
    def managed_package(browser):
        """Ensure PACKAGE_NAME exists at baseline before the test and restore after."""
>       page = _reset_managed_package(browser)
               ^^^^^^^^^^^^^^^^^^^^^^^^^^^^^^^

tests/admin_portal/wash_packages/conftest.py:110: 
_ _ _ _ _ _ _ _ _ _ _ _ _ _ _ _ _ _ _ _ _ _ _ _ _ _ _ _ _ _ _ _ _ _ _ _ _ _ _ _ 
tests/admin_portal/wash_packages/conftest.py:78: in _reset_managed_package
    page.create_package(
pages/admin_portal/wash_packages_page.py:829: in create_package
    self.fill_package_form(
pages/admin_portal/wash_packages_page.py:647: in fill_package_form
    self.assign_site_with_price_and_commission(
pages/admin_portal/wash_packages_page.py:606: in assign_site_with_price_and_commission
    row = self.get_site_row(site_name)
          ^^^^^^^^^^^^^^^^^^^^^^^^^^^^
pages/admin_portal/wash_packages_page.py:602: in get_site_row
    return self.wait.until(EC.presence_of_element_located(row_xpath))
           ^^^^^^^^^^^^^^^^^^^^^^^^^^^^^^^^^^^^^^^^^^^^^^^^^^^^^^^^^^
_ _ _ _ _ _ _ _ _ _ _ _ _ _ _ _ _ _ _ _ _ _ _ _ _ _ _ _ _ _ _ _ _ _ _ _ _ _ _ _ 

self = <selenium.webdriver.support.wait.WebDriverWait (session="e13dda7c6e6db958f297630d557b1066")>
method = <function presence_of_element_located.<locals>._predicate at 0x111536160>
message = ''

    def until(self, method: Callable[[D], Literal[False] | T], message: str = "") -> T:
        """Wait until the method returns a value that is not False.
    
        Calls the method provided with the driver as an argument until the
        return value does not evaluate to ``False``.
    
        Args:
            method: A callable object that takes a WebDriver instance as an
                argument.
            message: Optional message for TimeoutException.
    
        Returns:
            The result of the last call to `method`.
    
        Raises:
            TimeoutException: If 'method' does not return a truthy value within
                the WebDriverWait object's timeout.
    
        Example:
            >>> from selenium.webdriver.common.by import By
            >>> from selenium.webdriver.support.ui import WebDriverWait
            >>> from selenium.webdriver.support import expected_conditions as EC
            >>>
            >>> # Wait until an element is visible on the page
            >>> wait = WebDriverWait(driver, 10)
            >>> element = wait.until(EC.visibility_of_element_located((By.ID, "exampleId")))
            >>> print(element.text)
        """
        screen = None
        stacktrace = None
    
        end_time = time.monotonic() + self._timeout
        while True:
            try:
                value = method(self._driver)
                if value:
                    return value
            except self._ignored_exceptions as exc:
                screen = getattr(exc, "screen", None)
                stacktrace = getattr(exc, "stacktrace", None)
            if time.monotonic() > end_time:
                break
            time.sleep(self._poll)
>       raise TimeoutException(message, screen, stacktrace)
E       selenium.common.exceptions.TimeoutException: Message: 
E       Stacktrace:
E       0   chromedriver                        0x0000000102fcda84 cxxbridge1$str$ptr + 3195292
E       1   chromedriver                        0x0000000102fc5b4c cxxbridge1$str$ptr + 3162724
E       2   chromedriver                        0x0000000102a6f2a4 _RNvCs9NA52FrZ4pF_7___rustc35___rust_no_alloc_shim_is_unstable_v2 + 73836
E       3   chromedriver                        0x0000000102ab7a44 _RNvCs9NA52FrZ4pF_7___rustc35___rust_no_alloc_shim_is_unstable_v2 + 370700
E       4   chromedriver                        0x0000000102af7030 _RNvCs9NA52FrZ4pF_7___rustc35___rust_no_alloc_shim_is_unstable_v2 + 630264
E       5   chromedriver                        0x0000000102aad434 _RNvCs9NA52FrZ4pF_7___rustc35___rust_no_alloc_shim_is_unstable_v2 + 328188
E       6   chromedriver                        0x0000000102f8ac40 cxxbridge1$str$ptr + 2921304
E       7   chromedriver                        0x0000000102f8e3b8 cxxbridge1$str$ptr + 2935504
E       8   chromedriver                        0x0000000102f710f8 cxxbridge1$str$ptr + 2816016
E       9   chromedriver                        0x0000000102f8ec4c cxxbridge1$str$ptr + 2937700
E       10  chromedriver                        0x0000000102f623b0 cxxbridge1$str$ptr + 2755272
E       11  chromedriver                        0x0000000102fb41f4 cxxbridge1$str$ptr + 3090700
E       12  chromedriver                        0x0000000102fb4354 cxxbridge1$str$ptr + 3091052
E       13  chromedriver                        0x0000000102fc57a4 cxxbridge1$str$ptr + 3161788
E       14  libsystem_pthread.dylib             0x0000000199325c08 _pthread_start + 136
E       15  libsystem_pthread.dylib             0x0000000199320ba8 thread_start + 8

venv/lib/python3.11/site-packages/selenium/webdriver/support/wait.py:121: TimeoutException
_________ ERROR at setup of test_select_all_sites_via_header_checkbox __________

browser = <selenium.webdriver.chrome.webdriver.WebDriver (session="13d4c9e80ef09969e8d7752fe02f7ee4")>

    @pytest.fixture
    def managed_package(browser):
        """Ensure PACKAGE_NAME exists at baseline before the test and restore after."""
>       page = _reset_managed_package(browser)
               ^^^^^^^^^^^^^^^^^^^^^^^^^^^^^^^

tests/admin_portal/wash_packages/conftest.py:110: 
_ _ _ _ _ _ _ _ _ _ _ _ _ _ _ _ _ _ _ _ _ _ _ _ _ _ _ _ _ _ _ _ _ _ _ _ _ _ _ _ 
tests/admin_portal/wash_packages/conftest.py:78: in _reset_managed_package
    page.create_package(
pages/admin_portal/wash_packages_page.py:829: in create_package
    self.fill_package_form(
pages/admin_portal/wash_packages_page.py:647: in fill_package_form
    self.assign_site_with_price_and_commission(
pages/admin_portal/wash_packages_page.py:606: in assign_site_with_price_and_commission
    row = self.get_site_row(site_name)
          ^^^^^^^^^^^^^^^^^^^^^^^^^^^^
pages/admin_portal/wash_packages_page.py:602: in get_site_row
    return self.wait.until(EC.presence_of_element_located(row_xpath))
           ^^^^^^^^^^^^^^^^^^^^^^^^^^^^^^^^^^^^^^^^^^^^^^^^^^^^^^^^^^
_ _ _ _ _ _ _ _ _ _ _ _ _ _ _ _ _ _ _ _ _ _ _ _ _ _ _ _ _ _ _ _ _ _ _ _ _ _ _ _ 

self = <selenium.webdriver.support.wait.WebDriverWait (session="13d4c9e80ef09969e8d7752fe02f7ee4")>
method = <function presence_of_element_located.<locals>._predicate at 0x111537100>
message = ''

    def until(self, method: Callable[[D], Literal[False] | T], message: str = "") -> T:
        """Wait until the method returns a value that is not False.
    
        Calls the method provided with the driver as an argument until the
        return value does not evaluate to ``False``.
    
        Args:
            method: A callable object that takes a WebDriver instance as an
                argument.
            message: Optional message for TimeoutException.
    
        Returns:
            The result of the last call to `method`.
    
        Raises:
            TimeoutException: If 'method' does not return a truthy value within
                the WebDriverWait object's timeout.
    
        Example:
            >>> from selenium.webdriver.common.by import By
            >>> from selenium.webdriver.support.ui import WebDriverWait
            >>> from selenium.webdriver.support import expected_conditions as EC
            >>>
            >>> # Wait until an element is visible on the page
            >>> wait = WebDriverWait(driver, 10)
            >>> element = wait.until(EC.visibility_of_element_located((By.ID, "exampleId")))
            >>> print(element.text)
        """
        screen = None
        stacktrace = None
    
        end_time = time.monotonic() + self._timeout
        while True:
            try:
                value = method(self._driver)
                if value:
                    return value
            except self._ignored_exceptions as exc:
                screen = getattr(exc, "screen", None)
                stacktrace = getattr(exc, "stacktrace", None)
            if time.monotonic() > end_time:
                break
            time.sleep(self._poll)
>       raise TimeoutException(message, screen, stacktrace)
E       selenium.common.exceptions.TimeoutException: Message: 
E       Stacktrace:
E       0   chromedriver                        0x00000001046d9a84 cxxbridge1$str$ptr + 3195292
E       1   chromedriver                        0x00000001046d1b4c cxxbridge1$str$ptr + 3162724
E       2   chromedriver                        0x000000010417b2a4 _RNvCs9NA52FrZ4pF_7___rustc35___rust_no_alloc_shim_is_unstable_v2 + 73836
E       3   chromedriver                        0x00000001041c3a44 _RNvCs9NA52FrZ4pF_7___rustc35___rust_no_alloc_shim_is_unstable_v2 + 370700
E       4   chromedriver                        0x0000000104203030 _RNvCs9NA52FrZ4pF_7___rustc35___rust_no_alloc_shim_is_unstable_v2 + 630264
E       5   chromedriver                        0x00000001041b9434 _RNvCs9NA52FrZ4pF_7___rustc35___rust_no_alloc_shim_is_unstable_v2 + 328188
E       6   chromedriver                        0x0000000104696c40 cxxbridge1$str$ptr + 2921304
E       7   chromedriver                        0x000000010469a3b8 cxxbridge1$str$ptr + 2935504
E       8   chromedriver                        0x000000010467d0f8 cxxbridge1$str$ptr + 2816016
E       9   chromedriver                        0x000000010469ac4c cxxbridge1$str$ptr + 2937700
E       10  chromedriver                        0x000000010466e3b0 cxxbridge1$str$ptr + 2755272
E       11  chromedriver                        0x00000001046c01f4 cxxbridge1$str$ptr + 3090700
E       12  chromedriver                        0x00000001046c0354 cxxbridge1$str$ptr + 3091052
E       13  chromedriver                        0x00000001046d17a4 cxxbridge1$str$ptr + 3161788
E       14  libsystem_pthread.dylib             0x0000000199325c08 _pthread_start + 136
E       15  libsystem_pthread.dylib             0x0000000199320ba8 thread_start + 8

venv/lib/python3.11/site-packages/selenium/webdriver/support/wait.py:121: TimeoutException
____________ ERROR at setup of test_global_price_reflected_at_site _____________

browser = <selenium.webdriver.chrome.webdriver.WebDriver (session="34b7a983a202cb82b13065e893e02bbc")>

    @pytest.fixture
    def managed_package(browser):
        """Ensure PACKAGE_NAME exists at baseline before the test and restore after."""
>       page = _reset_managed_package(browser)
               ^^^^^^^^^^^^^^^^^^^^^^^^^^^^^^^

tests/admin_portal/wash_packages/conftest.py:110: 
_ _ _ _ _ _ _ _ _ _ _ _ _ _ _ _ _ _ _ _ _ _ _ _ _ _ _ _ _ _ _ _ _ _ _ _ _ _ _ _ 
tests/admin_portal/wash_packages/conftest.py:78: in _reset_managed_package
    page.create_package(
pages/admin_portal/wash_packages_page.py:829: in create_package
    self.fill_package_form(
pages/admin_portal/wash_packages_page.py:647: in fill_package_form
    self.assign_site_with_price_and_commission(
pages/admin_portal/wash_packages_page.py:606: in assign_site_with_price_and_commission
    row = self.get_site_row(site_name)
          ^^^^^^^^^^^^^^^^^^^^^^^^^^^^
pages/admin_portal/wash_packages_page.py:602: in get_site_row
    return self.wait.until(EC.presence_of_element_located(row_xpath))
           ^^^^^^^^^^^^^^^^^^^^^^^^^^^^^^^^^^^^^^^^^^^^^^^^^^^^^^^^^^
_ _ _ _ _ _ _ _ _ _ _ _ _ _ _ _ _ _ _ _ _ _ _ _ _ _ _ _ _ _ _ _ _ _ _ _ _ _ _ _ 

self = <selenium.webdriver.support.wait.WebDriverWait (session="34b7a983a202cb82b13065e893e02bbc")>
method = <function presence_of_element_located.<locals>._predicate at 0x1112c3ba0>
message = ''

    def until(self, method: Callable[[D], Literal[False] | T], message: str = "") -> T:
        """Wait until the method returns a value that is not False.
    
        Calls the method provided with the driver as an argument until the
        return value does not evaluate to ``False``.
    
        Args:
            method: A callable object that takes a WebDriver instance as an
                argument.
            message: Optional message for TimeoutException.
    
        Returns:
            The result of the last call to `method`.
    
        Raises:
            TimeoutException: If 'method' does not return a truthy value within
                the WebDriverWait object's timeout.
    
        Example:
            >>> from selenium.webdriver.common.by import By
            >>> from selenium.webdriver.support.ui import WebDriverWait
            >>> from selenium.webdriver.support import expected_conditions as EC
            >>>
            >>> # Wait until an element is visible on the page
            >>> wait = WebDriverWait(driver, 10)
            >>> element = wait.until(EC.visibility_of_element_located((By.ID, "exampleId")))
            >>> print(element.text)
        """
        screen = None
        stacktrace = None
    
        end_time = time.monotonic() + self._timeout
        while True:
            try:
                value = method(self._driver)
                if value:
                    return value
            except self._ignored_exceptions as exc:
                screen = getattr(exc, "screen", None)
                stacktrace = getattr(exc, "stacktrace", None)
            if time.monotonic() > end_time:
                break
            time.sleep(self._poll)
>       raise TimeoutException(message, screen, stacktrace)
E       selenium.common.exceptions.TimeoutException: Message: 
E       Stacktrace:
E       0   chromedriver                        0x00000001031b9a84 cxxbridge1$str$ptr + 3195292
E       1   chromedriver                        0x00000001031b1b4c cxxbridge1$str$ptr + 3162724
E       2   chromedriver                        0x0000000102c5b2a4 _RNvCs9NA52FrZ4pF_7___rustc35___rust_no_alloc_shim_is_unstable_v2 + 73836
E       3   chromedriver                        0x0000000102ca3a44 _RNvCs9NA52FrZ4pF_7___rustc35___rust_no_alloc_shim_is_unstable_v2 + 370700
E       4   chromedriver                        0x0000000102ce3030 _RNvCs9NA52FrZ4pF_7___rustc35___rust_no_alloc_shim_is_unstable_v2 + 630264
E       5   chromedriver                        0x0000000102c99434 _RNvCs9NA52FrZ4pF_7___rustc35___rust_no_alloc_shim_is_unstable_v2 + 328188
E       6   chromedriver                        0x0000000103176c40 cxxbridge1$str$ptr + 2921304
E       7   chromedriver                        0x000000010317a3b8 cxxbridge1$str$ptr + 2935504
E       8   chromedriver                        0x000000010315d0f8 cxxbridge1$str$ptr + 2816016
E       9   chromedriver                        0x000000010317ac4c cxxbridge1$str$ptr + 2937700
E       10  chromedriver                        0x000000010314e3b0 cxxbridge1$str$ptr + 2755272
E       11  chromedriver                        0x00000001031a01f4 cxxbridge1$str$ptr + 3090700
E       12  chromedriver                        0x00000001031a0354 cxxbridge1$str$ptr + 3091052
E       13  chromedriver                        0x00000001031b17a4 cxxbridge1$str$ptr + 3161788
E       14  libsystem_pthread.dylib             0x0000000199325c08 _pthread_start + 136
E       15  libsystem_pthread.dylib             0x0000000199320ba8 thread_start + 8

venv/lib/python3.11/site-packages/selenium/webdriver/support/wait.py:121: TimeoutException
__ ERROR at setup of test_location_price_override_higher_than_global_persists __

browser = <selenium.webdriver.chrome.webdriver.WebDriver (session="165a6e74a06fe1b394ebce079a8d6a36")>

    @pytest.fixture
    def managed_package(browser):
        """Ensure PACKAGE_NAME exists at baseline before the test and restore after."""
>       page = _reset_managed_package(browser)
               ^^^^^^^^^^^^^^^^^^^^^^^^^^^^^^^

tests/admin_portal/wash_packages/conftest.py:110: 
_ _ _ _ _ _ _ _ _ _ _ _ _ _ _ _ _ _ _ _ _ _ _ _ _ _ _ _ _ _ _ _ _ _ _ _ _ _ _ _ 
tests/admin_portal/wash_packages/conftest.py:78: in _reset_managed_package
    page.create_package(
pages/admin_portal/wash_packages_page.py:829: in create_package
    self.fill_package_form(
pages/admin_portal/wash_packages_page.py:647: in fill_package_form
    self.assign_site_with_price_and_commission(
pages/admin_portal/wash_packages_page.py:606: in assign_site_with_price_and_commission
    row = self.get_site_row(site_name)
          ^^^^^^^^^^^^^^^^^^^^^^^^^^^^
pages/admin_portal/wash_packages_page.py:602: in get_site_row
    return self.wait.until(EC.presence_of_element_located(row_xpath))
           ^^^^^^^^^^^^^^^^^^^^^^^^^^^^^^^^^^^^^^^^^^^^^^^^^^^^^^^^^^
_ _ _ _ _ _ _ _ _ _ _ _ _ _ _ _ _ _ _ _ _ _ _ _ _ _ _ _ _ _ _ _ _ _ _ _ _ _ _ _ 

self = <selenium.webdriver.support.wait.WebDriverWait (session="165a6e74a06fe1b394ebce079a8d6a36")>
method = <function presence_of_element_located.<locals>._predicate at 0x111534400>
message = ''

    def until(self, method: Callable[[D], Literal[False] | T], message: str = "") -> T:
        """Wait until the method returns a value that is not False.
    
        Calls the method provided with the driver as an argument until the
        return value does not evaluate to ``False``.
    
        Args:
            method: A callable object that takes a WebDriver instance as an
                argument.
            message: Optional message for TimeoutException.
    
        Returns:
            The result of the last call to `method`.
    
        Raises:
            TimeoutException: If 'method' does not return a truthy value within
                the WebDriverWait object's timeout.
    
        Example:
            >>> from selenium.webdriver.common.by import By
            >>> from selenium.webdriver.support.ui import WebDriverWait
            >>> from selenium.webdriver.support import expected_conditions as EC
            >>>
            >>> # Wait until an element is visible on the page
            >>> wait = WebDriverWait(driver, 10)
            >>> element = wait.until(EC.visibility_of_element_located((By.ID, "exampleId")))
            >>> print(element.text)
        """
        screen = None
        stacktrace = None
    
        end_time = time.monotonic() + self._timeout
        while True:
            try:
                value = method(self._driver)
                if value:
                    return value
            except self._ignored_exceptions as exc:
                screen = getattr(exc, "screen", None)
                stacktrace = getattr(exc, "stacktrace", None)
            if time.monotonic() > end_time:
                break
            time.sleep(self._poll)
>       raise TimeoutException(message, screen, stacktrace)
E       selenium.common.exceptions.TimeoutException: Message: 
E       Stacktrace:
E       0   chromedriver                        0x0000000100f8da84 cxxbridge1$str$ptr + 3195292
E       1   chromedriver                        0x0000000100f85b4c cxxbridge1$str$ptr + 3162724
E       2   chromedriver                        0x0000000100a2f2a4 _RNvCs9NA52FrZ4pF_7___rustc35___rust_no_alloc_shim_is_unstable_v2 + 73836
E       3   chromedriver                        0x0000000100a77a44 _RNvCs9NA52FrZ4pF_7___rustc35___rust_no_alloc_shim_is_unstable_v2 + 370700
E       4   chromedriver                        0x0000000100ab7030 _RNvCs9NA52FrZ4pF_7___rustc35___rust_no_alloc_shim_is_unstable_v2 + 630264
E       5   chromedriver                        0x0000000100a6d434 _RNvCs9NA52FrZ4pF_7___rustc35___rust_no_alloc_shim_is_unstable_v2 + 328188
E       6   chromedriver                        0x0000000100f4ac40 cxxbridge1$str$ptr + 2921304
E       7   chromedriver                        0x0000000100f4e3b8 cxxbridge1$str$ptr + 2935504
E       8   chromedriver                        0x0000000100f310f8 cxxbridge1$str$ptr + 2816016
E       9   chromedriver                        0x0000000100f4ec4c cxxbridge1$str$ptr + 2937700
E       10  chromedriver                        0x0000000100f223b0 cxxbridge1$str$ptr + 2755272
E       11  chromedriver                        0x0000000100f741f4 cxxbridge1$str$ptr + 3090700
E       12  chromedriver                        0x0000000100f74354 cxxbridge1$str$ptr + 3091052
E       13  chromedriver                        0x0000000100f857a4 cxxbridge1$str$ptr + 3161788
E       14  libsystem_pthread.dylib             0x0000000199325c08 _pthread_start + 136
E       15  libsystem_pthread.dylib             0x0000000199320ba8 thread_start + 8

venv/lib/python3.11/site-packages/selenium/webdriver/support/wait.py:121: TimeoutException
__ ERROR at setup of test_location_price_override_lower_than_global_persists ___

browser = <selenium.webdriver.chrome.webdriver.WebDriver (session="72bdd5062fa592d6dba85fa998d47856")>

    @pytest.fixture
    def managed_package(browser):
        """Ensure PACKAGE_NAME exists at baseline before the test and restore after."""
>       page = _reset_managed_package(browser)
               ^^^^^^^^^^^^^^^^^^^^^^^^^^^^^^^

tests/admin_portal/wash_packages/conftest.py:110: 
_ _ _ _ _ _ _ _ _ _ _ _ _ _ _ _ _ _ _ _ _ _ _ _ _ _ _ _ _ _ _ _ _ _ _ _ _ _ _ _ 
tests/admin_portal/wash_packages/conftest.py:78: in _reset_managed_package
    page.create_package(
pages/admin_portal/wash_packages_page.py:829: in create_package
    self.fill_package_form(
pages/admin_portal/wash_packages_page.py:647: in fill_package_form
    self.assign_site_with_price_and_commission(
pages/admin_portal/wash_packages_page.py:606: in assign_site_with_price_and_commission
    row = self.get_site_row(site_name)
          ^^^^^^^^^^^^^^^^^^^^^^^^^^^^
pages/admin_portal/wash_packages_page.py:602: in get_site_row
    return self.wait.until(EC.presence_of_element_located(row_xpath))
           ^^^^^^^^^^^^^^^^^^^^^^^^^^^^^^^^^^^^^^^^^^^^^^^^^^^^^^^^^^
_ _ _ _ _ _ _ _ _ _ _ _ _ _ _ _ _ _ _ _ _ _ _ _ _ _ _ _ _ _ _ _ _ _ _ _ _ _ _ _ 

self = <selenium.webdriver.support.wait.WebDriverWait (session="72bdd5062fa592d6dba85fa998d47856")>
method = <function presence_of_element_located.<locals>._predicate at 0x111535260>
message = ''

    def until(self, method: Callable[[D], Literal[False] | T], message: str = "") -> T:
        """Wait until the method returns a value that is not False.
    
        Calls the method provided with the driver as an argument until the
        return value does not evaluate to ``False``.
    
        Args:
            method: A callable object that takes a WebDriver instance as an
                argument.
            message: Optional message for TimeoutException.
    
        Returns:
            The result of the last call to `method`.
    
        Raises:
            TimeoutException: If 'method' does not return a truthy value within
                the WebDriverWait object's timeout.
    
        Example:
            >>> from selenium.webdriver.common.by import By
            >>> from selenium.webdriver.support.ui import WebDriverWait
            >>> from selenium.webdriver.support import expected_conditions as EC
            >>>
            >>> # Wait until an element is visible on the page
            >>> wait = WebDriverWait(driver, 10)
            >>> element = wait.until(EC.visibility_of_element_located((By.ID, "exampleId")))
            >>> print(element.text)
        """
        screen = None
        stacktrace = None
    
        end_time = time.monotonic() + self._timeout
        while True:
            try:
                value = method(self._driver)
                if value:
                    return value
            except self._ignored_exceptions as exc:
                screen = getattr(exc, "screen", None)
                stacktrace = getattr(exc, "stacktrace", None)
            if time.monotonic() > end_time:
                break
            time.sleep(self._poll)
>       raise TimeoutException(message, screen, stacktrace)
E       selenium.common.exceptions.TimeoutException: Message: 
E       Stacktrace:
E       0   chromedriver                        0x0000000102845a84 cxxbridge1$str$ptr + 3195292
E       1   chromedriver                        0x000000010283db4c cxxbridge1$str$ptr + 3162724
E       2   chromedriver                        0x00000001022e72a4 _RNvCs9NA52FrZ4pF_7___rustc35___rust_no_alloc_shim_is_unstable_v2 + 73836
E       3   chromedriver                        0x000000010232fa44 _RNvCs9NA52FrZ4pF_7___rustc35___rust_no_alloc_shim_is_unstable_v2 + 370700
E       4   chromedriver                        0x000000010236f030 _RNvCs9NA52FrZ4pF_7___rustc35___rust_no_alloc_shim_is_unstable_v2 + 630264
E       5   chromedriver                        0x0000000102325434 _RNvCs9NA52FrZ4pF_7___rustc35___rust_no_alloc_shim_is_unstable_v2 + 328188
E       6   chromedriver                        0x0000000102802c40 cxxbridge1$str$ptr + 2921304
E       7   chromedriver                        0x00000001028063b8 cxxbridge1$str$ptr + 2935504
E       8   chromedriver                        0x00000001027e90f8 cxxbridge1$str$ptr + 2816016
E       9   chromedriver                        0x0000000102806c4c cxxbridge1$str$ptr + 2937700
E       10  chromedriver                        0x00000001027da3b0 cxxbridge1$str$ptr + 2755272
E       11  chromedriver                        0x000000010282c1f4 cxxbridge1$str$ptr + 3090700
E       12  chromedriver                        0x000000010282c354 cxxbridge1$str$ptr + 3091052
E       13  chromedriver                        0x000000010283d7a4 cxxbridge1$str$ptr + 3161788
E       14  libsystem_pthread.dylib             0x0000000199325c08 _pthread_start + 136
E       15  libsystem_pthread.dylib             0x0000000199320ba8 thread_start + 8

venv/lib/python3.11/site-packages/selenium/webdriver/support/wait.py:121: TimeoutException
_________ ERROR at setup of test_location_commission_override_persists _________

browser = <selenium.webdriver.chrome.webdriver.WebDriver (session="d111a884f7360eb06f77dcc0f5e0d4a6")>

    @pytest.fixture
    def managed_package(browser):
        """Ensure PACKAGE_NAME exists at baseline before the test and restore after."""
>       page = _reset_managed_package(browser)
               ^^^^^^^^^^^^^^^^^^^^^^^^^^^^^^^

tests/admin_portal/wash_packages/conftest.py:110: 
_ _ _ _ _ _ _ _ _ _ _ _ _ _ _ _ _ _ _ _ _ _ _ _ _ _ _ _ _ _ _ _ _ _ _ _ _ _ _ _ 
tests/admin_portal/wash_packages/conftest.py:78: in _reset_managed_package
    page.create_package(
pages/admin_portal/wash_packages_page.py:829: in create_package
    self.fill_package_form(
pages/admin_portal/wash_packages_page.py:647: in fill_package_form
    self.assign_site_with_price_and_commission(
pages/admin_portal/wash_packages_page.py:606: in assign_site_with_price_and_commission
    row = self.get_site_row(site_name)
          ^^^^^^^^^^^^^^^^^^^^^^^^^^^^
pages/admin_portal/wash_packages_page.py:602: in get_site_row
    return self.wait.until(EC.presence_of_element_located(row_xpath))
           ^^^^^^^^^^^^^^^^^^^^^^^^^^^^^^^^^^^^^^^^^^^^^^^^^^^^^^^^^^
_ _ _ _ _ _ _ _ _ _ _ _ _ _ _ _ _ _ _ _ _ _ _ _ _ _ _ _ _ _ _ _ _ _ _ _ _ _ _ _ 

self = <selenium.webdriver.support.wait.WebDriverWait (session="d111a884f7360eb06f77dcc0f5e0d4a6")>
method = <function presence_of_element_located.<locals>._predicate at 0x111534e00>
message = ''

    def until(self, method: Callable[[D], Literal[False] | T], message: str = "") -> T:
        """Wait until the method returns a value that is not False.
    
        Calls the method provided with the driver as an argument until the
        return value does not evaluate to ``False``.
    
        Args:
            method: A callable object that takes a WebDriver instance as an
                argument.
            message: Optional message for TimeoutException.
    
        Returns:
            The result of the last call to `method`.
    
        Raises:
            TimeoutException: If 'method' does not return a truthy value within
                the WebDriverWait object's timeout.
    
        Example:
            >>> from selenium.webdriver.common.by import By
            >>> from selenium.webdriver.support.ui import WebDriverWait
            >>> from selenium.webdriver.support import expected_conditions as EC
            >>>
            >>> # Wait until an element is visible on the page
            >>> wait = WebDriverWait(driver, 10)
            >>> element = wait.until(EC.visibility_of_element_located((By.ID, "exampleId")))
            >>> print(element.text)
        """
        screen = None
        stacktrace = None
    
        end_time = time.monotonic() + self._timeout
        while True:
            try:
                value = method(self._driver)
                if value:
                    return value
            except self._ignored_exceptions as exc:
                screen = getattr(exc, "screen", None)
                stacktrace = getattr(exc, "stacktrace", None)
            if time.monotonic() > end_time:
                break
            time.sleep(self._poll)
>       raise TimeoutException(message, screen, stacktrace)
E       selenium.common.exceptions.TimeoutException: Message: 
E       Stacktrace:
E       0   chromedriver                        0x00000001049a1a84 cxxbridge1$str$ptr + 3195292
E       1   chromedriver                        0x0000000104999b4c cxxbridge1$str$ptr + 3162724
E       2   chromedriver                        0x00000001044432a4 _RNvCs9NA52FrZ4pF_7___rustc35___rust_no_alloc_shim_is_unstable_v2 + 73836
E       3   chromedriver                        0x000000010448ba44 _RNvCs9NA52FrZ4pF_7___rustc35___rust_no_alloc_shim_is_unstable_v2 + 370700
E       4   chromedriver                        0x00000001044cb030 _RNvCs9NA52FrZ4pF_7___rustc35___rust_no_alloc_shim_is_unstable_v2 + 630264
E       5   chromedriver                        0x0000000104481434 _RNvCs9NA52FrZ4pF_7___rustc35___rust_no_alloc_shim_is_unstable_v2 + 328188
E       6   chromedriver                        0x000000010495ec40 cxxbridge1$str$ptr + 2921304
E       7   chromedriver                        0x00000001049623b8 cxxbridge1$str$ptr + 2935504
E       8   chromedriver                        0x00000001049450f8 cxxbridge1$str$ptr + 2816016
E       9   chromedriver                        0x0000000104962c4c cxxbridge1$str$ptr + 2937700
E       10  chromedriver                        0x00000001049363b0 cxxbridge1$str$ptr + 2755272
E       11  chromedriver                        0x00000001049881f4 cxxbridge1$str$ptr + 3090700
E       12  chromedriver                        0x0000000104988354 cxxbridge1$str$ptr + 3091052
E       13  chromedriver                        0x00000001049997a4 cxxbridge1$str$ptr + 3161788
E       14  libsystem_pthread.dylib             0x0000000199325c08 _pthread_start + 136
E       15  libsystem_pthread.dylib             0x0000000199320ba8 thread_start + 8

venv/lib/python3.11/site-packages/selenium/webdriver/support/wait.py:121: TimeoutException
____ ERROR at setup of test_location_commission_higher_than_global_persists ____

browser = <selenium.webdriver.chrome.webdriver.WebDriver (session="6f60f2ff1c18a6a8d9d6f970df27d813")>

    @pytest.fixture
    def managed_package(browser):
        """Ensure PACKAGE_NAME exists at baseline before the test and restore after."""
>       page = _reset_managed_package(browser)
               ^^^^^^^^^^^^^^^^^^^^^^^^^^^^^^^

tests/admin_portal/wash_packages/conftest.py:110: 
_ _ _ _ _ _ _ _ _ _ _ _ _ _ _ _ _ _ _ _ _ _ _ _ _ _ _ _ _ _ _ _ _ _ _ _ _ _ _ _ 
tests/admin_portal/wash_packages/conftest.py:78: in _reset_managed_package
    page.create_package(
pages/admin_portal/wash_packages_page.py:829: in create_package
    self.fill_package_form(
pages/admin_portal/wash_packages_page.py:647: in fill_package_form
    self.assign_site_with_price_and_commission(
pages/admin_portal/wash_packages_page.py:606: in assign_site_with_price_and_commission
    row = self.get_site_row(site_name)
          ^^^^^^^^^^^^^^^^^^^^^^^^^^^^
pages/admin_portal/wash_packages_page.py:602: in get_site_row
    return self.wait.until(EC.presence_of_element_located(row_xpath))
           ^^^^^^^^^^^^^^^^^^^^^^^^^^^^^^^^^^^^^^^^^^^^^^^^^^^^^^^^^^
_ _ _ _ _ _ _ _ _ _ _ _ _ _ _ _ _ _ _ _ _ _ _ _ _ _ _ _ _ _ _ _ _ _ _ _ _ _ _ _ 

self = <selenium.webdriver.support.wait.WebDriverWait (session="6f60f2ff1c18a6a8d9d6f970df27d813")>
method = <function presence_of_element_located.<locals>._predicate at 0x1115363e0>
message = ''

    def until(self, method: Callable[[D], Literal[False] | T], message: str = "") -> T:
        """Wait until the method returns a value that is not False.
    
        Calls the method provided with the driver as an argument until the
        return value does not evaluate to ``False``.
    
        Args:
            method: A callable object that takes a WebDriver instance as an
                argument.
            message: Optional message for TimeoutException.
    
        Returns:
            The result of the last call to `method`.
    
        Raises:
            TimeoutException: If 'method' does not return a truthy value within
                the WebDriverWait object's timeout.
    
        Example:
            >>> from selenium.webdriver.common.by import By
            >>> from selenium.webdriver.support.ui import WebDriverWait
            >>> from selenium.webdriver.support import expected_conditions as EC
            >>>
            >>> # Wait until an element is visible on the page
            >>> wait = WebDriverWait(driver, 10)
            >>> element = wait.until(EC.visibility_of_element_located((By.ID, "exampleId")))
            >>> print(element.text)
        """
        screen = None
        stacktrace = None
    
        end_time = time.monotonic() + self._timeout
        while True:
            try:
                value = method(self._driver)
                if value:
                    return value
            except self._ignored_exceptions as exc:
                screen = getattr(exc, "screen", None)
                stacktrace = getattr(exc, "stacktrace", None)
            if time.monotonic() > end_time:
                break
            time.sleep(self._poll)
>       raise TimeoutException(message, screen, stacktrace)
E       selenium.common.exceptions.TimeoutException: Message: 
E       Stacktrace:
E       0   chromedriver                        0x00000001034c5a84 cxxbridge1$str$ptr + 3195292
E       1   chromedriver                        0x00000001034bdb4c cxxbridge1$str$ptr + 3162724
E       2   chromedriver                        0x0000000102f672a4 _RNvCs9NA52FrZ4pF_7___rustc35___rust_no_alloc_shim_is_unstable_v2 + 73836
E       3   chromedriver                        0x0000000102fafa44 _RNvCs9NA52FrZ4pF_7___rustc35___rust_no_alloc_shim_is_unstable_v2 + 370700
E       4   chromedriver                        0x0000000102fef030 _RNvCs9NA52FrZ4pF_7___rustc35___rust_no_alloc_shim_is_unstable_v2 + 630264
E       5   chromedriver                        0x0000000102fa5434 _RNvCs9NA52FrZ4pF_7___rustc35___rust_no_alloc_shim_is_unstable_v2 + 328188
E       6   chromedriver                        0x0000000103482c40 cxxbridge1$str$ptr + 2921304
E       7   chromedriver                        0x00000001034863b8 cxxbridge1$str$ptr + 2935504
E       8   chromedriver                        0x00000001034690f8 cxxbridge1$str$ptr + 2816016
E       9   chromedriver                        0x0000000103486c4c cxxbridge1$str$ptr + 2937700
E       10  chromedriver                        0x000000010345a3b0 cxxbridge1$str$ptr + 2755272
E       11  chromedriver                        0x00000001034ac1f4 cxxbridge1$str$ptr + 3090700
E       12  chromedriver                        0x00000001034ac354 cxxbridge1$str$ptr + 3091052
E       13  chromedriver                        0x00000001034bd7a4 cxxbridge1$str$ptr + 3161788
E       14  libsystem_pthread.dylib             0x0000000199325c08 _pthread_start + 136
E       15  libsystem_pthread.dylib             0x0000000199320ba8 thread_start + 8

venv/lib/python3.11/site-packages/selenium/webdriver/support/wait.py:121: TimeoutException
=================================== FAILURES ===================================
__________________ test_cwb_washes_reflect_template_wash_book __________________

browser = <selenium.webdriver.chrome.webdriver.WebDriver (session="dca5efb0fb03378a1ec300ad1b3dbd8b")>

    @allure.title("CWB-DEP-002 CWB number of washes matches the template wash book at creation time")
    @pytest.mark.regression
    def test_cwb_washes_reflect_template_wash_book(browser):
    
>       create_customer_wash_book_if_missing(browser)

tests/admin_portal/wash_books/test_customer_wash_books_dependency.py:37: 
_ _ _ _ _ _ _ _ _ _ _ _ _ _ _ _ _ _ _ _ _ _ _ _ _ _ _ _ _ _ _ _ _ _ _ _ _ _ _ _ 
tests/admin_portal/wash_books/conftest.py:115: in create_customer_wash_book_if_missing
    page.create_customer_wash_book(
pages/admin_portal/wash_books_page.py:1240: in create_customer_wash_book
    self.select_cwb_wash_book(wash_book_template_name)
pages/admin_portal/wash_books_page.py:1117: in select_cwb_wash_book
    self.select_react_dropdown_option(
pages/common/base_page.py:108: in select_react_dropdown_option
    option = WebDriverWait(self.driver, 20).until(
_ _ _ _ _ _ _ _ _ _ _ _ _ _ _ _ _ _ _ _ _ _ _ _ _ _ _ _ _ _ _ _ _ _ _ _ _ _ _ _ 

self = <selenium.webdriver.support.wait.WebDriverWait (session="dca5efb0fb03378a1ec300ad1b3dbd8b")>
method = <function BasePage.select_react_dropdown_option.<locals>.<lambda> at 0x11116fe20>
message = ''

    def until(self, method: Callable[[D], Literal[False] | T], message: str = "") -> T:
        """Wait until the method returns a value that is not False.
    
        Calls the method provided with the driver as an argument until the
        return value does not evaluate to ``False``.
    
        Args:
            method: A callable object that takes a WebDriver instance as an
                argument.
            message: Optional message for TimeoutException.
    
        Returns:
            The result of the last call to `method`.
    
        Raises:
            TimeoutException: If 'method' does not return a truthy value within
                the WebDriverWait object's timeout.
    
        Example:
            >>> from selenium.webdriver.common.by import By
            >>> from selenium.webdriver.support.ui import WebDriverWait
            >>> from selenium.webdriver.support import expected_conditions as EC
            >>>
            >>> # Wait until an element is visible on the page
            >>> wait = WebDriverWait(driver, 10)
            >>> element = wait.until(EC.visibility_of_element_located((By.ID, "exampleId")))
            >>> print(element.text)
        """
        screen = None
        stacktrace = None
    
        end_time = time.monotonic() + self._timeout
        while True:
            try:
                value = method(self._driver)
                if value:
                    return value
            except self._ignored_exceptions as exc:
                screen = getattr(exc, "screen", None)
                stacktrace = getattr(exc, "stacktrace", None)
            if time.monotonic() > end_time:
                break
            time.sleep(self._poll)
>       raise TimeoutException(message, screen, stacktrace)
E       selenium.common.exceptions.TimeoutException: Message:

venv/lib/python3.11/site-packages/selenium/webdriver/support/wait.py:121: TimeoutException
___________________ test_edit_cwb_number_of_washes_persists ____________________

browser = <selenium.webdriver.chrome.webdriver.WebDriver (session="fa3bd36f1d298d9b34e543489c166cb3")>

    @allure.title("CWB-EDT-001 Editing number of washes persists after save")
    @pytest.mark.regression
    def test_edit_cwb_number_of_washes_persists(browser):
    
>       create_customer_wash_book_if_missing(browser)

tests/admin_portal/wash_books/test_customer_wash_books_edit.py:25: 
_ _ _ _ _ _ _ _ _ _ _ _ _ _ _ _ _ _ _ _ _ _ _ _ _ _ _ _ _ _ _ _ _ _ _ _ _ _ _ _ 
tests/admin_portal/wash_books/conftest.py:115: in create_customer_wash_book_if_missing
    page.create_customer_wash_book(
pages/admin_portal/wash_books_page.py:1240: in create_customer_wash_book
    self.select_cwb_wash_book(wash_book_template_name)
pages/admin_portal/wash_books_page.py:1117: in select_cwb_wash_book
    self.select_react_dropdown_option(
pages/common/base_page.py:108: in select_react_dropdown_option
    option = WebDriverWait(self.driver, 20).until(
_ _ _ _ _ _ _ _ _ _ _ _ _ _ _ _ _ _ _ _ _ _ _ _ _ _ _ _ _ _ _ _ _ _ _ _ _ _ _ _ 

self = <selenium.webdriver.support.wait.WebDriverWait (session="fa3bd36f1d298d9b34e543489c166cb3")>
method = <function BasePage.select_react_dropdown_option.<locals>.<lambda> at 0x1112c3e20>
message = ''

    def until(self, method: Callable[[D], Literal[False] | T], message: str = "") -> T:
        """Wait until the method returns a value that is not False.
    
        Calls the method provided with the driver as an argument until the
        return value does not evaluate to ``False``.
    
        Args:
            method: A callable object that takes a WebDriver instance as an
                argument.
            message: Optional message for TimeoutException.
    
        Returns:
            The result of the last call to `method`.
    
        Raises:
            TimeoutException: If 'method' does not return a truthy value within
                the WebDriverWait object's timeout.
    
        Example:
            >>> from selenium.webdriver.common.by import By
            >>> from selenium.webdriver.support.ui import WebDriverWait
            >>> from selenium.webdriver.support import expected_conditions as EC
            >>>
            >>> # Wait until an element is visible on the page
            >>> wait = WebDriverWait(driver, 10)
            >>> element = wait.until(EC.visibility_of_element_located((By.ID, "exampleId")))
            >>> print(element.text)
        """
        screen = None
        stacktrace = None
    
        end_time = time.monotonic() + self._timeout
        while True:
            try:
                value = method(self._driver)
                if value:
                    return value
            except self._ignored_exceptions as exc:
                screen = getattr(exc, "screen", None)
                stacktrace = getattr(exc, "stacktrace", None)
            if time.monotonic() > end_time:
                break
            time.sleep(self._poll)
>       raise TimeoutException(message, screen, stacktrace)
E       selenium.common.exceptions.TimeoutException: Message:

venv/lib/python3.11/site-packages/selenium/webdriver/support/wait.py:121: TimeoutException
_______________________ test_activate_customer_wash_book _______________________

browser = <selenium.webdriver.chrome.webdriver.WebDriver (session="921cc08041432fe3836bb775c3e42575")>

    @allure.title("CWB-EDT-003 Activating an inactive customer wash book updates status to Active")
    @pytest.mark.regression
    def test_activate_customer_wash_book(browser):
    
>       create_customer_wash_book_if_missing(browser)

tests/admin_portal/wash_books/test_customer_wash_books_edit.py:56: 
_ _ _ _ _ _ _ _ _ _ _ _ _ _ _ _ _ _ _ _ _ _ _ _ _ _ _ _ _ _ _ _ _ _ _ _ _ _ _ _ 
tests/admin_portal/wash_books/conftest.py:115: in create_customer_wash_book_if_missing
    page.create_customer_wash_book(
pages/admin_portal/wash_books_page.py:1240: in create_customer_wash_book
    self.select_cwb_wash_book(wash_book_template_name)
pages/admin_portal/wash_books_page.py:1117: in select_cwb_wash_book
    self.select_react_dropdown_option(
pages/common/base_page.py:108: in select_react_dropdown_option
    option = WebDriverWait(self.driver, 20).until(
_ _ _ _ _ _ _ _ _ _ _ _ _ _ _ _ _ _ _ _ _ _ _ _ _ _ _ _ _ _ _ _ _ _ _ _ _ _ _ _ 

self = <selenium.webdriver.support.wait.WebDriverWait (session="921cc08041432fe3836bb775c3e42575")>
method = <function BasePage.select_react_dropdown_option.<locals>.<lambda> at 0x1112d4900>
message = ''

    def until(self, method: Callable[[D], Literal[False] | T], message: str = "") -> T:
        """Wait until the method returns a value that is not False.
    
        Calls the method provided with the driver as an argument until the
        return value does not evaluate to ``False``.
    
        Args:
            method: A callable object that takes a WebDriver instance as an
                argument.
            message: Optional message for TimeoutException.
    
        Returns:
            The result of the last call to `method`.
    
        Raises:
            TimeoutException: If 'method' does not return a truthy value within
                the WebDriverWait object's timeout.
    
        Example:
            >>> from selenium.webdriver.common.by import By
            >>> from selenium.webdriver.support.ui import WebDriverWait
            >>> from selenium.webdriver.support import expected_conditions as EC
            >>>
            >>> # Wait until an element is visible on the page
            >>> wait = WebDriverWait(driver, 10)
            >>> element = wait.until(EC.visibility_of_element_located((By.ID, "exampleId")))
            >>> print(element.text)
        """
        screen = None
        stacktrace = None
    
        end_time = time.monotonic() + self._timeout
        while True:
            try:
                value = method(self._driver)
                if value:
                    return value
            except self._ignored_exceptions as exc:
                screen = getattr(exc, "screen", None)
                stacktrace = getattr(exc, "stacktrace", None)
            if time.monotonic() > end_time:
                break
            time.sleep(self._poll)
>       raise TimeoutException(message, screen, stacktrace)
E       selenium.common.exceptions.TimeoutException: Message:

venv/lib/python3.11/site-packages/selenium/webdriver/support/wait.py:121: TimeoutException
______________________ test_deactivate_customer_wash_book ______________________

browser = <selenium.webdriver.chrome.webdriver.WebDriver (session="92ef6468fb13f5b17c491dc973b9bd8a")>

    @allure.title("CWB-EDT-004 Deactivating an active customer wash book marks it Inactive")
    @pytest.mark.regression
    def test_deactivate_customer_wash_book(browser):
    
>       create_customer_wash_book_if_missing(browser)

tests/admin_portal/wash_books/test_customer_wash_books_edit.py:73: 
_ _ _ _ _ _ _ _ _ _ _ _ _ _ _ _ _ _ _ _ _ _ _ _ _ _ _ _ _ _ _ _ _ _ _ _ _ _ _ _ 
tests/admin_portal/wash_books/conftest.py:115: in create_customer_wash_book_if_missing
    page.create_customer_wash_book(
pages/admin_portal/wash_books_page.py:1240: in create_customer_wash_book
    self.select_cwb_wash_book(wash_book_template_name)
pages/admin_portal/wash_books_page.py:1117: in select_cwb_wash_book
    self.select_react_dropdown_option(
pages/common/base_page.py:108: in select_react_dropdown_option
    option = WebDriverWait(self.driver, 20).until(
_ _ _ _ _ _ _ _ _ _ _ _ _ _ _ _ _ _ _ _ _ _ _ _ _ _ _ _ _ _ _ _ _ _ _ _ _ _ _ _ 

self = <selenium.webdriver.support.wait.WebDriverWait (session="92ef6468fb13f5b17c491dc973b9bd8a")>
method = <function BasePage.select_react_dropdown_option.<locals>.<lambda> at 0x1112d5300>
message = ''

    def until(self, method: Callable[[D], Literal[False] | T], message: str = "") -> T:
        """Wait until the method returns a value that is not False.
    
        Calls the method provided with the driver as an argument until the
        return value does not evaluate to ``False``.
    
        Args:
            method: A callable object that takes a WebDriver instance as an
                argument.
            message: Optional message for TimeoutException.
    
        Returns:
            The result of the last call to `method`.
    
        Raises:
            TimeoutException: If 'method' does not return a truthy value within
                the WebDriverWait object's timeout.
    
        Example:
            >>> from selenium.webdriver.common.by import By
            >>> from selenium.webdriver.support.ui import WebDriverWait
            >>> from selenium.webdriver.support import expected_conditions as EC
            >>>
            >>> # Wait until an element is visible on the page
            >>> wait = WebDriverWait(driver, 10)
            >>> element = wait.until(EC.visibility_of_element_located((By.ID, "exampleId")))
            >>> print(element.text)
        """
        screen = None
        stacktrace = None
    
        end_time = time.monotonic() + self._timeout
        while True:
            try:
                value = method(self._driver)
                if value:
                    return value
            except self._ignored_exceptions as exc:
                screen = getattr(exc, "screen", None)
                stacktrace = getattr(exc, "stacktrace", None)
            if time.monotonic() > end_time:
                break
            time.sleep(self._poll)
>       raise TimeoutException(message, screen, stacktrace)
E       selenium.common.exceptions.TimeoutException: Message:

venv/lib/python3.11/site-packages/selenium/webdriver/support/wait.py:121: TimeoutException
__________________ test_create_cwb_duplicate_number_rejected ___________________

browser = <selenium.webdriver.chrome.webdriver.WebDriver (session="0df3187753ff09c2bce5535837baeeaf")>

    @allure.title("CWB-VAL-004 Duplicate wash book number is rejected on save")
    @pytest.mark.regression
    def test_create_cwb_duplicate_number_rejected(browser):
    
>       create_customer_wash_book_if_missing(browser)

tests/admin_portal/wash_books/test_customer_wash_books_negative.py:69: 
_ _ _ _ _ _ _ _ _ _ _ _ _ _ _ _ _ _ _ _ _ _ _ _ _ _ _ _ _ _ _ _ _ _ _ _ _ _ _ _ 
tests/admin_portal/wash_books/conftest.py:115: in create_customer_wash_book_if_missing
    page.create_customer_wash_book(
pages/admin_portal/wash_books_page.py:1240: in create_customer_wash_book
    self.select_cwb_wash_book(wash_book_template_name)
pages/admin_portal/wash_books_page.py:1117: in select_cwb_wash_book
    self.select_react_dropdown_option(
pages/common/base_page.py:108: in select_react_dropdown_option
    option = WebDriverWait(self.driver, 20).until(
_ _ _ _ _ _ _ _ _ _ _ _ _ _ _ _ _ _ _ _ _ _ _ _ _ _ _ _ _ _ _ _ _ _ _ _ _ _ _ _ 

self = <selenium.webdriver.support.wait.WebDriverWait (session="0df3187753ff09c2bce5535837baeeaf")>
method = <function BasePage.select_react_dropdown_option.<locals>.<lambda> at 0x1112d4360>
message = ''

    def until(self, method: Callable[[D], Literal[False] | T], message: str = "") -> T:
        """Wait until the method returns a value that is not False.
    
        Calls the method provided with the driver as an argument until the
        return value does not evaluate to ``False``.
    
        Args:
            method: A callable object that takes a WebDriver instance as an
                argument.
            message: Optional message for TimeoutException.
    
        Returns:
            The result of the last call to `method`.
    
        Raises:
            TimeoutException: If 'method' does not return a truthy value within
                the WebDriverWait object's timeout.
    
        Example:
            >>> from selenium.webdriver.common.by import By
            >>> from selenium.webdriver.support.ui import WebDriverWait
            >>> from selenium.webdriver.support import expected_conditions as EC
            >>>
            >>> # Wait until an element is visible on the page
            >>> wait = WebDriverWait(driver, 10)
            >>> element = wait.until(EC.visibility_of_element_located((By.ID, "exampleId")))
            >>> print(element.text)
        """
        screen = None
        stacktrace = None
    
        end_time = time.monotonic() + self._timeout
        while True:
            try:
                value = method(self._driver)
                if value:
                    return value
            except self._ignored_exceptions as exc:
                screen = getattr(exc, "screen", None)
                stacktrace = getattr(exc, "stacktrace", None)
            if time.monotonic() > end_time:
                break
            time.sleep(self._poll)
>       raise TimeoutException(message, screen, stacktrace)
E       selenium.common.exceptions.TimeoutException: Message:

venv/lib/python3.11/site-packages/selenium/webdriver/support/wait.py:121: TimeoutException
________________________ test_create_customer_wash_book ________________________

browser = <selenium.webdriver.chrome.webdriver.WebDriver (session="9d627803066798b798de227010c05448")>

    @allure.title("CWB-CRT-001 Valid customer wash book creates and appears in the listing")
    @pytest.mark.smoke
    def test_create_customer_wash_book(browser):
    
>       page = create_customer_wash_book_if_missing(browser)
               ^^^^^^^^^^^^^^^^^^^^^^^^^^^^^^^^^^^^^^^^^^^^^

tests/admin_portal/wash_books/test_customer_wash_books_positive.py:22: 
_ _ _ _ _ _ _ _ _ _ _ _ _ _ _ _ _ _ _ _ _ _ _ _ _ _ _ _ _ _ _ _ _ _ _ _ _ _ _ _ 
tests/admin_portal/wash_books/conftest.py:115: in create_customer_wash_book_if_missing
    page.create_customer_wash_book(
pages/admin_portal/wash_books_page.py:1240: in create_customer_wash_book
    self.select_cwb_wash_book(wash_book_template_name)
pages/admin_portal/wash_books_page.py:1117: in select_cwb_wash_book
    self.select_react_dropdown_option(
pages/common/base_page.py:108: in select_react_dropdown_option
    option = WebDriverWait(self.driver, 20).until(
_ _ _ _ _ _ _ _ _ _ _ _ _ _ _ _ _ _ _ _ _ _ _ _ _ _ _ _ _ _ _ _ _ _ _ _ _ _ _ _ 

self = <selenium.webdriver.support.wait.WebDriverWait (session="9d627803066798b798de227010c05448")>
method = <function BasePage.select_react_dropdown_option.<locals>.<lambda> at 0x1112d49a0>
message = ''

    def until(self, method: Callable[[D], Literal[False] | T], message: str = "") -> T:
        """Wait until the method returns a value that is not False.
    
        Calls the method provided with the driver as an argument until the
        return value does not evaluate to ``False``.
    
        Args:
            method: A callable object that takes a WebDriver instance as an
                argument.
            message: Optional message for TimeoutException.
    
        Returns:
            The result of the last call to `method`.
    
        Raises:
            TimeoutException: If 'method' does not return a truthy value within
                the WebDriverWait object's timeout.
    
        Example:
            >>> from selenium.webdriver.common.by import By
            >>> from selenium.webdriver.support.ui import WebDriverWait
            >>> from selenium.webdriver.support import expected_conditions as EC
            >>>
            >>> # Wait until an element is visible on the page
            >>> wait = WebDriverWait(driver, 10)
            >>> element = wait.until(EC.visibility_of_element_located((By.ID, "exampleId")))
            >>> print(element.text)
        """
        screen = None
        stacktrace = None
    
        end_time = time.monotonic() + self._timeout
        while True:
            try:
                value = method(self._driver)
                if value:
                    return value
            except self._ignored_exceptions as exc:
                screen = getattr(exc, "screen", None)
                stacktrace = getattr(exc, "stacktrace", None)
            if time.monotonic() > end_time:
                break
            time.sleep(self._poll)
>       raise TimeoutException(message, screen, stacktrace)
E       selenium.common.exceptions.TimeoutException: Message:

venv/lib/python3.11/site-packages/selenium/webdriver/support/wait.py:121: TimeoutException
_______________________ test_cwb_search_by_exact_number ________________________

browser = <selenium.webdriver.chrome.webdriver.WebDriver (session="e6e185c61476ee9b8b8ad053d7bcd1d6")>

    @allure.title("CWB-SRH-001 Searching by exact wash book number returns the matching record")
    @pytest.mark.regression
    def test_cwb_search_by_exact_number(browser):
    
>       create_customer_wash_book_if_missing(browser)

tests/admin_portal/wash_books/test_customer_wash_books_search_filter.py:24: 
_ _ _ _ _ _ _ _ _ _ _ _ _ _ _ _ _ _ _ _ _ _ _ _ _ _ _ _ _ _ _ _ _ _ _ _ _ _ _ _ 
tests/admin_portal/wash_books/conftest.py:115: in create_customer_wash_book_if_missing
    page.create_customer_wash_book(
pages/admin_portal/wash_books_page.py:1240: in create_customer_wash_book
    self.select_cwb_wash_book(wash_book_template_name)
pages/admin_portal/wash_books_page.py:1117: in select_cwb_wash_book
    self.select_react_dropdown_option(
pages/common/base_page.py:108: in select_react_dropdown_option
    option = WebDriverWait(self.driver, 20).until(
_ _ _ _ _ _ _ _ _ _ _ _ _ _ _ _ _ _ _ _ _ _ _ _ _ _ _ _ _ _ _ _ _ _ _ _ _ _ _ _ 

self = <selenium.webdriver.support.wait.WebDriverWait (session="e6e185c61476ee9b8b8ad053d7bcd1d6")>
method = <function BasePage.select_react_dropdown_option.<locals>.<lambda> at 0x111208360>
message = ''

    def until(self, method: Callable[[D], Literal[False] | T], message: str = "") -> T:
        """Wait until the method returns a value that is not False.
    
        Calls the method provided with the driver as an argument until the
        return value does not evaluate to ``False``.
    
        Args:
            method: A callable object that takes a WebDriver instance as an
                argument.
            message: Optional message for TimeoutException.
    
        Returns:
            The result of the last call to `method`.
    
        Raises:
            TimeoutException: If 'method' does not return a truthy value within
                the WebDriverWait object's timeout.
    
        Example:
            >>> from selenium.webdriver.common.by import By
            >>> from selenium.webdriver.support.ui import WebDriverWait
            >>> from selenium.webdriver.support import expected_conditions as EC
            >>>
            >>> # Wait until an element is visible on the page
            >>> wait = WebDriverWait(driver, 10)
            >>> element = wait.until(EC.visibility_of_element_located((By.ID, "exampleId")))
            >>> print(element.text)
        """
        screen = None
        stacktrace = None
    
        end_time = time.monotonic() + self._timeout
        while True:
            try:
                value = method(self._driver)
                if value:
                    return value
            except self._ignored_exceptions as exc:
                screen = getattr(exc, "screen", None)
                stacktrace = getattr(exc, "stacktrace", None)
            if time.monotonic() > end_time:
                break
            time.sleep(self._poll)
>       raise TimeoutException(message, screen, stacktrace)
E       selenium.common.exceptions.TimeoutException: Message:

venv/lib/python3.11/site-packages/selenium/webdriver/support/wait.py:121: TimeoutException
______________________ test_cwb_search_by_partial_number _______________________

browser = <selenium.webdriver.chrome.webdriver.WebDriver (session="d415e0e642002c66b8a97816549bc220")>

    @allure.title("CWB-SRH-002 Searching by partial wash book number returns matching records")
    @pytest.mark.extended
    def test_cwb_search_by_partial_number(browser):
    
>       create_customer_wash_book_if_missing(browser)

tests/admin_portal/wash_books/test_customer_wash_books_search_filter.py:36: 
_ _ _ _ _ _ _ _ _ _ _ _ _ _ _ _ _ _ _ _ _ _ _ _ _ _ _ _ _ _ _ _ _ _ _ _ _ _ _ _ 
tests/admin_portal/wash_books/conftest.py:115: in create_customer_wash_book_if_missing
    page.create_customer_wash_book(
pages/admin_portal/wash_books_page.py:1240: in create_customer_wash_book
    self.select_cwb_wash_book(wash_book_template_name)
pages/admin_portal/wash_books_page.py:1117: in select_cwb_wash_book
    self.select_react_dropdown_option(
pages/common/base_page.py:108: in select_react_dropdown_option
    option = WebDriverWait(self.driver, 20).until(
_ _ _ _ _ _ _ _ _ _ _ _ _ _ _ _ _ _ _ _ _ _ _ _ _ _ _ _ _ _ _ _ _ _ _ _ _ _ _ _ 

self = <selenium.webdriver.support.wait.WebDriverWait (session="d415e0e642002c66b8a97816549bc220")>
method = <function BasePage.select_react_dropdown_option.<locals>.<lambda> at 0x1112d62a0>
message = ''

    def until(self, method: Callable[[D], Literal[False] | T], message: str = "") -> T:
        """Wait until the method returns a value that is not False.
    
        Calls the method provided with the driver as an argument until the
        return value does not evaluate to ``False``.
    
        Args:
            method: A callable object that takes a WebDriver instance as an
                argument.
            message: Optional message for TimeoutException.
    
        Returns:
            The result of the last call to `method`.
    
        Raises:
            TimeoutException: If 'method' does not return a truthy value within
                the WebDriverWait object's timeout.
    
        Example:
            >>> from selenium.webdriver.common.by import By
            >>> from selenium.webdriver.support.ui import WebDriverWait
            >>> from selenium.webdriver.support import expected_conditions as EC
            >>>
            >>> # Wait until an element is visible on the page
            >>> wait = WebDriverWait(driver, 10)
            >>> element = wait.until(EC.visibility_of_element_located((By.ID, "exampleId")))
            >>> print(element.text)
        """
        screen = None
        stacktrace = None
    
        end_time = time.monotonic() + self._timeout
        while True:
            try:
                value = method(self._driver)
                if value:
                    return value
            except self._ignored_exceptions as exc:
                screen = getattr(exc, "screen", None)
                stacktrace = getattr(exc, "stacktrace", None)
            if time.monotonic() > end_time:
                break
            time.sleep(self._poll)
>       raise TimeoutException(message, screen, stacktrace)
E       selenium.common.exceptions.TimeoutException: Message:

venv/lib/python3.11/site-packages/selenium/webdriver/support/wait.py:121: TimeoutException
_____________ test_wash_book_long_description_does_not_break_form ______________

browser = <selenium.webdriver.chrome.webdriver.WebDriver (session="e18b833e85bdfa4ad8b93391a1d6252c")>

    @allure.title("WB-DSC-003 Long description does not break the form")
    @pytest.mark.extended
    def test_wash_book_long_description_does_not_break_form(browser):
    
        wash_books_page = create_wash_book_if_missing(browser)
>       wash_books_page.open_edit_wash_book(WASH_BOOK_NAME)

tests/admin_portal/wash_books/test_wash_books_edge_cases.py:20: 
_ _ _ _ _ _ _ _ _ _ _ _ _ _ _ _ _ _ _ _ _ _ _ _ _ _ _ _ _ _ _ _ _ _ _ _ _ _ _ _ 
pages/admin_portal/wash_books_page.py:387: in open_edit_wash_book
    row = self.wait_for_wash_book_row(wash_book_name)
          ^^^^^^^^^^^^^^^^^^^^^^^^^^^^^^^^^^^^^^^^^^^
pages/admin_portal/wash_books_page.py:269: in wait_for_wash_book_row
    return self.wait.until(
_ _ _ _ _ _ _ _ _ _ _ _ _ _ _ _ _ _ _ _ _ _ _ _ _ _ _ _ _ _ _ _ _ _ _ _ _ _ _ _ 

self = <selenium.webdriver.support.wait.WebDriverWait (session="e18b833e85bdfa4ad8b93391a1d6252c")>
method = <function visibility_of_element_located.<locals>._predicate at 0x1112d72e0>
message = ''

    def until(self, method: Callable[[D], Literal[False] | T], message: str = "") -> T:
        """Wait until the method returns a value that is not False.
    
        Calls the method provided with the driver as an argument until the
        return value does not evaluate to ``False``.
    
        Args:
            method: A callable object that takes a WebDriver instance as an
                argument.
            message: Optional message for TimeoutException.
    
        Returns:
            The result of the last call to `method`.
    
        Raises:
            TimeoutException: If 'method' does not return a truthy value within
                the WebDriverWait object's timeout.
    
        Example:
            >>> from selenium.webdriver.common.by import By
            >>> from selenium.webdriver.support.ui import WebDriverWait
            >>> from selenium.webdriver.support import expected_conditions as EC
            >>>
            >>> # Wait until an element is visible on the page
            >>> wait = WebDriverWait(driver, 10)
            >>> element = wait.until(EC.visibility_of_element_located((By.ID, "exampleId")))
            >>> print(element.text)
        """
        screen = None
        stacktrace = None
    
        end_time = time.monotonic() + self._timeout
        while True:
            try:
                value = method(self._driver)
                if value:
                    return value
            except self._ignored_exceptions as exc:
                screen = getattr(exc, "screen", None)
                stacktrace = getattr(exc, "stacktrace", None)
            if time.monotonic() > end_time:
                break
            time.sleep(self._poll)
>       raise TimeoutException(message, screen, stacktrace)
E       selenium.common.exceptions.TimeoutException: Message: 
E       Stacktrace:
E       0   chromedriver                        0x0000000104f21a84 cxxbridge1$str$ptr + 3195292
E       1   chromedriver                        0x0000000104f19b4c cxxbridge1$str$ptr + 3162724
E       2   chromedriver                        0x00000001049c32a4 _RNvCs9NA52FrZ4pF_7___rustc35___rust_no_alloc_shim_is_unstable_v2 + 73836
E       3   chromedriver                        0x0000000104a0ba44 _RNvCs9NA52FrZ4pF_7___rustc35___rust_no_alloc_shim_is_unstable_v2 + 370700
E       4   chromedriver                        0x0000000104a4b030 _RNvCs9NA52FrZ4pF_7___rustc35___rust_no_alloc_shim_is_unstable_v2 + 630264
E       5   chromedriver                        0x0000000104a01434 _RNvCs9NA52FrZ4pF_7___rustc35___rust_no_alloc_shim_is_unstable_v2 + 328188
E       6   chromedriver                        0x0000000104edec40 cxxbridge1$str$ptr + 2921304
E       7   chromedriver                        0x0000000104ee23b8 cxxbridge1$str$ptr + 2935504
E       8   chromedriver                        0x0000000104ec50f8 cxxbridge1$str$ptr + 2816016
E       9   chromedriver                        0x0000000104ee2c4c cxxbridge1$str$ptr + 2937700
E       10  chromedriver                        0x0000000104eb63b0 cxxbridge1$str$ptr + 2755272
E       11  chromedriver                        0x0000000104f081f4 cxxbridge1$str$ptr + 3090700
E       12  chromedriver                        0x0000000104f08354 cxxbridge1$str$ptr + 3091052
E       13  chromedriver                        0x0000000104f197a4 cxxbridge1$str$ptr + 3161788
E       14  libsystem_pthread.dylib             0x0000000199325c08 _pthread_start + 136
E       15  libsystem_pthread.dylib             0x0000000199320ba8 thread_start + 8

venv/lib/python3.11/site-packages/selenium/webdriver/support/wait.py:121: TimeoutException
_______________________ test_edit_wash_book_description ________________________

browser = <selenium.webdriver.chrome.webdriver.WebDriver (session="088014f3b8191598e9005828b13c0e10")>

    @allure.title("WB-DSC-004 Editing the wash book description persists after save")
    @pytest.mark.regression
    def test_edit_wash_book_description(browser):
    
        wash_books_page = create_wash_book_if_missing(browser)
>       wash_books_page.update_wash_book_description(
            WASH_BOOK_NAME,
            WASH_BOOK_DESCRIPTION
        )

tests/admin_portal/wash_books/test_wash_books_edit.py:28: 
_ _ _ _ _ _ _ _ _ _ _ _ _ _ _ _ _ _ _ _ _ _ _ _ _ _ _ _ _ _ _ _ _ _ _ _ _ _ _ _ 
pages/admin_portal/wash_books_page.py:986: in update_wash_book_description
    self.open_edit_wash_book(wash_book_name)
pages/admin_portal/wash_books_page.py:387: in open_edit_wash_book
    row = self.wait_for_wash_book_row(wash_book_name)
          ^^^^^^^^^^^^^^^^^^^^^^^^^^^^^^^^^^^^^^^^^^^
pages/admin_portal/wash_books_page.py:269: in wait_for_wash_book_row
    return self.wait.until(
_ _ _ _ _ _ _ _ _ _ _ _ _ _ _ _ _ _ _ _ _ _ _ _ _ _ _ _ _ _ _ _ _ _ _ _ _ _ _ _ 

self = <selenium.webdriver.support.wait.WebDriverWait (session="088014f3b8191598e9005828b13c0e10")>
method = <function visibility_of_element_located.<locals>._predicate at 0x1112d7c40>
message = ''

    def until(self, method: Callable[[D], Literal[False] | T], message: str = "") -> T:
        """Wait until the method returns a value that is not False.
    
        Calls the method provided with the driver as an argument until the
        return value does not evaluate to ``False``.
    
        Args:
            method: A callable object that takes a WebDriver instance as an
                argument.
            message: Optional message for TimeoutException.
    
        Returns:
            The result of the last call to `method`.
    
        Raises:
            TimeoutException: If 'method' does not return a truthy value within
                the WebDriverWait object's timeout.
    
        Example:
            >>> from selenium.webdriver.common.by import By
            >>> from selenium.webdriver.support.ui import WebDriverWait
            >>> from selenium.webdriver.support import expected_conditions as EC
            >>>
            >>> # Wait until an element is visible on the page
            >>> wait = WebDriverWait(driver, 10)
            >>> element = wait.until(EC.visibility_of_element_located((By.ID, "exampleId")))
            >>> print(element.text)
        """
        screen = None
        stacktrace = None
    
        end_time = time.monotonic() + self._timeout
        while True:
            try:
                value = method(self._driver)
                if value:
                    return value
            except self._ignored_exceptions as exc:
                screen = getattr(exc, "screen", None)
                stacktrace = getattr(exc, "stacktrace", None)
            if time.monotonic() > end_time:
                break
            time.sleep(self._poll)
>       raise TimeoutException(message, screen, stacktrace)
E       selenium.common.exceptions.TimeoutException: Message: 
E       Stacktrace:
E       0   chromedriver                        0x00000001027a9a84 cxxbridge1$str$ptr + 3195292
E       1   chromedriver                        0x00000001027a1b4c cxxbridge1$str$ptr + 3162724
E       2   chromedriver                        0x000000010224b2a4 _RNvCs9NA52FrZ4pF_7___rustc35___rust_no_alloc_shim_is_unstable_v2 + 73836
E       3   chromedriver                        0x0000000102293a44 _RNvCs9NA52FrZ4pF_7___rustc35___rust_no_alloc_shim_is_unstable_v2 + 370700
E       4   chromedriver                        0x00000001022d3030 _RNvCs9NA52FrZ4pF_7___rustc35___rust_no_alloc_shim_is_unstable_v2 + 630264
E       5   chromedriver                        0x0000000102289434 _RNvCs9NA52FrZ4pF_7___rustc35___rust_no_alloc_shim_is_unstable_v2 + 328188
E       6   chromedriver                        0x0000000102766c40 cxxbridge1$str$ptr + 2921304
E       7   chromedriver                        0x000000010276a3b8 cxxbridge1$str$ptr + 2935504
E       8   chromedriver                        0x000000010274d0f8 cxxbridge1$str$ptr + 2816016
E       9   chromedriver                        0x000000010276ac4c cxxbridge1$str$ptr + 2937700
E       10  chromedriver                        0x000000010273e3b0 cxxbridge1$str$ptr + 2755272
E       11  chromedriver                        0x00000001027901f4 cxxbridge1$str$ptr + 3090700
E       12  chromedriver                        0x0000000102790354 cxxbridge1$str$ptr + 3091052
E       13  chromedriver                        0x00000001027a17a4 cxxbridge1$str$ptr + 3161788
E       14  libsystem_pthread.dylib             0x0000000199325c08 _pthread_start + 136
E       15  libsystem_pthread.dylib             0x0000000199320ba8 thread_start + 8

venv/lib/python3.11/site-packages/selenium/webdriver/support/wait.py:121: TimeoutException
______________________ test_edit_wash_book_name_persists _______________________

browser = <selenium.webdriver.chrome.webdriver.WebDriver (session="4cd9874b704b153293d62b0fea0c8182")>

    @allure.title("WB-EDT-001 Editing the wash book name persists after save")
    @pytest.mark.regression
    def test_edit_wash_book_name_persists(browser):
    
        updated_name = WASH_BOOK_NAME + " edited"
        page = create_wash_book_if_missing(browser)
>       page.open_edit_wash_book(WASH_BOOK_NAME)

tests/admin_portal/wash_books/test_wash_books_edit.py:43: 
_ _ _ _ _ _ _ _ _ _ _ _ _ _ _ _ _ _ _ _ _ _ _ _ _ _ _ _ _ _ _ _ _ _ _ _ _ _ _ _ 
pages/admin_portal/wash_books_page.py:387: in open_edit_wash_book
    row = self.wait_for_wash_book_row(wash_book_name)
          ^^^^^^^^^^^^^^^^^^^^^^^^^^^^^^^^^^^^^^^^^^^
pages/admin_portal/wash_books_page.py:269: in wait_for_wash_book_row
    return self.wait.until(
_ _ _ _ _ _ _ _ _ _ _ _ _ _ _ _ _ _ _ _ _ _ _ _ _ _ _ _ _ _ _ _ _ _ _ _ _ _ _ _ 

self = <selenium.webdriver.support.wait.WebDriverWait (session="4cd9874b704b153293d62b0fea0c8182")>
method = <function visibility_of_element_located.<locals>._predicate at 0x1112d7ec0>
message = ''

    def until(self, method: Callable[[D], Literal[False] | T], message: str = "") -> T:
        """Wait until the method returns a value that is not False.
    
        Calls the method provided with the driver as an argument until the
        return value does not evaluate to ``False``.
    
        Args:
            method: A callable object that takes a WebDriver instance as an
                argument.
            message: Optional message for TimeoutException.
    
        Returns:
            The result of the last call to `method`.
    
        Raises:
            TimeoutException: If 'method' does not return a truthy value within
                the WebDriverWait object's timeout.
    
        Example:
            >>> from selenium.webdriver.common.by import By
            >>> from selenium.webdriver.support.ui import WebDriverWait
            >>> from selenium.webdriver.support import expected_conditions as EC
            >>>
            >>> # Wait until an element is visible on the page
            >>> wait = WebDriverWait(driver, 10)
            >>> element = wait.until(EC.visibility_of_element_located((By.ID, "exampleId")))
            >>> print(element.text)
        """
        screen = None
        stacktrace = None
    
        end_time = time.monotonic() + self._timeout
        while True:
            try:
                value = method(self._driver)
                if value:
                    return value
            except self._ignored_exceptions as exc:
                screen = getattr(exc, "screen", None)
                stacktrace = getattr(exc, "stacktrace", None)
            if time.monotonic() > end_time:
                break
            time.sleep(self._poll)
>       raise TimeoutException(message, screen, stacktrace)
E       selenium.common.exceptions.TimeoutException: Message: 
E       Stacktrace:
E       0   chromedriver                        0x0000000102c69a84 cxxbridge1$str$ptr + 3195292
E       1   chromedriver                        0x0000000102c61b4c cxxbridge1$str$ptr + 3162724
E       2   chromedriver                        0x000000010270b2a4 _RNvCs9NA52FrZ4pF_7___rustc35___rust_no_alloc_shim_is_unstable_v2 + 73836
E       3   chromedriver                        0x0000000102753a44 _RNvCs9NA52FrZ4pF_7___rustc35___rust_no_alloc_shim_is_unstable_v2 + 370700
E       4   chromedriver                        0x0000000102793030 _RNvCs9NA52FrZ4pF_7___rustc35___rust_no_alloc_shim_is_unstable_v2 + 630264
E       5   chromedriver                        0x0000000102749434 _RNvCs9NA52FrZ4pF_7___rustc35___rust_no_alloc_shim_is_unstable_v2 + 328188
E       6   chromedriver                        0x0000000102c26c40 cxxbridge1$str$ptr + 2921304
E       7   chromedriver                        0x0000000102c2a3b8 cxxbridge1$str$ptr + 2935504
E       8   chromedriver                        0x0000000102c0d0f8 cxxbridge1$str$ptr + 2816016
E       9   chromedriver                        0x0000000102c2ac4c cxxbridge1$str$ptr + 2937700
E       10  chromedriver                        0x0000000102bfe3b0 cxxbridge1$str$ptr + 2755272
E       11  chromedriver                        0x0000000102c501f4 cxxbridge1$str$ptr + 3090700
E       12  chromedriver                        0x0000000102c50354 cxxbridge1$str$ptr + 3091052
E       13  chromedriver                        0x0000000102c617a4 cxxbridge1$str$ptr + 3161788
E       14  libsystem_pthread.dylib             0x0000000199325c08 _pthread_start + 136
E       15  libsystem_pthread.dylib             0x0000000199320ba8 thread_start + 8

venv/lib/python3.11/site-packages/selenium/webdriver/support/wait.py:121: TimeoutException
__________________ test_edit_wash_book_global_price_persists ___________________

browser = <selenium.webdriver.chrome.webdriver.WebDriver (session="bc27beed57341f41eeec48db67b5ec18")>

    @allure.title("WB-EDT-002 Editing the global price persists after save")
    @pytest.mark.regression
    def test_edit_wash_book_global_price_persists(browser):
    
        new_price = "60"
        page = create_wash_book_if_missing(browser)
>       page.open_edit_wash_book(WASH_BOOK_NAME)

tests/admin_portal/wash_books/test_wash_books_edit.py:63: 
_ _ _ _ _ _ _ _ _ _ _ _ _ _ _ _ _ _ _ _ _ _ _ _ _ _ _ _ _ _ _ _ _ _ _ _ _ _ _ _ 
pages/admin_portal/wash_books_page.py:387: in open_edit_wash_book
    row = self.wait_for_wash_book_row(wash_book_name)
          ^^^^^^^^^^^^^^^^^^^^^^^^^^^^^^^^^^^^^^^^^^^
pages/admin_portal/wash_books_page.py:269: in wait_for_wash_book_row
    return self.wait.until(
_ _ _ _ _ _ _ _ _ _ _ _ _ _ _ _ _ _ _ _ _ _ _ _ _ _ _ _ _ _ _ _ _ _ _ _ _ _ _ _ 

self = <selenium.webdriver.support.wait.WebDriverWait (session="bc27beed57341f41eeec48db67b5ec18")>
method = <function visibility_of_element_located.<locals>._predicate at 0x1110c9bc0>
message = ''

    def until(self, method: Callable[[D], Literal[False] | T], message: str = "") -> T:
        """Wait until the method returns a value that is not False.
    
        Calls the method provided with the driver as an argument until the
        return value does not evaluate to ``False``.
    
        Args:
            method: A callable object that takes a WebDriver instance as an
                argument.
            message: Optional message for TimeoutException.
    
        Returns:
            The result of the last call to `method`.
    
        Raises:
            TimeoutException: If 'method' does not return a truthy value within
                the WebDriverWait object's timeout.
    
        Example:
            >>> from selenium.webdriver.common.by import By
            >>> from selenium.webdriver.support.ui import WebDriverWait
            >>> from selenium.webdriver.support import expected_conditions as EC
            >>>
            >>> # Wait until an element is visible on the page
            >>> wait = WebDriverWait(driver, 10)
            >>> element = wait.until(EC.visibility_of_element_located((By.ID, "exampleId")))
            >>> print(element.text)
        """
        screen = None
        stacktrace = None
    
        end_time = time.monotonic() + self._timeout
        while True:
            try:
                value = method(self._driver)
                if value:
                    return value
            except self._ignored_exceptions as exc:
                screen = getattr(exc, "screen", None)
                stacktrace = getattr(exc, "stacktrace", None)
            if time.monotonic() > end_time:
                break
            time.sleep(self._poll)
>       raise TimeoutException(message, screen, stacktrace)
E       selenium.common.exceptions.TimeoutException: Message: 
E       Stacktrace:
E       0   chromedriver                        0x0000000102b15a84 cxxbridge1$str$ptr + 3195292
E       1   chromedriver                        0x0000000102b0db4c cxxbridge1$str$ptr + 3162724
E       2   chromedriver                        0x00000001025b72a4 _RNvCs9NA52FrZ4pF_7___rustc35___rust_no_alloc_shim_is_unstable_v2 + 73836
E       3   chromedriver                        0x00000001025ffa44 _RNvCs9NA52FrZ4pF_7___rustc35___rust_no_alloc_shim_is_unstable_v2 + 370700
E       4   chromedriver                        0x000000010263f030 _RNvCs9NA52FrZ4pF_7___rustc35___rust_no_alloc_shim_is_unstable_v2 + 630264
E       5   chromedriver                        0x00000001025f5434 _RNvCs9NA52FrZ4pF_7___rustc35___rust_no_alloc_shim_is_unstable_v2 + 328188
E       6   chromedriver                        0x0000000102ad2c40 cxxbridge1$str$ptr + 2921304
E       7   chromedriver                        0x0000000102ad63b8 cxxbridge1$str$ptr + 2935504
E       8   chromedriver                        0x0000000102ab90f8 cxxbridge1$str$ptr + 2816016
E       9   chromedriver                        0x0000000102ad6c4c cxxbridge1$str$ptr + 2937700
E       10  chromedriver                        0x0000000102aaa3b0 cxxbridge1$str$ptr + 2755272
E       11  chromedriver                        0x0000000102afc1f4 cxxbridge1$str$ptr + 3090700
E       12  chromedriver                        0x0000000102afc354 cxxbridge1$str$ptr + 3091052
E       13  chromedriver                        0x0000000102b0d7a4 cxxbridge1$str$ptr + 3161788
E       14  libsystem_pthread.dylib             0x0000000199325c08 _pthread_start + 136
E       15  libsystem_pthread.dylib             0x0000000199320ba8 thread_start + 8

venv/lib/python3.11/site-packages/selenium/webdriver/support/wait.py:121: TimeoutException
________________ test_edit_wash_book_number_of_washes_persists _________________

browser = <selenium.webdriver.chrome.webdriver.WebDriver (session="5a93ec109f4ca71723374dee83970e91")>

    @allure.title("WB-EDT-003 Editing the number of washes persists after save")
    @pytest.mark.regression
    def test_edit_wash_book_number_of_washes_persists(browser):
    
        new_washes = "20"
        page = create_wash_book_if_missing(browser)
>       page.open_edit_wash_book(WASH_BOOK_NAME)

tests/admin_portal/wash_books/test_wash_books_edit.py:83: 
_ _ _ _ _ _ _ _ _ _ _ _ _ _ _ _ _ _ _ _ _ _ _ _ _ _ _ _ _ _ _ _ _ _ _ _ _ _ _ _ 
pages/admin_portal/wash_books_page.py:387: in open_edit_wash_book
    row = self.wait_for_wash_book_row(wash_book_name)
          ^^^^^^^^^^^^^^^^^^^^^^^^^^^^^^^^^^^^^^^^^^^
pages/admin_portal/wash_books_page.py:269: in wait_for_wash_book_row
    return self.wait.until(
_ _ _ _ _ _ _ _ _ _ _ _ _ _ _ _ _ _ _ _ _ _ _ _ _ _ _ _ _ _ _ _ _ _ _ _ _ _ _ _ 

self = <selenium.webdriver.support.wait.WebDriverWait (session="5a93ec109f4ca71723374dee83970e91")>
method = <function visibility_of_element_located.<locals>._predicate at 0x1112d7600>
message = ''

    def until(self, method: Callable[[D], Literal[False] | T], message: str = "") -> T:
        """Wait until the method returns a value that is not False.
    
        Calls the method provided with the driver as an argument until the
        return value does not evaluate to ``False``.
    
        Args:
            method: A callable object that takes a WebDriver instance as an
                argument.
            message: Optional message for TimeoutException.
    
        Returns:
            The result of the last call to `method`.
    
        Raises:
            TimeoutException: If 'method' does not return a truthy value within
                the WebDriverWait object's timeout.
    
        Example:
            >>> from selenium.webdriver.common.by import By
            >>> from selenium.webdriver.support.ui import WebDriverWait
            >>> from selenium.webdriver.support import expected_conditions as EC
            >>>
            >>> # Wait until an element is visible on the page
            >>> wait = WebDriverWait(driver, 10)
            >>> element = wait.until(EC.visibility_of_element_located((By.ID, "exampleId")))
            >>> print(element.text)
        """
        screen = None
        stacktrace = None
    
        end_time = time.monotonic() + self._timeout
        while True:
            try:
                value = method(self._driver)
                if value:
                    return value
            except self._ignored_exceptions as exc:
                screen = getattr(exc, "screen", None)
                stacktrace = getattr(exc, "stacktrace", None)
            if time.monotonic() > end_time:
                break
            time.sleep(self._poll)
>       raise TimeoutException(message, screen, stacktrace)
E       selenium.common.exceptions.TimeoutException: Message: 
E       Stacktrace:
E       0   chromedriver                        0x0000000104af9a84 cxxbridge1$str$ptr + 3195292
E       1   chromedriver                        0x0000000104af1b4c cxxbridge1$str$ptr + 3162724
E       2   chromedriver                        0x000000010459b2a4 _RNvCs9NA52FrZ4pF_7___rustc35___rust_no_alloc_shim_is_unstable_v2 + 73836
E       3   chromedriver                        0x00000001045e3a44 _RNvCs9NA52FrZ4pF_7___rustc35___rust_no_alloc_shim_is_unstable_v2 + 370700
E       4   chromedriver                        0x0000000104623030 _RNvCs9NA52FrZ4pF_7___rustc35___rust_no_alloc_shim_is_unstable_v2 + 630264
E       5   chromedriver                        0x00000001045d9434 _RNvCs9NA52FrZ4pF_7___rustc35___rust_no_alloc_shim_is_unstable_v2 + 328188
E       6   chromedriver                        0x0000000104ab6c40 cxxbridge1$str$ptr + 2921304
E       7   chromedriver                        0x0000000104aba3b8 cxxbridge1$str$ptr + 2935504
E       8   chromedriver                        0x0000000104a9d0f8 cxxbridge1$str$ptr + 2816016
E       9   chromedriver                        0x0000000104abac4c cxxbridge1$str$ptr + 2937700
E       10  chromedriver                        0x0000000104a8e3b0 cxxbridge1$str$ptr + 2755272
E       11  chromedriver                        0x0000000104ae01f4 cxxbridge1$str$ptr + 3090700
E       12  chromedriver                        0x0000000104ae0354 cxxbridge1$str$ptr + 3091052
E       13  chromedriver                        0x0000000104af17a4 cxxbridge1$str$ptr + 3161788
E       14  libsystem_pthread.dylib             0x0000000199325c08 _pthread_start + 136
E       15  libsystem_pthread.dylib             0x0000000199320ba8 thread_start + 8

venv/lib/python3.11/site-packages/selenium/webdriver/support/wait.py:121: TimeoutException
________________ test_edit_wash_book_global_commission_persists ________________

browser = <selenium.webdriver.chrome.webdriver.WebDriver (session="1feb818cc6d3fbdcdf0cc2d825def6e8")>

    @allure.title("WB-EDT-006 Editing global commission persists after save")
    @pytest.mark.extended
    def test_edit_wash_book_global_commission_persists(browser):
    
        new_commission = "8"
        page = create_wash_book_if_missing(browser)
>       page.open_edit_wash_book(WASH_BOOK_NAME)

tests/admin_portal/wash_books/test_wash_books_edit.py:127: 
_ _ _ _ _ _ _ _ _ _ _ _ _ _ _ _ _ _ _ _ _ _ _ _ _ _ _ _ _ _ _ _ _ _ _ _ _ _ _ _ 
pages/admin_portal/wash_books_page.py:387: in open_edit_wash_book
    row = self.wait_for_wash_book_row(wash_book_name)
          ^^^^^^^^^^^^^^^^^^^^^^^^^^^^^^^^^^^^^^^^^^^
pages/admin_portal/wash_books_page.py:269: in wait_for_wash_book_row
    return self.wait.until(
_ _ _ _ _ _ _ _ _ _ _ _ _ _ _ _ _ _ _ _ _ _ _ _ _ _ _ _ _ _ _ _ _ _ _ _ _ _ _ _ 

self = <selenium.webdriver.support.wait.WebDriverWait (session="1feb818cc6d3fbdcdf0cc2d825def6e8")>
method = <function visibility_of_element_located.<locals>._predicate at 0x1112d6340>
message = ''

    def until(self, method: Callable[[D], Literal[False] | T], message: str = "") -> T:
        """Wait until the method returns a value that is not False.
    
        Calls the method provided with the driver as an argument until the
        return value does not evaluate to ``False``.
    
        Args:
            method: A callable object that takes a WebDriver instance as an
                argument.
            message: Optional message for TimeoutException.
    
        Returns:
            The result of the last call to `method`.
    
        Raises:
            TimeoutException: If 'method' does not return a truthy value within
                the WebDriverWait object's timeout.
    
        Example:
            >>> from selenium.webdriver.common.by import By
            >>> from selenium.webdriver.support.ui import WebDriverWait
            >>> from selenium.webdriver.support import expected_conditions as EC
            >>>
            >>> # Wait until an element is visible on the page
            >>> wait = WebDriverWait(driver, 10)
            >>> element = wait.until(EC.visibility_of_element_located((By.ID, "exampleId")))
            >>> print(element.text)
        """
        screen = None
        stacktrace = None
    
        end_time = time.monotonic() + self._timeout
        while True:
            try:
                value = method(self._driver)
                if value:
                    return value
            except self._ignored_exceptions as exc:
                screen = getattr(exc, "screen", None)
                stacktrace = getattr(exc, "stacktrace", None)
            if time.monotonic() > end_time:
                break
            time.sleep(self._poll)
>       raise TimeoutException(message, screen, stacktrace)
E       selenium.common.exceptions.TimeoutException: Message: 
E       Stacktrace:
E       0   chromedriver                        0x0000000102f75a84 cxxbridge1$str$ptr + 3195292
E       1   chromedriver                        0x0000000102f6db4c cxxbridge1$str$ptr + 3162724
E       2   chromedriver                        0x0000000102a172a4 _RNvCs9NA52FrZ4pF_7___rustc35___rust_no_alloc_shim_is_unstable_v2 + 73836
E       3   chromedriver                        0x0000000102a5fa44 _RNvCs9NA52FrZ4pF_7___rustc35___rust_no_alloc_shim_is_unstable_v2 + 370700
E       4   chromedriver                        0x0000000102a9f030 _RNvCs9NA52FrZ4pF_7___rustc35___rust_no_alloc_shim_is_unstable_v2 + 630264
E       5   chromedriver                        0x0000000102a55434 _RNvCs9NA52FrZ4pF_7___rustc35___rust_no_alloc_shim_is_unstable_v2 + 328188
E       6   chromedriver                        0x0000000102f32c40 cxxbridge1$str$ptr + 2921304
E       7   chromedriver                        0x0000000102f363b8 cxxbridge1$str$ptr + 2935504
E       8   chromedriver                        0x0000000102f190f8 cxxbridge1$str$ptr + 2816016
E       9   chromedriver                        0x0000000102f36c4c cxxbridge1$str$ptr + 2937700
E       10  chromedriver                        0x0000000102f0a3b0 cxxbridge1$str$ptr + 2755272
E       11  chromedriver                        0x0000000102f5c1f4 cxxbridge1$str$ptr + 3090700
E       12  chromedriver                        0x0000000102f5c354 cxxbridge1$str$ptr + 3091052
E       13  chromedriver                        0x0000000102f6d7a4 cxxbridge1$str$ptr + 3161788
E       14  libsystem_pthread.dylib             0x0000000199325c08 _pthread_start + 136
E       15  libsystem_pthread.dylib             0x0000000199320ba8 thread_start + 8

venv/lib/python3.11/site-packages/selenium/webdriver/support/wait.py:121: TimeoutException
___________________________ test_activate_wash_book ____________________________

browser = <selenium.webdriver.chrome.webdriver.WebDriver (session="e2705a15bf5788ea9fa4708dd9c1fe08")>

    @allure.title("WB-EDT-007 Activating an inactive wash book updates its status to Active")
    @pytest.mark.smoke
    def test_activate_wash_book(browser):
    
        page = create_wash_book_if_missing(browser)
>       page.open_edit_wash_book(WASH_BOOK_NAME)

tests/admin_portal/wash_books/test_wash_books_edit.py:146: 
_ _ _ _ _ _ _ _ _ _ _ _ _ _ _ _ _ _ _ _ _ _ _ _ _ _ _ _ _ _ _ _ _ _ _ _ _ _ _ _ 
pages/admin_portal/wash_books_page.py:387: in open_edit_wash_book
    row = self.wait_for_wash_book_row(wash_book_name)
          ^^^^^^^^^^^^^^^^^^^^^^^^^^^^^^^^^^^^^^^^^^^
pages/admin_portal/wash_books_page.py:269: in wait_for_wash_book_row
    return self.wait.until(
_ _ _ _ _ _ _ _ _ _ _ _ _ _ _ _ _ _ _ _ _ _ _ _ _ _ _ _ _ _ _ _ _ _ _ _ _ _ _ _ 

self = <selenium.webdriver.support.wait.WebDriverWait (session="e2705a15bf5788ea9fa4708dd9c1fe08")>
method = <function visibility_of_element_located.<locals>._predicate at 0x1112d56c0>
message = ''

    def until(self, method: Callable[[D], Literal[False] | T], message: str = "") -> T:
        """Wait until the method returns a value that is not False.
    
        Calls the method provided with the driver as an argument until the
        return value does not evaluate to ``False``.
    
        Args:
            method: A callable object that takes a WebDriver instance as an
                argument.
            message: Optional message for TimeoutException.
    
        Returns:
            The result of the last call to `method`.
    
        Raises:
            TimeoutException: If 'method' does not return a truthy value within
                the WebDriverWait object's timeout.
    
        Example:
            >>> from selenium.webdriver.common.by import By
            >>> from selenium.webdriver.support.ui import WebDriverWait
            >>> from selenium.webdriver.support import expected_conditions as EC
            >>>
            >>> # Wait until an element is visible on the page
            >>> wait = WebDriverWait(driver, 10)
            >>> element = wait.until(EC.visibility_of_element_located((By.ID, "exampleId")))
            >>> print(element.text)
        """
        screen = None
        stacktrace = None
    
        end_time = time.monotonic() + self._timeout
        while True:
            try:
                value = method(self._driver)
                if value:
                    return value
            except self._ignored_exceptions as exc:
                screen = getattr(exc, "screen", None)
                stacktrace = getattr(exc, "stacktrace", None)
            if time.monotonic() > end_time:
                break
            time.sleep(self._poll)
>       raise TimeoutException(message, screen, stacktrace)
E       selenium.common.exceptions.TimeoutException: Message: 
E       Stacktrace:
E       0   chromedriver                        0x00000001054f5a84 cxxbridge1$str$ptr + 3195292
E       1   chromedriver                        0x00000001054edb4c cxxbridge1$str$ptr + 3162724
E       2   chromedriver                        0x0000000104f972a4 _RNvCs9NA52FrZ4pF_7___rustc35___rust_no_alloc_shim_is_unstable_v2 + 73836
E       3   chromedriver                        0x0000000104fdfa44 _RNvCs9NA52FrZ4pF_7___rustc35___rust_no_alloc_shim_is_unstable_v2 + 370700
E       4   chromedriver                        0x000000010501f030 _RNvCs9NA52FrZ4pF_7___rustc35___rust_no_alloc_shim_is_unstable_v2 + 630264
E       5   chromedriver                        0x0000000104fd5434 _RNvCs9NA52FrZ4pF_7___rustc35___rust_no_alloc_shim_is_unstable_v2 + 328188
E       6   chromedriver                        0x00000001054b2c40 cxxbridge1$str$ptr + 2921304
E       7   chromedriver                        0x00000001054b63b8 cxxbridge1$str$ptr + 2935504
E       8   chromedriver                        0x00000001054990f8 cxxbridge1$str$ptr + 2816016
E       9   chromedriver                        0x00000001054b6c4c cxxbridge1$str$ptr + 2937700
E       10  chromedriver                        0x000000010548a3b0 cxxbridge1$str$ptr + 2755272
E       11  chromedriver                        0x00000001054dc1f4 cxxbridge1$str$ptr + 3090700
E       12  chromedriver                        0x00000001054dc354 cxxbridge1$str$ptr + 3091052
E       13  chromedriver                        0x00000001054ed7a4 cxxbridge1$str$ptr + 3161788
E       14  libsystem_pthread.dylib             0x0000000199325c08 _pthread_start + 136
E       15  libsystem_pthread.dylib             0x0000000199320ba8 thread_start + 8

venv/lib/python3.11/site-packages/selenium/webdriver/support/wait.py:121: TimeoutException
__________________________ test_deactivate_wash_book ___________________________

browser = <selenium.webdriver.chrome.webdriver.WebDriver (session="322581a2fe747368e113305d7ce09b48")>

    @allure.title("WB-EDT-008 Deactivating an active wash book marks it Inactive without deletion")
    @pytest.mark.smoke
    def test_deactivate_wash_book(browser):
    
        page = create_wash_book_if_missing(browser)
>       page.open_edit_wash_book(WASH_BOOK_NAME)

tests/admin_portal/wash_books/test_wash_books_edit.py:163: 
_ _ _ _ _ _ _ _ _ _ _ _ _ _ _ _ _ _ _ _ _ _ _ _ _ _ _ _ _ _ _ _ _ _ _ _ _ _ _ _ 
pages/admin_portal/wash_books_page.py:387: in open_edit_wash_book
    row = self.wait_for_wash_book_row(wash_book_name)
          ^^^^^^^^^^^^^^^^^^^^^^^^^^^^^^^^^^^^^^^^^^^
pages/admin_portal/wash_books_page.py:269: in wait_for_wash_book_row
    return self.wait.until(
_ _ _ _ _ _ _ _ _ _ _ _ _ _ _ _ _ _ _ _ _ _ _ _ _ _ _ _ _ _ _ _ _ _ _ _ _ _ _ _ 

self = <selenium.webdriver.support.wait.WebDriverWait (session="322581a2fe747368e113305d7ce09b48")>
method = <function visibility_of_element_located.<locals>._predicate at 0x1112d44a0>
message = ''

    def until(self, method: Callable[[D], Literal[False] | T], message: str = "") -> T:
        """Wait until the method returns a value that is not False.
    
        Calls the method provided with the driver as an argument until the
        return value does not evaluate to ``False``.
    
        Args:
            method: A callable object that takes a WebDriver instance as an
                argument.
            message: Optional message for TimeoutException.
    
        Returns:
            The result of the last call to `method`.
    
        Raises:
            TimeoutException: If 'method' does not return a truthy value within
                the WebDriverWait object's timeout.
    
        Example:
            >>> from selenium.webdriver.common.by import By
            >>> from selenium.webdriver.support.ui import WebDriverWait
            >>> from selenium.webdriver.support import expected_conditions as EC
            >>>
            >>> # Wait until an element is visible on the page
            >>> wait = WebDriverWait(driver, 10)
            >>> element = wait.until(EC.visibility_of_element_located((By.ID, "exampleId")))
            >>> print(element.text)
        """
        screen = None
        stacktrace = None
    
        end_time = time.monotonic() + self._timeout
        while True:
            try:
                value = method(self._driver)
                if value:
                    return value
            except self._ignored_exceptions as exc:
                screen = getattr(exc, "screen", None)
                stacktrace = getattr(exc, "stacktrace", None)
            if time.monotonic() > end_time:
                break
            time.sleep(self._poll)
>       raise TimeoutException(message, screen, stacktrace)
E       selenium.common.exceptions.TimeoutException: Message: 
E       Stacktrace:
E       0   chromedriver                        0x00000001009d9a84 cxxbridge1$str$ptr + 3195292
E       1   chromedriver                        0x00000001009d1b4c cxxbridge1$str$ptr + 3162724
E       2   chromedriver                        0x000000010047b2a4 _RNvCs9NA52FrZ4pF_7___rustc35___rust_no_alloc_shim_is_unstable_v2 + 73836
E       3   chromedriver                        0x00000001004c3a44 _RNvCs9NA52FrZ4pF_7___rustc35___rust_no_alloc_shim_is_unstable_v2 + 370700
E       4   chromedriver                        0x0000000100503030 _RNvCs9NA52FrZ4pF_7___rustc35___rust_no_alloc_shim_is_unstable_v2 + 630264
E       5   chromedriver                        0x00000001004b9434 _RNvCs9NA52FrZ4pF_7___rustc35___rust_no_alloc_shim_is_unstable_v2 + 328188
E       6   chromedriver                        0x0000000100996c40 cxxbridge1$str$ptr + 2921304
E       7   chromedriver                        0x000000010099a3b8 cxxbridge1$str$ptr + 2935504
E       8   chromedriver                        0x000000010097d0f8 cxxbridge1$str$ptr + 2816016
E       9   chromedriver                        0x000000010099ac4c cxxbridge1$str$ptr + 2937700
E       10  chromedriver                        0x000000010096e3b0 cxxbridge1$str$ptr + 2755272
E       11  chromedriver                        0x00000001009c01f4 cxxbridge1$str$ptr + 3090700
E       12  chromedriver                        0x00000001009c0354 cxxbridge1$str$ptr + 3091052
E       13  chromedriver                        0x00000001009d17a4 cxxbridge1$str$ptr + 3161788
E       14  libsystem_pthread.dylib             0x0000000199325c08 _pthread_start + 136
E       15  libsystem_pthread.dylib             0x0000000199320ba8 thread_start + 8

venv/lib/python3.11/site-packages/selenium/webdriver/support/wait.py:121: TimeoutException
____________________________ test_create_wash_book _____________________________

browser = <selenium.webdriver.chrome.webdriver.WebDriver (session="57b22a70f0da5292c61159f83a2e582d")>

    @allure.title("WB-NAM-001 / WB-TGL-001 Create active wash book — name and status in listing")
    @pytest.mark.smoke
    def test_create_wash_book(browser):
    
        wash_books_page = create_wash_book_if_missing(browser)
        wash_books_page.wait_for_list_loaded()
        wash_books_page.search_wash_book(WASH_BOOK_NAME)
    
>       assert wash_books_page.wait_for_wash_book_row(WASH_BOOK_NAME).is_displayed()
               ^^^^^^^^^^^^^^^^^^^^^^^^^^^^^^^^^^^^^^^^^^^^^^^^^^^^^^

tests/admin_portal/wash_books/test_wash_books_positive.py:32: 
_ _ _ _ _ _ _ _ _ _ _ _ _ _ _ _ _ _ _ _ _ _ _ _ _ _ _ _ _ _ _ _ _ _ _ _ _ _ _ _ 
pages/admin_portal/wash_books_page.py:269: in wait_for_wash_book_row
    return self.wait.until(
_ _ _ _ _ _ _ _ _ _ _ _ _ _ _ _ _ _ _ _ _ _ _ _ _ _ _ _ _ _ _ _ _ _ _ _ _ _ _ _ 

self = <selenium.webdriver.support.wait.WebDriverWait (session="57b22a70f0da5292c61159f83a2e582d")>
method = <function visibility_of_element_located.<locals>._predicate at 0x1112d5ee0>
message = ''

    def until(self, method: Callable[[D], Literal[False] | T], message: str = "") -> T:
        """Wait until the method returns a value that is not False.
    
        Calls the method provided with the driver as an argument until the
        return value does not evaluate to ``False``.
    
        Args:
            method: A callable object that takes a WebDriver instance as an
                argument.
            message: Optional message for TimeoutException.
    
        Returns:
            The result of the last call to `method`.
    
        Raises:
            TimeoutException: If 'method' does not return a truthy value within
                the WebDriverWait object's timeout.
    
        Example:
            >>> from selenium.webdriver.common.by import By
            >>> from selenium.webdriver.support.ui import WebDriverWait
            >>> from selenium.webdriver.support import expected_conditions as EC
            >>>
            >>> # Wait until an element is visible on the page
            >>> wait = WebDriverWait(driver, 10)
            >>> element = wait.until(EC.visibility_of_element_located((By.ID, "exampleId")))
            >>> print(element.text)
        """
        screen = None
        stacktrace = None
    
        end_time = time.monotonic() + self._timeout
        while True:
            try:
                value = method(self._driver)
                if value:
                    return value
            except self._ignored_exceptions as exc:
                screen = getattr(exc, "screen", None)
                stacktrace = getattr(exc, "stacktrace", None)
            if time.monotonic() > end_time:
                break
            time.sleep(self._poll)
>       raise TimeoutException(message, screen, stacktrace)
E       selenium.common.exceptions.TimeoutException: Message: 
E       Stacktrace:
E       0   chromedriver                        0x0000000100e11a84 cxxbridge1$str$ptr + 3195292
E       1   chromedriver                        0x0000000100e09b4c cxxbridge1$str$ptr + 3162724
E       2   chromedriver                        0x00000001008b32a4 _RNvCs9NA52FrZ4pF_7___rustc35___rust_no_alloc_shim_is_unstable_v2 + 73836
E       3   chromedriver                        0x00000001008fba44 _RNvCs9NA52FrZ4pF_7___rustc35___rust_no_alloc_shim_is_unstable_v2 + 370700
E       4   chromedriver                        0x000000010093b030 _RNvCs9NA52FrZ4pF_7___rustc35___rust_no_alloc_shim_is_unstable_v2 + 630264
E       5   chromedriver                        0x00000001008f1434 _RNvCs9NA52FrZ4pF_7___rustc35___rust_no_alloc_shim_is_unstable_v2 + 328188
E       6   chromedriver                        0x0000000100dcec40 cxxbridge1$str$ptr + 2921304
E       7   chromedriver                        0x0000000100dd23b8 cxxbridge1$str$ptr + 2935504
E       8   chromedriver                        0x0000000100db50f8 cxxbridge1$str$ptr + 2816016
E       9   chromedriver                        0x0000000100dd2c4c cxxbridge1$str$ptr + 2937700
E       10  chromedriver                        0x0000000100da63b0 cxxbridge1$str$ptr + 2755272
E       11  chromedriver                        0x0000000100df81f4 cxxbridge1$str$ptr + 3090700
E       12  chromedriver                        0x0000000100df8354 cxxbridge1$str$ptr + 3091052
E       13  chromedriver                        0x0000000100e097a4 cxxbridge1$str$ptr + 3161788
E       14  libsystem_pthread.dylib             0x0000000199325c08 _pthread_start + 136
E       15  libsystem_pthread.dylib             0x0000000199320ba8 thread_start + 8

venv/lib/python3.11/site-packages/selenium/webdriver/support/wait.py:121: TimeoutException
_______________________ test_wash_book_settings_persist ________________________

browser = <selenium.webdriver.chrome.webdriver.WebDriver (session="2f4921c3ae27d483d464e48d18e5b671")>

    @allure.title("WB-NAM-001 Saved settings persist when reopening the edit form")
    @pytest.mark.regression
    def test_wash_book_settings_persist(browser):
    
        wash_books_page = create_wash_book_if_missing(browser)
>       wash_books_page.open_edit_wash_book(WASH_BOOK_NAME)

tests/admin_portal/wash_books/test_wash_books_positive.py:43: 
_ _ _ _ _ _ _ _ _ _ _ _ _ _ _ _ _ _ _ _ _ _ _ _ _ _ _ _ _ _ _ _ _ _ _ _ _ _ _ _ 
pages/admin_portal/wash_books_page.py:387: in open_edit_wash_book
    row = self.wait_for_wash_book_row(wash_book_name)
          ^^^^^^^^^^^^^^^^^^^^^^^^^^^^^^^^^^^^^^^^^^^
pages/admin_portal/wash_books_page.py:269: in wait_for_wash_book_row
    return self.wait.until(
_ _ _ _ _ _ _ _ _ _ _ _ _ _ _ _ _ _ _ _ _ _ _ _ _ _ _ _ _ _ _ _ _ _ _ _ _ _ _ _ 

self = <selenium.webdriver.support.wait.WebDriverWait (session="2f4921c3ae27d483d464e48d18e5b671")>
method = <function visibility_of_element_located.<locals>._predicate at 0x1112d40e0>
message = ''

    def until(self, method: Callable[[D], Literal[False] | T], message: str = "") -> T:
        """Wait until the method returns a value that is not False.
    
        Calls the method provided with the driver as an argument until the
        return value does not evaluate to ``False``.
    
        Args:
            method: A callable object that takes a WebDriver instance as an
                argument.
            message: Optional message for TimeoutException.
    
        Returns:
            The result of the last call to `method`.
    
        Raises:
            TimeoutException: If 'method' does not return a truthy value within
                the WebDriverWait object's timeout.
    
        Example:
            >>> from selenium.webdriver.common.by import By
            >>> from selenium.webdriver.support.ui import WebDriverWait
            >>> from selenium.webdriver.support import expected_conditions as EC
            >>>
            >>> # Wait until an element is visible on the page
            >>> wait = WebDriverWait(driver, 10)
            >>> element = wait.until(EC.visibility_of_element_located((By.ID, "exampleId")))
            >>> print(element.text)
        """
        screen = None
        stacktrace = None
    
        end_time = time.monotonic() + self._timeout
        while True:
            try:
                value = method(self._driver)
                if value:
                    return value
            except self._ignored_exceptions as exc:
                screen = getattr(exc, "screen", None)
                stacktrace = getattr(exc, "stacktrace", None)
            if time.monotonic() > end_time:
                break
            time.sleep(self._poll)
>       raise TimeoutException(message, screen, stacktrace)
E       selenium.common.exceptions.TimeoutException: Message: 
E       Stacktrace:
E       0   chromedriver                        0x0000000100689a84 cxxbridge1$str$ptr + 3195292
E       1   chromedriver                        0x0000000100681b4c cxxbridge1$str$ptr + 3162724
E       2   chromedriver                        0x000000010012b2a4 _RNvCs9NA52FrZ4pF_7___rustc35___rust_no_alloc_shim_is_unstable_v2 + 73836
E       3   chromedriver                        0x0000000100173a44 _RNvCs9NA52FrZ4pF_7___rustc35___rust_no_alloc_shim_is_unstable_v2 + 370700
E       4   chromedriver                        0x00000001001b3030 _RNvCs9NA52FrZ4pF_7___rustc35___rust_no_alloc_shim_is_unstable_v2 + 630264
E       5   chromedriver                        0x0000000100169434 _RNvCs9NA52FrZ4pF_7___rustc35___rust_no_alloc_shim_is_unstable_v2 + 328188
E       6   chromedriver                        0x0000000100646c40 cxxbridge1$str$ptr + 2921304
E       7   chromedriver                        0x000000010064a3b8 cxxbridge1$str$ptr + 2935504
E       8   chromedriver                        0x000000010062d0f8 cxxbridge1$str$ptr + 2816016
E       9   chromedriver                        0x000000010064ac4c cxxbridge1$str$ptr + 2937700
E       10  chromedriver                        0x000000010061e3b0 cxxbridge1$str$ptr + 2755272
E       11  chromedriver                        0x00000001006701f4 cxxbridge1$str$ptr + 3090700
E       12  chromedriver                        0x0000000100670354 cxxbridge1$str$ptr + 3091052
E       13  chromedriver                        0x00000001006817a4 cxxbridge1$str$ptr + 3161788
E       14  libsystem_pthread.dylib             0x0000000199325c08 _pthread_start + 136
E       15  libsystem_pthread.dylib             0x0000000199320ba8 thread_start + 8

venv/lib/python3.11/site-packages/selenium/webdriver/support/wait.py:121: TimeoutException
______________ test_redemption_at_site_with_wash_package_persists ______________

browser = <selenium.webdriver.chrome.webdriver.WebDriver (session="7e1cae34a64198418352c26db479ffc4")>

    @allure.title("WB-RED-001 Enabling redemption at a site with a wash package saves correctly")
    @pytest.mark.regression
    def test_redemption_at_site_with_wash_package_persists(browser):
    
        page = create_wash_book_if_missing(browser)
>       page.open_edit_wash_book(WASH_BOOK_NAME)

tests/admin_portal/wash_books/test_wash_books_redemption.py:21: 
_ _ _ _ _ _ _ _ _ _ _ _ _ _ _ _ _ _ _ _ _ _ _ _ _ _ _ _ _ _ _ _ _ _ _ _ _ _ _ _ 
pages/admin_portal/wash_books_page.py:387: in open_edit_wash_book
    row = self.wait_for_wash_book_row(wash_book_name)
          ^^^^^^^^^^^^^^^^^^^^^^^^^^^^^^^^^^^^^^^^^^^
pages/admin_portal/wash_books_page.py:269: in wait_for_wash_book_row
    return self.wait.until(
_ _ _ _ _ _ _ _ _ _ _ _ _ _ _ _ _ _ _ _ _ _ _ _ _ _ _ _ _ _ _ _ _ _ _ _ _ _ _ _ 

self = <selenium.webdriver.support.wait.WebDriverWait (session="7e1cae34a64198418352c26db479ffc4")>
method = <function visibility_of_element_located.<locals>._predicate at 0x111325760>
message = ''

    def until(self, method: Callable[[D], Literal[False] | T], message: str = "") -> T:
        """Wait until the method returns a value that is not False.
    
        Calls the method provided with the driver as an argument until the
        return value does not evaluate to ``False``.
    
        Args:
            method: A callable object that takes a WebDriver instance as an
                argument.
            message: Optional message for TimeoutException.
    
        Returns:
            The result of the last call to `method`.
    
        Raises:
            TimeoutException: If 'method' does not return a truthy value within
                the WebDriverWait object's timeout.
    
        Example:
            >>> from selenium.webdriver.common.by import By
            >>> from selenium.webdriver.support.ui import WebDriverWait
            >>> from selenium.webdriver.support import expected_conditions as EC
            >>>
            >>> # Wait until an element is visible on the page
            >>> wait = WebDriverWait(driver, 10)
            >>> element = wait.until(EC.visibility_of_element_located((By.ID, "exampleId")))
            >>> print(element.text)
        """
        screen = None
        stacktrace = None
    
        end_time = time.monotonic() + self._timeout
        while True:
            try:
                value = method(self._driver)
                if value:
                    return value
            except self._ignored_exceptions as exc:
                screen = getattr(exc, "screen", None)
                stacktrace = getattr(exc, "stacktrace", None)
            if time.monotonic() > end_time:
                break
            time.sleep(self._poll)
>       raise TimeoutException(message, screen, stacktrace)
E       selenium.common.exceptions.TimeoutException: Message: 
E       Stacktrace:
E       0   chromedriver                        0x0000000100ff5a84 cxxbridge1$str$ptr + 3195292
E       1   chromedriver                        0x0000000100fedb4c cxxbridge1$str$ptr + 3162724
E       2   chromedriver                        0x0000000100a972a4 _RNvCs9NA52FrZ4pF_7___rustc35___rust_no_alloc_shim_is_unstable_v2 + 73836
E       3   chromedriver                        0x0000000100adfa44 _RNvCs9NA52FrZ4pF_7___rustc35___rust_no_alloc_shim_is_unstable_v2 + 370700
E       4   chromedriver                        0x0000000100b1f030 _RNvCs9NA52FrZ4pF_7___rustc35___rust_no_alloc_shim_is_unstable_v2 + 630264
E       5   chromedriver                        0x0000000100ad5434 _RNvCs9NA52FrZ4pF_7___rustc35___rust_no_alloc_shim_is_unstable_v2 + 328188
E       6   chromedriver                        0x0000000100fb2c40 cxxbridge1$str$ptr + 2921304
E       7   chromedriver                        0x0000000100fb63b8 cxxbridge1$str$ptr + 2935504
E       8   chromedriver                        0x0000000100f990f8 cxxbridge1$str$ptr + 2816016
E       9   chromedriver                        0x0000000100fb6c4c cxxbridge1$str$ptr + 2937700
E       10  chromedriver                        0x0000000100f8a3b0 cxxbridge1$str$ptr + 2755272
E       11  chromedriver                        0x0000000100fdc1f4 cxxbridge1$str$ptr + 3090700
E       12  chromedriver                        0x0000000100fdc354 cxxbridge1$str$ptr + 3091052
E       13  chromedriver                        0x0000000100fed7a4 cxxbridge1$str$ptr + 3161788
E       14  libsystem_pthread.dylib             0x0000000199325c08 _pthread_start + 136
E       15  libsystem_pthread.dylib             0x0000000199320ba8 thread_start + 8

venv/lib/python3.11/site-packages/selenium/webdriver/support/wait.py:121: TimeoutException
_____________ test_redemption_site_without_wash_package_behaviour ______________

browser = <selenium.webdriver.chrome.webdriver.WebDriver (session="619d544a6270d1235e7833c910bc5950")>

    @allure.title("WB-RED-004 Checking a redemption site without selecting a wash package is documented")
    @pytest.mark.regression
    def test_redemption_site_without_wash_package_behaviour(browser):
    
        page = create_wash_book_if_missing(browser)
>       page.open_edit_wash_book(WASH_BOOK_NAME)

tests/admin_portal/wash_books/test_wash_books_redemption.py:34: 
_ _ _ _ _ _ _ _ _ _ _ _ _ _ _ _ _ _ _ _ _ _ _ _ _ _ _ _ _ _ _ _ _ _ _ _ _ _ _ _ 
pages/admin_portal/wash_books_page.py:387: in open_edit_wash_book
    row = self.wait_for_wash_book_row(wash_book_name)
          ^^^^^^^^^^^^^^^^^^^^^^^^^^^^^^^^^^^^^^^^^^^
pages/admin_portal/wash_books_page.py:269: in wait_for_wash_book_row
    return self.wait.until(
_ _ _ _ _ _ _ _ _ _ _ _ _ _ _ _ _ _ _ _ _ _ _ _ _ _ _ _ _ _ _ _ _ _ _ _ _ _ _ _ 

self = <selenium.webdriver.support.wait.WebDriverWait (session="619d544a6270d1235e7833c910bc5950")>
method = <function visibility_of_element_located.<locals>._predicate at 0x1112d5620>
message = ''

    def until(self, method: Callable[[D], Literal[False] | T], message: str = "") -> T:
        """Wait until the method returns a value that is not False.
    
        Calls the method provided with the driver as an argument until the
        return value does not evaluate to ``False``.
    
        Args:
            method: A callable object that takes a WebDriver instance as an
                argument.
            message: Optional message for TimeoutException.
    
        Returns:
            The result of the last call to `method`.
    
        Raises:
            TimeoutException: If 'method' does not return a truthy value within
                the WebDriverWait object's timeout.
    
        Example:
            >>> from selenium.webdriver.common.by import By
            >>> from selenium.webdriver.support.ui import WebDriverWait
            >>> from selenium.webdriver.support import expected_conditions as EC
            >>>
            >>> # Wait until an element is visible on the page
            >>> wait = WebDriverWait(driver, 10)
            >>> element = wait.until(EC.visibility_of_element_located((By.ID, "exampleId")))
            >>> print(element.text)
        """
        screen = None
        stacktrace = None
    
        end_time = time.monotonic() + self._timeout
        while True:
            try:
                value = method(self._driver)
                if value:
                    return value
            except self._ignored_exceptions as exc:
                screen = getattr(exc, "screen", None)
                stacktrace = getattr(exc, "stacktrace", None)
            if time.monotonic() > end_time:
                break
            time.sleep(self._poll)
>       raise TimeoutException(message, screen, stacktrace)
E       selenium.common.exceptions.TimeoutException: Message: 
E       Stacktrace:
E       0   chromedriver                        0x0000000103491a84 cxxbridge1$str$ptr + 3195292
E       1   chromedriver                        0x0000000103489b4c cxxbridge1$str$ptr + 3162724
E       2   chromedriver                        0x0000000102f332a4 _RNvCs9NA52FrZ4pF_7___rustc35___rust_no_alloc_shim_is_unstable_v2 + 73836
E       3   chromedriver                        0x0000000102f7ba44 _RNvCs9NA52FrZ4pF_7___rustc35___rust_no_alloc_shim_is_unstable_v2 + 370700
E       4   chromedriver                        0x0000000102fbb030 _RNvCs9NA52FrZ4pF_7___rustc35___rust_no_alloc_shim_is_unstable_v2 + 630264
E       5   chromedriver                        0x0000000102f71434 _RNvCs9NA52FrZ4pF_7___rustc35___rust_no_alloc_shim_is_unstable_v2 + 328188
E       6   chromedriver                        0x000000010344ec40 cxxbridge1$str$ptr + 2921304
E       7   chromedriver                        0x00000001034523b8 cxxbridge1$str$ptr + 2935504
E       8   chromedriver                        0x00000001034350f8 cxxbridge1$str$ptr + 2816016
E       9   chromedriver                        0x0000000103452c4c cxxbridge1$str$ptr + 2937700
E       10  chromedriver                        0x00000001034263b0 cxxbridge1$str$ptr + 2755272
E       11  chromedriver                        0x00000001034781f4 cxxbridge1$str$ptr + 3090700
E       12  chromedriver                        0x0000000103478354 cxxbridge1$str$ptr + 3091052
E       13  chromedriver                        0x00000001034897a4 cxxbridge1$str$ptr + 3161788
E       14  libsystem_pthread.dylib             0x0000000199325c08 _pthread_start + 136
E       15  libsystem_pthread.dylib             0x0000000199320ba8 thread_start + 8

venv/lib/python3.11/site-packages/selenium/webdriver/support/wait.py:121: TimeoutException
____________________ test_location_price_override_persists _____________________

browser = <selenium.webdriver.chrome.webdriver.WebDriver (session="4359d0f741e41d82a72b98fdd000329d")>

    @allure.title("WB-SIT-003 Location price override persists after save")
    @pytest.mark.regression
    def test_location_price_override_persists(browser):
    
        override_price = "45"
        page = create_wash_book_if_missing(browser)
>       page.open_edit_wash_book(WASH_BOOK_NAME)

tests/admin_portal/wash_books/test_wash_books_site_assignment.py:74: 
_ _ _ _ _ _ _ _ _ _ _ _ _ _ _ _ _ _ _ _ _ _ _ _ _ _ _ _ _ _ _ _ _ _ _ _ _ _ _ _ 
pages/admin_portal/wash_books_page.py:387: in open_edit_wash_book
    row = self.wait_for_wash_book_row(wash_book_name)
          ^^^^^^^^^^^^^^^^^^^^^^^^^^^^^^^^^^^^^^^^^^^
pages/admin_portal/wash_books_page.py:269: in wait_for_wash_book_row
    return self.wait.until(
_ _ _ _ _ _ _ _ _ _ _ _ _ _ _ _ _ _ _ _ _ _ _ _ _ _ _ _ _ _ _ _ _ _ _ _ _ _ _ _ 

self = <selenium.webdriver.support.wait.WebDriverWait (session="4359d0f741e41d82a72b98fdd000329d")>
method = <function visibility_of_element_located.<locals>._predicate at 0x111324fe0>
message = ''

    def until(self, method: Callable[[D], Literal[False] | T], message: str = "") -> T:
        """Wait until the method returns a value that is not False.
    
        Calls the method provided with the driver as an argument until the
        return value does not evaluate to ``False``.
    
        Args:
            method: A callable object that takes a WebDriver instance as an
                argument.
            message: Optional message for TimeoutException.
    
        Returns:
            The result of the last call to `method`.
    
        Raises:
            TimeoutException: If 'method' does not return a truthy value within
                the WebDriverWait object's timeout.
    
        Example:
            >>> from selenium.webdriver.common.by import By
            >>> from selenium.webdriver.support.ui import WebDriverWait
            >>> from selenium.webdriver.support import expected_conditions as EC
            >>>
            >>> # Wait until an element is visible on the page
            >>> wait = WebDriverWait(driver, 10)
            >>> element = wait.until(EC.visibility_of_element_located((By.ID, "exampleId")))
            >>> print(element.text)
        """
        screen = None
        stacktrace = None
    
        end_time = time.monotonic() + self._timeout
        while True:
            try:
                value = method(self._driver)
                if value:
                    return value
            except self._ignored_exceptions as exc:
                screen = getattr(exc, "screen", None)
                stacktrace = getattr(exc, "stacktrace", None)
            if time.monotonic() > end_time:
                break
            time.sleep(self._poll)
>       raise TimeoutException(message, screen, stacktrace)
E       selenium.common.exceptions.TimeoutException: Message: 
E       Stacktrace:
E       0   chromedriver                        0x0000000104b89a84 cxxbridge1$str$ptr + 3195292
E       1   chromedriver                        0x0000000104b81b4c cxxbridge1$str$ptr + 3162724
E       2   chromedriver                        0x000000010462b2a4 _RNvCs9NA52FrZ4pF_7___rustc35___rust_no_alloc_shim_is_unstable_v2 + 73836
E       3   chromedriver                        0x0000000104673a44 _RNvCs9NA52FrZ4pF_7___rustc35___rust_no_alloc_shim_is_unstable_v2 + 370700
E       4   chromedriver                        0x00000001046b3030 _RNvCs9NA52FrZ4pF_7___rustc35___rust_no_alloc_shim_is_unstable_v2 + 630264
E       5   chromedriver                        0x0000000104669434 _RNvCs9NA52FrZ4pF_7___rustc35___rust_no_alloc_shim_is_unstable_v2 + 328188
E       6   chromedriver                        0x0000000104b46c40 cxxbridge1$str$ptr + 2921304
E       7   chromedriver                        0x0000000104b4a3b8 cxxbridge1$str$ptr + 2935504
E       8   chromedriver                        0x0000000104b2d0f8 cxxbridge1$str$ptr + 2816016
E       9   chromedriver                        0x0000000104b4ac4c cxxbridge1$str$ptr + 2937700
E       10  chromedriver                        0x0000000104b1e3b0 cxxbridge1$str$ptr + 2755272
E       11  chromedriver                        0x0000000104b701f4 cxxbridge1$str$ptr + 3090700
E       12  chromedriver                        0x0000000104b70354 cxxbridge1$str$ptr + 3091052
E       13  chromedriver                        0x0000000104b817a4 cxxbridge1$str$ptr + 3161788
E       14  libsystem_pthread.dylib             0x0000000199325c08 _pthread_start + 136
E       15  libsystem_pthread.dylib             0x0000000199320ba8 thread_start + 8

venv/lib/python3.11/site-packages/selenium/webdriver/support/wait.py:121: TimeoutException
________________________ test_add_wash_book_form_loads _________________________

browser = <selenium.webdriver.chrome.webdriver.WebDriver (session="a3f8fc43f421c8473a9ea972a3d24bae")>

    @allure.title("Add wash book form loads with required fields")
    @pytest.mark.smoke
    def test_add_wash_book_form_loads(browser):
    
>       page = open_wash_books_page(browser)
               ^^^^^^^^^^^^^^^^^^^^^^^^^^^^^

tests/admin_portal/wash_books/test_wash_books_ui.py:74: 
_ _ _ _ _ _ _ _ _ _ _ _ _ _ _ _ _ _ _ _ _ _ _ _ _ _ _ _ _ _ _ _ _ _ _ _ _ _ _ _ 
tests/admin_portal/wash_books/conftest.py:42: in open_wash_books_page
    open_admin_path(browser, "/services/washBooks")
tests/admin_portal/admin_session.py:102: in open_admin_path
    browser.get(base_url + path)
venv/lib/python3.11/site-packages/selenium/webdriver/remote/webdriver.py:488: in get
    self.execute(Command.GET, {"url": url})
venv/lib/python3.11/site-packages/selenium/webdriver/remote/webdriver.py:468: in execute
    self.error_handler.check_response(response)
_ _ _ _ _ _ _ _ _ _ _ _ _ _ _ _ _ _ _ _ _ _ _ _ _ _ _ _ _ _ _ _ _ _ _ _ _ _ _ _ 

self = <selenium.webdriver.remote.errorhandler.ErrorHandler object at 0x11130d210>
response = {'status': 500, 'value': '{"value":{"error":"timeout","message":"timeout: Timed out receiving message from renderer: -...000199325c08 _pthread_start + 136\\n22  libsystem_pthread.dylib             0x0000000199320ba8 thread_start + 8\\n"}}'}

    def check_response(self, response: dict[str, Any]) -> None:
        """Check that a JSON response from the WebDriver does not have an error.
    
        Args:
            response: The JSON response from the WebDriver server as a dictionary
                object.
    
        Raises:
            WebDriverException: If the response contains an error message.
        """
        status = response.get("status", None)
        if not status or status == ErrorCode.SUCCESS:
            return
        value = None
        message = response.get("message", "")
        screen: str = response.get("screen", "")
        stacktrace = None
        if isinstance(status, int):
            value_json = response.get("value", None)
            if value_json and isinstance(value_json, str):
                try:
                    value = json.loads(value_json)
                    if isinstance(value, dict):
                        if len(value) == 1:
                            value = value["value"]
                        status = value.get("error", None)
                        if not status:
                            status = value.get("status", ErrorCode.UNKNOWN_ERROR)
                            message = value.get("value") or value.get("message")
                            if not isinstance(message, str):
                                value = message
                                message = message.get("message") if isinstance(message, dict) else None
                        else:
                            message = value.get("message", None)
                except ValueError:
                    pass
    
        exception_class: type[WebDriverException]
        e = ErrorCode()
        error_codes = [item for item in dir(e) if not item.startswith("__")]
        for error_code in error_codes:
            error_info = getattr(ErrorCode, error_code)
            if isinstance(error_info, list) and status in error_info:
                exception_class = getattr(ExceptionMapping, error_code, WebDriverException)
                break
        else:
            exception_class = WebDriverException
    
        if not value:
            value = response["value"]
        if isinstance(value, str):
            raise exception_class(value)
        if message == "" and "message" in value:
            message = value["message"]
    
        screen = None  # type: ignore[assignment]
        if "screen" in value:
            screen = value["screen"]
    
        stacktrace = None
        st_value = value.get("stackTrace") or value.get("stacktrace")
        if st_value:
            if isinstance(st_value, str):
                stacktrace = st_value.split("\n")
            else:
                stacktrace = []
                try:
                    for frame in st_value:
                        line = frame.get("lineNumber", "")
                        file = frame.get("fileName", "<anonymous>")
                        if line:
                            file = f"{file}:{line}"
                        meth = frame.get("methodName", "<anonymous>")
                        if "className" in frame:
                            meth = f"{frame['className']}.{meth}"
                        msg = "    at %s (%s)"
                        msg = msg % (meth, file)
                        stacktrace.append(msg)
                except TypeError:
                    pass
        if exception_class == UnexpectedAlertPresentException:
            alert_text = None
            if "data" in value:
                alert_text = value["data"].get("text")
            elif "alert" in value:
                alert_text = value["alert"].get("text")
            raise exception_class(message, screen, stacktrace, alert_text)
>       raise exception_class(message, screen, stacktrace)
E       selenium.common.exceptions.TimeoutException: Message: timeout: Timed out receiving message from renderer: -0.002
E         (Session info: chrome=150.0.7871.187)
E       Stacktrace:
E       0   chromedriver                        0x000000010106da84 cxxbridge1$str$ptr + 3195292
E       1   chromedriver                        0x0000000101065b4c cxxbridge1$str$ptr + 3162724
E       2   chromedriver                        0x0000000100b0f2a4 _RNvCs9NA52FrZ4pF_7___rustc35___rust_no_alloc_shim_is_unstable_v2 + 73836
E       3   chromedriver                        0x0000000100af9d20 cxxbridge1$string$len + 3628
E       4   chromedriver                        0x0000000100af9a80 cxxbridge1$string$len + 2956
E       5   chromedriver                        0x0000000100af7818 chromedriver + 227352
E       6   chromedriver                        0x0000000100af840c chromedriver + 230412
E       7   chromedriver                        0x0000000100b057a4 _RNvCs9NA52FrZ4pF_7___rustc35___rust_no_alloc_shim_is_unstable_v2 + 34156
E       8   chromedriver                        0x0000000100b1be1c _RNvCs9NA52FrZ4pF_7___rustc35___rust_no_alloc_shim_is_unstable_v2 + 125924
E       9   chromedriver                        0x0000000100af8a78 chromedriver + 232056
E       10  chromedriver                        0x0000000100b1bc18 _RNvCs9NA52FrZ4pF_7___rustc35___rust_no_alloc_shim_is_unstable_v2 + 125408
E       11  chromedriver                        0x0000000100b96f70 _RNvCs9NA52FrZ4pF_7___rustc35___rust_no_alloc_shim_is_unstable_v2 + 630072
E       12  chromedriver                        0x0000000100b4d434 _RNvCs9NA52FrZ4pF_7___rustc35___rust_no_alloc_shim_is_unstable_v2 + 328188
E       13  chromedriver                        0x000000010102ac40 cxxbridge1$str$ptr + 2921304
E       14  chromedriver                        0x000000010102e3b8 cxxbridge1$str$ptr + 2935504
E       15  chromedriver                        0x00000001010110f8 cxxbridge1$str$ptr + 2816016
E       16  chromedriver                        0x000000010102ec4c cxxbridge1$str$ptr + 2937700
E       17  chromedriver                        0x00000001010023b0 cxxbridge1$str$ptr + 2755272
E       18  chromedriver                        0x00000001010541f4 cxxbridge1$str$ptr + 3090700
E       19  chromedriver                        0x0000000101054354 cxxbridge1$str$ptr + 3091052
E       20  chromedriver                        0x00000001010657a4 cxxbridge1$str$ptr + 3161788
E       21  libsystem_pthread.dylib             0x0000000199325c08 _pthread_start + 136
E       22  libsystem_pthread.dylib             0x0000000199320ba8 thread_start + 8

venv/lib/python3.11/site-packages/selenium/webdriver/remote/errorhandler.py:232: TimeoutException
_______________________ test_duplicate_barcode_behaviour _______________________

browser = <selenium.webdriver.chrome.webdriver.WebDriver (session="460232b78206242fbcd09ad55b495019")>

    @allure.title("WP-BAR-003 Creating a second package with a duplicate barcode is blocked or accepted")
    @pytest.mark.regression
    def test_duplicate_barcode_behaviour(browser):
        package_a = "VK bar-a %s" % uuid.uuid4().hex[:6]
        package_b = "VK bar-b %s" % uuid.uuid4().hex[:6]
    
        page = open_wash_packages_page(browser)
        page.open_create_package()
>       page.fill_package_form(
            package_a,
            POINTS_AWARDED,
            POINTS_REDEEMED,
            GLOBAL_PRICE,
            GLOBAL_COMMISSION,
            ASSIGNMENT_SITE,
        )

tests/admin_portal/wash_packages/test_wash_packages_barcode.py:48: 
_ _ _ _ _ _ _ _ _ _ _ _ _ _ _ _ _ _ _ _ _ _ _ _ _ _ _ _ _ _ _ _ _ _ _ _ _ _ _ _ 
pages/admin_portal/wash_packages_page.py:647: in fill_package_form
    self.assign_site_with_price_and_commission(
pages/admin_portal/wash_packages_page.py:606: in assign_site_with_price_and_commission
    row = self.get_site_row(site_name)
          ^^^^^^^^^^^^^^^^^^^^^^^^^^^^
pages/admin_portal/wash_packages_page.py:602: in get_site_row
    return self.wait.until(EC.presence_of_element_located(row_xpath))
           ^^^^^^^^^^^^^^^^^^^^^^^^^^^^^^^^^^^^^^^^^^^^^^^^^^^^^^^^^^
_ _ _ _ _ _ _ _ _ _ _ _ _ _ _ _ _ _ _ _ _ _ _ _ _ _ _ _ _ _ _ _ _ _ _ _ _ _ _ _ 

self = <selenium.webdriver.support.wait.WebDriverWait (session="460232b78206242fbcd09ad55b495019")>
method = <function presence_of_element_located.<locals>._predicate at 0x111371d00>
message = ''

    def until(self, method: Callable[[D], Literal[False] | T], message: str = "") -> T:
        """Wait until the method returns a value that is not False.
    
        Calls the method provided with the driver as an argument until the
        return value does not evaluate to ``False``.
    
        Args:
            method: A callable object that takes a WebDriver instance as an
                argument.
            message: Optional message for TimeoutException.
    
        Returns:
            The result of the last call to `method`.
    
        Raises:
            TimeoutException: If 'method' does not return a truthy value within
                the WebDriverWait object's timeout.
    
        Example:
            >>> from selenium.webdriver.common.by import By
            >>> from selenium.webdriver.support.ui import WebDriverWait
            >>> from selenium.webdriver.support import expected_conditions as EC
            >>>
            >>> # Wait until an element is visible on the page
            >>> wait = WebDriverWait(driver, 10)
            >>> element = wait.until(EC.visibility_of_element_located((By.ID, "exampleId")))
            >>> print(element.text)
        """
        screen = None
        stacktrace = None
    
        end_time = time.monotonic() + self._timeout
        while True:
            try:
                value = method(self._driver)
                if value:
                    return value
            except self._ignored_exceptions as exc:
                screen = getattr(exc, "screen", None)
                stacktrace = getattr(exc, "stacktrace", None)
            if time.monotonic() > end_time:
                break
            time.sleep(self._poll)
>       raise TimeoutException(message, screen, stacktrace)
E       selenium.common.exceptions.TimeoutException: Message: 
E       Stacktrace:
E       0   chromedriver                        0x0000000100d49a84 cxxbridge1$str$ptr + 3195292
E       1   chromedriver                        0x0000000100d41b4c cxxbridge1$str$ptr + 3162724
E       2   chromedriver                        0x00000001007eb2a4 _RNvCs9NA52FrZ4pF_7___rustc35___rust_no_alloc_shim_is_unstable_v2 + 73836
E       3   chromedriver                        0x0000000100833a44 _RNvCs9NA52FrZ4pF_7___rustc35___rust_no_alloc_shim_is_unstable_v2 + 370700
E       4   chromedriver                        0x0000000100873030 _RNvCs9NA52FrZ4pF_7___rustc35___rust_no_alloc_shim_is_unstable_v2 + 630264
E       5   chromedriver                        0x0000000100829434 _RNvCs9NA52FrZ4pF_7___rustc35___rust_no_alloc_shim_is_unstable_v2 + 328188
E       6   chromedriver                        0x0000000100d06c40 cxxbridge1$str$ptr + 2921304
E       7   chromedriver                        0x0000000100d0a3b8 cxxbridge1$str$ptr + 2935504
E       8   chromedriver                        0x0000000100ced0f8 cxxbridge1$str$ptr + 2816016
E       9   chromedriver                        0x0000000100d0ac4c cxxbridge1$str$ptr + 2937700
E       10  chromedriver                        0x0000000100cde3b0 cxxbridge1$str$ptr + 2755272
E       11  chromedriver                        0x0000000100d301f4 cxxbridge1$str$ptr + 3090700
E       12  chromedriver                        0x0000000100d30354 cxxbridge1$str$ptr + 3091052
E       13  chromedriver                        0x0000000100d417a4 cxxbridge1$str$ptr + 3161788
E       14  libsystem_pthread.dylib             0x0000000199325c08 _pthread_start + 136
E       15  libsystem_pthread.dylib             0x0000000199320ba8 thread_start + 8

venv/lib/python3.11/site-packages/selenium/webdriver/support/wait.py:121: TimeoutException
_________________ test_wash_packages_search_variants_and_clear _________________

browser = <selenium.webdriver.chrome.webdriver.WebDriver (session="06c8b5d0bf0731fcc11724368621dd79")>

    @allure.epic("Admin Portal")
    @allure.feature("Wash Packages")
    @allure.story("Search")
    @allure.title("WP-SRCH exact, partial, case-insensitive, trim, long, missing, and clear")
    @pytest.mark.regression
    def test_wash_packages_search_variants_and_clear(browser):
        LOG.info("Verifying Wash Packages search variants")
>       page = create_wash_package_if_missing(browser)
               ^^^^^^^^^^^^^^^^^^^^^^^^^^^^^^^^^^^^^^^

tests/admin_portal/wash_packages/test_wash_packages_coverage_gap.py:48: 
_ _ _ _ _ _ _ _ _ _ _ _ _ _ _ _ _ _ _ _ _ _ _ _ _ _ _ _ _ _ _ _ _ _ _ _ _ _ _ _ 
tests/admin_portal/wash_packages/conftest.py:57: in create_wash_package_if_missing
    page.create_package(
pages/admin_portal/wash_packages_page.py:829: in create_package
    self.fill_package_form(
pages/admin_portal/wash_packages_page.py:647: in fill_package_form
    self.assign_site_with_price_and_commission(
pages/admin_portal/wash_packages_page.py:606: in assign_site_with_price_and_commission
    row = self.get_site_row(site_name)
          ^^^^^^^^^^^^^^^^^^^^^^^^^^^^
pages/admin_portal/wash_packages_page.py:602: in get_site_row
    return self.wait.until(EC.presence_of_element_located(row_xpath))
           ^^^^^^^^^^^^^^^^^^^^^^^^^^^^^^^^^^^^^^^^^^^^^^^^^^^^^^^^^^
_ _ _ _ _ _ _ _ _ _ _ _ _ _ _ _ _ _ _ _ _ _ _ _ _ _ _ _ _ _ _ _ _ _ _ _ _ _ _ _ 

self = <selenium.webdriver.support.wait.WebDriverWait (session="06c8b5d0bf0731fcc11724368621dd79")>
method = <function presence_of_element_located.<locals>._predicate at 0x1113723e0>
message = ''

    def until(self, method: Callable[[D], Literal[False] | T], message: str = "") -> T:
        """Wait until the method returns a value that is not False.
    
        Calls the method provided with the driver as an argument until the
        return value does not evaluate to ``False``.
    
        Args:
            method: A callable object that takes a WebDriver instance as an
                argument.
            message: Optional message for TimeoutException.
    
        Returns:
            The result of the last call to `method`.
    
        Raises:
            TimeoutException: If 'method' does not return a truthy value within
                the WebDriverWait object's timeout.
    
        Example:
            >>> from selenium.webdriver.common.by import By
            >>> from selenium.webdriver.support.ui import WebDriverWait
            >>> from selenium.webdriver.support import expected_conditions as EC
            >>>
            >>> # Wait until an element is visible on the page
            >>> wait = WebDriverWait(driver, 10)
            >>> element = wait.until(EC.visibility_of_element_located((By.ID, "exampleId")))
            >>> print(element.text)
        """
        screen = None
        stacktrace = None
    
        end_time = time.monotonic() + self._timeout
        while True:
            try:
                value = method(self._driver)
                if value:
                    return value
            except self._ignored_exceptions as exc:
                screen = getattr(exc, "screen", None)
                stacktrace = getattr(exc, "stacktrace", None)
            if time.monotonic() > end_time:
                break
            time.sleep(self._poll)
>       raise TimeoutException(message, screen, stacktrace)
E       selenium.common.exceptions.TimeoutException: Message: 
E       Stacktrace:
E       0   chromedriver                        0x0000000102785a84 cxxbridge1$str$ptr + 3195292
E       1   chromedriver                        0x000000010277db4c cxxbridge1$str$ptr + 3162724
E       2   chromedriver                        0x00000001022272a4 _RNvCs9NA52FrZ4pF_7___rustc35___rust_no_alloc_shim_is_unstable_v2 + 73836
E       3   chromedriver                        0x000000010226fa44 _RNvCs9NA52FrZ4pF_7___rustc35___rust_no_alloc_shim_is_unstable_v2 + 370700
E       4   chromedriver                        0x00000001022af030 _RNvCs9NA52FrZ4pF_7___rustc35___rust_no_alloc_shim_is_unstable_v2 + 630264
E       5   chromedriver                        0x0000000102265434 _RNvCs9NA52FrZ4pF_7___rustc35___rust_no_alloc_shim_is_unstable_v2 + 328188
E       6   chromedriver                        0x0000000102742c40 cxxbridge1$str$ptr + 2921304
E       7   chromedriver                        0x00000001027463b8 cxxbridge1$str$ptr + 2935504
E       8   chromedriver                        0x00000001027290f8 cxxbridge1$str$ptr + 2816016
E       9   chromedriver                        0x0000000102746c4c cxxbridge1$str$ptr + 2937700
E       10  chromedriver                        0x000000010271a3b0 cxxbridge1$str$ptr + 2755272
E       11  chromedriver                        0x000000010276c1f4 cxxbridge1$str$ptr + 3090700
E       12  chromedriver                        0x000000010276c354 cxxbridge1$str$ptr + 3091052
E       13  chromedriver                        0x000000010277d7a4 cxxbridge1$str$ptr + 3161788
E       14  libsystem_pthread.dylib             0x0000000199325c08 _pthread_start + 136
E       15  libsystem_pthread.dylib             0x0000000199320ba8 thread_start + 8

venv/lib/python3.11/site-packages/selenium/webdriver/support/wait.py:121: TimeoutException
----------------------------- Captured stderr call -----------------------------
2026-07-29 01:23:28,980 INFO nxtwash: Verifying Wash Packages search variants
------------------------------ Captured log call -------------------------------
INFO     nxtwash:test_wash_packages_coverage_gap.py:47 Verifying Wash Packages search variants
_______________ test_wash_package_existing_search_is_repeatable ________________

browser = <selenium.webdriver.chrome.webdriver.WebDriver (session="66a580ebbbe14ca4c2f67f2106f45883")>

    @allure.title("WP-SRH Repeated search for the same package remains stable")
    @pytest.mark.regression
    def test_wash_package_existing_search_is_repeatable(browser):
        page = open_wash_packages_page(browser)
        page.search_package(PACKAGE_NAME)
        page.search_package(PACKAGE_NAME)
    
>       assert page.wait_for_package_row(PACKAGE_NAME).is_displayed()
               ^^^^^^^^^^^^^^^^^^^^^^^^^^^^^^^^^^^^^^^

tests/admin_portal/wash_packages/test_wash_packages_edge_cases.py:55: 
_ _ _ _ _ _ _ _ _ _ _ _ _ _ _ _ _ _ _ _ _ _ _ _ _ _ _ _ _ _ _ _ _ _ _ _ _ _ _ _ 
pages/admin_portal/wash_packages_page.py:241: in wait_for_package_row
    return self.wait.until(
_ _ _ _ _ _ _ _ _ _ _ _ _ _ _ _ _ _ _ _ _ _ _ _ _ _ _ _ _ _ _ _ _ _ _ _ _ _ _ _ 

self = <selenium.webdriver.support.wait.WebDriverWait (session="66a580ebbbe14ca4c2f67f2106f45883")>
method = <function visibility_of_element_located.<locals>._predicate at 0x111372c00>
message = ''

    def until(self, method: Callable[[D], Literal[False] | T], message: str = "") -> T:
        """Wait until the method returns a value that is not False.
    
        Calls the method provided with the driver as an argument until the
        return value does not evaluate to ``False``.
    
        Args:
            method: A callable object that takes a WebDriver instance as an
                argument.
            message: Optional message for TimeoutException.
    
        Returns:
            The result of the last call to `method`.
    
        Raises:
            TimeoutException: If 'method' does not return a truthy value within
                the WebDriverWait object's timeout.
    
        Example:
            >>> from selenium.webdriver.common.by import By
            >>> from selenium.webdriver.support.ui import WebDriverWait
            >>> from selenium.webdriver.support import expected_conditions as EC
            >>>
            >>> # Wait until an element is visible on the page
            >>> wait = WebDriverWait(driver, 10)
            >>> element = wait.until(EC.visibility_of_element_located((By.ID, "exampleId")))
            >>> print(element.text)
        """
        screen = None
        stacktrace = None
    
        end_time = time.monotonic() + self._timeout
        while True:
            try:
                value = method(self._driver)
                if value:
                    return value
            except self._ignored_exceptions as exc:
                screen = getattr(exc, "screen", None)
                stacktrace = getattr(exc, "stacktrace", None)
            if time.monotonic() > end_time:
                break
            time.sleep(self._poll)
>       raise TimeoutException(message, screen, stacktrace)
E       selenium.common.exceptions.TimeoutException: Message: 
E       Stacktrace:
E       0   chromedriver                        0x000000010301da84 cxxbridge1$str$ptr + 3195292
E       1   chromedriver                        0x0000000103015b4c cxxbridge1$str$ptr + 3162724
E       2   chromedriver                        0x0000000102abf2a4 _RNvCs9NA52FrZ4pF_7___rustc35___rust_no_alloc_shim_is_unstable_v2 + 73836
E       3   chromedriver                        0x0000000102b07a44 _RNvCs9NA52FrZ4pF_7___rustc35___rust_no_alloc_shim_is_unstable_v2 + 370700
E       4   chromedriver                        0x0000000102b47030 _RNvCs9NA52FrZ4pF_7___rustc35___rust_no_alloc_shim_is_unstable_v2 + 630264
E       5   chromedriver                        0x0000000102afd434 _RNvCs9NA52FrZ4pF_7___rustc35___rust_no_alloc_shim_is_unstable_v2 + 328188
E       6   chromedriver                        0x0000000102fdac40 cxxbridge1$str$ptr + 2921304
E       7   chromedriver                        0x0000000102fde3b8 cxxbridge1$str$ptr + 2935504
E       8   chromedriver                        0x0000000102fc10f8 cxxbridge1$str$ptr + 2816016
E       9   chromedriver                        0x0000000102fdec4c cxxbridge1$str$ptr + 2937700
E       10  chromedriver                        0x0000000102fb23b0 cxxbridge1$str$ptr + 2755272
E       11  chromedriver                        0x00000001030041f4 cxxbridge1$str$ptr + 3090700
E       12  chromedriver                        0x0000000103004354 cxxbridge1$str$ptr + 3091052
E       13  chromedriver                        0x00000001030157a4 cxxbridge1$str$ptr + 3161788
E       14  libsystem_pthread.dylib             0x0000000199325c08 _pthread_start + 136
E       15  libsystem_pthread.dylib             0x0000000199320ba8 thread_start + 8

venv/lib/python3.11/site-packages/selenium/webdriver/support/wait.py:121: TimeoutException
________________ test_create_duplicate_wash_package_is_blocked _________________

browser = <selenium.webdriver.chrome.webdriver.WebDriver (session="c8763cce6d2c3db54e32d6b9cd6cba86")>

    @allure.title("WP-NAM-003 Duplicate wash package name is blocked")
    @pytest.mark.regression
    def test_create_duplicate_wash_package_is_blocked(browser):
>       create_wash_package_if_missing(browser)

tests/admin_portal/wash_packages/test_wash_packages_negative.py:40: 
_ _ _ _ _ _ _ _ _ _ _ _ _ _ _ _ _ _ _ _ _ _ _ _ _ _ _ _ _ _ _ _ _ _ _ _ _ _ _ _ 
tests/admin_portal/wash_packages/conftest.py:57: in create_wash_package_if_missing
    page.create_package(
pages/admin_portal/wash_packages_page.py:829: in create_package
    self.fill_package_form(
pages/admin_portal/wash_packages_page.py:647: in fill_package_form
    self.assign_site_with_price_and_commission(
pages/admin_portal/wash_packages_page.py:606: in assign_site_with_price_and_commission
    row = self.get_site_row(site_name)
          ^^^^^^^^^^^^^^^^^^^^^^^^^^^^
pages/admin_portal/wash_packages_page.py:602: in get_site_row
    return self.wait.until(EC.presence_of_element_located(row_xpath))
           ^^^^^^^^^^^^^^^^^^^^^^^^^^^^^^^^^^^^^^^^^^^^^^^^^^^^^^^^^^
_ _ _ _ _ _ _ _ _ _ _ _ _ _ _ _ _ _ _ _ _ _ _ _ _ _ _ _ _ _ _ _ _ _ _ _ _ _ _ _ 

self = <selenium.webdriver.support.wait.WebDriverWait (session="c8763cce6d2c3db54e32d6b9cd6cba86")>
method = <function presence_of_element_located.<locals>._predicate at 0x1112c3b00>
message = ''

    def until(self, method: Callable[[D], Literal[False] | T], message: str = "") -> T:
        """Wait until the method returns a value that is not False.
    
        Calls the method provided with the driver as an argument until the
        return value does not evaluate to ``False``.
    
        Args:
            method: A callable object that takes a WebDriver instance as an
                argument.
            message: Optional message for TimeoutException.
    
        Returns:
            The result of the last call to `method`.
    
        Raises:
            TimeoutException: If 'method' does not return a truthy value within
                the WebDriverWait object's timeout.
    
        Example:
            >>> from selenium.webdriver.common.by import By
            >>> from selenium.webdriver.support.ui import WebDriverWait
            >>> from selenium.webdriver.support import expected_conditions as EC
            >>>
            >>> # Wait until an element is visible on the page
            >>> wait = WebDriverWait(driver, 10)
            >>> element = wait.until(EC.visibility_of_element_located((By.ID, "exampleId")))
            >>> print(element.text)
        """
        screen = None
        stacktrace = None
    
        end_time = time.monotonic() + self._timeout
        while True:
            try:
                value = method(self._driver)
                if value:
                    return value
            except self._ignored_exceptions as exc:
                screen = getattr(exc, "screen", None)
                stacktrace = getattr(exc, "stacktrace", None)
            if time.monotonic() > end_time:
                break
            time.sleep(self._poll)
>       raise TimeoutException(message, screen, stacktrace)
E       selenium.common.exceptions.TimeoutException: Message: 
E       Stacktrace:
E       0   chromedriver                        0x0000000104b71a84 cxxbridge1$str$ptr + 3195292
E       1   chromedriver                        0x0000000104b69b4c cxxbridge1$str$ptr + 3162724
E       2   chromedriver                        0x00000001046132a4 _RNvCs9NA52FrZ4pF_7___rustc35___rust_no_alloc_shim_is_unstable_v2 + 73836
E       3   chromedriver                        0x000000010465ba44 _RNvCs9NA52FrZ4pF_7___rustc35___rust_no_alloc_shim_is_unstable_v2 + 370700
E       4   chromedriver                        0x000000010469b030 _RNvCs9NA52FrZ4pF_7___rustc35___rust_no_alloc_shim_is_unstable_v2 + 630264
E       5   chromedriver                        0x0000000104651434 _RNvCs9NA52FrZ4pF_7___rustc35___rust_no_alloc_shim_is_unstable_v2 + 328188
E       6   chromedriver                        0x0000000104b2ec40 cxxbridge1$str$ptr + 2921304
E       7   chromedriver                        0x0000000104b323b8 cxxbridge1$str$ptr + 2935504
E       8   chromedriver                        0x0000000104b150f8 cxxbridge1$str$ptr + 2816016
E       9   chromedriver                        0x0000000104b32c4c cxxbridge1$str$ptr + 2937700
E       10  chromedriver                        0x0000000104b063b0 cxxbridge1$str$ptr + 2755272
E       11  chromedriver                        0x0000000104b581f4 cxxbridge1$str$ptr + 3090700
E       12  chromedriver                        0x0000000104b58354 cxxbridge1$str$ptr + 3091052
E       13  chromedriver                        0x0000000104b697a4 cxxbridge1$str$ptr + 3161788
E       14  libsystem_pthread.dylib             0x0000000199325c08 _pthread_start + 136
E       15  libsystem_pthread.dylib             0x0000000199320ba8 thread_start + 8

venv/lib/python3.11/site-packages/selenium/webdriver/support/wait.py:121: TimeoutException
_______________________ test_create_active_wash_package ________________________

browser = <selenium.webdriver.chrome.webdriver.WebDriver (session="c8b3433f824c1122d46162987361a64b")>

    @allure.title("WP-TGL-001 Create active wash package appears in list with Active status")
    @pytest.mark.smoke
    def test_create_active_wash_package(browser):
>       page = create_wash_package_if_missing(browser)
               ^^^^^^^^^^^^^^^^^^^^^^^^^^^^^^^^^^^^^^^

tests/admin_portal/wash_packages/test_wash_packages_positive.py:29: 
_ _ _ _ _ _ _ _ _ _ _ _ _ _ _ _ _ _ _ _ _ _ _ _ _ _ _ _ _ _ _ _ _ _ _ _ _ _ _ _ 
tests/admin_portal/wash_packages/conftest.py:57: in create_wash_package_if_missing
    page.create_package(
pages/admin_portal/wash_packages_page.py:829: in create_package
    self.fill_package_form(
pages/admin_portal/wash_packages_page.py:647: in fill_package_form
    self.assign_site_with_price_and_commission(
pages/admin_portal/wash_packages_page.py:606: in assign_site_with_price_and_commission
    row = self.get_site_row(site_name)
          ^^^^^^^^^^^^^^^^^^^^^^^^^^^^
pages/admin_portal/wash_packages_page.py:602: in get_site_row
    return self.wait.until(EC.presence_of_element_located(row_xpath))
           ^^^^^^^^^^^^^^^^^^^^^^^^^^^^^^^^^^^^^^^^^^^^^^^^^^^^^^^^^^
_ _ _ _ _ _ _ _ _ _ _ _ _ _ _ _ _ _ _ _ _ _ _ _ _ _ _ _ _ _ _ _ _ _ _ _ _ _ _ _ 

self = <selenium.webdriver.support.wait.WebDriverWait (session="c8b3433f824c1122d46162987361a64b")>
method = <function presence_of_element_located.<locals>._predicate at 0x1112d5580>
message = ''

    def until(self, method: Callable[[D], Literal[False] | T], message: str = "") -> T:
        """Wait until the method returns a value that is not False.
    
        Calls the method provided with the driver as an argument until the
        return value does not evaluate to ``False``.
    
        Args:
            method: A callable object that takes a WebDriver instance as an
                argument.
            message: Optional message for TimeoutException.
    
        Returns:
            The result of the last call to `method`.
    
        Raises:
            TimeoutException: If 'method' does not return a truthy value within
                the WebDriverWait object's timeout.
    
        Example:
            >>> from selenium.webdriver.common.by import By
            >>> from selenium.webdriver.support.ui import WebDriverWait
            >>> from selenium.webdriver.support import expected_conditions as EC
            >>>
            >>> # Wait until an element is visible on the page
            >>> wait = WebDriverWait(driver, 10)
            >>> element = wait.until(EC.visibility_of_element_located((By.ID, "exampleId")))
            >>> print(element.text)
        """
        screen = None
        stacktrace = None
    
        end_time = time.monotonic() + self._timeout
        while True:
            try:
                value = method(self._driver)
                if value:
                    return value
            except self._ignored_exceptions as exc:
                screen = getattr(exc, "screen", None)
                stacktrace = getattr(exc, "stacktrace", None)
            if time.monotonic() > end_time:
                break
            time.sleep(self._poll)
>       raise TimeoutException(message, screen, stacktrace)
E       selenium.common.exceptions.TimeoutException: Message: 
E       Stacktrace:
E       0   chromedriver                        0x0000000101285a84 cxxbridge1$str$ptr + 3195292
E       1   chromedriver                        0x000000010127db4c cxxbridge1$str$ptr + 3162724
E       2   chromedriver                        0x0000000100d272a4 _RNvCs9NA52FrZ4pF_7___rustc35___rust_no_alloc_shim_is_unstable_v2 + 73836
E       3   chromedriver                        0x0000000100d6fa44 _RNvCs9NA52FrZ4pF_7___rustc35___rust_no_alloc_shim_is_unstable_v2 + 370700
E       4   chromedriver                        0x0000000100daf030 _RNvCs9NA52FrZ4pF_7___rustc35___rust_no_alloc_shim_is_unstable_v2 + 630264
E       5   chromedriver                        0x0000000100d65434 _RNvCs9NA52FrZ4pF_7___rustc35___rust_no_alloc_shim_is_unstable_v2 + 328188
E       6   chromedriver                        0x0000000101242c40 cxxbridge1$str$ptr + 2921304
E       7   chromedriver                        0x00000001012463b8 cxxbridge1$str$ptr + 2935504
E       8   chromedriver                        0x00000001012290f8 cxxbridge1$str$ptr + 2816016
E       9   chromedriver                        0x0000000101246c4c cxxbridge1$str$ptr + 2937700
E       10  chromedriver                        0x000000010121a3b0 cxxbridge1$str$ptr + 2755272
E       11  chromedriver                        0x000000010126c1f4 cxxbridge1$str$ptr + 3090700
E       12  chromedriver                        0x000000010126c354 cxxbridge1$str$ptr + 3091052
E       13  chromedriver                        0x000000010127d7a4 cxxbridge1$str$ptr + 3161788
E       14  libsystem_pthread.dylib             0x0000000199325c08 _pthread_start + 136
E       15  libsystem_pthread.dylib             0x0000000199320ba8 thread_start + 8

venv/lib/python3.11/site-packages/selenium/webdriver/support/wait.py:121: TimeoutException
______________________ test_create_inactive_wash_package _______________________

browser = <selenium.webdriver.chrome.webdriver.WebDriver (session="aeadff0f249180e02e78b29f94375047")>

    @allure.title("WP-TGL-002 Create inactive wash package is hidden from the default list")
    @pytest.mark.regression
    def test_create_inactive_wash_package(browser):
        package_name = "VK inactive %s" % uuid.uuid4().hex[:6]
        page = open_wash_packages_page(browser)
        page.open_create_package()
>       page.fill_package_form(
            package_name,
            POINTS_AWARDED,
            POINTS_REDEEMED,
            GLOBAL_PRICE,
            GLOBAL_COMMISSION,
            ASSIGNMENT_SITE,
        )

tests/admin_portal/wash_packages/test_wash_packages_positive.py:43: 
_ _ _ _ _ _ _ _ _ _ _ _ _ _ _ _ _ _ _ _ _ _ _ _ _ _ _ _ _ _ _ _ _ _ _ _ _ _ _ _ 
pages/admin_portal/wash_packages_page.py:647: in fill_package_form
    self.assign_site_with_price_and_commission(
pages/admin_portal/wash_packages_page.py:606: in assign_site_with_price_and_commission
    row = self.get_site_row(site_name)
          ^^^^^^^^^^^^^^^^^^^^^^^^^^^^
pages/admin_portal/wash_packages_page.py:602: in get_site_row
    return self.wait.until(EC.presence_of_element_located(row_xpath))
           ^^^^^^^^^^^^^^^^^^^^^^^^^^^^^^^^^^^^^^^^^^^^^^^^^^^^^^^^^^
_ _ _ _ _ _ _ _ _ _ _ _ _ _ _ _ _ _ _ _ _ _ _ _ _ _ _ _ _ _ _ _ _ _ _ _ _ _ _ _ 

self = <selenium.webdriver.support.wait.WebDriverWait (session="aeadff0f249180e02e78b29f94375047")>
method = <function presence_of_element_located.<locals>._predicate at 0x111534fe0>
message = ''

    def until(self, method: Callable[[D], Literal[False] | T], message: str = "") -> T:
        """Wait until the method returns a value that is not False.
    
        Calls the method provided with the driver as an argument until the
        return value does not evaluate to ``False``.
    
        Args:
            method: A callable object that takes a WebDriver instance as an
                argument.
            message: Optional message for TimeoutException.
    
        Returns:
            The result of the last call to `method`.
    
        Raises:
            TimeoutException: If 'method' does not return a truthy value within
                the WebDriverWait object's timeout.
    
        Example:
            >>> from selenium.webdriver.common.by import By
            >>> from selenium.webdriver.support.ui import WebDriverWait
            >>> from selenium.webdriver.support import expected_conditions as EC
            >>>
            >>> # Wait until an element is visible on the page
            >>> wait = WebDriverWait(driver, 10)
            >>> element = wait.until(EC.visibility_of_element_located((By.ID, "exampleId")))
            >>> print(element.text)
        """
        screen = None
        stacktrace = None
    
        end_time = time.monotonic() + self._timeout
        while True:
            try:
                value = method(self._driver)
                if value:
                    return value
            except self._ignored_exceptions as exc:
                screen = getattr(exc, "screen", None)
                stacktrace = getattr(exc, "stacktrace", None)
            if time.monotonic() > end_time:
                break
            time.sleep(self._poll)
>       raise TimeoutException(message, screen, stacktrace)
E       selenium.common.exceptions.TimeoutException: Message: 
E       Stacktrace:
E       0   chromedriver                        0x0000000104729a84 cxxbridge1$str$ptr + 3195292
E       1   chromedriver                        0x0000000104721b4c cxxbridge1$str$ptr + 3162724
E       2   chromedriver                        0x00000001041cb2a4 _RNvCs9NA52FrZ4pF_7___rustc35___rust_no_alloc_shim_is_unstable_v2 + 73836
E       3   chromedriver                        0x0000000104213a44 _RNvCs9NA52FrZ4pF_7___rustc35___rust_no_alloc_shim_is_unstable_v2 + 370700
E       4   chromedriver                        0x0000000104253030 _RNvCs9NA52FrZ4pF_7___rustc35___rust_no_alloc_shim_is_unstable_v2 + 630264
E       5   chromedriver                        0x0000000104209434 _RNvCs9NA52FrZ4pF_7___rustc35___rust_no_alloc_shim_is_unstable_v2 + 328188
E       6   chromedriver                        0x00000001046e6c40 cxxbridge1$str$ptr + 2921304
E       7   chromedriver                        0x00000001046ea3b8 cxxbridge1$str$ptr + 2935504
E       8   chromedriver                        0x00000001046cd0f8 cxxbridge1$str$ptr + 2816016
E       9   chromedriver                        0x00000001046eac4c cxxbridge1$str$ptr + 2937700
E       10  chromedriver                        0x00000001046be3b0 cxxbridge1$str$ptr + 2755272
E       11  chromedriver                        0x00000001047101f4 cxxbridge1$str$ptr + 3090700
E       12  chromedriver                        0x0000000104710354 cxxbridge1$str$ptr + 3091052
E       13  chromedriver                        0x00000001047217a4 cxxbridge1$str$ptr + 3161788
E       14  libsystem_pthread.dylib             0x0000000199325c08 _pthread_start + 136
E       15  libsystem_pthread.dylib             0x0000000199320ba8 thread_start + 8

venv/lib/python3.11/site-packages/selenium/webdriver/support/wait.py:121: TimeoutException
___________________ test_create_wash_package_without_barcode ___________________

browser = <selenium.webdriver.chrome.webdriver.WebDriver (session="ff12d11e052f3ff68afce396fb366df9")>

    @allure.title("WP-BAR-002 Saving a wash package without a barcode succeeds")
    @pytest.mark.regression
    def test_create_wash_package_without_barcode(browser):
        package_name = "VK no-bar %s" % uuid.uuid4().hex[:6]
        page = open_wash_packages_page(browser)
        page.open_create_package()
>       page.fill_package_form(
            package_name,
            POINTS_AWARDED,
            POINTS_REDEEMED,
            GLOBAL_PRICE,
            GLOBAL_COMMISSION,
            ASSIGNMENT_SITE,
        )

tests/admin_portal/wash_packages/test_wash_packages_positive.py:65: 
_ _ _ _ _ _ _ _ _ _ _ _ _ _ _ _ _ _ _ _ _ _ _ _ _ _ _ _ _ _ _ _ _ _ _ _ _ _ _ _ 
pages/admin_portal/wash_packages_page.py:647: in fill_package_form
    self.assign_site_with_price_and_commission(
pages/admin_portal/wash_packages_page.py:606: in assign_site_with_price_and_commission
    row = self.get_site_row(site_name)
          ^^^^^^^^^^^^^^^^^^^^^^^^^^^^
pages/admin_portal/wash_packages_page.py:602: in get_site_row
    return self.wait.until(EC.presence_of_element_located(row_xpath))
           ^^^^^^^^^^^^^^^^^^^^^^^^^^^^^^^^^^^^^^^^^^^^^^^^^^^^^^^^^^
_ _ _ _ _ _ _ _ _ _ _ _ _ _ _ _ _ _ _ _ _ _ _ _ _ _ _ _ _ _ _ _ _ _ _ _ _ _ _ _ 

self = <selenium.webdriver.support.wait.WebDriverWait (session="ff12d11e052f3ff68afce396fb366df9")>
method = <function presence_of_element_located.<locals>._predicate at 0x111535f80>
message = ''

    def until(self, method: Callable[[D], Literal[False] | T], message: str = "") -> T:
        """Wait until the method returns a value that is not False.
    
        Calls the method provided with the driver as an argument until the
        return value does not evaluate to ``False``.
    
        Args:
            method: A callable object that takes a WebDriver instance as an
                argument.
            message: Optional message for TimeoutException.
    
        Returns:
            The result of the last call to `method`.
    
        Raises:
            TimeoutException: If 'method' does not return a truthy value within
                the WebDriverWait object's timeout.
    
        Example:
            >>> from selenium.webdriver.common.by import By
            >>> from selenium.webdriver.support.ui import WebDriverWait
            >>> from selenium.webdriver.support import expected_conditions as EC
            >>>
            >>> # Wait until an element is visible on the page
            >>> wait = WebDriverWait(driver, 10)
            >>> element = wait.until(EC.visibility_of_element_located((By.ID, "exampleId")))
            >>> print(element.text)
        """
        screen = None
        stacktrace = None
    
        end_time = time.monotonic() + self._timeout
        while True:
            try:
                value = method(self._driver)
                if value:
                    return value
            except self._ignored_exceptions as exc:
                screen = getattr(exc, "screen", None)
                stacktrace = getattr(exc, "stacktrace", None)
            if time.monotonic() > end_time:
                break
            time.sleep(self._poll)
>       raise TimeoutException(message, screen, stacktrace)
E       selenium.common.exceptions.TimeoutException: Message: 
E       Stacktrace:
E       0   chromedriver                        0x0000000101119a84 cxxbridge1$str$ptr + 3195292
E       1   chromedriver                        0x0000000101111b4c cxxbridge1$str$ptr + 3162724
E       2   chromedriver                        0x0000000100bbb2a4 _RNvCs9NA52FrZ4pF_7___rustc35___rust_no_alloc_shim_is_unstable_v2 + 73836
E       3   chromedriver                        0x0000000100c03a44 _RNvCs9NA52FrZ4pF_7___rustc35___rust_no_alloc_shim_is_unstable_v2 + 370700
E       4   chromedriver                        0x0000000100c43030 _RNvCs9NA52FrZ4pF_7___rustc35___rust_no_alloc_shim_is_unstable_v2 + 630264
E       5   chromedriver                        0x0000000100bf9434 _RNvCs9NA52FrZ4pF_7___rustc35___rust_no_alloc_shim_is_unstable_v2 + 328188
E       6   chromedriver                        0x00000001010d6c40 cxxbridge1$str$ptr + 2921304
E       7   chromedriver                        0x00000001010da3b8 cxxbridge1$str$ptr + 2935504
E       8   chromedriver                        0x00000001010bd0f8 cxxbridge1$str$ptr + 2816016
E       9   chromedriver                        0x00000001010dac4c cxxbridge1$str$ptr + 2937700
E       10  chromedriver                        0x00000001010ae3b0 cxxbridge1$str$ptr + 2755272
E       11  chromedriver                        0x00000001011001f4 cxxbridge1$str$ptr + 3090700
E       12  chromedriver                        0x0000000101100354 cxxbridge1$str$ptr + 3091052
E       13  chromedriver                        0x00000001011117a4 cxxbridge1$str$ptr + 3161788
E       14  libsystem_pthread.dylib             0x0000000199325c08 _pthread_start + 136
E       15  libsystem_pthread.dylib             0x0000000199320ba8 thread_start + 8

venv/lib/python3.11/site-packages/selenium/webdriver/support/wait.py:121: TimeoutException
_______________ test_create_wash_package_without_loyalty_points ________________

browser = <selenium.webdriver.chrome.webdriver.WebDriver (session="1cac35545313fa68d9759248f70a9120")>

    @allure.title("WP-LTY-006 Saving a wash package without loyalty points succeeds")
    @pytest.mark.regression
    def test_create_wash_package_without_loyalty_points(browser):
        package_name = "VK no-lty %s" % uuid.uuid4().hex[:6]
        page = open_wash_packages_page(browser)
        page.open_create_package()
        page.enter_service_name(package_name)
        page.ensure_active_switch_on()
        page.set_global_price(GLOBAL_PRICE)
        page.set_global_commission(GLOBAL_COMMISSION)
>       page.assign_site_with_price_and_commission(ASSIGNMENT_SITE, GLOBAL_PRICE, GLOBAL_COMMISSION)

tests/admin_portal/wash_packages/test_wash_packages_positive.py:91: 
_ _ _ _ _ _ _ _ _ _ _ _ _ _ _ _ _ _ _ _ _ _ _ _ _ _ _ _ _ _ _ _ _ _ _ _ _ _ _ _ 
pages/admin_portal/wash_packages_page.py:606: in assign_site_with_price_and_commission
    row = self.get_site_row(site_name)
          ^^^^^^^^^^^^^^^^^^^^^^^^^^^^
pages/admin_portal/wash_packages_page.py:602: in get_site_row
    return self.wait.until(EC.presence_of_element_located(row_xpath))
           ^^^^^^^^^^^^^^^^^^^^^^^^^^^^^^^^^^^^^^^^^^^^^^^^^^^^^^^^^^
_ _ _ _ _ _ _ _ _ _ _ _ _ _ _ _ _ _ _ _ _ _ _ _ _ _ _ _ _ _ _ _ _ _ _ _ _ _ _ _ 

self = <selenium.webdriver.support.wait.WebDriverWait (session="1cac35545313fa68d9759248f70a9120")>
method = <function presence_of_element_located.<locals>._predicate at 0x1115360c0>
message = ''

    def until(self, method: Callable[[D], Literal[False] | T], message: str = "") -> T:
        """Wait until the method returns a value that is not False.
    
        Calls the method provided with the driver as an argument until the
        return value does not evaluate to ``False``.
    
        Args:
            method: A callable object that takes a WebDriver instance as an
                argument.
            message: Optional message for TimeoutException.
    
        Returns:
            The result of the last call to `method`.
    
        Raises:
            TimeoutException: If 'method' does not return a truthy value within
                the WebDriverWait object's timeout.
    
        Example:
            >>> from selenium.webdriver.common.by import By
            >>> from selenium.webdriver.support.ui import WebDriverWait
            >>> from selenium.webdriver.support import expected_conditions as EC
            >>>
            >>> # Wait until an element is visible on the page
            >>> wait = WebDriverWait(driver, 10)
            >>> element = wait.until(EC.visibility_of_element_located((By.ID, "exampleId")))
            >>> print(element.text)
        """
        screen = None
        stacktrace = None
    
        end_time = time.monotonic() + self._timeout
        while True:
            try:
                value = method(self._driver)
                if value:
                    return value
            except self._ignored_exceptions as exc:
                screen = getattr(exc, "screen", None)
                stacktrace = getattr(exc, "stacktrace", None)
            if time.monotonic() > end_time:
                break
            time.sleep(self._poll)
>       raise TimeoutException(message, screen, stacktrace)
E       selenium.common.exceptions.TimeoutException: Message: 
E       Stacktrace:
E       0   chromedriver                        0x0000000104f59a84 cxxbridge1$str$ptr + 3195292
E       1   chromedriver                        0x0000000104f51b4c cxxbridge1$str$ptr + 3162724
E       2   chromedriver                        0x00000001049fb2a4 _RNvCs9NA52FrZ4pF_7___rustc35___rust_no_alloc_shim_is_unstable_v2 + 73836
E       3   chromedriver                        0x0000000104a43a44 _RNvCs9NA52FrZ4pF_7___rustc35___rust_no_alloc_shim_is_unstable_v2 + 370700
E       4   chromedriver                        0x0000000104a83030 _RNvCs9NA52FrZ4pF_7___rustc35___rust_no_alloc_shim_is_unstable_v2 + 630264
E       5   chromedriver                        0x0000000104a39434 _RNvCs9NA52FrZ4pF_7___rustc35___rust_no_alloc_shim_is_unstable_v2 + 328188
E       6   chromedriver                        0x0000000104f16c40 cxxbridge1$str$ptr + 2921304
E       7   chromedriver                        0x0000000104f1a3b8 cxxbridge1$str$ptr + 2935504
E       8   chromedriver                        0x0000000104efd0f8 cxxbridge1$str$ptr + 2816016
E       9   chromedriver                        0x0000000104f1ac4c cxxbridge1$str$ptr + 2937700
E       10  chromedriver                        0x0000000104eee3b0 cxxbridge1$str$ptr + 2755272
E       11  chromedriver                        0x0000000104f401f4 cxxbridge1$str$ptr + 3090700
E       12  chromedriver                        0x0000000104f40354 cxxbridge1$str$ptr + 3091052
E       13  chromedriver                        0x0000000104f517a4 cxxbridge1$str$ptr + 3161788
E       14  libsystem_pthread.dylib             0x0000000199325c08 _pthread_start + 136
E       15  libsystem_pthread.dylib             0x0000000199320ba8 thread_start + 8

venv/lib/python3.11/site-packages/selenium/webdriver/support/wait.py:121: TimeoutException
__________________ test_create_wash_package_without_discount ___________________

browser = <selenium.webdriver.chrome.webdriver.WebDriver (session="8d6a82fd8f3e18cf0a985dd5f01345bd")>

    @allure.title("WP-DIS-004 Saving a wash package without assigning a discount succeeds")
    @pytest.mark.regression
    def test_create_wash_package_without_discount(browser):
        package_name = "VK no-dis %s" % uuid.uuid4().hex[:6]
        page = open_wash_packages_page(browser)
        page.open_create_package()
>       page.fill_package_form(
            package_name,
            POINTS_AWARDED,
            POINTS_REDEEMED,
            GLOBAL_PRICE,
            GLOBAL_COMMISSION,
            ASSIGNMENT_SITE,
        )

tests/admin_portal/wash_packages/test_wash_packages_positive.py:106: 
_ _ _ _ _ _ _ _ _ _ _ _ _ _ _ _ _ _ _ _ _ _ _ _ _ _ _ _ _ _ _ _ _ _ _ _ _ _ _ _ 
pages/admin_portal/wash_packages_page.py:647: in fill_package_form
    self.assign_site_with_price_and_commission(
pages/admin_portal/wash_packages_page.py:606: in assign_site_with_price_and_commission
    row = self.get_site_row(site_name)
          ^^^^^^^^^^^^^^^^^^^^^^^^^^^^
pages/admin_portal/wash_packages_page.py:602: in get_site_row
    return self.wait.until(EC.presence_of_element_located(row_xpath))
           ^^^^^^^^^^^^^^^^^^^^^^^^^^^^^^^^^^^^^^^^^^^^^^^^^^^^^^^^^^
_ _ _ _ _ _ _ _ _ _ _ _ _ _ _ _ _ _ _ _ _ _ _ _ _ _ _ _ _ _ _ _ _ _ _ _ _ _ _ _ 

self = <selenium.webdriver.support.wait.WebDriverWait (session="8d6a82fd8f3e18cf0a985dd5f01345bd")>
method = <function presence_of_element_located.<locals>._predicate at 0x111536520>
message = ''

    def until(self, method: Callable[[D], Literal[False] | T], message: str = "") -> T:
        """Wait until the method returns a value that is not False.
    
        Calls the method provided with the driver as an argument until the
        return value does not evaluate to ``False``.
    
        Args:
            method: A callable object that takes a WebDriver instance as an
                argument.
            message: Optional message for TimeoutException.
    
        Returns:
            The result of the last call to `method`.
    
        Raises:
            TimeoutException: If 'method' does not return a truthy value within
                the WebDriverWait object's timeout.
    
        Example:
            >>> from selenium.webdriver.common.by import By
            >>> from selenium.webdriver.support.ui import WebDriverWait
            >>> from selenium.webdriver.support import expected_conditions as EC
            >>>
            >>> # Wait until an element is visible on the page
            >>> wait = WebDriverWait(driver, 10)
            >>> element = wait.until(EC.visibility_of_element_located((By.ID, "exampleId")))
            >>> print(element.text)
        """
        screen = None
        stacktrace = None
    
        end_time = time.monotonic() + self._timeout
        while True:
            try:
                value = method(self._driver)
                if value:
                    return value
            except self._ignored_exceptions as exc:
                screen = getattr(exc, "screen", None)
                stacktrace = getattr(exc, "stacktrace", None)
            if time.monotonic() > end_time:
                break
            time.sleep(self._poll)
>       raise TimeoutException(message, screen, stacktrace)
E       selenium.common.exceptions.TimeoutException: Message: 
E       Stacktrace:
E       0   chromedriver                        0x0000000100f95a84 cxxbridge1$str$ptr + 3195292
E       1   chromedriver                        0x0000000100f8db4c cxxbridge1$str$ptr + 3162724
E       2   chromedriver                        0x0000000100a372a4 _RNvCs9NA52FrZ4pF_7___rustc35___rust_no_alloc_shim_is_unstable_v2 + 73836
E       3   chromedriver                        0x0000000100a7fa44 _RNvCs9NA52FrZ4pF_7___rustc35___rust_no_alloc_shim_is_unstable_v2 + 370700
E       4   chromedriver                        0x0000000100abf030 _RNvCs9NA52FrZ4pF_7___rustc35___rust_no_alloc_shim_is_unstable_v2 + 630264
E       5   chromedriver                        0x0000000100a75434 _RNvCs9NA52FrZ4pF_7___rustc35___rust_no_alloc_shim_is_unstable_v2 + 328188
E       6   chromedriver                        0x0000000100f52c40 cxxbridge1$str$ptr + 2921304
E       7   chromedriver                        0x0000000100f563b8 cxxbridge1$str$ptr + 2935504
E       8   chromedriver                        0x0000000100f390f8 cxxbridge1$str$ptr + 2816016
E       9   chromedriver                        0x0000000100f56c4c cxxbridge1$str$ptr + 2937700
E       10  chromedriver                        0x0000000100f2a3b0 cxxbridge1$str$ptr + 2755272
E       11  chromedriver                        0x0000000100f7c1f4 cxxbridge1$str$ptr + 3090700
E       12  chromedriver                        0x0000000100f7c354 cxxbridge1$str$ptr + 3091052
E       13  chromedriver                        0x0000000100f8d7a4 cxxbridge1$str$ptr + 3161788
E       14  libsystem_pthread.dylib             0x0000000199325c08 _pthread_start + 136
E       15  libsystem_pthread.dylib             0x0000000199320ba8 thread_start + 8

venv/lib/python3.11/site-packages/selenium/webdriver/support/wait.py:121: TimeoutException
______________________ test_wash_package_settings_persist ______________________

browser = <selenium.webdriver.chrome.webdriver.WebDriver (session="6b464e5f4ab0c17e5b6d070ea28e4eae")>

    @allure.title("WP-NAM-001 Wash package settings persist after save")
    @pytest.mark.regression
    def test_wash_package_settings_persist(browser):
>       page = create_wash_package_if_missing(browser)
               ^^^^^^^^^^^^^^^^^^^^^^^^^^^^^^^^^^^^^^^

tests/admin_portal/wash_packages/test_wash_packages_positive.py:125: 
_ _ _ _ _ _ _ _ _ _ _ _ _ _ _ _ _ _ _ _ _ _ _ _ _ _ _ _ _ _ _ _ _ _ _ _ _ _ _ _ 
tests/admin_portal/wash_packages/conftest.py:57: in create_wash_package_if_missing
    page.create_package(
pages/admin_portal/wash_packages_page.py:829: in create_package
    self.fill_package_form(
pages/admin_portal/wash_packages_page.py:647: in fill_package_form
    self.assign_site_with_price_and_commission(
pages/admin_portal/wash_packages_page.py:606: in assign_site_with_price_and_commission
    row = self.get_site_row(site_name)
          ^^^^^^^^^^^^^^^^^^^^^^^^^^^^
pages/admin_portal/wash_packages_page.py:602: in get_site_row
    return self.wait.until(EC.presence_of_element_located(row_xpath))
           ^^^^^^^^^^^^^^^^^^^^^^^^^^^^^^^^^^^^^^^^^^^^^^^^^^^^^^^^^^
_ _ _ _ _ _ _ _ _ _ _ _ _ _ _ _ _ _ _ _ _ _ _ _ _ _ _ _ _ _ _ _ _ _ _ _ _ _ _ _ 

self = <selenium.webdriver.support.wait.WebDriverWait (session="6b464e5f4ab0c17e5b6d070ea28e4eae")>
method = <function presence_of_element_located.<locals>._predicate at 0x1115553a0>
message = ''

    def until(self, method: Callable[[D], Literal[False] | T], message: str = "") -> T:
        """Wait until the method returns a value that is not False.
    
        Calls the method provided with the driver as an argument until the
        return value does not evaluate to ``False``.
    
        Args:
            method: A callable object that takes a WebDriver instance as an
                argument.
            message: Optional message for TimeoutException.
    
        Returns:
            The result of the last call to `method`.
    
        Raises:
            TimeoutException: If 'method' does not return a truthy value within
                the WebDriverWait object's timeout.
    
        Example:
            >>> from selenium.webdriver.common.by import By
            >>> from selenium.webdriver.support.ui import WebDriverWait
            >>> from selenium.webdriver.support import expected_conditions as EC
            >>>
            >>> # Wait until an element is visible on the page
            >>> wait = WebDriverWait(driver, 10)
            >>> element = wait.until(EC.visibility_of_element_located((By.ID, "exampleId")))
            >>> print(element.text)
        """
        screen = None
        stacktrace = None
    
        end_time = time.monotonic() + self._timeout
        while True:
            try:
                value = method(self._driver)
                if value:
                    return value
            except self._ignored_exceptions as exc:
                screen = getattr(exc, "screen", None)
                stacktrace = getattr(exc, "stacktrace", None)
            if time.monotonic() > end_time:
                break
            time.sleep(self._poll)
>       raise TimeoutException(message, screen, stacktrace)
E       selenium.common.exceptions.TimeoutException: Message: 
E       Stacktrace:
E       0   chromedriver                        0x00000001033b9a84 cxxbridge1$str$ptr + 3195292
E       1   chromedriver                        0x00000001033b1b4c cxxbridge1$str$ptr + 3162724
E       2   chromedriver                        0x0000000102e5b2a4 _RNvCs9NA52FrZ4pF_7___rustc35___rust_no_alloc_shim_is_unstable_v2 + 73836
E       3   chromedriver                        0x0000000102ea3a44 _RNvCs9NA52FrZ4pF_7___rustc35___rust_no_alloc_shim_is_unstable_v2 + 370700
E       4   chromedriver                        0x0000000102ee3030 _RNvCs9NA52FrZ4pF_7___rustc35___rust_no_alloc_shim_is_unstable_v2 + 630264
E       5   chromedriver                        0x0000000102e99434 _RNvCs9NA52FrZ4pF_7___rustc35___rust_no_alloc_shim_is_unstable_v2 + 328188
E       6   chromedriver                        0x0000000103376c40 cxxbridge1$str$ptr + 2921304
E       7   chromedriver                        0x000000010337a3b8 cxxbridge1$str$ptr + 2935504
E       8   chromedriver                        0x000000010335d0f8 cxxbridge1$str$ptr + 2816016
E       9   chromedriver                        0x000000010337ac4c cxxbridge1$str$ptr + 2937700
E       10  chromedriver                        0x000000010334e3b0 cxxbridge1$str$ptr + 2755272
E       11  chromedriver                        0x00000001033a01f4 cxxbridge1$str$ptr + 3090700
E       12  chromedriver                        0x00000001033a0354 cxxbridge1$str$ptr + 3091052
E       13  chromedriver                        0x00000001033b17a4 cxxbridge1$str$ptr + 3161788
E       14  libsystem_pthread.dylib             0x0000000199325c08 _pthread_start + 136
E       15  libsystem_pthread.dylib             0x0000000199320ba8 thread_start + 8

venv/lib/python3.11/site-packages/selenium/webdriver/support/wait.py:121: TimeoutException
______________________ test_wash_packages_existing_search ______________________

browser = <selenium.webdriver.chrome.webdriver.WebDriver (session="0659f88fd6fed25ea5f4a67067bd3455")>

    @allure.title("WP-SRH-001 Search exact wash package name returns the correct record")
    @pytest.mark.regression
    def test_wash_packages_existing_search(browser):
>       page = create_wash_package_if_missing(browser)
               ^^^^^^^^^^^^^^^^^^^^^^^^^^^^^^^^^^^^^^^

tests/admin_portal/wash_packages/test_wash_packages_search_filter.py:25: 
_ _ _ _ _ _ _ _ _ _ _ _ _ _ _ _ _ _ _ _ _ _ _ _ _ _ _ _ _ _ _ _ _ _ _ _ _ _ _ _ 
tests/admin_portal/wash_packages/conftest.py:57: in create_wash_package_if_missing
    page.create_package(
pages/admin_portal/wash_packages_page.py:829: in create_package
    self.fill_package_form(
pages/admin_portal/wash_packages_page.py:647: in fill_package_form
    self.assign_site_with_price_and_commission(
pages/admin_portal/wash_packages_page.py:606: in assign_site_with_price_and_commission
    row = self.get_site_row(site_name)
          ^^^^^^^^^^^^^^^^^^^^^^^^^^^^
pages/admin_portal/wash_packages_page.py:602: in get_site_row
    return self.wait.until(EC.presence_of_element_located(row_xpath))
           ^^^^^^^^^^^^^^^^^^^^^^^^^^^^^^^^^^^^^^^^^^^^^^^^^^^^^^^^^^
_ _ _ _ _ _ _ _ _ _ _ _ _ _ _ _ _ _ _ _ _ _ _ _ _ _ _ _ _ _ _ _ _ _ _ _ _ _ _ _ 

self = <selenium.webdriver.support.wait.WebDriverWait (session="0659f88fd6fed25ea5f4a67067bd3455")>
method = <function presence_of_element_located.<locals>._predicate at 0x1113723e0>
message = ''

    def until(self, method: Callable[[D], Literal[False] | T], message: str = "") -> T:
        """Wait until the method returns a value that is not False.
    
        Calls the method provided with the driver as an argument until the
        return value does not evaluate to ``False``.
    
        Args:
            method: A callable object that takes a WebDriver instance as an
                argument.
            message: Optional message for TimeoutException.
    
        Returns:
            The result of the last call to `method`.
    
        Raises:
            TimeoutException: If 'method' does not return a truthy value within
                the WebDriverWait object's timeout.
    
        Example:
            >>> from selenium.webdriver.common.by import By
            >>> from selenium.webdriver.support.ui import WebDriverWait
            >>> from selenium.webdriver.support import expected_conditions as EC
            >>>
            >>> # Wait until an element is visible on the page
            >>> wait = WebDriverWait(driver, 10)
            >>> element = wait.until(EC.visibility_of_element_located((By.ID, "exampleId")))
            >>> print(element.text)
        """
        screen = None
        stacktrace = None
    
        end_time = time.monotonic() + self._timeout
        while True:
            try:
                value = method(self._driver)
                if value:
                    return value
            except self._ignored_exceptions as exc:
                screen = getattr(exc, "screen", None)
                stacktrace = getattr(exc, "stacktrace", None)
            if time.monotonic() > end_time:
                break
            time.sleep(self._poll)
>       raise TimeoutException(message, screen, stacktrace)
E       selenium.common.exceptions.TimeoutException: Message: 
E       Stacktrace:
E       0   chromedriver                        0x0000000102c3da84 cxxbridge1$str$ptr + 3195292
E       1   chromedriver                        0x0000000102c35b4c cxxbridge1$str$ptr + 3162724
E       2   chromedriver                        0x00000001026df2a4 _RNvCs9NA52FrZ4pF_7___rustc35___rust_no_alloc_shim_is_unstable_v2 + 73836
E       3   chromedriver                        0x0000000102727a44 _RNvCs9NA52FrZ4pF_7___rustc35___rust_no_alloc_shim_is_unstable_v2 + 370700
E       4   chromedriver                        0x0000000102767030 _RNvCs9NA52FrZ4pF_7___rustc35___rust_no_alloc_shim_is_unstable_v2 + 630264
E       5   chromedriver                        0x000000010271d434 _RNvCs9NA52FrZ4pF_7___rustc35___rust_no_alloc_shim_is_unstable_v2 + 328188
E       6   chromedriver                        0x0000000102bfac40 cxxbridge1$str$ptr + 2921304
E       7   chromedriver                        0x0000000102bfe3b8 cxxbridge1$str$ptr + 2935504
E       8   chromedriver                        0x0000000102be10f8 cxxbridge1$str$ptr + 2816016
E       9   chromedriver                        0x0000000102bfec4c cxxbridge1$str$ptr + 2937700
E       10  chromedriver                        0x0000000102bd23b0 cxxbridge1$str$ptr + 2755272
E       11  chromedriver                        0x0000000102c241f4 cxxbridge1$str$ptr + 3090700
E       12  chromedriver                        0x0000000102c24354 cxxbridge1$str$ptr + 3091052
E       13  chromedriver                        0x0000000102c357a4 cxxbridge1$str$ptr + 3161788
E       14  libsystem_pthread.dylib             0x0000000199325c08 _pthread_start + 136
E       15  libsystem_pthread.dylib             0x0000000199320ba8 thread_start + 8

venv/lib/python3.11/site-packages/selenium/webdriver/support/wait.py:121: TimeoutException
________________ test_wash_packages_clear_search_restores_list _________________

browser = <selenium.webdriver.chrome.webdriver.WebDriver (session="7e8d571ecb7adf316d2b57af7e2dd77a")>

    @allure.title("WP-SRH-005 Clearing search restores the full package list")
    @pytest.mark.regression
    def test_wash_packages_clear_search_restores_list(browser):
>       page = create_wash_package_if_missing(browser)
               ^^^^^^^^^^^^^^^^^^^^^^^^^^^^^^^^^^^^^^^

tests/admin_portal/wash_packages/test_wash_packages_search_filter.py:55: 
_ _ _ _ _ _ _ _ _ _ _ _ _ _ _ _ _ _ _ _ _ _ _ _ _ _ _ _ _ _ _ _ _ _ _ _ _ _ _ _ 
tests/admin_portal/wash_packages/conftest.py:57: in create_wash_package_if_missing
    page.create_package(
pages/admin_portal/wash_packages_page.py:829: in create_package
    self.fill_package_form(
pages/admin_portal/wash_packages_page.py:647: in fill_package_form
    self.assign_site_with_price_and_commission(
pages/admin_portal/wash_packages_page.py:606: in assign_site_with_price_and_commission
    row = self.get_site_row(site_name)
          ^^^^^^^^^^^^^^^^^^^^^^^^^^^^
pages/admin_portal/wash_packages_page.py:602: in get_site_row
    return self.wait.until(EC.presence_of_element_located(row_xpath))
           ^^^^^^^^^^^^^^^^^^^^^^^^^^^^^^^^^^^^^^^^^^^^^^^^^^^^^^^^^^
_ _ _ _ _ _ _ _ _ _ _ _ _ _ _ _ _ _ _ _ _ _ _ _ _ _ _ _ _ _ _ _ _ _ _ _ _ _ _ _ 

self = <selenium.webdriver.support.wait.WebDriverWait (session="7e8d571ecb7adf316d2b57af7e2dd77a")>
method = <function presence_of_element_located.<locals>._predicate at 0x111371580>
message = ''

    def until(self, method: Callable[[D], Literal[False] | T], message: str = "") -> T:
        """Wait until the method returns a value that is not False.
    
        Calls the method provided with the driver as an argument until the
        return value does not evaluate to ``False``.
    
        Args:
            method: A callable object that takes a WebDriver instance as an
                argument.
            message: Optional message for TimeoutException.
    
        Returns:
            The result of the last call to `method`.
    
        Raises:
            TimeoutException: If 'method' does not return a truthy value within
                the WebDriverWait object's timeout.
    
        Example:
            >>> from selenium.webdriver.common.by import By
            >>> from selenium.webdriver.support.ui import WebDriverWait
            >>> from selenium.webdriver.support import expected_conditions as EC
            >>>
            >>> # Wait until an element is visible on the page
            >>> wait = WebDriverWait(driver, 10)
            >>> element = wait.until(EC.visibility_of_element_located((By.ID, "exampleId")))
            >>> print(element.text)
        """
        screen = None
        stacktrace = None
    
        end_time = time.monotonic() + self._timeout
        while True:
            try:
                value = method(self._driver)
                if value:
                    return value
            except self._ignored_exceptions as exc:
                screen = getattr(exc, "screen", None)
                stacktrace = getattr(exc, "stacktrace", None)
            if time.monotonic() > end_time:
                break
            time.sleep(self._poll)
>       raise TimeoutException(message, screen, stacktrace)
E       selenium.common.exceptions.TimeoutException: Message: 
E       Stacktrace:
E       0   chromedriver                        0x00000001052ada84 cxxbridge1$str$ptr + 3195292
E       1   chromedriver                        0x00000001052a5b4c cxxbridge1$str$ptr + 3162724
E       2   chromedriver                        0x0000000104d4f2a4 _RNvCs9NA52FrZ4pF_7___rustc35___rust_no_alloc_shim_is_unstable_v2 + 73836
E       3   chromedriver                        0x0000000104d97a44 _RNvCs9NA52FrZ4pF_7___rustc35___rust_no_alloc_shim_is_unstable_v2 + 370700
E       4   chromedriver                        0x0000000104dd7030 _RNvCs9NA52FrZ4pF_7___rustc35___rust_no_alloc_shim_is_unstable_v2 + 630264
E       5   chromedriver                        0x0000000104d8d434 _RNvCs9NA52FrZ4pF_7___rustc35___rust_no_alloc_shim_is_unstable_v2 + 328188
E       6   chromedriver                        0x000000010526ac40 cxxbridge1$str$ptr + 2921304
E       7   chromedriver                        0x000000010526e3b8 cxxbridge1$str$ptr + 2935504
E       8   chromedriver                        0x00000001052510f8 cxxbridge1$str$ptr + 2816016
E       9   chromedriver                        0x000000010526ec4c cxxbridge1$str$ptr + 2937700
E       10  chromedriver                        0x00000001052423b0 cxxbridge1$str$ptr + 2755272
E       11  chromedriver                        0x00000001052941f4 cxxbridge1$str$ptr + 3090700
E       12  chromedriver                        0x0000000105294354 cxxbridge1$str$ptr + 3091052
E       13  chromedriver                        0x00000001052a57a4 cxxbridge1$str$ptr + 3161788
E       14  libsystem_pthread.dylib             0x0000000199325c08 _pthread_start + 136
E       15  libsystem_pthread.dylib             0x0000000199320ba8 thread_start + 8

venv/lib/python3.11/site-packages/selenium/webdriver/support/wait.py:121: TimeoutException
_____________________ test_filter_by_site_narrows_results ______________________

browser = <selenium.webdriver.chrome.webdriver.WebDriver (session="fa7df1993d7d2d120871570d30248730")>

    @allure.title("WP-FLT-001 Filter by site narrows results to packages at that site")
    @pytest.mark.regression
    def test_filter_by_site_narrows_results(browser):
>       create_wash_package_if_missing(browser)

tests/admin_portal/wash_packages/test_wash_packages_search_filter.py:105: 
_ _ _ _ _ _ _ _ _ _ _ _ _ _ _ _ _ _ _ _ _ _ _ _ _ _ _ _ _ _ _ _ _ _ _ _ _ _ _ _ 
tests/admin_portal/wash_packages/conftest.py:57: in create_wash_package_if_missing
    page.create_package(
pages/admin_portal/wash_packages_page.py:829: in create_package
    self.fill_package_form(
pages/admin_portal/wash_packages_page.py:647: in fill_package_form
    self.assign_site_with_price_and_commission(
pages/admin_portal/wash_packages_page.py:606: in assign_site_with_price_and_commission
    row = self.get_site_row(site_name)
          ^^^^^^^^^^^^^^^^^^^^^^^^^^^^
pages/admin_portal/wash_packages_page.py:602: in get_site_row
    return self.wait.until(EC.presence_of_element_located(row_xpath))
           ^^^^^^^^^^^^^^^^^^^^^^^^^^^^^^^^^^^^^^^^^^^^^^^^^^^^^^^^^^
_ _ _ _ _ _ _ _ _ _ _ _ _ _ _ _ _ _ _ _ _ _ _ _ _ _ _ _ _ _ _ _ _ _ _ _ _ _ _ _ 

self = <selenium.webdriver.support.wait.WebDriverWait (session="fa7df1993d7d2d120871570d30248730")>
method = <function presence_of_element_located.<locals>._predicate at 0x111372160>
message = ''

    def until(self, method: Callable[[D], Literal[False] | T], message: str = "") -> T:
        """Wait until the method returns a value that is not False.
    
        Calls the method provided with the driver as an argument until the
        return value does not evaluate to ``False``.
    
        Args:
            method: A callable object that takes a WebDriver instance as an
                argument.
            message: Optional message for TimeoutException.
    
        Returns:
            The result of the last call to `method`.
    
        Raises:
            TimeoutException: If 'method' does not return a truthy value within
                the WebDriverWait object's timeout.
    
        Example:
            >>> from selenium.webdriver.common.by import By
            >>> from selenium.webdriver.support.ui import WebDriverWait
            >>> from selenium.webdriver.support import expected_conditions as EC
            >>>
            >>> # Wait until an element is visible on the page
            >>> wait = WebDriverWait(driver, 10)
            >>> element = wait.until(EC.visibility_of_element_located((By.ID, "exampleId")))
            >>> print(element.text)
        """
        screen = None
        stacktrace = None
    
        end_time = time.monotonic() + self._timeout
        while True:
            try:
                value = method(self._driver)
                if value:
                    return value
            except self._ignored_exceptions as exc:
                screen = getattr(exc, "screen", None)
                stacktrace = getattr(exc, "stacktrace", None)
            if time.monotonic() > end_time:
                break
            time.sleep(self._poll)
>       raise TimeoutException(message, screen, stacktrace)
E       selenium.common.exceptions.TimeoutException: Message: 
E       Stacktrace:
E       0   chromedriver                        0x0000000102d09a84 cxxbridge1$str$ptr + 3195292
E       1   chromedriver                        0x0000000102d01b4c cxxbridge1$str$ptr + 3162724
E       2   chromedriver                        0x00000001027ab2a4 _RNvCs9NA52FrZ4pF_7___rustc35___rust_no_alloc_shim_is_unstable_v2 + 73836
E       3   chromedriver                        0x00000001027f3a44 _RNvCs9NA52FrZ4pF_7___rustc35___rust_no_alloc_shim_is_unstable_v2 + 370700
E       4   chromedriver                        0x0000000102833030 _RNvCs9NA52FrZ4pF_7___rustc35___rust_no_alloc_shim_is_unstable_v2 + 630264
E       5   chromedriver                        0x00000001027e9434 _RNvCs9NA52FrZ4pF_7___rustc35___rust_no_alloc_shim_is_unstable_v2 + 328188
E       6   chromedriver                        0x0000000102cc6c40 cxxbridge1$str$ptr + 2921304
E       7   chromedriver                        0x0000000102cca3b8 cxxbridge1$str$ptr + 2935504
E       8   chromedriver                        0x0000000102cad0f8 cxxbridge1$str$ptr + 2816016
E       9   chromedriver                        0x0000000102ccac4c cxxbridge1$str$ptr + 2937700
E       10  chromedriver                        0x0000000102c9e3b0 cxxbridge1$str$ptr + 2755272
E       11  chromedriver                        0x0000000102cf01f4 cxxbridge1$str$ptr + 3090700
E       12  chromedriver                        0x0000000102cf0354 cxxbridge1$str$ptr + 3091052
E       13  chromedriver                        0x0000000102d017a4 cxxbridge1$str$ptr + 3161788
E       14  libsystem_pthread.dylib             0x0000000199325c08 _pthread_start + 136
E       15  libsystem_pthread.dylib             0x0000000199320ba8 thread_start + 8

venv/lib/python3.11/site-packages/selenium/webdriver/support/wait.py:121: TimeoutException
_______________________ test_discount_settings_tab_loads _______________________

browser = <selenium.webdriver.chrome.webdriver.WebDriver (session="96f2e80c2e65413254a4d59ae78c6d11")>

    @allure.title("WP-UI Discount settings tab loads with applicable discounts combobox")
    @pytest.mark.regression
    def test_discount_settings_tab_loads(browser):
        page = open_wash_packages_page(browser)
>       page.open_edit_package(EXISTING_PACKAGE)

tests/admin_portal/wash_packages/test_wash_packages_ui.py:80: 
_ _ _ _ _ _ _ _ _ _ _ _ _ _ _ _ _ _ _ _ _ _ _ _ _ _ _ _ _ _ _ _ _ _ _ _ _ _ _ _ 
pages/admin_portal/wash_packages_page.py:377: in open_edit_package
    row = self.wait_for_package_row(package_name)
          ^^^^^^^^^^^^^^^^^^^^^^^^^^^^^^^^^^^^^^^
pages/admin_portal/wash_packages_page.py:241: in wait_for_package_row
    return self.wait.until(
_ _ _ _ _ _ _ _ _ _ _ _ _ _ _ _ _ _ _ _ _ _ _ _ _ _ _ _ _ _ _ _ _ _ _ _ _ _ _ _ 

self = <selenium.webdriver.support.wait.WebDriverWait (session="96f2e80c2e65413254a4d59ae78c6d11")>
method = <function visibility_of_element_located.<locals>._predicate at 0x111372520>
message = ''

    def until(self, method: Callable[[D], Literal[False] | T], message: str = "") -> T:
        """Wait until the method returns a value that is not False.
    
        Calls the method provided with the driver as an argument until the
        return value does not evaluate to ``False``.
    
        Args:
            method: A callable object that takes a WebDriver instance as an
                argument.
            message: Optional message for TimeoutException.
    
        Returns:
            The result of the last call to `method`.
    
        Raises:
            TimeoutException: If 'method' does not return a truthy value within
                the WebDriverWait object's timeout.
    
        Example:
            >>> from selenium.webdriver.common.by import By
            >>> from selenium.webdriver.support.ui import WebDriverWait
            >>> from selenium.webdriver.support import expected_conditions as EC
            >>>
            >>> # Wait until an element is visible on the page
            >>> wait = WebDriverWait(driver, 10)
            >>> element = wait.until(EC.visibility_of_element_located((By.ID, "exampleId")))
            >>> print(element.text)
        """
        screen = None
        stacktrace = None
    
        end_time = time.monotonic() + self._timeout
        while True:
            try:
                value = method(self._driver)
                if value:
                    return value
            except self._ignored_exceptions as exc:
                screen = getattr(exc, "screen", None)
                stacktrace = getattr(exc, "stacktrace", None)
            if time.monotonic() > end_time:
                break
            time.sleep(self._poll)
>       raise TimeoutException(message, screen, stacktrace)
E       selenium.common.exceptions.TimeoutException: Message: 
E       Stacktrace:
E       0   chromedriver                        0x000000010336da84 cxxbridge1$str$ptr + 3195292
E       1   chromedriver                        0x0000000103365b4c cxxbridge1$str$ptr + 3162724
E       2   chromedriver                        0x0000000102e0f2a4 _RNvCs9NA52FrZ4pF_7___rustc35___rust_no_alloc_shim_is_unstable_v2 + 73836
E       3   chromedriver                        0x0000000102e57a44 _RNvCs9NA52FrZ4pF_7___rustc35___rust_no_alloc_shim_is_unstable_v2 + 370700
E       4   chromedriver                        0x0000000102e97030 _RNvCs9NA52FrZ4pF_7___rustc35___rust_no_alloc_shim_is_unstable_v2 + 630264
E       5   chromedriver                        0x0000000102e4d434 _RNvCs9NA52FrZ4pF_7___rustc35___rust_no_alloc_shim_is_unstable_v2 + 328188
E       6   chromedriver                        0x000000010332ac40 cxxbridge1$str$ptr + 2921304
E       7   chromedriver                        0x000000010332e3b8 cxxbridge1$str$ptr + 2935504
E       8   chromedriver                        0x00000001033110f8 cxxbridge1$str$ptr + 2816016
E       9   chromedriver                        0x000000010332ec4c cxxbridge1$str$ptr + 2937700
E       10  chromedriver                        0x00000001033023b0 cxxbridge1$str$ptr + 2755272
E       11  chromedriver                        0x00000001033541f4 cxxbridge1$str$ptr + 3090700
E       12  chromedriver                        0x0000000103354354 cxxbridge1$str$ptr + 3091052
E       13  chromedriver                        0x00000001033657a4 cxxbridge1$str$ptr + 3161788
E       14  libsystem_pthread.dylib             0x0000000199325c08 _pthread_start + 136
E       15  libsystem_pthread.dylib             0x0000000199320ba8 thread_start + 8

venv/lib/python3.11/site-packages/selenium/webdriver/support/wait.py:121: TimeoutException
=========================== short test summary info ============================
FAILED tests/admin_portal/wash_books/test_customer_wash_books_dependency.py::test_cwb_washes_reflect_template_wash_book
FAILED tests/admin_portal/wash_books/test_customer_wash_books_edit.py::test_edit_cwb_number_of_washes_persists
FAILED tests/admin_portal/wash_books/test_customer_wash_books_edit.py::test_activate_customer_wash_book
FAILED tests/admin_portal/wash_books/test_customer_wash_books_edit.py::test_deactivate_customer_wash_book
FAILED tests/admin_portal/wash_books/test_customer_wash_books_negative.py::test_create_cwb_duplicate_number_rejected
FAILED tests/admin_portal/wash_books/test_customer_wash_books_positive.py::test_create_customer_wash_book
FAILED tests/admin_portal/wash_books/test_customer_wash_books_search_filter.py::test_cwb_search_by_exact_number
FAILED tests/admin_portal/wash_books/test_customer_wash_books_search_filter.py::test_cwb_search_by_partial_number
FAILED tests/admin_portal/wash_books/test_wash_books_edge_cases.py::test_wash_book_long_description_does_not_break_form
FAILED tests/admin_portal/wash_books/test_wash_books_edit.py::test_edit_wash_book_description
FAILED tests/admin_portal/wash_books/test_wash_books_edit.py::test_edit_wash_book_name_persists
FAILED tests/admin_portal/wash_books/test_wash_books_edit.py::test_edit_wash_book_global_price_persists
FAILED tests/admin_portal/wash_books/test_wash_books_edit.py::test_edit_wash_book_number_of_washes_persists
FAILED tests/admin_portal/wash_books/test_wash_books_edit.py::test_edit_wash_book_global_commission_persists
FAILED tests/admin_portal/wash_books/test_wash_books_edit.py::test_activate_wash_book
FAILED tests/admin_portal/wash_books/test_wash_books_edit.py::test_deactivate_wash_book
FAILED tests/admin_portal/wash_books/test_wash_books_positive.py::test_create_wash_book
FAILED tests/admin_portal/wash_books/test_wash_books_positive.py::test_wash_book_settings_persist
FAILED tests/admin_portal/wash_books/test_wash_books_redemption.py::test_redemption_at_site_with_wash_package_persists
FAILED tests/admin_portal/wash_books/test_wash_books_redemption.py::test_redemption_site_without_wash_package_behaviour
FAILED tests/admin_portal/wash_books/test_wash_books_site_assignment.py::test_location_price_override_persists
FAILED tests/admin_portal/wash_books/test_wash_books_ui.py::test_add_wash_book_form_loads
FAILED tests/admin_portal/wash_packages/test_wash_packages_barcode.py::test_duplicate_barcode_behaviour
FAILED tests/admin_portal/wash_packages/test_wash_packages_coverage_gap.py::test_wash_packages_search_variants_and_clear
FAILED tests/admin_portal/wash_packages/test_wash_packages_edge_cases.py::test_wash_package_existing_search_is_repeatable
FAILED tests/admin_portal/wash_packages/test_wash_packages_negative.py::test_create_duplicate_wash_package_is_blocked
FAILED tests/admin_portal/wash_packages/test_wash_packages_positive.py::test_create_active_wash_package
FAILED tests/admin_portal/wash_packages/test_wash_packages_positive.py::test_create_inactive_wash_package
FAILED tests/admin_portal/wash_packages/test_wash_packages_positive.py::test_create_wash_package_without_barcode
FAILED tests/admin_portal/wash_packages/test_wash_packages_positive.py::test_create_wash_package_without_loyalty_points
FAILED tests/admin_portal/wash_packages/test_wash_packages_positive.py::test_create_wash_package_without_discount
FAILED tests/admin_portal/wash_packages/test_wash_packages_positive.py::test_wash_package_settings_persist
FAILED tests/admin_portal/wash_packages/test_wash_packages_search_filter.py::test_wash_packages_existing_search
FAILED tests/admin_portal/wash_packages/test_wash_packages_search_filter.py::test_wash_packages_clear_search_restores_list
FAILED tests/admin_portal/wash_packages/test_wash_packages_search_filter.py::test_filter_by_site_narrows_results
FAILED tests/admin_portal/wash_packages/test_wash_packages_ui.py::test_discount_settings_tab_loads
ERROR tests/admin_portal/wash_packages/test_wash_packages_barcode.py::test_wash_package_barcode_persists
ERROR tests/admin_portal/wash_packages/test_wash_packages_edit.py::test_edit_wash_package_name_persists
ERROR tests/admin_portal/wash_packages/test_wash_packages_edit.py::test_edit_wash_package_global_price_persists
ERROR tests/admin_portal/wash_packages/test_wash_packages_edit.py::test_edit_wash_package_global_commission_persists
ERROR tests/admin_portal/wash_packages/test_wash_packages_edit.py::test_edit_wash_package_loyalty_points_persist
ERROR tests/admin_portal/wash_packages/test_wash_packages_edit.py::test_edit_wash_package_assigned_sites
ERROR tests/admin_portal/wash_packages/test_wash_packages_edit.py::test_activate_wash_package
ERROR tests/admin_portal/wash_packages/test_wash_packages_edit.py::test_assign_applicable_discount_persists
ERROR tests/admin_portal/wash_packages/test_wash_packages_edit.py::test_assign_multiple_discounts_persist
ERROR tests/admin_portal/wash_packages/test_wash_packages_loyalty.py::test_loyalty_points_awarded_persists
ERROR tests/admin_portal/wash_packages/test_wash_packages_loyalty.py::test_loyalty_points_redeemed_persists
ERROR tests/admin_portal/wash_packages/test_wash_packages_managed.py::test_managed_package_provided_at_baseline
ERROR tests/admin_portal/wash_packages/test_wash_packages_managed.py::test_managed_package_mutation_is_reset_on_teardown
ERROR tests/admin_portal/wash_packages/test_wash_packages_site_assignment.py::test_assign_multiple_sites_persists
ERROR tests/admin_portal/wash_packages/test_wash_packages_site_assignment.py::test_select_all_sites_via_header_checkbox
ERROR tests/admin_portal/wash_packages/test_wash_packages_site_assignment.py::test_global_price_reflected_at_site
ERROR tests/admin_portal/wash_packages/test_wash_packages_site_assignment.py::test_location_price_override_higher_than_global_persists
ERROR tests/admin_portal/wash_packages/test_wash_packages_site_assignment.py::test_location_price_override_lower_than_global_persists
ERROR tests/admin_portal/wash_packages/test_wash_packages_site_assignment.py::test_location_commission_override_persists
ERROR tests/admin_portal/wash_packages/test_wash_packages_site_assignment.py::test_location_commission_higher_than_global_persists
= 36 failed, 67 passed, 17 skipped, 20 xfailed, 20 errors in 7127.58s (1:58:47) =
