2026-07-29 00:16:01,896 INFO nxtwash: Test run starting against 'staging' environment
============================= test session starts ==============================
platform darwin -- Python 3.11.2, pytest-9.0.3, pluggy-1.6.0
rootdir: /Users/vk/Documents/NxtWash Automation/nxtwash-automation
configfile: pytest.ini
plugins: html-4.1.1, allure-pytest-2.16.0, xdist-3.8.0, Faker-40.19.1, timeout-2.4.0, metadata-3.1.1, rerunfailures-15.1
timeout: 300.0s
timeout method: signal
timeout func_only: False
collected 166 items

tests/admin_portal/users/test_users_create.py::test_users_add_form_opens PASSED [  0%]
tests/admin_portal/users/test_users_create.py::test_create_active_user SKIPPED [  1%]
tests/admin_portal/users/test_users_create.py::test_create_inactive_user 2026-07-29 00:16:48,672 ERROR nxtwash: Test FAILED: tests/admin_portal/users/test_users_create.py::test_create_inactive_user (url: https://staging.nxtwash.com/users/users/new)

-------------------------------- live log call ---------------------------------
ERROR    nxtwash:conftest.py:241 Test FAILED: tests/admin_portal/users/test_users_create.py::test_create_inactive_user (url: https://staging.nxtwash.com/users/users/new)
2026-07-29 00:16:49,285 ERROR nxtwash: Visible page text at failure:
Users
Add new user
Cancel
Save user
User settings
Employee
No options
Password
Confirm password
Active employee
Contact info
Email
Phone number
User role
Select user role
ERROR    nxtwash:conftest.py:256 Visible page text at failure:
Users
Add new user
Cancel
Save user
User settings
Employee
No options
Password
Confirm password
Active employee
Contact info
Email
Phone number
User role
Select user role
FAILED                                                                   [  1%]
tests/admin_portal/users/test_users_create.py::test_create_user_employee_required PASSED [  2%]
tests/admin_portal/users/test_users_create.py::test_create_user_password_required 2026-07-29 00:17:47,784 ERROR nxtwash: Test FAILED: tests/admin_portal/users/test_users_create.py::test_create_user_password_required (url: https://staging.nxtwash.com/users/users/new)

-------------------------------- live log call ---------------------------------
ERROR    nxtwash:conftest.py:241 Test FAILED: tests/admin_portal/users/test_users_create.py::test_create_user_password_required (url: https://staging.nxtwash.com/users/users/new)
2026-07-29 00:17:48,443 ERROR nxtwash: Visible page text at failure:
Users
Add new user
Cancel
Save user
User settings
Employee
No options
Password
Confirm password
Active employee
Contact info
Email
Phone number
User role
Select user role
ERROR    nxtwash:conftest.py:256 Visible page text at failure:
Users
Add new user
Cancel
Save user
User settings
Employee
No options
Password
Confirm password
Active employee
Contact info
Email
Phone number
User role
Select user role
FAILED                                                                   [  3%]
tests/admin_portal/users/test_users_create.py::test_create_user_confirm_password_required 2026-07-29 00:18:26,145 ERROR nxtwash: Test FAILED: tests/admin_portal/users/test_users_create.py::test_create_user_confirm_password_required (url: https://staging.nxtwash.com/users/users/new)

-------------------------------- live log call ---------------------------------
ERROR    nxtwash:conftest.py:241 Test FAILED: tests/admin_portal/users/test_users_create.py::test_create_user_confirm_password_required (url: https://staging.nxtwash.com/users/users/new)
2026-07-29 00:18:26,772 ERROR nxtwash: Visible page text at failure:
Users
Add new user
Cancel
Save user
User settings
Employee
No options
Password
Confirm password
Active employee
Contact info
Email
Phone number
User role
Select user role
ERROR    nxtwash:conftest.py:256 Visible page text at failure:
Users
Add new user
Cancel
Save user
User settings
Employee
No options
Password
Confirm password
Active employee
Contact info
Email
Phone number
User role
Select user role
FAILED                                                                   [  3%]
tests/admin_portal/users/test_users_create.py::test_create_user_email_required 2026-07-29 00:19:02,037 ERROR nxtwash: Test FAILED: tests/admin_portal/users/test_users_create.py::test_create_user_email_required (url: https://staging.nxtwash.com/users/users/new)

-------------------------------- live log call ---------------------------------
ERROR    nxtwash:conftest.py:241 Test FAILED: tests/admin_portal/users/test_users_create.py::test_create_user_email_required (url: https://staging.nxtwash.com/users/users/new)
2026-07-29 00:19:02,646 ERROR nxtwash: Visible page text at failure:
Users
Add new user
Cancel
Save user
User settings
Employee
No options
Password
Confirm password
Active employee
Contact info
Email
Phone number
User role
Select user role
ERROR    nxtwash:conftest.py:256 Visible page text at failure:
Users
Add new user
Cancel
Save user
User settings
Employee
No options
Password
Confirm password
Active employee
Contact info
Email
Phone number
User role
Select user role
FAILED                                                                   [  4%]
tests/admin_portal/users/test_users_create.py::test_create_user_phone_required 2026-07-29 00:19:37,057 ERROR nxtwash: Test FAILED: tests/admin_portal/users/test_users_create.py::test_create_user_phone_required (url: https://staging.nxtwash.com/users/users/new)

-------------------------------- live log call ---------------------------------
ERROR    nxtwash:conftest.py:241 Test FAILED: tests/admin_portal/users/test_users_create.py::test_create_user_phone_required (url: https://staging.nxtwash.com/users/users/new)
2026-07-29 00:19:37,678 ERROR nxtwash: Visible page text at failure:
Users
Add new user
Cancel
Save user
User settings
Employee
No options
Password
Confirm password
Active employee
Contact info
Email
Phone number
User role
Select user role
ERROR    nxtwash:conftest.py:256 Visible page text at failure:
Users
Add new user
Cancel
Save user
User settings
Employee
No options
Password
Confirm password
Active employee
Contact info
Email
Phone number
User role
Select user role
FAILED                                                                   [  4%]
tests/admin_portal/users/test_users_create.py::test_create_user_role_required 2026-07-29 00:20:12,088 ERROR nxtwash: Test FAILED: tests/admin_portal/users/test_users_create.py::test_create_user_role_required (url: https://staging.nxtwash.com/users/users/new)

-------------------------------- live log call ---------------------------------
ERROR    nxtwash:conftest.py:241 Test FAILED: tests/admin_portal/users/test_users_create.py::test_create_user_role_required (url: https://staging.nxtwash.com/users/users/new)
2026-07-29 00:20:12,680 ERROR nxtwash: Visible page text at failure:
Users
Add new user
Cancel
Save user
User settings
Employee
No options
Password
Confirm password
Active employee
Contact info
Email
Phone number
User role
Select user role
ERROR    nxtwash:conftest.py:256 Visible page text at failure:
Users
Add new user
Cancel
Save user
User settings
Employee
No options
Password
Confirm password
Active employee
Contact info
Email
Phone number
User role
Select user role
FAILED                                                                   [  5%]
tests/admin_portal/users/test_users_create.py::test_create_user_password_mismatch 2026-07-29 00:20:47,546 ERROR nxtwash: Test FAILED: tests/admin_portal/users/test_users_create.py::test_create_user_password_mismatch (url: https://staging.nxtwash.com/users/users/new)

-------------------------------- live log call ---------------------------------
ERROR    nxtwash:conftest.py:241 Test FAILED: tests/admin_portal/users/test_users_create.py::test_create_user_password_mismatch (url: https://staging.nxtwash.com/users/users/new)
2026-07-29 00:20:48,133 ERROR nxtwash: Visible page text at failure:
Users
Add new user
Cancel
Save user
User settings
Employee
No options
Password
Confirm password
Active employee
Contact info
Email
Phone number
User role
Select user role
ERROR    nxtwash:conftest.py:256 Visible page text at failure:
Users
Add new user
Cancel
Save user
User settings
Employee
No options
Password
Confirm password
Active employee
Contact info
Email
Phone number
User role
Select user role
FAILED                                                                   [  6%]
tests/admin_portal/users/test_users_create.py::test_create_user_password_visibility_toggle XFAIL [  6%]
tests/admin_portal/users/test_users_create.py::test_create_user_confirm_password_visibility_toggle XFAIL [  7%]
tests/admin_portal/users/test_users_create.py::test_create_user_employee_dropdown_lists_employees XFAIL [  7%]
tests/admin_portal/users/test_users_create.py::test_create_user_role_dropdown_lists_roles XFAIL [  8%]
tests/admin_portal/users/test_users_create.py::test_create_user_invalid_email_rejected PASSED [  9%]
tests/admin_portal/users/test_users_create.py::test_create_user_duplicate_email_rejected SKIPPED [  9%]
tests/admin_portal/users/test_users_create.py::test_create_user_cancel_discards_form PASSED [ 10%]
tests/admin_portal/users/test_users_create.py::test_new_user_appears_immediately SKIPPED [ 10%]
tests/admin_portal/users/test_users_dependency.py::test_new_role_appears_in_users_dropdown XFAIL [ 11%]
tests/admin_portal/users/test_users_dependency.py::test_employee_dropdown_reflects_employees_module XFAIL [ 12%]
tests/admin_portal/users/test_users_dependency.py::test_filter_sites_match_sites_and_locations_module XFAIL [ 12%]
tests/admin_portal/users/test_users_edge_cases.py::test_only_active_roles_in_dropdown XFAIL [ 13%]
tests/admin_portal/users/test_users_edge_cases.py::test_only_active_employees_in_dropdown XFAIL [ 13%]
tests/admin_portal/users/test_users_edge_cases.py::test_email_whitespace_trimmed_or_rejected PASSED [ 14%]
tests/admin_portal/users/test_users_edge_cases.py::test_long_email_at_boundary PASSED [ 15%]
tests/admin_portal/users/test_users_edge_cases.py::test_user_data_persists_after_relogin SKIPPED [ 15%]
tests/admin_portal/users/test_users_edge_cases.py::test_filter_panel_accessible_for_name_email_lookup PASSED [ 16%]
tests/admin_portal/users/test_users_edit.py::test_users_edit_form_opens SKIPPED [ 16%]
tests/admin_portal/users/test_users_edit.py::test_edit_user_email_persists SKIPPED [ 17%]
tests/admin_portal/users/test_users_edit.py::test_edit_user_phone_persists SKIPPED [ 18%]
tests/admin_portal/users/test_users_edit.py::test_edit_user_role_persists SKIPPED [ 18%]
tests/admin_portal/users/test_users_edit.py::test_edit_user_employee_persists SKIPPED [ 19%]
tests/admin_portal/users/test_users_edit.py::test_activate_inactive_user SKIPPED [ 19%]
tests/admin_portal/users/test_users_edit.py::test_deactivate_active_user SKIPPED [ 20%]
tests/admin_portal/users/test_users_edit.py::test_edit_user_email_required SKIPPED [ 21%]
tests/admin_portal/users/test_users_edit.py::test_edit_user_phone_required SKIPPED [ 21%]
tests/admin_portal/users/test_users_edit.py::test_edit_user_invalid_email_blocked SKIPPED [ 22%]
tests/admin_portal/users/test_users_edit.py::test_edit_user_cancel_discards_changes SKIPPED [ 22%]
tests/admin_portal/users/test_users_edit.py::test_edit_user_no_password_fields SKIPPED [ 23%]
tests/admin_portal/users/test_users_export.py::test_users_export_button_clickable PASSED [ 24%]
tests/admin_portal/users/test_users_filter.py::test_users_filter_panel_opens PASSED [ 24%]
tests/admin_portal/users/test_users_filter.py::test_users_filter_by_first_name SKIPPED [ 25%]
tests/admin_portal/users/test_users_filter.py::test_users_filter_by_last_name SKIPPED [ 25%]
tests/admin_portal/users/test_users_filter.py::test_users_filter_by_email SKIPPED [ 26%]
tests/admin_portal/users/test_users_filter.py::test_users_filter_by_employee_code SKIPPED [ 27%]
tests/admin_portal/users/test_users_filter.py::test_users_filter_by_site SKIPPED [ 27%]
tests/admin_portal/users/test_users_filter.py::test_users_filter_active_only SKIPPED [ 28%]
tests/admin_portal/users/test_users_filter.py::test_users_filter_active_off_shows_all SKIPPED [ 28%]
tests/admin_portal/users/test_users_filter.py::test_users_filter_combined_name_and_site SKIPPED [ 29%]
tests/admin_portal/users/test_users_filter.py::test_users_filter_result_count_matches_rows SKIPPED [ 30%]
tests/admin_portal/users/test_users_filter.py::test_users_filter_reset_all SKIPPED [ 30%]
tests/admin_portal/users/test_users_filter.py::test_users_filter_site_dropdown_lists_sites XFAIL [ 31%]
tests/admin_portal/users/test_users_filter.py::test_users_filter_partial_name_matches SKIPPED [ 31%]
tests/admin_portal/users/test_users_list.py::test_users_list_page_loads PASSED [ 32%]
tests/admin_portal/users/test_users_list.py::test_users_list_required_columns PASSED [ 33%]
tests/admin_portal/users/test_users_list.py::test_users_list_pagination_count SKIPPED [ 33%]
tests/admin_portal/users/test_users_list.py::test_users_list_rows_per_page SKIPPED [ 34%]
tests/admin_portal/users/test_users_password.py::test_change_password_button_opens_flow SKIPPED [ 34%]
tests/admin_portal/users/test_users_password.py::test_change_password_matching_passwords_save SKIPPED [ 35%]
tests/admin_portal/users/test_users_password.py::test_change_password_mismatch_rejected SKIPPED [ 36%]
tests/admin_portal/users/test_users_password.py::test_change_password_blank_blocked SKIPPED [ 36%]
tests/admin_portal/users/test_users_password.py::test_change_password_visibility_toggles SKIPPED [ 37%]
tests/admin_portal/users/test_users_search.py::test_users_search_exact_phone SKIPPED [ 37%]
tests/admin_portal/users/test_users_search.py::test_users_search_partial_phone SKIPPED [ 38%]
tests/admin_portal/users/test_users_search.py::test_users_search_nonexistent_phone_shows_empty PASSED [ 39%]
tests/admin_portal/users/test_users_search.py::test_users_search_clear_restores_list SKIPPED [ 39%]
tests/admin_portal/revenue_overview/test_revenue_overview.py::test_page_loads_at_correct_url PASSED [ 40%]
tests/admin_portal/revenue_overview/test_revenue_overview.py::test_filter_modal_auto_opens PASSED [ 40%]
tests/admin_portal/revenue_overview/test_revenue_overview.py::test_modal_contains_all_controls PASSED [ 41%]
tests/admin_portal/revenue_overview/test_revenue_overview.py::test_metrics_shell_renders_behind_modal PASSED [ 42%]
tests/admin_portal/revenue_overview/test_revenue_overview.py::test_page_title_and_info_icon_render PASSED [ 42%]
tests/admin_portal/revenue_overview/test_revenue_overview.py::test_sidebar_highlights_active_item PASSED [ 43%]
tests/admin_portal/revenue_overview/test_revenue_overview.py::test_sites_dropdown_lists_all_active_sites PASSED [ 43%]
tests/admin_portal/revenue_overview/test_revenue_overview.py::test_date_preset_dropdown_lists_seven_options PASSED [ 44%]
tests/admin_portal/revenue_overview/test_revenue_overview.py::test_modal_opens_with_default_state PASSED [ 45%]
tests/admin_portal/revenue_overview/test_revenue_overview.py::test_changing_preset_auto_updates_date_range PASSED [ 45%]
tests/admin_portal/revenue_overview/test_revenue_overview.py::test_single_day_checkbox_switches_to_single_date PASSED [ 46%]
tests/admin_portal/revenue_overview/test_revenue_overview.py::test_apply_filters_closes_modal_and_renders_metrics PASSED [ 46%]
tests/admin_portal/revenue_overview/test_revenue_overview.py::test_filter_values_reflected_in_page_level_bar PASSED [ 47%]
tests/admin_portal/revenue_overview/test_revenue_overview.py::test_modal_does_not_reopen_from_page_level_bar PASSED [ 48%]
tests/admin_portal/revenue_overview/test_revenue_overview.py::test_page_level_sites_dropdown_lists_all_sites PASSED [ 48%]
tests/admin_portal/revenue_overview/test_revenue_overview.py::test_selecting_single_site_scopes_all_sections PASSED [ 49%]
tests/admin_portal/revenue_overview/test_revenue_overview.py::test_selecting_multiple_sites_aggregates_revenue PASSED [ 50%]
tests/admin_portal/revenue_overview/test_revenue_overview.py::test_selected_sites_render_as_chips PASSED [ 50%]
tests/admin_portal/revenue_overview/test_revenue_overview.py::test_overflow_counter_chip_shown_for_many_sites PASSED [ 51%]
tests/admin_portal/revenue_overview/test_revenue_overview.py::test_selected_options_highlighted_in_dropdown XFAIL [ 51%]
tests/admin_portal/revenue_overview/test_revenue_overview.py::test_deselecting_option_removes_it PASSED [ 52%]
tests/admin_portal/revenue_overview/test_revenue_overview.py::test_clear_control_removes_all_chips XFAIL [ 53%]
tests/admin_portal/revenue_overview/test_revenue_overview.py::test_clearing_sites_shows_empty_state PASSED [ 53%]
tests/admin_portal/revenue_overview/test_revenue_overview.py::test_site_dropdown_scrolls_for_many_sites PASSED [ 54%]
tests/admin_portal/revenue_overview/test_revenue_overview.py::test_site_change_auto_applies_no_apply_button PASSED [ 54%]
tests/admin_portal/revenue_overview/test_revenue_overview.py::test_deactivated_sites_not_in_dropdown PASSED [ 55%]
tests/admin_portal/revenue_overview/test_revenue_overview.py::test_page_level_preset_lists_seven_options PASSED [ 56%]
tests/admin_portal/revenue_overview/test_revenue_overview.py::test_preset_updates_range_and_data[RVO-DTE-002] PASSED [ 56%]
tests/admin_portal/revenue_overview/test_revenue_overview.py::test_preset_updates_range_and_data[RVO-DTE-003] PASSED [ 57%]
tests/admin_portal/revenue_overview/test_revenue_overview.py::test_preset_updates_range_and_data[RVO-DTE-004] PASSED [ 57%]
tests/admin_portal/revenue_overview/test_revenue_overview.py::test_preset_updates_range_and_data[RVO-DTE-005] PASSED [ 58%]
tests/admin_portal/revenue_overview/test_revenue_overview.py::test_preset_updates_range_and_data[RVO-DTE-006] PASSED [ 59%]
tests/admin_portal/revenue_overview/test_revenue_overview.py::test_preset_updates_range_and_data[RVO-DTE-007] PASSED [ 59%]
tests/admin_portal/revenue_overview/test_revenue_overview.py::test_preset_updates_range_and_data[RVO-DTE-008] PASSED [ 60%]
tests/admin_portal/revenue_overview/test_revenue_overview.py::test_custom_range_switches_preset_to_custom PASSED [ 60%]
tests/admin_portal/revenue_overview/test_revenue_overview.py::test_date_range_field_opens_calendar_picker PASSED [ 61%]
tests/admin_portal/revenue_overview/test_revenue_overview.py::test_future_dates_disabled_in_calendar XFAIL [ 62%]
tests/admin_portal/revenue_overview/test_revenue_overview.py::test_year_selector_visible_in_calendar XFAIL [ 62%]
tests/admin_portal/revenue_overview/test_revenue_overview.py::test_date_preset_auto_applies_on_metrics_screen PASSED [ 63%]
tests/admin_portal/revenue_overview/test_revenue_overview.py::test_custom_range_same_start_end PASSED [ 63%]
tests/admin_portal/revenue_overview/test_revenue_overview.py::test_month_boundary_date_range PASSED [ 64%]
tests/admin_portal/revenue_overview/test_revenue_overview.py::test_five_kpi_cards_render PASSED [ 65%]
tests/admin_portal/revenue_overview/test_revenue_overview.py::test_kpi_cards_show_zero_when_no_data PASSED [ 65%]
tests/admin_portal/revenue_overview/test_revenue_overview.py::test_kpi_values_update_on_site_change PASSED [ 66%]
tests/admin_portal/revenue_overview/test_revenue_overview.py::test_kpi_values_update_on_date_change PASSED [ 66%]
tests/admin_portal/revenue_overview/test_revenue_overview.py::test_kpi_values_currency_format PASSED [ 67%]
tests/admin_portal/revenue_overview/test_revenue_overview.py::test_chart_renders_when_data_exists PASSED [ 68%]
tests/admin_portal/revenue_overview/test_revenue_overview.py::test_chart_shows_no_info_when_no_data PASSED [ 68%]
tests/admin_portal/revenue_overview/test_revenue_overview.py::test_legend_lists_all_series PASSED [ 69%]
tests/admin_portal/revenue_overview/test_revenue_overview.py::test_hover_segment_shows_tooltip PASSED [ 69%]
tests/admin_portal/revenue_overview/test_revenue_overview.py::test_hover_updates_centre_label PASSED [ 70%]
tests/admin_portal/revenue_overview/test_revenue_overview.py::test_centre_label_resets_on_pointer_leave XPASS [ 71%]
tests/admin_portal/revenue_overview/test_revenue_overview.py::test_legend_toggle_hides_segment SKIPPED [ 71%]
tests/admin_portal/revenue_overview/test_revenue_overview.py::test_centre_label_not_recalculated_after_legend_toggle SKIPPED [ 72%]
tests/admin_portal/revenue_overview/test_revenue_overview.py::test_hiding_all_legend_series_no_error SKIPPED [ 72%]
tests/admin_portal/revenue_overview/test_revenue_overview.py::test_segment_colours_are_stable PASSED [ 73%]
tests/admin_portal/revenue_overview/test_revenue_overview.py::test_zero_revenue_series_in_legend_no_arc PASSED [ 74%]
tests/admin_portal/revenue_overview/test_revenue_overview.py::test_chart_rerenders_on_filter_change PASSED [ 74%]
tests/admin_portal/revenue_overview/test_revenue_overview.py::test_membership_tab_displayed_with_count PASSED [ 75%]
tests/admin_portal/revenue_overview/test_revenue_overview.py::test_membership_tab_selected_by_default PASSED [ 75%]
tests/admin_portal/revenue_overview/test_revenue_overview.py::test_membership_tab_shows_three_subtabs PASSED [ 76%]
tests/admin_portal/revenue_overview/test_revenue_overview.py::test_all_membership_subtabs_clickable 2026-07-29 01:20:17,848 ERROR nxtwash: Test FAILED: tests/admin_portal/revenue_overview/test_revenue_overview.py::test_all_membership_subtabs_clickable (url: https://staging.nxtwash.com/reports/detailed/revenue)

-------------------------------- live log call ---------------------------------
ERROR    nxtwash:conftest.py:241 Test FAILED: tests/admin_portal/revenue_overview/test_revenue_overview.py::test_all_membership_subtabs_clickable (url: https://staging.nxtwash.com/reports/detailed/revenue)
2026-07-29 01:20:18,447 ERROR nxtwash: Visible page text at failure:
Revenue Metrics
Sites / Locations
VK Test carwash 2
VK AL02
VK Test Wash 01
VK Test carwash 2
test123 udpated
VK AL02
VK AL03
VK ZT c26508
VK AL20
VK AL21
VK AL22
Export XLSX
This month
Select date range
Single day
Total Revenue
$190.00
New Members
$0.00
Recharges
$0.00
Resignups
$0.00
Retail Sales
$190.00
Revenue distribution
Membership Revenue
3
Retail Revenue
7
New Sales
1
Recharges
0
Resignups
2
Wash Prepaid
$0.00
1 items
0.0% of total net revenue
ERROR    nxtwash:conftest.py:256 Visible page text at failure:
Revenue Metrics
Sites / Locations
VK Test carwash 2
VK AL02
VK Test Wash 01
VK Test carwash 2
test123 udpated
VK AL02
VK AL03
VK ZT c26508
VK AL20
VK AL21
VK AL22
Export XLSX
This month
Select date range
Single day
Total Revenue
$190.00
New Members
$0.00
Recharges
$0.00
Resignups
$0.00
Retail Sales
$190.00
Revenue distribution
Membership Revenue
3
Retail Revenue
7
New Sales
1
Recharges
0
Resignups
2
Wash Prepaid
$0.00
1 items
0.0% of total net revenue
FAILED                                                                   [ 77%]
tests/admin_portal/revenue_overview/test_revenue_overview.py::test_membership_count_invariant PASSED [ 77%]
tests/admin_portal/revenue_overview/test_revenue_overview.py::test_new_sales_subtab_lists_plans 2026-07-29 01:21:10,043 ERROR nxtwash: Test FAILED: tests/admin_portal/revenue_overview/test_revenue_overview.py::test_new_sales_subtab_lists_plans (url: https://staging.nxtwash.com/reports/detailed/revenue)

-------------------------------- live log call ---------------------------------
ERROR    nxtwash:conftest.py:241 Test FAILED: tests/admin_portal/revenue_overview/test_revenue_overview.py::test_new_sales_subtab_lists_plans (url: https://staging.nxtwash.com/reports/detailed/revenue)
2026-07-29 01:21:10,677 ERROR nxtwash: Visible page text at failure:
Revenue Metrics
Sites / Locations
VK Test carwash 2
VK AL02
VK Test Wash 01
VK Test carwash 2
test123 udpated
VK AL02
VK AL03
VK ZT c26508
VK AL20
VK AL21
VK AL22
Export XLSX
This month
Select date range
Single day
Total Revenue
$190.00
New Members
$0.00
Recharges
$0.00
Resignups
$0.00
Retail Sales
$190.00
Revenue distribution
Membership Revenue
3
Retail Revenue
7
New Sales
1
Recharges
0
Resignups
2
Wash Prepaid
$0.00
1 items
0.0% of total net revenue
ERROR    nxtwash:conftest.py:256 Visible page text at failure:
Revenue Metrics
Sites / Locations
VK Test carwash 2
VK AL02
VK Test Wash 01
VK Test carwash 2
test123 udpated
VK AL02
VK AL03
VK ZT c26508
VK AL20
VK AL21
VK AL22
Export XLSX
This month
Select date range
Single day
Total Revenue
$190.00
New Members
$0.00
Recharges
$0.00
Resignups
$0.00
Retail Sales
$190.00
Revenue distribution
Membership Revenue
3
Retail Revenue
7
New Sales
1
Recharges
0
Resignups
2
Wash Prepaid
$0.00
1 items
0.0% of total net revenue
FAILED                                                                   [ 78%]
tests/admin_portal/revenue_overview/test_revenue_overview.py::test_recharges_subtab_zero_count_renders_cleanly PASSED [ 78%]
tests/admin_portal/revenue_overview/test_revenue_overview.py::test_resignups_subtab_lists_rows 2026-07-29 01:22:17,004 ERROR nxtwash: Test FAILED: tests/admin_portal/revenue_overview/test_revenue_overview.py::test_resignups_subtab_lists_rows (url: https://staging.nxtwash.com/reports/detailed/revenue)

-------------------------------- live log call ---------------------------------
ERROR    nxtwash:conftest.py:241 Test FAILED: tests/admin_portal/revenue_overview/test_revenue_overview.py::test_resignups_subtab_lists_rows (url: https://staging.nxtwash.com/reports/detailed/revenue)
2026-07-29 01:22:17,607 ERROR nxtwash: Visible page text at failure:
Revenue Metrics
Sites / Locations
VK Test carwash 2
VK AL02
VK Test Wash 01
VK Test carwash 2
test123 udpated
VK AL02
VK AL03
VK ZT c26508
VK AL20
VK AL21
VK AL22
Export XLSX
This month
Select date range
Single day
Total Revenue
$190.00
New Members
$0.00
Recharges
$0.00
Resignups
$0.00
Retail Sales
$190.00
Revenue distribution
Membership Revenue
3
Retail Revenue
7
New Sales
1
Recharges
0
Resignups
2
Wash Prepaid
$0.00
1 items
0.0% of total net revenue
ERROR    nxtwash:conftest.py:256 Visible page text at failure:
Revenue Metrics
Sites / Locations
VK Test carwash 2
VK AL02
VK Test Wash 01
VK Test carwash 2
test123 udpated
VK AL02
VK AL03
VK ZT c26508
VK AL20
VK AL21
VK AL22
Export XLSX
This month
Select date range
Single day
Total Revenue
$190.00
New Members
$0.00
Recharges
$0.00
Resignups
$0.00
Retail Sales
$190.00
Revenue distribution
Membership Revenue
3
Retail Revenue
7
New Sales
1
Recharges
0
Resignups
2
Wash Prepaid
$0.00
1 items
0.0% of total net revenue
FAILED                                                                   [ 79%]
tests/admin_portal/revenue_overview/test_revenue_overview.py::test_subtab_row_count_equals_badge XFAIL [ 80%]
tests/admin_portal/revenue_overview/test_revenue_overview.py::test_switching_subtabs_does_not_change_kpi_or_chart 2026-07-29 01:23:30,018 ERROR nxtwash: Test FAILED: tests/admin_portal/revenue_overview/test_revenue_overview.py::test_switching_subtabs_does_not_change_kpi_or_chart (url: https://staging.nxtwash.com/reports/detailed/revenue)

-------------------------------- live log call ---------------------------------
ERROR    nxtwash:conftest.py:241 Test FAILED: tests/admin_portal/revenue_overview/test_revenue_overview.py::test_switching_subtabs_does_not_change_kpi_or_chart (url: https://staging.nxtwash.com/reports/detailed/revenue)
2026-07-29 01:23:30,617 ERROR nxtwash: Visible page text at failure:
Revenue Metrics
Sites / Locations
VK Test carwash 2
VK AL02
VK Test Wash 01
VK Test carwash 2
test123 udpated
VK AL02
VK AL03
VK ZT c26508
VK AL20
VK AL21
VK AL22
Export XLSX
This month
Select date range
Single day
Total Revenue
$190.00
New Members
$0.00
Recharges
$0.00
Resignups
$0.00
Retail Sales
$190.00
Revenue distribution
Membership Revenue
3
Retail Revenue
7
New Sales
1
Recharges
0
Resignups
2
Wash Prepaid
$0.00
1 items
0.0% of total net revenue
ERROR    nxtwash:conftest.py:256 Visible page text at failure:
Revenue Metrics
Sites / Locations
VK Test carwash 2
VK AL02
VK Test Wash 01
VK Test carwash 2
test123 udpated
VK AL02
VK AL03
VK ZT c26508
VK AL20
VK AL21
VK AL22
Export XLSX
This month
Select date range
Single day
Total Revenue
$190.00
New Members
$0.00
Recharges
$0.00
Resignups
$0.00
Retail Sales
$190.00
Revenue distribution
Membership Revenue
3
Retail Revenue
7
New Sales
1
Recharges
0
Resignups
2
Wash Prepaid
$0.00
1 items
0.0% of total net revenue
FAILED                                                                   [ 80%]
tests/admin_portal/revenue_overview/test_revenue_overview.py::test_membership_plan_names_match_module PASSED [ 81%]
tests/admin_portal/revenue_overview/test_revenue_overview.py::test_retail_tab_displayed_with_count PASSED [ 81%]
tests/admin_portal/revenue_overview/test_revenue_overview.py::test_retail_tab_shows_two_subtabs XFAIL [ 82%]
tests/admin_portal/revenue_overview/test_revenue_overview.py::test_retail_count_invariant 2026-07-29 01:24:52,363 ERROR nxtwash: Test FAILED: tests/admin_portal/revenue_overview/test_revenue_overview.py::test_retail_count_invariant (url: https://staging.nxtwash.com/reports/detailed/revenue)

-------------------------------- live log call ---------------------------------
ERROR    nxtwash:conftest.py:241 Test FAILED: tests/admin_portal/revenue_overview/test_revenue_overview.py::test_retail_count_invariant (url: https://staging.nxtwash.com/reports/detailed/revenue)
2026-07-29 01:24:52,967 ERROR nxtwash: Visible page text at failure:
Revenue Metrics
Sites / Locations
VK Test carwash 2
VK AL02
VK Test Wash 01
VK Test carwash 2
test123 udpated
VK AL02
VK AL03
VK ZT c26508
VK AL20
VK AL21
VK AL22
Export XLSX
This month
Select date range
Single day
Total Revenue
$190.00
New Members
$0.00
Recharges
$0.00
Resignups
$0.00
Retail Sales
$190.00
Revenue distribution
Membership Revenue
3
Retail Revenue
7
New Sales
1
Recharges
0
Resignups
2
Wash Prepaid
$0.00
1 items
0.0% of total net revenue
ERROR    nxtwash:conftest.py:256 Visible page text at failure:
Revenue Metrics
Sites / Locations
VK Test carwash 2
VK AL02
VK Test Wash 01
VK Test carwash 2
test123 udpated
VK AL02
VK AL03
VK ZT c26508
VK AL20
VK AL21
VK AL22
Export XLSX
This month
Select date range
Single day
Total Revenue
$190.00
New Members
$0.00
Recharges
$0.00
Resignups
$0.00
Retail Sales
$190.00
Revenue distribution
Membership Revenue
3
Retail Revenue
7
New Sales
1
Recharges
0
Resignups
2
Wash Prepaid
$0.00
1 items
0.0% of total net revenue
FAILED                                                                   [ 83%]
tests/admin_portal/revenue_overview/test_revenue_overview.py::test_wash_package_subtab_lists_packages 2026-07-29 01:25:31,517 ERROR nxtwash: Test FAILED: tests/admin_portal/revenue_overview/test_revenue_overview.py::test_wash_package_subtab_lists_packages (url: https://staging.nxtwash.com/reports/detailed/revenue)

-------------------------------- live log call ---------------------------------
ERROR    nxtwash:conftest.py:241 Test FAILED: tests/admin_portal/revenue_overview/test_revenue_overview.py::test_wash_package_subtab_lists_packages (url: https://staging.nxtwash.com/reports/detailed/revenue)
2026-07-29 01:25:32,117 ERROR nxtwash: Visible page text at failure:
Revenue Metrics
Sites / Locations
VK Test carwash 2
VK AL02
VK Test Wash 01
VK Test carwash 2
test123 udpated
VK AL02
VK AL03
VK ZT c26508
VK AL20
VK AL21
VK AL22
Export XLSX
This month
Select date range
Single day
Total Revenue
$190.00
New Members
$0.00
Recharges
$0.00
Resignups
$0.00
Retail Sales
$190.00
Revenue distribution
Membership Revenue
3
Retail Revenue
7
New Sales
1
Recharges
0
Resignups
2
Wash Prepaid
$0.00
1 items
0.0% of total net revenue
ERROR    nxtwash:conftest.py:256 Visible page text at failure:
Revenue Metrics
Sites / Locations
VK Test carwash 2
VK AL02
VK Test Wash 01
VK Test carwash 2
test123 udpated
VK AL02
VK AL03
VK ZT c26508
VK AL20
VK AL21
VK AL22
Export XLSX
This month
Select date range
Single day
Total Revenue
$190.00
New Members
$0.00
Recharges
$0.00
Resignups
$0.00
Retail Sales
$190.00
Revenue distribution
Membership Revenue
3
Retail Revenue
7
New Sales
1
Recharges
0
Resignups
2
Wash Prepaid
$0.00
1 items
0.0% of total net revenue
FAILED                                                                   [ 83%]
tests/admin_portal/revenue_overview/test_revenue_overview.py::test_wash_extra_subtab_lists_extras 2026-07-29 01:26:10,497 ERROR nxtwash: Test FAILED: tests/admin_portal/revenue_overview/test_revenue_overview.py::test_wash_extra_subtab_lists_extras (url: https://staging.nxtwash.com/reports/detailed/revenue)

-------------------------------- live log call ---------------------------------
ERROR    nxtwash:conftest.py:241 Test FAILED: tests/admin_portal/revenue_overview/test_revenue_overview.py::test_wash_extra_subtab_lists_extras (url: https://staging.nxtwash.com/reports/detailed/revenue)
2026-07-29 01:26:11,128 ERROR nxtwash: Visible page text at failure:
Revenue Metrics
Sites / Locations
VK Test carwash 2
VK AL02
VK Test Wash 01
VK Test carwash 2
test123 udpated
VK AL02
VK AL03
VK ZT c26508
VK AL20
VK AL21
VK AL22
Export XLSX
This month
Select date range
Single day
Total Revenue
$190.00
New Members
$0.00
Recharges
$0.00
Resignups
$0.00
Retail Sales
$190.00
Revenue distribution
Membership Revenue
3
Retail Revenue
7
New Sales
1
Recharges
0
Resignups
2
Wash Prepaid
$0.00
1 items
0.0% of total net revenue
ERROR    nxtwash:conftest.py:256 Visible page text at failure:
Revenue Metrics
Sites / Locations
VK Test carwash 2
VK AL02
VK Test Wash 01
VK Test carwash 2
test123 udpated
VK AL02
VK AL03
VK ZT c26508
VK AL20
VK AL21
VK AL22
Export XLSX
This month
Select date range
Single day
Total Revenue
$190.00
New Members
$0.00
Recharges
$0.00
Resignups
$0.00
Retail Sales
$190.00
Revenue distribution
Membership Revenue
3
Retail Revenue
7
New Sales
1
Recharges
0
Resignups
2
Wash Prepaid
$0.00
1 items
0.0% of total net revenue
FAILED                                                                   [ 84%]
tests/admin_portal/revenue_overview/test_revenue_overview.py::test_wash_package_names_match_module 2026-07-29 01:26:45,256 ERROR nxtwash: Test FAILED: tests/admin_portal/revenue_overview/test_revenue_overview.py::test_wash_package_names_match_module (url: https://staging.nxtwash.com/reports/detailed/revenue)

-------------------------------- live log call ---------------------------------
ERROR    nxtwash:conftest.py:241 Test FAILED: tests/admin_portal/revenue_overview/test_revenue_overview.py::test_wash_package_names_match_module (url: https://staging.nxtwash.com/reports/detailed/revenue)
2026-07-29 01:26:45,886 ERROR nxtwash: Visible page text at failure:
Revenue Metrics
Sites / Locations
VK Test carwash 2
VK AL02
VK Test Wash 01
VK Test carwash 2
test123 udpated
VK AL02
VK AL03
VK ZT c26508
VK AL20
VK AL21
VK AL22
Export XLSX
This month
Select date range
Single day
Total Revenue
$190.00
New Members
$0.00
Recharges
$0.00
Resignups
$0.00
Retail Sales
$190.00
Revenue distribution
Membership Revenue
3
Retail Revenue
7
New Sales
1
Recharges
0
Resignups
2
Wash Prepaid
$0.00
1 items
0.0% of total net revenue
ERROR    nxtwash:conftest.py:256 Visible page text at failure:
Revenue Metrics
Sites / Locations
VK Test carwash 2
VK AL02
VK Test Wash 01
VK Test carwash 2
test123 udpated
VK AL02
VK AL03
VK ZT c26508
VK AL20
VK AL21
VK AL22
Export XLSX
This month
Select date range
Single day
Total Revenue
$190.00
New Members
$0.00
Recharges
$0.00
Resignups
$0.00
Retail Sales
$190.00
Revenue distribution
Membership Revenue
3
Retail Revenue
7
New Sales
1
Recharges
0
Resignups
2
Wash Prepaid
$0.00
1 items
0.0% of total net revenue
FAILED                                                                   [ 84%]
tests/admin_portal/revenue_overview/test_revenue_overview.py::test_wash_extra_names_match_module 2026-07-29 01:27:21,379 ERROR nxtwash: Test FAILED: tests/admin_portal/revenue_overview/test_revenue_overview.py::test_wash_extra_names_match_module (url: https://staging.nxtwash.com/reports/detailed/revenue)

-------------------------------- live log call ---------------------------------
ERROR    nxtwash:conftest.py:241 Test FAILED: tests/admin_portal/revenue_overview/test_revenue_overview.py::test_wash_extra_names_match_module (url: https://staging.nxtwash.com/reports/detailed/revenue)
2026-07-29 01:27:22,006 ERROR nxtwash: Visible page text at failure:
Revenue Metrics
Sites / Locations
VK Test carwash 2
VK AL02
VK Test Wash 01
VK Test carwash 2
test123 udpated
VK AL02
VK AL03
VK ZT c26508
VK AL20
VK AL21
VK AL22
Export XLSX
This month
Select date range
Single day
Total Revenue
$190.00
New Members
$0.00
Recharges
$0.00
Resignups
$0.00
Retail Sales
$190.00
Revenue distribution
Membership Revenue
3
Retail Revenue
7
New Sales
1
Recharges
0
Resignups
2
Wash Prepaid
$0.00
1 items
0.0% of total net revenue
ERROR    nxtwash:conftest.py:256 Visible page text at failure:
Revenue Metrics
Sites / Locations
VK Test carwash 2
VK AL02
VK Test Wash 01
VK Test carwash 2
test123 udpated
VK AL02
VK AL03
VK ZT c26508
VK AL20
VK AL21
VK AL22
Export XLSX
This month
Select date range
Single day
Total Revenue
$190.00
New Members
$0.00
Recharges
$0.00
Resignups
$0.00
Retail Sales
$190.00
Revenue distribution
Membership Revenue
3
Retail Revenue
7
New Sales
1
Recharges
0
Resignups
2
Wash Prepaid
$0.00
1 items
0.0% of total net revenue
FAILED                                                                   [ 85%]
tests/admin_portal/revenue_overview/test_revenue_overview.py::test_switching_tabs_preserves_kpi_and_chart PASSED [ 86%]
tests/admin_portal/revenue_overview/test_revenue_overview.py::test_retail_tab_empty_list_when_count_zero PASSED [ 86%]
tests/admin_portal/revenue_overview/test_revenue_overview.py::test_each_row_shows_four_data_points PASSED [ 87%]
tests/admin_portal/revenue_overview/test_revenue_overview.py::test_single_item_count_grammar PASSED [ 87%]
tests/admin_portal/revenue_overview/test_revenue_overview.py::test_zero_amount_shows_zero_percent PASSED [ 88%]
tests/admin_portal/revenue_overview/test_revenue_overview.py::test_long_names_truncate_without_breaking PASSED [ 89%]
tests/admin_portal/revenue_overview/test_revenue_overview.py::test_list_refreshes_on_filter_change PASSED [ 89%]
tests/admin_portal/revenue_overview/test_revenue_overview.py::test_export_button_present PASSED [ 90%]
tests/admin_portal/revenue_overview/test_revenue_overview.py::test_export_triggers_download PASSED [ 90%]
tests/admin_portal/revenue_overview/test_revenue_overview.py::test_info_icon_tooltip_text PASSED [ 91%]
tests/admin_portal/revenue_overview/test_revenue_overview.py::test_tooltip_dismisses_on_click_away PASSED [ 92%]
tests/admin_portal/revenue_overview/test_revenue_overview.py::test_tooltip_content_is_static PASSED [ 92%]
tests/admin_portal/revenue_overview/test_revenue_overview.py::test_zero_transaction_site_renders_cleanly PASSED [ 93%]
tests/admin_portal/revenue_overview/test_revenue_overview.py::test_today_with_no_transactions_renders_cleanly PASSED [ 93%]
tests/admin_portal/revenue_overview/test_revenue_overview.py::test_rapid_preset_switching_no_stale_data PASSED [ 94%]
tests/admin_portal/revenue_overview/test_revenue_overview.py::test_rapid_site_toggle_no_stale_data PASSED [ 95%]
tests/admin_portal/revenue_overview/test_revenue_overview.py::test_retail_only_site_renders_cleanly PASSED [ 95%]
tests/admin_portal/revenue_overview/test_revenue_overview.py::test_direct_url_opens_filter_modal PASSED [ 96%]
tests/admin_portal/revenue_overview/test_revenue_overview.py::test_overview_full_report_link_navigates_here XFAIL [ 96%]
tests/admin_portal/revenue_overview/test_revenue_overview.py::test_sites_dropdown_reflects_sites_module PASSED [ 97%]
tests/admin_portal/revenue_overview/test_revenue_overview.py::TestSingleDayMode::test_single_day_changes_label_and_field PASSED [ 98%]
tests/admin_portal/revenue_overview/test_revenue_overview.py::TestSingleDayMode::test_single_day_forces_preset_to_custom XFAIL [ 98%]
tests/admin_portal/revenue_overview/test_revenue_overview.py::TestSingleDayMode::test_select_date_in_single_day_mode PASSED [ 99%]
tests/admin_portal/revenue_overview/test_revenue_overview.py::TestSingleDayMode::test_uncheck_single_day_reverts_to_range PASSED [100%]

=================================== FAILURES ===================================
__________________________ test_create_inactive_user ___________________________

browser = <selenium.webdriver.chrome.webdriver.WebDriver (session="3460bfa7956ddbe9ce59033bed54e35b")>

    @allure.title("USR-CRT-003 Creating an inactive user saves it with Inactive status")
    @pytest.mark.regression
    def test_create_inactive_user(browser):
        email = _unique_email()
        phone = _unique_phone()
    
        form = open_create_user_form(browser)
>       form.fill_create_form(EMPLOYEE_NAME, USER_PASSWORD, email, phone, USER_ROLE)

tests/admin_portal/users/test_users_create.py:70: 
_ _ _ _ _ _ _ _ _ _ _ _ _ _ _ _ _ _ _ _ _ _ _ _ _ _ _ _ _ _ _ _ _ _ _ _ _ _ _ _ 
pages/admin_portal/users_page.py:457: in fill_create_form
    self.select_employee(employee_name)
pages/admin_portal/users_page.py:394: in select_employee
    self.select_react_dropdown_option(self.EMPLOYEE_COMBOBOX, employee_name)
pages/common/base_page.py:108: in select_react_dropdown_option
    option = WebDriverWait(self.driver, 20).until(
_ _ _ _ _ _ _ _ _ _ _ _ _ _ _ _ _ _ _ _ _ _ _ _ _ _ _ _ _ _ _ _ _ _ _ _ _ _ _ _ 

self = <selenium.webdriver.support.wait.WebDriverWait (session="3460bfa7956ddbe9ce59033bed54e35b")>
method = <function BasePage.select_react_dropdown_option.<locals>.<lambda> at 0x103d718a0>
message = ''

    def until(self, method: Callable[[D], Literal[False] | T], message: str = "") -> T:
        """Wait until the method returns a value that is not False.
    
        Calls the method provided with the driver as an argument until the
        return value does not evaluate to ``False``.
    
        Args:
            method: A callable object that takes a WebDriver instance as an
                argument.
            message: Optional message for TimeoutException.
    
        Returns:
            The result of the last call to `method`.
    
        Raises:
            TimeoutException: If 'method' does not return a truthy value within
                the WebDriverWait object's timeout.
    
        Example:
            >>> from selenium.webdriver.common.by import By
            >>> from selenium.webdriver.support.ui import WebDriverWait
            >>> from selenium.webdriver.support import expected_conditions as EC
            >>>
            >>> # Wait until an element is visible on the page
            >>> wait = WebDriverWait(driver, 10)
            >>> element = wait.until(EC.visibility_of_element_located((By.ID, "exampleId")))
            >>> print(element.text)
        """
        screen = None
        stacktrace = None
    
        end_time = time.monotonic() + self._timeout
        while True:
            try:
                value = method(self._driver)
                if value:
                    return value
            except self._ignored_exceptions as exc:
                screen = getattr(exc, "screen", None)
                stacktrace = getattr(exc, "stacktrace", None)
            if time.monotonic() > end_time:
                break
            time.sleep(self._poll)
>       raise TimeoutException(message, screen, stacktrace)
E       selenium.common.exceptions.TimeoutException: Message:

venv/lib/python3.11/site-packages/selenium/webdriver/support/wait.py:121: TimeoutException
______________________ test_create_user_password_required ______________________

browser = <selenium.webdriver.chrome.webdriver.WebDriver (session="88b211e846096623adbcf8563844677e")>

    @allure.title("USR-CRT-005 Submitting form without Password is blocked with validation")
    @pytest.mark.smoke
    def test_create_user_password_required(browser):
        form = open_create_user_form(browser)
>       form.select_employee(EMPLOYEE_NAME)

tests/admin_portal/users/test_users_create.py:106: 
_ _ _ _ _ _ _ _ _ _ _ _ _ _ _ _ _ _ _ _ _ _ _ _ _ _ _ _ _ _ _ _ _ _ _ _ _ _ _ _ 
pages/admin_portal/users_page.py:394: in select_employee
    self.select_react_dropdown_option(self.EMPLOYEE_COMBOBOX, employee_name)
pages/common/base_page.py:108: in select_react_dropdown_option
    option = WebDriverWait(self.driver, 20).until(
_ _ _ _ _ _ _ _ _ _ _ _ _ _ _ _ _ _ _ _ _ _ _ _ _ _ _ _ _ _ _ _ _ _ _ _ _ _ _ _ 

self = <selenium.webdriver.support.wait.WebDriverWait (session="88b211e846096623adbcf8563844677e")>
method = <function BasePage.select_react_dropdown_option.<locals>.<lambda> at 0x103d71800>
message = ''

    def until(self, method: Callable[[D], Literal[False] | T], message: str = "") -> T:
        """Wait until the method returns a value that is not False.
    
        Calls the method provided with the driver as an argument until the
        return value does not evaluate to ``False``.
    
        Args:
            method: A callable object that takes a WebDriver instance as an
                argument.
            message: Optional message for TimeoutException.
    
        Returns:
            The result of the last call to `method`.
    
        Raises:
            TimeoutException: If 'method' does not return a truthy value within
                the WebDriverWait object's timeout.
    
        Example:
            >>> from selenium.webdriver.common.by import By
            >>> from selenium.webdriver.support.ui import WebDriverWait
            >>> from selenium.webdriver.support import expected_conditions as EC
            >>>
            >>> # Wait until an element is visible on the page
            >>> wait = WebDriverWait(driver, 10)
            >>> element = wait.until(EC.visibility_of_element_located((By.ID, "exampleId")))
            >>> print(element.text)
        """
        screen = None
        stacktrace = None
    
        end_time = time.monotonic() + self._timeout
        while True:
            try:
                value = method(self._driver)
                if value:
                    return value
            except self._ignored_exceptions as exc:
                screen = getattr(exc, "screen", None)
                stacktrace = getattr(exc, "stacktrace", None)
            if time.monotonic() > end_time:
                break
            time.sleep(self._poll)
>       raise TimeoutException(message, screen, stacktrace)
E       selenium.common.exceptions.TimeoutException: Message:

venv/lib/python3.11/site-packages/selenium/webdriver/support/wait.py:121: TimeoutException
__________________ test_create_user_confirm_password_required __________________

browser = <selenium.webdriver.chrome.webdriver.WebDriver (session="9b17fb64e2bdfdc29cc8c7d70c91dace")>

    @allure.title("USR-CRT-006 Submitting form without Confirm Password is blocked")
    @pytest.mark.regression
    def test_create_user_confirm_password_required(browser):
        form = open_create_user_form(browser)
>       form.select_employee(EMPLOYEE_NAME)

tests/admin_portal/users/test_users_create.py:121: 
_ _ _ _ _ _ _ _ _ _ _ _ _ _ _ _ _ _ _ _ _ _ _ _ _ _ _ _ _ _ _ _ _ _ _ _ _ _ _ _ 
pages/admin_portal/users_page.py:394: in select_employee
    self.select_react_dropdown_option(self.EMPLOYEE_COMBOBOX, employee_name)
pages/common/base_page.py:108: in select_react_dropdown_option
    option = WebDriverWait(self.driver, 20).until(
_ _ _ _ _ _ _ _ _ _ _ _ _ _ _ _ _ _ _ _ _ _ _ _ _ _ _ _ _ _ _ _ _ _ _ _ _ _ _ _ 

self = <selenium.webdriver.support.wait.WebDriverWait (session="9b17fb64e2bdfdc29cc8c7d70c91dace")>
method = <function BasePage.select_react_dropdown_option.<locals>.<lambda> at 0x103dab2e0>
message = ''

    def until(self, method: Callable[[D], Literal[False] | T], message: str = "") -> T:
        """Wait until the method returns a value that is not False.
    
        Calls the method provided with the driver as an argument until the
        return value does not evaluate to ``False``.
    
        Args:
            method: A callable object that takes a WebDriver instance as an
                argument.
            message: Optional message for TimeoutException.
    
        Returns:
            The result of the last call to `method`.
    
        Raises:
            TimeoutException: If 'method' does not return a truthy value within
                the WebDriverWait object's timeout.
    
        Example:
            >>> from selenium.webdriver.common.by import By
            >>> from selenium.webdriver.support.ui import WebDriverWait
            >>> from selenium.webdriver.support import expected_conditions as EC
            >>>
            >>> # Wait until an element is visible on the page
            >>> wait = WebDriverWait(driver, 10)
            >>> element = wait.until(EC.visibility_of_element_located((By.ID, "exampleId")))
            >>> print(element.text)
        """
        screen = None
        stacktrace = None
    
        end_time = time.monotonic() + self._timeout
        while True:
            try:
                value = method(self._driver)
                if value:
                    return value
            except self._ignored_exceptions as exc:
                screen = getattr(exc, "screen", None)
                stacktrace = getattr(exc, "stacktrace", None)
            if time.monotonic() > end_time:
                break
            time.sleep(self._poll)
>       raise TimeoutException(message, screen, stacktrace)
E       selenium.common.exceptions.TimeoutException: Message:

venv/lib/python3.11/site-packages/selenium/webdriver/support/wait.py:121: TimeoutException
_______________________ test_create_user_email_required ________________________

browser = <selenium.webdriver.chrome.webdriver.WebDriver (session="6ac1dd56456c32acc43267db453bccaf")>

    @allure.title("USR-CRT-007 Submitting form without Email is blocked with validation")
    @pytest.mark.smoke
    def test_create_user_email_required(browser):
        form = open_create_user_form(browser)
>       form.select_employee(EMPLOYEE_NAME)

tests/admin_portal/users/test_users_create.py:141: 
_ _ _ _ _ _ _ _ _ _ _ _ _ _ _ _ _ _ _ _ _ _ _ _ _ _ _ _ _ _ _ _ _ _ _ _ _ _ _ _ 
pages/admin_portal/users_page.py:394: in select_employee
    self.select_react_dropdown_option(self.EMPLOYEE_COMBOBOX, employee_name)
pages/common/base_page.py:108: in select_react_dropdown_option
    option = WebDriverWait(self.driver, 20).until(
_ _ _ _ _ _ _ _ _ _ _ _ _ _ _ _ _ _ _ _ _ _ _ _ _ _ _ _ _ _ _ _ _ _ _ _ _ _ _ _ 

self = <selenium.webdriver.support.wait.WebDriverWait (session="6ac1dd56456c32acc43267db453bccaf")>
method = <function BasePage.select_react_dropdown_option.<locals>.<lambda> at 0x103daaa20>
message = ''

    def until(self, method: Callable[[D], Literal[False] | T], message: str = "") -> T:
        """Wait until the method returns a value that is not False.
    
        Calls the method provided with the driver as an argument until the
        return value does not evaluate to ``False``.
    
        Args:
            method: A callable object that takes a WebDriver instance as an
                argument.
            message: Optional message for TimeoutException.
    
        Returns:
            The result of the last call to `method`.
    
        Raises:
            TimeoutException: If 'method' does not return a truthy value within
                the WebDriverWait object's timeout.
    
        Example:
            >>> from selenium.webdriver.common.by import By
            >>> from selenium.webdriver.support.ui import WebDriverWait
            >>> from selenium.webdriver.support import expected_conditions as EC
            >>>
            >>> # Wait until an element is visible on the page
            >>> wait = WebDriverWait(driver, 10)
            >>> element = wait.until(EC.visibility_of_element_located((By.ID, "exampleId")))
            >>> print(element.text)
        """
        screen = None
        stacktrace = None
    
        end_time = time.monotonic() + self._timeout
        while True:
            try:
                value = method(self._driver)
                if value:
                    return value
            except self._ignored_exceptions as exc:
                screen = getattr(exc, "screen", None)
                stacktrace = getattr(exc, "stacktrace", None)
            if time.monotonic() > end_time:
                break
            time.sleep(self._poll)
>       raise TimeoutException(message, screen, stacktrace)
E       selenium.common.exceptions.TimeoutException: Message:

venv/lib/python3.11/site-packages/selenium/webdriver/support/wait.py:121: TimeoutException
_______________________ test_create_user_phone_required ________________________

browser = <selenium.webdriver.chrome.webdriver.WebDriver (session="41169722a698ddf48ee4c3fa44f84f4c")>

    @allure.title("USR-CRT-008 Submitting form without Phone Number is blocked")
    @pytest.mark.regression
    def test_create_user_phone_required(browser):
        form = open_create_user_form(browser)
>       form.select_employee(EMPLOYEE_NAME)

tests/admin_portal/users/test_users_create.py:157: 
_ _ _ _ _ _ _ _ _ _ _ _ _ _ _ _ _ _ _ _ _ _ _ _ _ _ _ _ _ _ _ _ _ _ _ _ _ _ _ _ 
pages/admin_portal/users_page.py:394: in select_employee
    self.select_react_dropdown_option(self.EMPLOYEE_COMBOBOX, employee_name)
pages/common/base_page.py:108: in select_react_dropdown_option
    option = WebDriverWait(self.driver, 20).until(
_ _ _ _ _ _ _ _ _ _ _ _ _ _ _ _ _ _ _ _ _ _ _ _ _ _ _ _ _ _ _ _ _ _ _ _ _ _ _ _ 

self = <selenium.webdriver.support.wait.WebDriverWait (session="41169722a698ddf48ee4c3fa44f84f4c")>
method = <function BasePage.select_react_dropdown_option.<locals>.<lambda> at 0x103da9f80>
message = ''

    def until(self, method: Callable[[D], Literal[False] | T], message: str = "") -> T:
        """Wait until the method returns a value that is not False.
    
        Calls the method provided with the driver as an argument until the
        return value does not evaluate to ``False``.
    
        Args:
            method: A callable object that takes a WebDriver instance as an
                argument.
            message: Optional message for TimeoutException.
    
        Returns:
            The result of the last call to `method`.
    
        Raises:
            TimeoutException: If 'method' does not return a truthy value within
                the WebDriverWait object's timeout.
    
        Example:
            >>> from selenium.webdriver.common.by import By
            >>> from selenium.webdriver.support.ui import WebDriverWait
            >>> from selenium.webdriver.support import expected_conditions as EC
            >>>
            >>> # Wait until an element is visible on the page
            >>> wait = WebDriverWait(driver, 10)
            >>> element = wait.until(EC.visibility_of_element_located((By.ID, "exampleId")))
            >>> print(element.text)
        """
        screen = None
        stacktrace = None
    
        end_time = time.monotonic() + self._timeout
        while True:
            try:
                value = method(self._driver)
                if value:
                    return value
            except self._ignored_exceptions as exc:
                screen = getattr(exc, "screen", None)
                stacktrace = getattr(exc, "stacktrace", None)
            if time.monotonic() > end_time:
                break
            time.sleep(self._poll)
>       raise TimeoutException(message, screen, stacktrace)
E       selenium.common.exceptions.TimeoutException: Message:

venv/lib/python3.11/site-packages/selenium/webdriver/support/wait.py:121: TimeoutException
________________________ test_create_user_role_required ________________________

browser = <selenium.webdriver.chrome.webdriver.WebDriver (session="a5b81ed2cf70ea510afd5345a5799ee1")>

    @allure.title("USR-CRT-009 Submitting form without User Role is blocked")
    @pytest.mark.smoke
    def test_create_user_role_required(browser):
        form = open_create_user_form(browser)
>       form.select_employee(EMPLOYEE_NAME)

tests/admin_portal/users/test_users_create.py:173: 
_ _ _ _ _ _ _ _ _ _ _ _ _ _ _ _ _ _ _ _ _ _ _ _ _ _ _ _ _ _ _ _ _ _ _ _ _ _ _ _ 
pages/admin_portal/users_page.py:394: in select_employee
    self.select_react_dropdown_option(self.EMPLOYEE_COMBOBOX, employee_name)
pages/common/base_page.py:108: in select_react_dropdown_option
    option = WebDriverWait(self.driver, 20).until(
_ _ _ _ _ _ _ _ _ _ _ _ _ _ _ _ _ _ _ _ _ _ _ _ _ _ _ _ _ _ _ _ _ _ _ _ _ _ _ _ 

self = <selenium.webdriver.support.wait.WebDriverWait (session="a5b81ed2cf70ea510afd5345a5799ee1")>
method = <function BasePage.select_react_dropdown_option.<locals>.<lambda> at 0x103daafc0>
message = ''

    def until(self, method: Callable[[D], Literal[False] | T], message: str = "") -> T:
        """Wait until the method returns a value that is not False.
    
        Calls the method provided with the driver as an argument until the
        return value does not evaluate to ``False``.
    
        Args:
            method: A callable object that takes a WebDriver instance as an
                argument.
            message: Optional message for TimeoutException.
    
        Returns:
            The result of the last call to `method`.
    
        Raises:
            TimeoutException: If 'method' does not return a truthy value within
                the WebDriverWait object's timeout.
    
        Example:
            >>> from selenium.webdriver.common.by import By
            >>> from selenium.webdriver.support.ui import WebDriverWait
            >>> from selenium.webdriver.support import expected_conditions as EC
            >>>
            >>> # Wait until an element is visible on the page
            >>> wait = WebDriverWait(driver, 10)
            >>> element = wait.until(EC.visibility_of_element_located((By.ID, "exampleId")))
            >>> print(element.text)
        """
        screen = None
        stacktrace = None
    
        end_time = time.monotonic() + self._timeout
        while True:
            try:
                value = method(self._driver)
                if value:
                    return value
            except self._ignored_exceptions as exc:
                screen = getattr(exc, "screen", None)
                stacktrace = getattr(exc, "stacktrace", None)
            if time.monotonic() > end_time:
                break
            time.sleep(self._poll)
>       raise TimeoutException(message, screen, stacktrace)
E       selenium.common.exceptions.TimeoutException: Message:

venv/lib/python3.11/site-packages/selenium/webdriver/support/wait.py:121: TimeoutException
______________________ test_create_user_password_mismatch ______________________

browser = <selenium.webdriver.chrome.webdriver.WebDriver (session="625b3d6fe5de6cf1d965521d5534f70d")>

    @allure.title("USR-CRT-010 Mismatched passwords show a validation error")
    @pytest.mark.regression
    def test_create_user_password_mismatch(browser):
        form = open_create_user_form(browser)
>       form.select_employee(EMPLOYEE_NAME)

tests/admin_portal/users/test_users_create.py:194: 
_ _ _ _ _ _ _ _ _ _ _ _ _ _ _ _ _ _ _ _ _ _ _ _ _ _ _ _ _ _ _ _ _ _ _ _ _ _ _ _ 
pages/admin_portal/users_page.py:394: in select_employee
    self.select_react_dropdown_option(self.EMPLOYEE_COMBOBOX, employee_name)
pages/common/base_page.py:108: in select_react_dropdown_option
    option = WebDriverWait(self.driver, 20).until(
_ _ _ _ _ _ _ _ _ _ _ _ _ _ _ _ _ _ _ _ _ _ _ _ _ _ _ _ _ _ _ _ _ _ _ _ _ _ _ _ 

self = <selenium.webdriver.support.wait.WebDriverWait (session="625b3d6fe5de6cf1d965521d5534f70d")>
method = <function BasePage.select_react_dropdown_option.<locals>.<lambda> at 0x103daa660>
message = ''

    def until(self, method: Callable[[D], Literal[False] | T], message: str = "") -> T:
        """Wait until the method returns a value that is not False.
    
        Calls the method provided with the driver as an argument until the
        return value does not evaluate to ``False``.
    
        Args:
            method: A callable object that takes a WebDriver instance as an
                argument.
            message: Optional message for TimeoutException.
    
        Returns:
            The result of the last call to `method`.
    
        Raises:
            TimeoutException: If 'method' does not return a truthy value within
                the WebDriverWait object's timeout.
    
        Example:
            >>> from selenium.webdriver.common.by import By
            >>> from selenium.webdriver.support.ui import WebDriverWait
            >>> from selenium.webdriver.support import expected_conditions as EC
            >>>
            >>> # Wait until an element is visible on the page
            >>> wait = WebDriverWait(driver, 10)
            >>> element = wait.until(EC.visibility_of_element_located((By.ID, "exampleId")))
            >>> print(element.text)
        """
        screen = None
        stacktrace = None
    
        end_time = time.monotonic() + self._timeout
        while True:
            try:
                value = method(self._driver)
                if value:
                    return value
            except self._ignored_exceptions as exc:
                screen = getattr(exc, "screen", None)
                stacktrace = getattr(exc, "stacktrace", None)
            if time.monotonic() > end_time:
                break
            time.sleep(self._poll)
>       raise TimeoutException(message, screen, stacktrace)
E       selenium.common.exceptions.TimeoutException: Message:

venv/lib/python3.11/site-packages/selenium/webdriver/support/wait.py:121: TimeoutException
____________________ test_all_membership_subtabs_clickable _____________________

rvo_page = <pages.admin_portal.revenue_overview_page.RevenueOverviewPage object at 0x103ef1b10>

    @allure.story("Membership Revenue")
    @allure.title("RVO-MEM-004 All three membership sub-tabs are clickable")
    @pytest.mark.regression
    def test_all_membership_subtabs_clickable(rvo_page):
        rvo_page.click_membership_tab()
>       rvo_page.click_sub_tab("New Sales")

tests/admin_portal/revenue_overview/test_revenue_overview.py:980: 
_ _ _ _ _ _ _ _ _ _ _ _ _ _ _ _ _ _ _ _ _ _ _ _ _ _ _ _ _ _ _ _ _ _ _ _ _ _ _ _ 
pages/admin_portal/revenue_overview_page.py:588: in click_sub_tab
    self._click_tab(locator)
pages/admin_portal/revenue_overview_page.py:574: in _click_tab
    btn = self.wait.until(EC.element_to_be_clickable(locator))
          ^^^^^^^^^^^^^^^^^^^^^^^^^^^^^^^^^^^^^^^^^^^^^^^^^^^^
_ _ _ _ _ _ _ _ _ _ _ _ _ _ _ _ _ _ _ _ _ _ _ _ _ _ _ _ _ _ _ _ _ _ _ _ _ _ _ _ 

self = <selenium.webdriver.support.wait.WebDriverWait (session="8fe9ca48ba37f90279d276b9694dea42")>
method = <function element_to_be_clickable.<locals>._predicate at 0x103e447c0>
message = ''

    def until(self, method: Callable[[D], Literal[False] | T], message: str = "") -> T:
        """Wait until the method returns a value that is not False.
    
        Calls the method provided with the driver as an argument until the
        return value does not evaluate to ``False``.
    
        Args:
            method: A callable object that takes a WebDriver instance as an
                argument.
            message: Optional message for TimeoutException.
    
        Returns:
            The result of the last call to `method`.
    
        Raises:
            TimeoutException: If 'method' does not return a truthy value within
                the WebDriverWait object's timeout.
    
        Example:
            >>> from selenium.webdriver.common.by import By
            >>> from selenium.webdriver.support.ui import WebDriverWait
            >>> from selenium.webdriver.support import expected_conditions as EC
            >>>
            >>> # Wait until an element is visible on the page
            >>> wait = WebDriverWait(driver, 10)
            >>> element = wait.until(EC.visibility_of_element_located((By.ID, "exampleId")))
            >>> print(element.text)
        """
        screen = None
        stacktrace = None
    
        end_time = time.monotonic() + self._timeout
        while True:
            try:
                value = method(self._driver)
                if value:
                    return value
            except self._ignored_exceptions as exc:
                screen = getattr(exc, "screen", None)
                stacktrace = getattr(exc, "stacktrace", None)
            if time.monotonic() > end_time:
                break
            time.sleep(self._poll)
>       raise TimeoutException(message, screen, stacktrace)
E       selenium.common.exceptions.TimeoutException: Message: 
E       Stacktrace:
E       0   chromedriver                        0x0000000103075a84 cxxbridge1$str$ptr + 3195292
E       1   chromedriver                        0x000000010306db4c cxxbridge1$str$ptr + 3162724
E       2   chromedriver                        0x0000000102b172a4 _RNvCs9NA52FrZ4pF_7___rustc35___rust_no_alloc_shim_is_unstable_v2 + 73836
E       3   chromedriver                        0x0000000102b5fa44 _RNvCs9NA52FrZ4pF_7___rustc35___rust_no_alloc_shim_is_unstable_v2 + 370700
E       4   chromedriver                        0x0000000102b9f030 _RNvCs9NA52FrZ4pF_7___rustc35___rust_no_alloc_shim_is_unstable_v2 + 630264
E       5   chromedriver                        0x0000000102b55434 _RNvCs9NA52FrZ4pF_7___rustc35___rust_no_alloc_shim_is_unstable_v2 + 328188
E       6   chromedriver                        0x0000000103032c40 cxxbridge1$str$ptr + 2921304
E       7   chromedriver                        0x00000001030363b8 cxxbridge1$str$ptr + 2935504
E       8   chromedriver                        0x00000001030190f8 cxxbridge1$str$ptr + 2816016
E       9   chromedriver                        0x0000000103036c4c cxxbridge1$str$ptr + 2937700
E       10  chromedriver                        0x000000010300a3b0 cxxbridge1$str$ptr + 2755272
E       11  chromedriver                        0x000000010305c1f4 cxxbridge1$str$ptr + 3090700
E       12  chromedriver                        0x000000010305c354 cxxbridge1$str$ptr + 3091052
E       13  chromedriver                        0x000000010306d7a4 cxxbridge1$str$ptr + 3161788
E       14  libsystem_pthread.dylib             0x0000000199325c08 _pthread_start + 136
E       15  libsystem_pthread.dylib             0x0000000199320ba8 thread_start + 8

venv/lib/python3.11/site-packages/selenium/webdriver/support/wait.py:121: TimeoutException
______________________ test_new_sales_subtab_lists_plans _______________________

rvo_page = <pages.admin_portal.revenue_overview_page.RevenueOverviewPage object at 0x103f38a50>

    @allure.story("Membership Revenue")
    @allure.title("RVO-MEM-006 New Sales sub-tab lists membership plan rows")
    @pytest.mark.regression
    def test_new_sales_subtab_lists_plans(rvo_page):
        # Dependency: Membership module
        rvo_page.click_membership_tab()
>       rvo_page.click_sub_tab("New Sales")

tests/admin_portal/revenue_overview/test_revenue_overview.py:1009: 
_ _ _ _ _ _ _ _ _ _ _ _ _ _ _ _ _ _ _ _ _ _ _ _ _ _ _ _ _ _ _ _ _ _ _ _ _ _ _ _ 
pages/admin_portal/revenue_overview_page.py:588: in click_sub_tab
    self._click_tab(locator)
pages/admin_portal/revenue_overview_page.py:574: in _click_tab
    btn = self.wait.until(EC.element_to_be_clickable(locator))
          ^^^^^^^^^^^^^^^^^^^^^^^^^^^^^^^^^^^^^^^^^^^^^^^^^^^^
_ _ _ _ _ _ _ _ _ _ _ _ _ _ _ _ _ _ _ _ _ _ _ _ _ _ _ _ _ _ _ _ _ _ _ _ _ _ _ _ 

self = <selenium.webdriver.support.wait.WebDriverWait (session="811f18347ad1a6cbf56454230f69b6ca")>
method = <function element_to_be_clickable.<locals>._predicate at 0x103e5bba0>
message = ''

    def until(self, method: Callable[[D], Literal[False] | T], message: str = "") -> T:
        """Wait until the method returns a value that is not False.
    
        Calls the method provided with the driver as an argument until the
        return value does not evaluate to ``False``.
    
        Args:
            method: A callable object that takes a WebDriver instance as an
                argument.
            message: Optional message for TimeoutException.
    
        Returns:
            The result of the last call to `method`.
    
        Raises:
            TimeoutException: If 'method' does not return a truthy value within
                the WebDriverWait object's timeout.
    
        Example:
            >>> from selenium.webdriver.common.by import By
            >>> from selenium.webdriver.support.ui import WebDriverWait
            >>> from selenium.webdriver.support import expected_conditions as EC
            >>>
            >>> # Wait until an element is visible on the page
            >>> wait = WebDriverWait(driver, 10)
            >>> element = wait.until(EC.visibility_of_element_located((By.ID, "exampleId")))
            >>> print(element.text)
        """
        screen = None
        stacktrace = None
    
        end_time = time.monotonic() + self._timeout
        while True:
            try:
                value = method(self._driver)
                if value:
                    return value
            except self._ignored_exceptions as exc:
                screen = getattr(exc, "screen", None)
                stacktrace = getattr(exc, "stacktrace", None)
            if time.monotonic() > end_time:
                break
            time.sleep(self._poll)
>       raise TimeoutException(message, screen, stacktrace)
E       selenium.common.exceptions.TimeoutException: Message: 
E       Stacktrace:
E       0   chromedriver                        0x000000010350da84 cxxbridge1$str$ptr + 3195292
E       1   chromedriver                        0x0000000103505b4c cxxbridge1$str$ptr + 3162724
E       2   chromedriver                        0x0000000102faf2a4 _RNvCs9NA52FrZ4pF_7___rustc35___rust_no_alloc_shim_is_unstable_v2 + 73836
E       3   chromedriver                        0x0000000102ff7a44 _RNvCs9NA52FrZ4pF_7___rustc35___rust_no_alloc_shim_is_unstable_v2 + 370700
E       4   chromedriver                        0x0000000103037030 _RNvCs9NA52FrZ4pF_7___rustc35___rust_no_alloc_shim_is_unstable_v2 + 630264
E       5   chromedriver                        0x0000000102fed434 _RNvCs9NA52FrZ4pF_7___rustc35___rust_no_alloc_shim_is_unstable_v2 + 328188
E       6   chromedriver                        0x00000001034cac40 cxxbridge1$str$ptr + 2921304
E       7   chromedriver                        0x00000001034ce3b8 cxxbridge1$str$ptr + 2935504
E       8   chromedriver                        0x00000001034b10f8 cxxbridge1$str$ptr + 2816016
E       9   chromedriver                        0x00000001034cec4c cxxbridge1$str$ptr + 2937700
E       10  chromedriver                        0x00000001034a23b0 cxxbridge1$str$ptr + 2755272
E       11  chromedriver                        0x00000001034f41f4 cxxbridge1$str$ptr + 3090700
E       12  chromedriver                        0x00000001034f4354 cxxbridge1$str$ptr + 3091052
E       13  chromedriver                        0x00000001035057a4 cxxbridge1$str$ptr + 3161788
E       14  libsystem_pthread.dylib             0x0000000199325c08 _pthread_start + 136
E       15  libsystem_pthread.dylib             0x0000000199320ba8 thread_start + 8

venv/lib/python3.11/site-packages/selenium/webdriver/support/wait.py:121: TimeoutException
_______________________ test_resignups_subtab_lists_rows _______________________

rvo_page = <pages.admin_portal.revenue_overview_page.RevenueOverviewPage object at 0x103d30710>

    @allure.story("Membership Revenue")
    @allure.title("RVO-MEM-009 Resignups sub-tab lists all resignup rows")
    @pytest.mark.regression
    def test_resignups_subtab_lists_rows(rvo_page):
        # Dependency: Membership module
        rvo_page.click_membership_tab()
>       rvo_page.click_sub_tab("Resignups")

tests/admin_portal/revenue_overview/test_revenue_overview.py:1037: 
_ _ _ _ _ _ _ _ _ _ _ _ _ _ _ _ _ _ _ _ _ _ _ _ _ _ _ _ _ _ _ _ _ _ _ _ _ _ _ _ 
pages/admin_portal/revenue_overview_page.py:588: in click_sub_tab
    self._click_tab(locator)
pages/admin_portal/revenue_overview_page.py:574: in _click_tab
    btn = self.wait.until(EC.element_to_be_clickable(locator))
          ^^^^^^^^^^^^^^^^^^^^^^^^^^^^^^^^^^^^^^^^^^^^^^^^^^^^
_ _ _ _ _ _ _ _ _ _ _ _ _ _ _ _ _ _ _ _ _ _ _ _ _ _ _ _ _ _ _ _ _ _ _ _ _ _ _ _ 

self = <selenium.webdriver.support.wait.WebDriverWait (session="194b08aa69760b6f9fea46b3413737d7")>
method = <function element_to_be_clickable.<locals>._predicate at 0x103dec5e0>
message = ''

    def until(self, method: Callable[[D], Literal[False] | T], message: str = "") -> T:
        """Wait until the method returns a value that is not False.
    
        Calls the method provided with the driver as an argument until the
        return value does not evaluate to ``False``.
    
        Args:
            method: A callable object that takes a WebDriver instance as an
                argument.
            message: Optional message for TimeoutException.
    
        Returns:
            The result of the last call to `method`.
    
        Raises:
            TimeoutException: If 'method' does not return a truthy value within
                the WebDriverWait object's timeout.
    
        Example:
            >>> from selenium.webdriver.common.by import By
            >>> from selenium.webdriver.support.ui import WebDriverWait
            >>> from selenium.webdriver.support import expected_conditions as EC
            >>>
            >>> # Wait until an element is visible on the page
            >>> wait = WebDriverWait(driver, 10)
            >>> element = wait.until(EC.visibility_of_element_located((By.ID, "exampleId")))
            >>> print(element.text)
        """
        screen = None
        stacktrace = None
    
        end_time = time.monotonic() + self._timeout
        while True:
            try:
                value = method(self._driver)
                if value:
                    return value
            except self._ignored_exceptions as exc:
                screen = getattr(exc, "screen", None)
                stacktrace = getattr(exc, "stacktrace", None)
            if time.monotonic() > end_time:
                break
            time.sleep(self._poll)
>       raise TimeoutException(message, screen, stacktrace)
E       selenium.common.exceptions.TimeoutException: Message: 
E       Stacktrace:
E       0   chromedriver                        0x000000010471da84 cxxbridge1$str$ptr + 3195292
E       1   chromedriver                        0x0000000104715b4c cxxbridge1$str$ptr + 3162724
E       2   chromedriver                        0x00000001041bf2a4 _RNvCs9NA52FrZ4pF_7___rustc35___rust_no_alloc_shim_is_unstable_v2 + 73836
E       3   chromedriver                        0x0000000104207a44 _RNvCs9NA52FrZ4pF_7___rustc35___rust_no_alloc_shim_is_unstable_v2 + 370700
E       4   chromedriver                        0x0000000104247030 _RNvCs9NA52FrZ4pF_7___rustc35___rust_no_alloc_shim_is_unstable_v2 + 630264
E       5   chromedriver                        0x00000001041fd434 _RNvCs9NA52FrZ4pF_7___rustc35___rust_no_alloc_shim_is_unstable_v2 + 328188
E       6   chromedriver                        0x00000001046dac40 cxxbridge1$str$ptr + 2921304
E       7   chromedriver                        0x00000001046de3b8 cxxbridge1$str$ptr + 2935504
E       8   chromedriver                        0x00000001046c10f8 cxxbridge1$str$ptr + 2816016
E       9   chromedriver                        0x00000001046dec4c cxxbridge1$str$ptr + 2937700
E       10  chromedriver                        0x00000001046b23b0 cxxbridge1$str$ptr + 2755272
E       11  chromedriver                        0x00000001047041f4 cxxbridge1$str$ptr + 3090700
E       12  chromedriver                        0x0000000104704354 cxxbridge1$str$ptr + 3091052
E       13  chromedriver                        0x00000001047157a4 cxxbridge1$str$ptr + 3161788
E       14  libsystem_pthread.dylib             0x0000000199325c08 _pthread_start + 136
E       15  libsystem_pthread.dylib             0x0000000199320ba8 thread_start + 8

venv/lib/python3.11/site-packages/selenium/webdriver/support/wait.py:121: TimeoutException
_____________ test_switching_subtabs_does_not_change_kpi_or_chart ______________

rvo_page = <pages.admin_portal.revenue_overview_page.RevenueOverviewPage object at 0x103d32450>

    @allure.story("Membership Revenue")
    @allure.title("RVO-MEM-011 Switching sub-tabs does not change KPI cards or chart")
    @pytest.mark.regression
    def test_switching_subtabs_does_not_change_kpi_or_chart(rvo_page):
        kpi_before = rvo_page.get_body_text()
        rvo_page.click_membership_tab()
        rvo_page.click_sub_tab("Recharges")
>       rvo_page.click_sub_tab("Resignups")

tests/admin_portal/revenue_overview/test_revenue_overview.py:1074: 
_ _ _ _ _ _ _ _ _ _ _ _ _ _ _ _ _ _ _ _ _ _ _ _ _ _ _ _ _ _ _ _ _ _ _ _ _ _ _ _ 
pages/admin_portal/revenue_overview_page.py:588: in click_sub_tab
    self._click_tab(locator)
pages/admin_portal/revenue_overview_page.py:574: in _click_tab
    btn = self.wait.until(EC.element_to_be_clickable(locator))
          ^^^^^^^^^^^^^^^^^^^^^^^^^^^^^^^^^^^^^^^^^^^^^^^^^^^^
_ _ _ _ _ _ _ _ _ _ _ _ _ _ _ _ _ _ _ _ _ _ _ _ _ _ _ _ _ _ _ _ _ _ _ _ _ _ _ _ 

self = <selenium.webdriver.support.wait.WebDriverWait (session="913abf862b9659ec23109d3826854488")>
method = <function element_to_be_clickable.<locals>._predicate at 0x1080756c0>
message = ''

    def until(self, method: Callable[[D], Literal[False] | T], message: str = "") -> T:
        """Wait until the method returns a value that is not False.
    
        Calls the method provided with the driver as an argument until the
        return value does not evaluate to ``False``.
    
        Args:
            method: A callable object that takes a WebDriver instance as an
                argument.
            message: Optional message for TimeoutException.
    
        Returns:
            The result of the last call to `method`.
    
        Raises:
            TimeoutException: If 'method' does not return a truthy value within
                the WebDriverWait object's timeout.
    
        Example:
            >>> from selenium.webdriver.common.by import By
            >>> from selenium.webdriver.support.ui import WebDriverWait
            >>> from selenium.webdriver.support import expected_conditions as EC
            >>>
            >>> # Wait until an element is visible on the page
            >>> wait = WebDriverWait(driver, 10)
            >>> element = wait.until(EC.visibility_of_element_located((By.ID, "exampleId")))
            >>> print(element.text)
        """
        screen = None
        stacktrace = None
    
        end_time = time.monotonic() + self._timeout
        while True:
            try:
                value = method(self._driver)
                if value:
                    return value
            except self._ignored_exceptions as exc:
                screen = getattr(exc, "screen", None)
                stacktrace = getattr(exc, "stacktrace", None)
            if time.monotonic() > end_time:
                break
            time.sleep(self._poll)
>       raise TimeoutException(message, screen, stacktrace)
E       selenium.common.exceptions.TimeoutException: Message: 
E       Stacktrace:
E       0   chromedriver                        0x0000000102ce5a84 cxxbridge1$str$ptr + 3195292
E       1   chromedriver                        0x0000000102cddb4c cxxbridge1$str$ptr + 3162724
E       2   chromedriver                        0x00000001027872a4 _RNvCs9NA52FrZ4pF_7___rustc35___rust_no_alloc_shim_is_unstable_v2 + 73836
E       3   chromedriver                        0x00000001027cfa44 _RNvCs9NA52FrZ4pF_7___rustc35___rust_no_alloc_shim_is_unstable_v2 + 370700
E       4   chromedriver                        0x000000010280f030 _RNvCs9NA52FrZ4pF_7___rustc35___rust_no_alloc_shim_is_unstable_v2 + 630264
E       5   chromedriver                        0x00000001027c5434 _RNvCs9NA52FrZ4pF_7___rustc35___rust_no_alloc_shim_is_unstable_v2 + 328188
E       6   chromedriver                        0x0000000102ca2c40 cxxbridge1$str$ptr + 2921304
E       7   chromedriver                        0x0000000102ca63b8 cxxbridge1$str$ptr + 2935504
E       8   chromedriver                        0x0000000102c890f8 cxxbridge1$str$ptr + 2816016
E       9   chromedriver                        0x0000000102ca6c4c cxxbridge1$str$ptr + 2937700
E       10  chromedriver                        0x0000000102c7a3b0 cxxbridge1$str$ptr + 2755272
E       11  chromedriver                        0x0000000102ccc1f4 cxxbridge1$str$ptr + 3090700
E       12  chromedriver                        0x0000000102ccc354 cxxbridge1$str$ptr + 3091052
E       13  chromedriver                        0x0000000102cdd7a4 cxxbridge1$str$ptr + 3161788
E       14  libsystem_pthread.dylib             0x0000000199325c08 _pthread_start + 136
E       15  libsystem_pthread.dylib             0x0000000199320ba8 thread_start + 8

venv/lib/python3.11/site-packages/selenium/webdriver/support/wait.py:121: TimeoutException
_________________________ test_retail_count_invariant __________________________

rvo_page = <pages.admin_portal.revenue_overview_page.RevenueOverviewPage object at 0x103d165d0>

    @allure.story("Retail Revenue")
    @allure.title("RVO-RET-003 Wash Package + Wash Extra == Retail Revenue tab count")
    @pytest.mark.regression
    def test_retail_count_invariant(rvo_page):
        rvo_page.click_retail_tab()
        rvo_page.assert_retail_count_invariant()
        wp = rvo_page.get_tab_count("Wash Package")
        we = rvo_page.get_tab_count("Wash Extra")
        ret = rvo_page.retail_tab_count()
>       assert wp + we == ret, (
            "Retail count invariant: Wash Package(%d) + Wash Extra(%d) = %d ≠ Retail(%d)"
            % (wp, we, wp + we, ret)
        )
E       AssertionError: Retail count invariant: Wash Package(0) + Wash Extra(0) = 0 ≠ Retail(7)
E       assert (0 + 0) == 7

tests/admin_portal/revenue_overview/test_revenue_overview.py:1144: AssertionError
___________________ test_wash_package_subtab_lists_packages ____________________

rvo_page = <pages.admin_portal.revenue_overview_page.RevenueOverviewPage object at 0x108028410>

    @allure.story("Retail Revenue")
    @allure.title("RVO-RET-004 Wash Package sub-tab lists wash package rows")
    @pytest.mark.regression
    def test_wash_package_subtab_lists_packages(rvo_page):
        # Dependency: Wash Packages module
        rvo_page.click_retail_tab()
>       rvo_page.click_sub_tab("Wash Package")

tests/admin_portal/revenue_overview/test_revenue_overview.py:1157: 
_ _ _ _ _ _ _ _ _ _ _ _ _ _ _ _ _ _ _ _ _ _ _ _ _ _ _ _ _ _ _ _ _ _ _ _ _ _ _ _ 
pages/admin_portal/revenue_overview_page.py:588: in click_sub_tab
    self._click_tab(locator)
pages/admin_portal/revenue_overview_page.py:574: in _click_tab
    btn = self.wait.until(EC.element_to_be_clickable(locator))
          ^^^^^^^^^^^^^^^^^^^^^^^^^^^^^^^^^^^^^^^^^^^^^^^^^^^^
_ _ _ _ _ _ _ _ _ _ _ _ _ _ _ _ _ _ _ _ _ _ _ _ _ _ _ _ _ _ _ _ _ _ _ _ _ _ _ _ 

self = <selenium.webdriver.support.wait.WebDriverWait (session="cf8e37337b358425a538ad4564f32d45")>
method = <function element_to_be_clickable.<locals>._predicate at 0x108075120>
message = ''

    def until(self, method: Callable[[D], Literal[False] | T], message: str = "") -> T:
        """Wait until the method returns a value that is not False.
    
        Calls the method provided with the driver as an argument until the
        return value does not evaluate to ``False``.
    
        Args:
            method: A callable object that takes a WebDriver instance as an
                argument.
            message: Optional message for TimeoutException.
    
        Returns:
            The result of the last call to `method`.
    
        Raises:
            TimeoutException: If 'method' does not return a truthy value within
                the WebDriverWait object's timeout.
    
        Example:
            >>> from selenium.webdriver.common.by import By
            >>> from selenium.webdriver.support.ui import WebDriverWait
            >>> from selenium.webdriver.support import expected_conditions as EC
            >>>
            >>> # Wait until an element is visible on the page
            >>> wait = WebDriverWait(driver, 10)
            >>> element = wait.until(EC.visibility_of_element_located((By.ID, "exampleId")))
            >>> print(element.text)
        """
        screen = None
        stacktrace = None
    
        end_time = time.monotonic() + self._timeout
        while True:
            try:
                value = method(self._driver)
                if value:
                    return value
            except self._ignored_exceptions as exc:
                screen = getattr(exc, "screen", None)
                stacktrace = getattr(exc, "stacktrace", None)
            if time.monotonic() > end_time:
                break
            time.sleep(self._poll)
>       raise TimeoutException(message, screen, stacktrace)
E       selenium.common.exceptions.TimeoutException: Message: 
E       Stacktrace:
E       0   chromedriver                        0x0000000100919a84 cxxbridge1$str$ptr + 3195292
E       1   chromedriver                        0x0000000100911b4c cxxbridge1$str$ptr + 3162724
E       2   chromedriver                        0x00000001003bb2a4 _RNvCs9NA52FrZ4pF_7___rustc35___rust_no_alloc_shim_is_unstable_v2 + 73836
E       3   chromedriver                        0x0000000100403a44 _RNvCs9NA52FrZ4pF_7___rustc35___rust_no_alloc_shim_is_unstable_v2 + 370700
E       4   chromedriver                        0x0000000100443030 _RNvCs9NA52FrZ4pF_7___rustc35___rust_no_alloc_shim_is_unstable_v2 + 630264
E       5   chromedriver                        0x00000001003f9434 _RNvCs9NA52FrZ4pF_7___rustc35___rust_no_alloc_shim_is_unstable_v2 + 328188
E       6   chromedriver                        0x00000001008d6c40 cxxbridge1$str$ptr + 2921304
E       7   chromedriver                        0x00000001008da3b8 cxxbridge1$str$ptr + 2935504
E       8   chromedriver                        0x00000001008bd0f8 cxxbridge1$str$ptr + 2816016
E       9   chromedriver                        0x00000001008dac4c cxxbridge1$str$ptr + 2937700
E       10  chromedriver                        0x00000001008ae3b0 cxxbridge1$str$ptr + 2755272
E       11  chromedriver                        0x00000001009001f4 cxxbridge1$str$ptr + 3090700
E       12  chromedriver                        0x0000000100900354 cxxbridge1$str$ptr + 3091052
E       13  chromedriver                        0x00000001009117a4 cxxbridge1$str$ptr + 3161788
E       14  libsystem_pthread.dylib             0x0000000199325c08 _pthread_start + 136
E       15  libsystem_pthread.dylib             0x0000000199320ba8 thread_start + 8

venv/lib/python3.11/site-packages/selenium/webdriver/support/wait.py:121: TimeoutException
_____________________ test_wash_extra_subtab_lists_extras ______________________

rvo_page = <pages.admin_portal.revenue_overview_page.RevenueOverviewPage object at 0x108012110>

    @allure.story("Retail Revenue")
    @allure.title("RVO-RET-005 Wash Extra sub-tab lists wash extra rows")
    @pytest.mark.regression
    def test_wash_extra_subtab_lists_extras(rvo_page):
        # Dependency: Wash Extras module
        rvo_page.click_retail_tab()
>       rvo_page.click_sub_tab("Wash Extra")

tests/admin_portal/revenue_overview/test_revenue_overview.py:1171: 
_ _ _ _ _ _ _ _ _ _ _ _ _ _ _ _ _ _ _ _ _ _ _ _ _ _ _ _ _ _ _ _ _ _ _ _ _ _ _ _ 
pages/admin_portal/revenue_overview_page.py:588: in click_sub_tab
    self._click_tab(locator)
pages/admin_portal/revenue_overview_page.py:574: in _click_tab
    btn = self.wait.until(EC.element_to_be_clickable(locator))
          ^^^^^^^^^^^^^^^^^^^^^^^^^^^^^^^^^^^^^^^^^^^^^^^^^^^^
_ _ _ _ _ _ _ _ _ _ _ _ _ _ _ _ _ _ _ _ _ _ _ _ _ _ _ _ _ _ _ _ _ _ _ _ _ _ _ _ 

self = <selenium.webdriver.support.wait.WebDriverWait (session="32424297c4c7f19de0c7ed7667479d30")>
method = <function element_to_be_clickable.<locals>._predicate at 0x108074860>
message = ''

    def until(self, method: Callable[[D], Literal[False] | T], message: str = "") -> T:
        """Wait until the method returns a value that is not False.
    
        Calls the method provided with the driver as an argument until the
        return value does not evaluate to ``False``.
    
        Args:
            method: A callable object that takes a WebDriver instance as an
                argument.
            message: Optional message for TimeoutException.
    
        Returns:
            The result of the last call to `method`.
    
        Raises:
            TimeoutException: If 'method' does not return a truthy value within
                the WebDriverWait object's timeout.
    
        Example:
            >>> from selenium.webdriver.common.by import By
            >>> from selenium.webdriver.support.ui import WebDriverWait
            >>> from selenium.webdriver.support import expected_conditions as EC
            >>>
            >>> # Wait until an element is visible on the page
            >>> wait = WebDriverWait(driver, 10)
            >>> element = wait.until(EC.visibility_of_element_located((By.ID, "exampleId")))
            >>> print(element.text)
        """
        screen = None
        stacktrace = None
    
        end_time = time.monotonic() + self._timeout
        while True:
            try:
                value = method(self._driver)
                if value:
                    return value
            except self._ignored_exceptions as exc:
                screen = getattr(exc, "screen", None)
                stacktrace = getattr(exc, "stacktrace", None)
            if time.monotonic() > end_time:
                break
            time.sleep(self._poll)
>       raise TimeoutException(message, screen, stacktrace)
E       selenium.common.exceptions.TimeoutException: Message: 
E       Stacktrace:
E       0   chromedriver                        0x00000001054ada84 cxxbridge1$str$ptr + 3195292
E       1   chromedriver                        0x00000001054a5b4c cxxbridge1$str$ptr + 3162724
E       2   chromedriver                        0x0000000104f4f2a4 _RNvCs9NA52FrZ4pF_7___rustc35___rust_no_alloc_shim_is_unstable_v2 + 73836
E       3   chromedriver                        0x0000000104f97a44 _RNvCs9NA52FrZ4pF_7___rustc35___rust_no_alloc_shim_is_unstable_v2 + 370700
E       4   chromedriver                        0x0000000104fd7030 _RNvCs9NA52FrZ4pF_7___rustc35___rust_no_alloc_shim_is_unstable_v2 + 630264
E       5   chromedriver                        0x0000000104f8d434 _RNvCs9NA52FrZ4pF_7___rustc35___rust_no_alloc_shim_is_unstable_v2 + 328188
E       6   chromedriver                        0x000000010546ac40 cxxbridge1$str$ptr + 2921304
E       7   chromedriver                        0x000000010546e3b8 cxxbridge1$str$ptr + 2935504
E       8   chromedriver                        0x00000001054510f8 cxxbridge1$str$ptr + 2816016
E       9   chromedriver                        0x000000010546ec4c cxxbridge1$str$ptr + 2937700
E       10  chromedriver                        0x00000001054423b0 cxxbridge1$str$ptr + 2755272
E       11  chromedriver                        0x00000001054941f4 cxxbridge1$str$ptr + 3090700
E       12  chromedriver                        0x0000000105494354 cxxbridge1$str$ptr + 3091052
E       13  chromedriver                        0x00000001054a57a4 cxxbridge1$str$ptr + 3161788
E       14  libsystem_pthread.dylib             0x0000000199325c08 _pthread_start + 136
E       15  libsystem_pthread.dylib             0x0000000199320ba8 thread_start + 8

venv/lib/python3.11/site-packages/selenium/webdriver/support/wait.py:121: TimeoutException
_____________________ test_wash_package_names_match_module _____________________

rvo_page = <pages.admin_portal.revenue_overview_page.RevenueOverviewPage object at 0x103d1f790>

    @allure.story("Retail Revenue")
    @allure.title("RVO-RET-008 Wash Package names match the Wash Packages module")
    @pytest.mark.regression
    def test_wash_package_names_match_module(rvo_page):
        # Dependency: Wash Packages module
        rvo_page.click_retail_tab()
>       rvo_page.click_sub_tab("Wash Package")

tests/admin_portal/revenue_overview/test_revenue_overview.py:1185: 
_ _ _ _ _ _ _ _ _ _ _ _ _ _ _ _ _ _ _ _ _ _ _ _ _ _ _ _ _ _ _ _ _ _ _ _ _ _ _ _ 
pages/admin_portal/revenue_overview_page.py:588: in click_sub_tab
    self._click_tab(locator)
pages/admin_portal/revenue_overview_page.py:574: in _click_tab
    btn = self.wait.until(EC.element_to_be_clickable(locator))
          ^^^^^^^^^^^^^^^^^^^^^^^^^^^^^^^^^^^^^^^^^^^^^^^^^^^^
_ _ _ _ _ _ _ _ _ _ _ _ _ _ _ _ _ _ _ _ _ _ _ _ _ _ _ _ _ _ _ _ _ _ _ _ _ _ _ _ 

self = <selenium.webdriver.support.wait.WebDriverWait (session="d4b58901b865c8ff88fcd1f6d4aba021")>
method = <function element_to_be_clickable.<locals>._predicate at 0x108075b20>
message = ''

    def until(self, method: Callable[[D], Literal[False] | T], message: str = "") -> T:
        """Wait until the method returns a value that is not False.
    
        Calls the method provided with the driver as an argument until the
        return value does not evaluate to ``False``.
    
        Args:
            method: A callable object that takes a WebDriver instance as an
                argument.
            message: Optional message for TimeoutException.
    
        Returns:
            The result of the last call to `method`.
    
        Raises:
            TimeoutException: If 'method' does not return a truthy value within
                the WebDriverWait object's timeout.
    
        Example:
            >>> from selenium.webdriver.common.by import By
            >>> from selenium.webdriver.support.ui import WebDriverWait
            >>> from selenium.webdriver.support import expected_conditions as EC
            >>>
            >>> # Wait until an element is visible on the page
            >>> wait = WebDriverWait(driver, 10)
            >>> element = wait.until(EC.visibility_of_element_located((By.ID, "exampleId")))
            >>> print(element.text)
        """
        screen = None
        stacktrace = None
    
        end_time = time.monotonic() + self._timeout
        while True:
            try:
                value = method(self._driver)
                if value:
                    return value
            except self._ignored_exceptions as exc:
                screen = getattr(exc, "screen", None)
                stacktrace = getattr(exc, "stacktrace", None)
            if time.monotonic() > end_time:
                break
            time.sleep(self._poll)
>       raise TimeoutException(message, screen, stacktrace)
E       selenium.common.exceptions.TimeoutException: Message: 
E       Stacktrace:
E       0   chromedriver                        0x0000000103139a84 cxxbridge1$str$ptr + 3195292
E       1   chromedriver                        0x0000000103131b4c cxxbridge1$str$ptr + 3162724
E       2   chromedriver                        0x0000000102bdb2a4 _RNvCs9NA52FrZ4pF_7___rustc35___rust_no_alloc_shim_is_unstable_v2 + 73836
E       3   chromedriver                        0x0000000102c23a44 _RNvCs9NA52FrZ4pF_7___rustc35___rust_no_alloc_shim_is_unstable_v2 + 370700
E       4   chromedriver                        0x0000000102c63030 _RNvCs9NA52FrZ4pF_7___rustc35___rust_no_alloc_shim_is_unstable_v2 + 630264
E       5   chromedriver                        0x0000000102c19434 _RNvCs9NA52FrZ4pF_7___rustc35___rust_no_alloc_shim_is_unstable_v2 + 328188
E       6   chromedriver                        0x00000001030f6c40 cxxbridge1$str$ptr + 2921304
E       7   chromedriver                        0x00000001030fa3b8 cxxbridge1$str$ptr + 2935504
E       8   chromedriver                        0x00000001030dd0f8 cxxbridge1$str$ptr + 2816016
E       9   chromedriver                        0x00000001030fac4c cxxbridge1$str$ptr + 2937700
E       10  chromedriver                        0x00000001030ce3b0 cxxbridge1$str$ptr + 2755272
E       11  chromedriver                        0x00000001031201f4 cxxbridge1$str$ptr + 3090700
E       12  chromedriver                        0x0000000103120354 cxxbridge1$str$ptr + 3091052
E       13  chromedriver                        0x00000001031317a4 cxxbridge1$str$ptr + 3161788
E       14  libsystem_pthread.dylib             0x0000000199325c08 _pthread_start + 136
E       15  libsystem_pthread.dylib             0x0000000199320ba8 thread_start + 8

venv/lib/python3.11/site-packages/selenium/webdriver/support/wait.py:121: TimeoutException
______________________ test_wash_extra_names_match_module ______________________

rvo_page = <pages.admin_portal.revenue_overview_page.RevenueOverviewPage object at 0x103c7a410>

    @allure.story("Retail Revenue")
    @allure.title("RVO-RET-009 Wash Extra names match the Wash Extras module")
    @pytest.mark.regression
    def test_wash_extra_names_match_module(rvo_page):
        # Dependency: Wash Extras module
        rvo_page.click_retail_tab()
>       rvo_page.click_sub_tab("Wash Extra")

tests/admin_portal/revenue_overview/test_revenue_overview.py:1200: 
_ _ _ _ _ _ _ _ _ _ _ _ _ _ _ _ _ _ _ _ _ _ _ _ _ _ _ _ _ _ _ _ _ _ _ _ _ _ _ _ 
pages/admin_portal/revenue_overview_page.py:588: in click_sub_tab
    self._click_tab(locator)
pages/admin_portal/revenue_overview_page.py:574: in _click_tab
    btn = self.wait.until(EC.element_to_be_clickable(locator))
          ^^^^^^^^^^^^^^^^^^^^^^^^^^^^^^^^^^^^^^^^^^^^^^^^^^^^
_ _ _ _ _ _ _ _ _ _ _ _ _ _ _ _ _ _ _ _ _ _ _ _ _ _ _ _ _ _ _ _ _ _ _ _ _ _ _ _ 

self = <selenium.webdriver.support.wait.WebDriverWait (session="45d1dc8a54991cc55861d418055936cf")>
method = <function element_to_be_clickable.<locals>._predicate at 0x108075da0>
message = ''

    def until(self, method: Callable[[D], Literal[False] | T], message: str = "") -> T:
        """Wait until the method returns a value that is not False.
    
        Calls the method provided with the driver as an argument until the
        return value does not evaluate to ``False``.
    
        Args:
            method: A callable object that takes a WebDriver instance as an
                argument.
            message: Optional message for TimeoutException.
    
        Returns:
            The result of the last call to `method`.
    
        Raises:
            TimeoutException: If 'method' does not return a truthy value within
                the WebDriverWait object's timeout.
    
        Example:
            >>> from selenium.webdriver.common.by import By
            >>> from selenium.webdriver.support.ui import WebDriverWait
            >>> from selenium.webdriver.support import expected_conditions as EC
            >>>
            >>> # Wait until an element is visible on the page
            >>> wait = WebDriverWait(driver, 10)
            >>> element = wait.until(EC.visibility_of_element_located((By.ID, "exampleId")))
            >>> print(element.text)
        """
        screen = None
        stacktrace = None
    
        end_time = time.monotonic() + self._timeout
        while True:
            try:
                value = method(self._driver)
                if value:
                    return value
            except self._ignored_exceptions as exc:
                screen = getattr(exc, "screen", None)
                stacktrace = getattr(exc, "stacktrace", None)
            if time.monotonic() > end_time:
                break
            time.sleep(self._poll)
>       raise TimeoutException(message, screen, stacktrace)
E       selenium.common.exceptions.TimeoutException: Message: 
E       Stacktrace:
E       0   chromedriver                        0x000000010320da84 cxxbridge1$str$ptr + 3195292
E       1   chromedriver                        0x0000000103205b4c cxxbridge1$str$ptr + 3162724
E       2   chromedriver                        0x0000000102caf2a4 _RNvCs9NA52FrZ4pF_7___rustc35___rust_no_alloc_shim_is_unstable_v2 + 73836
E       3   chromedriver                        0x0000000102cf7a44 _RNvCs9NA52FrZ4pF_7___rustc35___rust_no_alloc_shim_is_unstable_v2 + 370700
E       4   chromedriver                        0x0000000102d37030 _RNvCs9NA52FrZ4pF_7___rustc35___rust_no_alloc_shim_is_unstable_v2 + 630264
E       5   chromedriver                        0x0000000102ced434 _RNvCs9NA52FrZ4pF_7___rustc35___rust_no_alloc_shim_is_unstable_v2 + 328188
E       6   chromedriver                        0x00000001031cac40 cxxbridge1$str$ptr + 2921304
E       7   chromedriver                        0x00000001031ce3b8 cxxbridge1$str$ptr + 2935504
E       8   chromedriver                        0x00000001031b10f8 cxxbridge1$str$ptr + 2816016
E       9   chromedriver                        0x00000001031cec4c cxxbridge1$str$ptr + 2937700
E       10  chromedriver                        0x00000001031a23b0 cxxbridge1$str$ptr + 2755272
E       11  chromedriver                        0x00000001031f41f4 cxxbridge1$str$ptr + 3090700
E       12  chromedriver                        0x00000001031f4354 cxxbridge1$str$ptr + 3091052
E       13  chromedriver                        0x00000001032057a4 cxxbridge1$str$ptr + 3161788
E       14  libsystem_pthread.dylib             0x0000000199325c08 _pthread_start + 136
E       15  libsystem_pthread.dylib             0x0000000199320ba8 thread_start + 8

venv/lib/python3.11/site-packages/selenium/webdriver/support/wait.py:121: TimeoutException
=========================== short test summary info ============================
FAILED tests/admin_portal/users/test_users_create.py::test_create_inactive_user
FAILED tests/admin_portal/users/test_users_create.py::test_create_user_password_required
FAILED tests/admin_portal/users/test_users_create.py::test_create_user_confirm_password_required
FAILED tests/admin_portal/users/test_users_create.py::test_create_user_email_required
FAILED tests/admin_portal/users/test_users_create.py::test_create_user_phone_required
FAILED tests/admin_portal/users/test_users_create.py::test_create_user_role_required
FAILED tests/admin_portal/users/test_users_create.py::test_create_user_password_mismatch
FAILED tests/admin_portal/revenue_overview/test_revenue_overview.py::test_all_membership_subtabs_clickable
FAILED tests/admin_portal/revenue_overview/test_revenue_overview.py::test_new_sales_subtab_lists_plans
FAILED tests/admin_portal/revenue_overview/test_revenue_overview.py::test_resignups_subtab_lists_rows
FAILED tests/admin_portal/revenue_overview/test_revenue_overview.py::test_switching_subtabs_does_not_change_kpi_or_chart
FAILED tests/admin_portal/revenue_overview/test_revenue_overview.py::test_retail_count_invariant
FAILED tests/admin_portal/revenue_overview/test_revenue_overview.py::test_wash_package_subtab_lists_packages
FAILED tests/admin_portal/revenue_overview/test_revenue_overview.py::test_wash_extra_subtab_lists_extras
FAILED tests/admin_portal/revenue_overview/test_revenue_overview.py::test_wash_package_names_match_module
FAILED tests/admin_portal/revenue_overview/test_revenue_overview.py::test_wash_extra_names_match_module
= 16 failed, 91 passed, 40 skipped, 18 xfailed, 1 xpassed in 4731.89s (1:18:51) =
