2026-07-28 02:29:17,208 INFO nxtwash: Test run starting against 'staging' environment
2026-07-28 02:29:33,376 INFO nxtwash: Test run starting against 'staging' environment
2026-07-28 02:29:33,659 INFO nxtwash: Test run starting against 'staging' environment
============================= test session starts ==============================
created: 2/2 workers
2 workers [122 items]

scheduling tests via LoadScheduling

tests/admin_portal/custom_services/test_custom_services_edit.py::test_edit_global_price_persists 
tests/admin_portal/custom_services/test_custom_services_category.py::test_service_category_dropdown_lists_active_categories_only 
[gw0] [  0%] PASSED tests/admin_portal/custom_services/test_custom_services_category.py::test_service_category_dropdown_lists_active_categories_only 
tests/admin_portal/custom_services/test_custom_services_category.py::test_selected_category_persists_after_save 
[gw1] [  1%] PASSED tests/admin_portal/custom_services/test_custom_services_edit.py::test_edit_global_price_persists 
[gw0] [  2%] PASSED tests/admin_portal/custom_services/test_custom_services_category.py::test_selected_category_persists_after_save 
tests/admin_portal/custom_services/test_custom_services_category.py::test_service_category_can_be_changed 
tests/admin_portal/custom_services/test_custom_services_edit.py::test_edit_site_price_override_persists 
[gw1] [  3%] ERROR tests/admin_portal/custom_services/test_custom_services_edit.py::test_edit_site_price_override_persists 
tests/admin_portal/custom_services/test_custom_services_edit.py::test_activate_inactive_service 
[gw1] [  4%] SKIPPED tests/admin_portal/custom_services/test_custom_services_edit.py::test_activate_inactive_service 
tests/admin_portal/custom_services/test_custom_services_edit.py::test_deactivate_active_service 2026-07-28 02:35:36,447 ERROR nxtwash: Test FAILED: tests/admin_portal/custom_services/test_custom_services_category.py::test_service_category_can_be_changed (url: https://staging.nxtwash.com/services/customServices)
2026-07-28 02:35:45,186 ERROR nxtwash: Visible page text at failure:
Overview
Sites / Locations
Services
Customers
Users / Employees
Kiosk Settings
Gas Pump Settings
POS Settings
Tunnel Settings
Self Serve
Reports
Vishal Kumar
Owner

[gw0] [  4%] FAILED tests/admin_portal/custom_services/test_custom_services_category.py::test_service_category_can_be_changed 
tests/admin_portal/custom_services/test_custom_services_dependency.py::test_assigned_site_appears_in_site_grid_after_save 
[gw1] [  5%] PASSED tests/admin_portal/custom_services/test_custom_services_edit.py::test_deactivate_active_service 
tests/admin_portal/custom_services/test_custom_services_edit.py::test_edit_form_prepopulates_existing_values 2026-07-28 02:37:27,284 ERROR nxtwash: Test FAILED: tests/admin_portal/custom_services/test_custom_services_dependency.py::test_assigned_site_appears_in_site_grid_after_save (url: https://staging.nxtwash.com/services/customServices)
2026-07-28 02:37:31,457 ERROR nxtwash: Visible page text at failure:
Custom services
Filter by (1)
+ Add new custom service
Service name
Category
Price
Status
VK ACS3
VK ASC3
$15.00
Active
Edit
Page
of
1
Results per page
100
Showing 1 - 1 of 1

[gw0] [  6%] FAILED tests/admin_portal/custom_services/test_custom_services_dependency.py::test_assigned_site_appears_in_site_grid_after_save 
tests/admin_portal/custom_services/test_custom_services_dependency.py::test_service_appears_in_pos_after_assignment 
[gw0] [  7%] SKIPPED tests/admin_portal/custom_services/test_custom_services_dependency.py::test_service_appears_in_pos_after_assignment 
tests/admin_portal/custom_services/test_custom_services_dependency.py::test_inactive_service_hidden_from_pos 
[gw0] [  8%] SKIPPED tests/admin_portal/custom_services/test_custom_services_dependency.py::test_inactive_service_hidden_from_pos 
tests/admin_portal/custom_services/test_custom_services_dependency.py::test_delete_service_removes_from_pos 
[gw0] [  9%] SKIPPED tests/admin_portal/custom_services/test_custom_services_dependency.py::test_delete_service_removes_from_pos 
tests/admin_portal/custom_services/test_custom_services_dependency.py::test_export_download_button_triggers_download 
[gw0] [  9%] SKIPPED tests/admin_portal/custom_services/test_custom_services_dependency.py::test_export_download_button_triggers_download 
tests/admin_portal/custom_services/test_custom_services_discount.py::test_discount_settings_tab_is_visible_on_create 
[gw0] [ 10%] PASSED tests/admin_portal/custom_services/test_custom_services_discount.py::test_discount_settings_tab_is_visible_on_create 
tests/admin_portal/custom_services/test_custom_services_discount.py::test_applicable_discount_persists_after_save 
[gw1] [ 11%] PASSED tests/admin_portal/custom_services/test_custom_services_edit.py::test_edit_form_prepopulates_existing_values 
tests/admin_portal/custom_services/test_custom_services_edit.py::test_cancel_out_of_edit_form 2026-07-28 02:42:12,582 ERROR nxtwash: Test FAILED: tests/admin_portal/custom_services/test_custom_services_discount.py::test_applicable_discount_persists_after_save (url: https://staging.nxtwash.com/services/customServices/edit/30764)
2026-07-28 02:42:14,975 ERROR nxtwash: Visible page text at failure:
Custom services
Edit custom service
Cancel
Save custom service
Service settings
Discount settings
Applicable discounts
Discounts applied to this service
Select discounts

[gw0] [ 12%] FAILED tests/admin_portal/custom_services/test_custom_services_discount.py::test_applicable_discount_persists_after_save 
[gw1] [ 13%] PASSED tests/admin_portal/custom_services/test_custom_services_edit.py::test_cancel_out_of_edit_form 
tests/admin_portal/custom_services/test_custom_services_edit.py::test_edit_barcode_and_description_persist 
[gw1] [ 13%] SKIPPED tests/admin_portal/custom_services/test_custom_services_edit.py::test_edit_barcode_and_description_persist 
tests/admin_portal/custom_services/test_custom_services_edit.py::test_created_service_persists_after_reload 
tests/admin_portal/custom_services/test_custom_services_discount.py::test_multiple_applicable_discounts_can_be_selected 
[gw1] [ 14%] ERROR tests/admin_portal/custom_services/test_custom_services_edit.py::test_created_service_persists_after_reload 
tests/admin_portal/custom_services/test_custom_services_edit.py::test_edited_service_persists_after_reload 
[gw0] [ 15%] ERROR tests/admin_portal/custom_services/test_custom_services_discount.py::test_multiple_applicable_discounts_can_be_selected 
tests/admin_portal/custom_services/test_custom_services_discount.py::test_remove_applicable_discount_persists 
[gw0] [ 16%] ERROR tests/admin_portal/custom_services/test_custom_services_discount.py::test_remove_applicable_discount_persists 
tests/admin_portal/custom_services/test_custom_services_discount.py::test_discount_tab_accessible_on_edit_form 
[gw1] [ 17%] PASSED tests/admin_portal/custom_services/test_custom_services_edit.py::test_edited_service_persists_after_reload 
[gw1] [ 17%] ERROR tests/admin_portal/custom_services/test_custom_services_edit.py::test_edited_service_persists_after_reload 
tests/admin_portal/custom_services/test_custom_services_positive.py::test_create_active_custom_service 
[gw0] [ 18%] PASSED tests/admin_portal/custom_services/test_custom_services_discount.py::test_discount_tab_accessible_on_edit_form 
tests/admin_portal/custom_services/test_custom_services_discount.py::test_discount_combobox_filters_by_typing 
[gw1] [ 18%] PASSED tests/admin_portal/custom_services/test_custom_services_positive.py::test_create_active_custom_service 
tests/admin_portal/custom_services/test_custom_services_positive.py::test_create_inactive_custom_service_hidden 
[gw0] [ 19%] PASSED tests/admin_portal/custom_services/test_custom_services_discount.py::test_discount_combobox_filters_by_typing 
tests/admin_portal/custom_services/test_custom_services_edit.py::test_edit_service_name_persists 2026-07-28 02:58:17,763 ERROR nxtwash: Test FAILED: tests/admin_portal/custom_services/test_custom_services_edit.py::test_edit_service_name_persists (url: about:blank)

[gw1] [ 20%] PASSED tests/admin_portal/custom_services/test_custom_services_positive.py::test_create_inactive_custom_service_hidden 
tests/admin_portal/custom_services/test_custom_services_positive.py::test_cancel_out_of_create_form 2026-07-28 02:59:22,132 WARNING nxtwash: Could not capture screenshot 'failure-tests_admin_portal_custom_services_test_custom_services_edit.py_test_edit_service_name_persists': Message: timeout: Timed out receiving message from renderer: 10.000
  (Session info: chrome=150.0.7871.182)
Stacktrace:
0   chromedriver                        0x0000000105069a84 cxxbridge1$str$ptr + 3195292
1   chromedriver                        0x0000000105061b4c cxxbridge1$str$ptr + 3162724
2   chromedriver                        0x0000000104b0b2a4 _RNvCs9NA52FrZ4pF_7___rustc35___rust_no_alloc_shim_is_unstable_v2 + 73836
3   chromedriver                        0x0000000104af5d20 cxxbridge1$string$len + 3628
4   chromedriver                        0x0000000104af5a80 cxxbridge1$string$len + 2956
5   chromedriver                        0x0000000104af3818 chromedriver + 227352
6   chromedriver                        0x0000000104af440c chromedriver + 230412
7   chromedriver                        0x0000000104b187bc _RNvCs9NA52FrZ4pF_7___rustc35___rust_no_alloc_shim_is_unstable_v2 + 128388
8   chromedriver                        0x0000000104b9e268 _RNvCs9NA52FrZ4pF_7___rustc35___rust_no_alloc_shim_is_unstable_v2 + 675888
9   chromedriver                        0x0000000104b93030 _RNvCs9NA52FrZ4pF_7___rustc35___rust_no_alloc_shim_is_unstable_v2 + 630264
10  chromedriver                        0x0000000104b49434 _RNvCs9NA52FrZ4pF_7___rustc35___rust_no_alloc_shim_is_unstable_v2 + 328188
11  chromedriver                        0x0000000105026c40 cxxbridge1$str$ptr + 2921304
12  chromedriver                        0x000000010502a3b8 cxxbridge1$str$ptr + 2935504
13  chromedriver                        0x000000010500d0f8 cxxbridge1$str$ptr + 2816016
14  chromedriver                        0x000000010502ac4c cxxbridge1$str$ptr + 2937700
15  chromedriver                        0x0000000104ffe3b0 cxxbridge1$str$ptr + 2755272
16  chromedriver                        0x00000001050501f4 cxxbridge1$str$ptr + 3090700
17  chromedriver                        0x0000000105050354 cxxbridge1$str$ptr + 3091052
18  chromedriver                        0x00000001050617a4 cxxbridge1$str$ptr + 3161788
19  libsystem_pthread.dylib             0x0000000199325c08 _pthread_start + 136
20  libsystem_pthread.dylib             0x0000000199320ba8 thread_start + 8

2026-07-28 02:59:23,173 ERROR nxtwash: Visible page text at failure:


[gw0] [ 21%] FAILED tests/admin_portal/custom_services/test_custom_services_edit.py::test_edit_service_name_persists 
tests/admin_portal/custom_services/test_custom_services_positive.py::test_create_service_with_description 2026-07-28 03:01:18,370 ERROR nxtwash: Test FAILED: tests/admin_portal/custom_services/test_custom_services_positive.py::test_cancel_out_of_create_form (url: about:blank)
2026-07-28 03:01:19,226 ERROR nxtwash: Test FAILED: tests/admin_portal/custom_services/test_custom_services_positive.py::test_create_service_with_description (url: https://staging.nxtwash.com/services/customServices/new)
2026-07-28 03:01:34,725 ERROR nxtwash: Visible page text at failure:
Custom services
Add new custom service
Cancel
Save custom service
Service settings
Discount settings
Service name
Select service category
Select category
Barcode
Loyalty points
Points awarded
Points to redeem
Service description
Force receipt printing
Active service
Open price
Global price
Global commission
Assign to
Location price
Exempt tax
State sales tax rate
City sales tax rate
Commission
VK AL31
Los angeles
5%
3%
VK ZT c6d556
Los angeles
0%
0%
VK AL30
Los angeles
5%
3%
VK AL29
Los angeles
5%
3%
VK ZT 9e7bdf
Los angeles
0%
0%
VK AL28
Los angeles
5%
3%
VK AL27
Los angeles
5%
3%
VK ZT 4e248f
Los angeles
0%
0%
VK AL26
Los angeles
5%
3%
VK ZT 8f811b
Columbia
0%
0%
VK AL25
Columbia
5%
3%
VK AL24
Columbia
5%
3%
VK ZT 46d34b
Columbia
0%
0%
VK AL23
Columbia
5%
3%

[gw0] [ 22%] FAILED tests/admin_portal/custom_services/test_custom_services_positive.py::test_create_service_with_description 
tests/admin_portal/custom_services/test_custom_services_positive.py::test_create_service_with_force_receipt_enabled 2026-07-28 03:02:23,879 WARNING nxtwash: Could not capture screenshot 'failure-tests_admin_portal_custom_services_test_custom_services_positive.py_test_cancel_out_of_create_form': Message: timeout: Timed out receiving message from renderer: 10.000
  (Session info: chrome=150.0.7871.182)
Stacktrace:
0   chromedriver                        0x0000000100a39a84 cxxbridge1$str$ptr + 3195292
1   chromedriver                        0x0000000100a31b4c cxxbridge1$str$ptr + 3162724
2   chromedriver                        0x00000001004db2a4 _RNvCs9NA52FrZ4pF_7___rustc35___rust_no_alloc_shim_is_unstable_v2 + 73836
3   chromedriver                        0x00000001004c5d20 cxxbridge1$string$len + 3628
4   chromedriver                        0x00000001004c5a80 cxxbridge1$string$len + 2956
5   chromedriver                        0x00000001004c3818 chromedriver + 227352
6   chromedriver                        0x00000001004c440c chromedriver + 230412
7   chromedriver                        0x00000001004e87bc _RNvCs9NA52FrZ4pF_7___rustc35___rust_no_alloc_shim_is_unstable_v2 + 128388
8   chromedriver                        0x000000010056e268 _RNvCs9NA52FrZ4pF_7___rustc35___rust_no_alloc_shim_is_unstable_v2 + 675888
9   chromedriver                        0x0000000100563030 _RNvCs9NA52FrZ4pF_7___rustc35___rust_no_alloc_shim_is_unstable_v2 + 630264
10  chromedriver                        0x0000000100519434 _RNvCs9NA52FrZ4pF_7___rustc35___rust_no_alloc_shim_is_unstable_v2 + 328188
11  chromedriver                        0x00000001009f6c40 cxxbridge1$str$ptr + 2921304
12  chromedriver                        0x00000001009fa3b8 cxxbridge1$str$ptr + 2935504
13  chromedriver                        0x00000001009dd0f8 cxxbridge1$str$ptr + 2816016
14  chromedriver                        0x00000001009fac4c cxxbridge1$str$ptr + 2937700
15  chromedriver                        0x00000001009ce3b0 cxxbridge1$str$ptr + 2755272
16  chromedriver                        0x0000000100a201f4 cxxbridge1$str$ptr + 3090700
17  chromedriver                        0x0000000100a20354 cxxbridge1$str$ptr + 3091052
18  chromedriver                        0x0000000100a317a4 cxxbridge1$str$ptr + 3161788
19  libsystem_pthread.dylib             0x0000000199325c08 _pthread_start + 136
20  libsystem_pthread.dylib             0x0000000199320ba8 thread_start + 8

2026-07-28 03:02:26,945 ERROR nxtwash: Visible page text at failure:


[gw1] [ 22%] FAILED tests/admin_portal/custom_services/test_custom_services_positive.py::test_cancel_out_of_create_form 
tests/admin_portal/custom_services/test_custom_services_positive.py::test_create_form_has_save_and_cancel_buttons 
[gw0] [ 23%] PASSED tests/admin_portal/custom_services/test_custom_services_positive.py::test_create_service_with_force_receipt_enabled 
tests/admin_portal/custom_services/test_custom_services_positive.py::test_create_service_with_open_price_enabled 2026-07-28 03:04:43,575 ERROR nxtwash: Test FAILED: tests/admin_portal/custom_services/test_custom_services_positive.py::test_create_form_has_save_and_cancel_buttons (url: about:blank)
2026-07-28 03:05:48,021 WARNING nxtwash: Could not capture screenshot 'failure-tests_admin_portal_custom_services_test_custom_services_positive.py_test_create_form_has_save_and_cancel_buttons': Message: timeout: Timed out receiving message from renderer: 10.000
  (Session info: chrome=150.0.7871.182)
Stacktrace:
0   chromedriver                        0x00000001048dda84 cxxbridge1$str$ptr + 3195292
1   chromedriver                        0x00000001048d5b4c cxxbridge1$str$ptr + 3162724
2   chromedriver                        0x000000010437f2a4 _RNvCs9NA52FrZ4pF_7___rustc35___rust_no_alloc_shim_is_unstable_v2 + 73836
3   chromedriver                        0x0000000104369d20 cxxbridge1$string$len + 3628
4   chromedriver                        0x0000000104369a80 cxxbridge1$string$len + 2956
5   chromedriver                        0x0000000104367818 chromedriver + 227352
6   chromedriver                        0x000000010436840c chromedriver + 230412
7   chromedriver                        0x000000010438c7bc _RNvCs9NA52FrZ4pF_7___rustc35___rust_no_alloc_shim_is_unstable_v2 + 128388
8   chromedriver                        0x0000000104412268 _RNvCs9NA52FrZ4pF_7___rustc35___rust_no_alloc_shim_is_unstable_v2 + 675888
9   chromedriver                        0x0000000104407030 _RNvCs9NA52FrZ4pF_7___rustc35___rust_no_alloc_shim_is_unstable_v2 + 630264
10  chromedriver                        0x00000001043bd434 _RNvCs9NA52FrZ4pF_7___rustc35___rust_no_alloc_shim_is_unstable_v2 + 328188
11  chromedriver                        0x000000010489ac40 cxxbridge1$str$ptr + 2921304
12  chromedriver                        0x000000010489e3b8 cxxbridge1$str$ptr + 2935504
13  chromedriver                        0x00000001048810f8 cxxbridge1$str$ptr + 2816016
14  chromedriver                        0x000000010489ec4c cxxbridge1$str$ptr + 2937700
15  chromedriver                        0x00000001048723b0 cxxbridge1$str$ptr + 2755272
16  chromedriver                        0x00000001048c41f4 cxxbridge1$str$ptr + 3090700
17  chromedriver                        0x00000001048c4354 cxxbridge1$str$ptr + 3091052
18  chromedriver                        0x00000001048d57a4 cxxbridge1$str$ptr + 3161788
19  libsystem_pthread.dylib             0x0000000199325c08 _pthread_start + 136
20  libsystem_pthread.dylib             0x0000000199320ba8 thread_start + 8

2026-07-28 03:05:51,448 ERROR nxtwash: Visible page text at failure:


[gw1] [ 24%] FAILED tests/admin_portal/custom_services/test_custom_services_positive.py::test_create_form_has_save_and_cancel_buttons 
tests/admin_portal/custom_services/test_custom_services_positive.py::test_new_service_global_price_visible_in_list 
[gw0] [ 25%] PASSED tests/admin_portal/custom_services/test_custom_services_positive.py::test_create_service_with_open_price_enabled 
tests/admin_portal/custom_services/test_custom_services_positive.py::test_site_level_price_override_saved 
[gw0] [ 26%] PASSED tests/admin_portal/custom_services/test_custom_services_positive.py::test_site_level_price_override_saved 
[gw1] [ 27%] PASSED tests/admin_portal/custom_services/test_custom_services_positive.py::test_new_service_global_price_visible_in_list 
tests/admin_portal/custom_services/test_custom_services_positive.py::test_enable_tax_exemption_per_site 
tests/admin_portal/custom_services/test_custom_services_positive.py::test_create_service_with_barcode 
[gw0] [ 27%] PASSED tests/admin_portal/custom_services/test_custom_services_positive.py::test_enable_tax_exemption_per_site 
[gw1] [ 28%] PASSED tests/admin_portal/custom_services/test_custom_services_positive.py::test_create_service_with_barcode 
tests/admin_portal/custom_services/test_custom_services_positive.py::test_create_service_with_applicable_discount 
tests/admin_portal/custom_services/test_custom_services_search_filter.py::test_active_service_filter_off_shows_all 
[gw1] [ 29%] SKIPPED tests/admin_portal/custom_services/test_custom_services_search_filter.py::test_active_service_filter_off_shows_all 
tests/admin_portal/custom_services/test_custom_services_search_filter.py::test_site_and_active_filter_combined 
[gw0] [ 30%] PASSED tests/admin_portal/custom_services/test_custom_services_positive.py::test_create_service_with_applicable_discount 
tests/admin_portal/custom_services/test_custom_services_positive.py::test_state_city_sales_tax_columns_are_read_only 2026-07-28 03:15:10,964 ERROR nxtwash: Test FAILED: tests/admin_portal/custom_services/test_custom_services_search_filter.py::test_site_and_active_filter_combined (url: https://staging.nxtwash.com/services/customServices)
2026-07-28 03:15:12,508 ERROR nxtwash: Visible page text at failure:
Custom services
Filter by (2)
+ Add new custom service
Service name
Category
Price
Status
No records available
Page
of
0
Results per page
100
Showing 0 - 0 of 0

[gw1] [ 31%] FAILED tests/admin_portal/custom_services/test_custom_services_search_filter.py::test_site_and_active_filter_combined 
tests/admin_portal/custom_services/test_custom_services_search_filter.py::test_reset_filters_clears_filters 
[gw0] [ 31%] PASSED tests/admin_portal/custom_services/test_custom_services_positive.py::test_state_city_sales_tax_columns_are_read_only 
tests/admin_portal/custom_services/test_custom_services_positive.py::test_created_service_persists_after_reload 2026-07-28 03:18:00,151 ERROR nxtwash: Test FAILED: tests/admin_portal/custom_services/test_custom_services_positive.py::test_created_service_persists_after_reload (url: about:blank)
2026-07-28 03:18:49,283 ERROR nxtwash: Test FAILED: tests/admin_portal/custom_services/test_custom_services_search_filter.py::test_reset_filters_clears_filters (url: https://staging.nxtwash.com/services/customServices)
2026-07-28 03:18:56,508 ERROR nxtwash: Visible page text at failure:
Custom services
Filter by
+ Add new custom service
Service name
Category
Price
Status
VK discount-7e522c
VK ASC3
$15.00
Active
Edit
VK barcode-e7de85
VK ASC3
$15.00
Active
Edit
VK taxex-00df13
VK ASC3
$15.00
Active
Edit
VK siteprice-05d93c
VK ASC3
$15.00
Active
Edit
VK openprice-5fb05d
VK ASC3
$15.00
Active
Edit
VK receipt-df8f11
VK ASC3
$15.00
Active
Edit
VK cat-c7411c
VK ASC3
$15.00
Active
Edit
VK discount-0ac218
VK ASC3
$15.00
Active
Edit
VK taxex-d58e2f
VK ASC3
$15.00
Active
Edit
VK siteprice-918d39
VK ASC3
$15.00
Active
Edit
VK openprice-289290
VK ASC3
$15.00
Active
Edit
VK receipt-659ef5
VK ASC3
$15.00
Active
Edit
VK desc-e3441f
VK ASC3
$15.00
Active
Edit
VK barcode-aa3a76
VK ASC3
$15.00
Active
Edit
VK EDT001-0dd20a
VK ASC3
$15.00
Active
Edit
Page
of
2
Results per page
100
Showing 1 - 100 of 106
Select site
Select site
Active service
Filter result:
106 Custom services
Reset all
Apply filters

[gw1] [ 32%] FAILED tests/admin_portal/custom_services/test_custom_services_search_filter.py::test_reset_filters_clears_filters 2026-07-28 03:19:09,027 WARNING nxtwash: Could not capture screenshot 'failure-tests_admin_portal_custom_services_test_custom_services_positive.py_test_created_service_persists_after_reload': Message: timeout: Timed out receiving message from renderer: 10.000
  (Session info: chrome=150.0.7871.182)
Stacktrace:
0   chromedriver                        0x0000000104a11a84 cxxbridge1$str$ptr + 3195292
1   chromedriver                        0x0000000104a09b4c cxxbridge1$str$ptr + 3162724
2   chromedriver                        0x00000001044b32a4 _RNvCs9NA52FrZ4pF_7___rustc35___rust_no_alloc_shim_is_unstable_v2 + 73836
3   chromedriver                        0x000000010449dd20 cxxbridge1$string$len + 3628
4   chromedriver                        0x000000010449da80 cxxbridge1$string$len + 2956
5   chromedriver                        0x000000010449b818 chromedriver + 227352
6   chromedriver                        0x000000010449c40c chromedriver + 230412
7   chromedriver                        0x00000001044c07bc _RNvCs9NA52FrZ4pF_7___rustc35___rust_no_alloc_shim_is_unstable_v2 + 128388
8   chromedriver                        0x0000000104546268 _RNvCs9NA52FrZ4pF_7___rustc35___rust_no_alloc_shim_is_unstable_v2 + 675888
9   chromedriver                        0x000000010453b030 _RNvCs9NA52FrZ4pF_7___rustc35___rust_no_alloc_shim_is_unstable_v2 + 630264
10  chromedriver                        0x00000001044f1434 _RNvCs9NA52FrZ4pF_7___rustc35___rust_no_alloc_shim_is_unstable_v2 + 328188
11  chromedriver                        0x00000001049cec40 cxxbridge1$str$ptr + 2921304
12  chromedriver                        0x00000001049d23b8 cxxbridge1$str$ptr + 2935504
13  chromedriver                        0x00000001049b50f8 cxxbridge1$str$ptr + 2816016
14  chromedriver                        0x00000001049d2c4c cxxbridge1$str$ptr + 2937700
15  chromedriver                        0x00000001049a63b0 cxxbridge1$str$ptr + 2755272
16  chromedriver                        0x00000001049f81f4 cxxbridge1$str$ptr + 3090700
17  chromedriver                        0x00000001049f8354 cxxbridge1$str$ptr + 3091052
18  chromedriver                        0x0000000104a097a4 cxxbridge1$str$ptr + 3161788
19  libsystem_pthread.dylib             0x0000000199325c08 _pthread_start + 136
20  libsystem_pthread.dylib             0x0000000199320ba8 thread_start + 8

2026-07-28 03:19:18,506 ERROR nxtwash: Visible page text at failure:


[gw0] [ 33%] FAILED tests/admin_portal/custom_services/test_custom_services_positive.py::test_created_service_persists_after_reload 
tests/admin_portal/custom_services/test_custom_services_ui.py::test_custom_services_page_loads_with_primary_controls 
tests/admin_portal/custom_services/test_custom_services_search_filter.py::test_search_exact_service_name 
[gw1] [ 34%] PASSED tests/admin_portal/custom_services/test_custom_services_ui.py::test_custom_services_page_loads_with_primary_controls 
tests/admin_portal/custom_services/test_custom_services_ui.py::test_grid_displays_expected_columns 
[gw0] [ 35%] PASSED tests/admin_portal/custom_services/test_custom_services_search_filter.py::test_search_exact_service_name 
tests/admin_portal/custom_services/test_custom_services_search_filter.py::test_search_partial_service_name 
[gw1] [ 36%] PASSED tests/admin_portal/custom_services/test_custom_services_ui.py::test_grid_displays_expected_columns 
tests/admin_portal/custom_services/test_custom_services_ui.py::test_pagination_controls_are_visible 2026-07-28 03:24:43,911 ERROR nxtwash: Test FAILED: tests/admin_portal/custom_services/test_custom_services_search_filter.py::test_search_partial_service_name (url: about:blank)

[gw1] [ 36%] PASSED tests/admin_portal/custom_services/test_custom_services_ui.py::test_pagination_controls_are_visible 
tests/admin_portal/custom_services/test_custom_services_validation.py::test_submit_without_service_name_shows_error 2026-07-28 03:25:50,412 WARNING nxtwash: Could not capture screenshot 'failure-tests_admin_portal_custom_services_test_custom_services_search_filter.py_test_search_partial_service_name': Message: timeout: Timed out receiving message from renderer: 10.000
  (Session info: chrome=150.0.7871.182)
Stacktrace:
0   chromedriver                        0x00000001010ada84 cxxbridge1$str$ptr + 3195292
1   chromedriver                        0x00000001010a5b4c cxxbridge1$str$ptr + 3162724
2   chromedriver                        0x0000000100b4f2a4 _RNvCs9NA52FrZ4pF_7___rustc35___rust_no_alloc_shim_is_unstable_v2 + 73836
3   chromedriver                        0x0000000100b39d20 cxxbridge1$string$len + 3628
4   chromedriver                        0x0000000100b39a80 cxxbridge1$string$len + 2956
5   chromedriver                        0x0000000100b37818 chromedriver + 227352
6   chromedriver                        0x0000000100b3840c chromedriver + 230412
7   chromedriver                        0x0000000100b5c7bc _RNvCs9NA52FrZ4pF_7___rustc35___rust_no_alloc_shim_is_unstable_v2 + 128388
8   chromedriver                        0x0000000100be2268 _RNvCs9NA52FrZ4pF_7___rustc35___rust_no_alloc_shim_is_unstable_v2 + 675888
9   chromedriver                        0x0000000100bd7030 _RNvCs9NA52FrZ4pF_7___rustc35___rust_no_alloc_shim_is_unstable_v2 + 630264
10  chromedriver                        0x0000000100b8d434 _RNvCs9NA52FrZ4pF_7___rustc35___rust_no_alloc_shim_is_unstable_v2 + 328188
11  chromedriver                        0x000000010106ac40 cxxbridge1$str$ptr + 2921304
12  chromedriver                        0x000000010106e3b8 cxxbridge1$str$ptr + 2935504
13  chromedriver                        0x00000001010510f8 cxxbridge1$str$ptr + 2816016
14  chromedriver                        0x000000010106ec4c cxxbridge1$str$ptr + 2937700
15  chromedriver                        0x00000001010423b0 cxxbridge1$str$ptr + 2755272
16  chromedriver                        0x00000001010941f4 cxxbridge1$str$ptr + 3090700
17  chromedriver                        0x0000000101094354 cxxbridge1$str$ptr + 3091052
18  chromedriver                        0x00000001010a57a4 cxxbridge1$str$ptr + 3161788
19  libsystem_pthread.dylib             0x0000000199325c08 _pthread_start + 136
20  libsystem_pthread.dylib             0x0000000199320ba8 thread_start + 8

2026-07-28 03:25:53,499 ERROR nxtwash: Visible page text at failure:


[gw0] [ 37%] FAILED tests/admin_portal/custom_services/test_custom_services_search_filter.py::test_search_partial_service_name 
tests/admin_portal/custom_services/test_custom_services_search_filter.py::test_search_non_existing_service_returns_empty 
[gw1] [ 38%] PASSED tests/admin_portal/custom_services/test_custom_services_validation.py::test_submit_without_service_name_shows_error 
tests/admin_portal/custom_services/test_custom_services_validation.py::test_submit_without_category_shows_error 2026-07-28 03:28:12,946 ERROR nxtwash: Test FAILED: tests/admin_portal/custom_services/test_custom_services_search_filter.py::test_search_non_existing_service_returns_empty (url: about:blank)

[gw1] [ 39%] PASSED tests/admin_portal/custom_services/test_custom_services_validation.py::test_submit_without_category_shows_error 
tests/admin_portal/custom_services/test_custom_services_validation.py::test_submit_without_global_price_shows_error 2026-07-28 03:29:17,364 WARNING nxtwash: Could not capture screenshot 'failure-tests_admin_portal_custom_services_test_custom_services_search_filter.py_test_search_non_existing_service_returns_empty': Message: timeout: Timed out receiving message from renderer: 10.000
  (Session info: chrome=150.0.7871.182)
Stacktrace:
0   chromedriver                        0x0000000100cf1a84 cxxbridge1$str$ptr + 3195292
1   chromedriver                        0x0000000100ce9b4c cxxbridge1$str$ptr + 3162724
2   chromedriver                        0x00000001007932a4 _RNvCs9NA52FrZ4pF_7___rustc35___rust_no_alloc_shim_is_unstable_v2 + 73836
3   chromedriver                        0x000000010077dd20 cxxbridge1$string$len + 3628
4   chromedriver                        0x000000010077da80 cxxbridge1$string$len + 2956
5   chromedriver                        0x000000010077b818 chromedriver + 227352
6   chromedriver                        0x000000010077c40c chromedriver + 230412
7   chromedriver                        0x00000001007a07bc _RNvCs9NA52FrZ4pF_7___rustc35___rust_no_alloc_shim_is_unstable_v2 + 128388
8   chromedriver                        0x0000000100826268 _RNvCs9NA52FrZ4pF_7___rustc35___rust_no_alloc_shim_is_unstable_v2 + 675888
9   chromedriver                        0x000000010081b030 _RNvCs9NA52FrZ4pF_7___rustc35___rust_no_alloc_shim_is_unstable_v2 + 630264
10  chromedriver                        0x00000001007d1434 _RNvCs9NA52FrZ4pF_7___rustc35___rust_no_alloc_shim_is_unstable_v2 + 328188
11  chromedriver                        0x0000000100caec40 cxxbridge1$str$ptr + 2921304
12  chromedriver                        0x0000000100cb23b8 cxxbridge1$str$ptr + 2935504
13  chromedriver                        0x0000000100c950f8 cxxbridge1$str$ptr + 2816016
14  chromedriver                        0x0000000100cb2c4c cxxbridge1$str$ptr + 2937700
15  chromedriver                        0x0000000100c863b0 cxxbridge1$str$ptr + 2755272
16  chromedriver                        0x0000000100cd81f4 cxxbridge1$str$ptr + 3090700
17  chromedriver                        0x0000000100cd8354 cxxbridge1$str$ptr + 3091052
18  chromedriver                        0x0000000100ce97a4 cxxbridge1$str$ptr + 3161788
19  libsystem_pthread.dylib             0x0000000199325c08 _pthread_start + 136
20  libsystem_pthread.dylib             0x0000000199320ba8 thread_start + 8

2026-07-28 03:29:20,155 ERROR nxtwash: Visible page text at failure:


[gw0] [ 40%] FAILED tests/admin_portal/custom_services/test_custom_services_search_filter.py::test_search_non_existing_service_returns_empty 
tests/admin_portal/custom_services/test_custom_services_search_filter.py::test_clear_search_restores_full_list 2026-07-28 03:30:02,037 ERROR nxtwash: Test FAILED: tests/admin_portal/custom_services/test_custom_services_validation.py::test_submit_without_global_price_shows_error (url: about:blank)
2026-07-28 03:31:10,204 WARNING nxtwash: Could not capture screenshot 'failure-tests_admin_portal_custom_services_test_custom_services_validation.py_test_submit_without_global_price_shows_error': Message: timeout: Timed out receiving message from renderer: 10.000
  (Session info: chrome=150.0.7871.182)
Stacktrace:
0   chromedriver                        0x0000000104ad1a84 cxxbridge1$str$ptr + 3195292
1   chromedriver                        0x0000000104ac9b4c cxxbridge1$str$ptr + 3162724
2   chromedriver                        0x00000001045732a4 _RNvCs9NA52FrZ4pF_7___rustc35___rust_no_alloc_shim_is_unstable_v2 + 73836
3   chromedriver                        0x000000010455dd20 cxxbridge1$string$len + 3628
4   chromedriver                        0x000000010455da80 cxxbridge1$string$len + 2956
5   chromedriver                        0x000000010455b818 chromedriver + 227352
6   chromedriver                        0x000000010455c40c chromedriver + 230412
7   chromedriver                        0x00000001045807bc _RNvCs9NA52FrZ4pF_7___rustc35___rust_no_alloc_shim_is_unstable_v2 + 128388
8   chromedriver                        0x0000000104606268 _RNvCs9NA52FrZ4pF_7___rustc35___rust_no_alloc_shim_is_unstable_v2 + 675888
9   chromedriver                        0x00000001045fb030 _RNvCs9NA52FrZ4pF_7___rustc35___rust_no_alloc_shim_is_unstable_v2 + 630264
10  chromedriver                        0x00000001045b1434 _RNvCs9NA52FrZ4pF_7___rustc35___rust_no_alloc_shim_is_unstable_v2 + 328188
11  chromedriver                        0x0000000104a8ec40 cxxbridge1$str$ptr + 2921304
12  chromedriver                        0x0000000104a923b8 cxxbridge1$str$ptr + 2935504
13  chromedriver                        0x0000000104a750f8 cxxbridge1$str$ptr + 2816016
14  chromedriver                        0x0000000104a92c4c cxxbridge1$str$ptr + 2937700
15  chromedriver                        0x0000000104a663b0 cxxbridge1$str$ptr + 2755272
16  chromedriver                        0x0000000104ab81f4 cxxbridge1$str$ptr + 3090700
17  chromedriver                        0x0000000104ab8354 cxxbridge1$str$ptr + 3091052
18  chromedriver                        0x0000000104ac97a4 cxxbridge1$str$ptr + 3161788
19  libsystem_pthread.dylib             0x0000000199325c08 _pthread_start + 136
20  libsystem_pthread.dylib             0x0000000199320ba8 thread_start + 8

2026-07-28 03:31:23,468 ERROR nxtwash: Visible page text at failure:


[gw1] [ 40%] FAILED tests/admin_portal/custom_services/test_custom_services_validation.py::test_submit_without_global_price_shows_error 
tests/admin_portal/custom_services/test_custom_services_validation.py::test_negative_global_price_documents_behaviour 2026-07-28 03:31:57,447 ERROR nxtwash: Test FAILED: tests/admin_portal/custom_services/test_custom_services_search_filter.py::test_clear_search_restores_full_list (url: https://staging.nxtwash.com/services/customServices)
2026-07-28 03:32:16,924 ERROR nxtwash: Visible page text at failure:
Custom services
Filter by
+ Add new custom service
Service name
Category
Price
Status
VK discount-7e522c
VK ASC3
$15.00
Active
Edit
VK barcode-e7de85
VK ASC3
$15.00
Active
Edit
VK taxex-00df13
VK ASC3
$15.00
Active
Edit
VK siteprice-05d93c
VK ASC3
$15.00
Active
Edit
VK openprice-5fb05d
VK ASC3
$15.00
Active
Edit
VK receipt-df8f11
VK ASC3
$15.00
Active
Edit
VK cat-c7411c
VK ASC3
$15.00
Active
Edit
VK discount-0ac218
VK ASC3
$15.00
Active
Edit
VK taxex-d58e2f
VK ASC3
$15.00
Active
Edit
VK siteprice-918d39
VK ASC3
$15.00
Active
Edit
VK openprice-289290
VK ASC3
$15.00
Active
Edit
VK receipt-659ef5
VK ASC3
$15.00
Active
Edit
VK desc-e3441f
VK ASC3
$15.00
Active
Edit
VK barcode-aa3a76
VK ASC3
$15.00
Active
Edit
VK EDT001-0dd20a
VK ASC3
$15.00
Active
Edit
Page
of
2
Results per page
100
Showing 1 - 100 of 106

[gw0] [ 41%] FAILED tests/admin_portal/custom_services/test_custom_services_search_filter.py::test_clear_search_restores_full_list 
[gw1] [ 42%] PASSED tests/admin_portal/custom_services/test_custom_services_validation.py::test_negative_global_price_documents_behaviour 
tests/admin_portal/custom_services/test_custom_services_search_filter.py::test_filter_by_site_narrows_results 
tests/admin_portal/custom_services/test_custom_services_validation.py::test_zero_global_price_documents_behaviour 
[gw1] [ 43%] PASSED tests/admin_portal/custom_services/test_custom_services_validation.py::test_zero_global_price_documents_behaviour 
tests/admin_portal/custom_services/test_custom_services_validation.py::test_duplicate_service_name_documents_behaviour 
[gw0] [ 44%] PASSED tests/admin_portal/custom_services/test_custom_services_search_filter.py::test_filter_by_site_narrows_results 
tests/admin_portal/custom_services/test_custom_services_search_filter.py::test_active_service_filter_shows_active_only 
[gw1] [ 45%] PASSED tests/admin_portal/custom_services/test_custom_services_validation.py::test_duplicate_service_name_documents_behaviour 
tests/admin_portal/custom_services/test_custom_services_validation.py::test_non_numeric_price_rejected 2026-07-28 03:39:46,694 ERROR nxtwash: Test FAILED: tests/admin_portal/custom_services/test_custom_services_search_filter.py::test_active_service_filter_shows_active_only (url: https://staging.nxtwash.com/services/customServices)

[gw1] [ 45%] PASSED tests/admin_portal/custom_services/test_custom_services_validation.py::test_non_numeric_price_rejected 2026-07-28 03:39:49,791 ERROR nxtwash: Visible page text at failure:
Custom services
Filter by (1)
+ Add new custom service
Service name
Category
Price
Status
No records available
Page
of
0
Results per page
100
Showing 0 - 0 of 0

[gw0] [ 46%] FAILED tests/admin_portal/custom_services/test_custom_services_search_filter.py::test_active_service_filter_shows_active_only 
tests/admin_portal/custom_services/test_custom_services_validation.py::test_long_service_name_documents_behaviour 
tests/admin_portal/gift_cards/test_gift_cards_edit.py::test_edit_gift_card_updates_settings_without_duplicate 
[gw1] [ 47%] PASSED tests/admin_portal/custom_services/test_custom_services_validation.py::test_long_service_name_documents_behaviour 
tests/admin_portal/gift_cards/test_gift_cards_dependency.py::test_gift_card_show_on_cp_persists 
[gw1] [ 48%] SKIPPED tests/admin_portal/gift_cards/test_gift_cards_dependency.py::test_gift_card_show_on_cp_persists 
tests/admin_portal/gift_cards/test_gift_cards_edge_cases.py::test_create_gift_card_helper_is_idempotent 
[gw0] [ 49%] PASSED tests/admin_portal/gift_cards/test_gift_cards_edit.py::test_edit_gift_card_updates_settings_without_duplicate 
tests/admin_portal/gift_cards/test_gift_cards_edit.py::test_activate_inactive_gift_card 
[gw1] [ 50%] PASSED tests/admin_portal/gift_cards/test_gift_cards_edge_cases.py::test_create_gift_card_helper_is_idempotent 
tests/admin_portal/gift_cards/test_gift_cards_edge_cases.py::test_gift_cards_page_recovers_after_no_result_search 
[gw0] [ 50%] PASSED tests/admin_portal/gift_cards/test_gift_cards_edit.py::test_activate_inactive_gift_card 
tests/admin_portal/gift_cards/test_gift_cards_edit.py::test_deactivate_active_gift_card 
[gw1] [ 51%] PASSED tests/admin_portal/gift_cards/test_gift_cards_edge_cases.py::test_gift_cards_page_recovers_after_no_result_search 
tests/admin_portal/gift_cards/test_gift_cards_edit.py::test_edit_gift_card_name 
[gw0] [ 52%] PASSED tests/admin_portal/gift_cards/test_gift_cards_edit.py::test_deactivate_active_gift_card 
[gw1] [ 53%] PASSED tests/admin_portal/gift_cards/test_gift_cards_edit.py::test_edit_gift_card_name 
tests/admin_portal/gift_cards/test_gift_cards_edit.py::test_edit_customer_gift_card_amount 
tests/admin_portal/gift_cards/test_gift_cards_positive.py::test_gift_card_appears_in_customer_gift_card_dropdown 2026-07-28 03:52:49,028 ERROR nxtwash: Test FAILED: tests/admin_portal/gift_cards/test_gift_cards_positive.py::test_gift_card_appears_in_customer_gift_card_dropdown (url: https://staging.nxtwash.com/services/giftCards)
2026-07-28 03:52:54,740 ERROR nxtwash: Visible page text at failure:
Gift cards
Filter by
+ Add new gift card
Gift cards
Customer gift cards
Gift card name
Gift card amount
Expiration date
Status
VK EDT001-8b4941-upd
$15.00
Active
Edit
VK EDT001-43bdde-upd
$15.00
Active
Edit
VK EDT001-69b15e-upd
$15.00
Active
Edit
VK EDT001-ece255-upd
$15.00
Active
Edit
VK AGC002
$15.00
Active
Edit
VK EDT001-a514a8-upd
$15.00
Active
Edit
VK EDT001-9c6437-upd
$15.00
Active
Edit
VK EDT001-95e264
$15.00
Active
Edit
VK EDT001-841c69-upd
$15.00
Active
Edit
VK EDT001-2a9464-upd
$15.00
Active
Edit
VK EDT001-fed9fb-upd
$15.00
Active
Edit
VK EDT001-1e287f
$15.00
Active
Edit
VK EDT001-b1fafb
$15.00
Active
Edit
VK EDT001-bcd43d-upd
$15.00
Active
Edit
Page
of
1
Results per page
100
Showing 1 - 25 of 25

[gw1] [ 54%] FAILED tests/admin_portal/gift_cards/test_gift_cards_positive.py::test_gift_card_appears_in_customer_gift_card_dropdown 
tests/admin_portal/gift_cards/test_gift_cards_positive.py::test_create_customer_gift_card_from_template 2026-07-28 03:54:04,083 ERROR nxtwash: Test FAILED: tests/admin_portal/gift_cards/test_gift_cards_edit.py::test_edit_customer_gift_card_amount (url: https://staging.nxtwash.com/services/customerGiftCards)
2026-07-28 03:54:30,947 ERROR nxtwash: Visible page text at failure:
Overview
Sites / Locations
Services
Customers
Users / Employees
Kiosk Settings
Gas Pump Settings
POS Settings
Tunnel Settings
Self Serve
Reports
Vishal Kumar
Owner

[gw0] [ 54%] FAILED tests/admin_portal/gift_cards/test_gift_cards_edit.py::test_edit_customer_gift_card_amount 
tests/admin_portal/gift_cards/test_gift_cards_edit.py::test_toggle_active_customer_gift_card 2026-07-28 03:56:05,946 ERROR nxtwash: Test FAILED: tests/admin_portal/gift_cards/test_gift_cards_positive.py::test_create_customer_gift_card_from_template (url: https://staging.nxtwash.com/services/giftCards)
2026-07-28 03:56:28,589 ERROR nxtwash: Visible page text at failure:
Gift cards
Filter by
+ Add new gift card
Gift cards
Customer gift cards
Gift card name
Gift card amount
Expiration date
Status
VK EDT001-8b4941-upd
$15.00
Active
Edit
VK EDT001-43bdde-upd
$15.00
Active
Edit
VK EDT001-69b15e-upd
$15.00
Active
Edit
VK EDT001-ece255-upd
$15.00
Active
Edit
VK AGC002
$15.00
Active
Edit
VK EDT001-a514a8-upd
$15.00
Active
Edit
VK EDT001-9c6437-upd
$15.00
Active
Edit
VK EDT001-95e264
$15.00
Active
Edit
VK EDT001-841c69-upd
$15.00
Active
Edit
VK EDT001-2a9464-upd
$15.00
Active
Edit
VK EDT001-fed9fb-upd
$15.00
Active
Edit
VK EDT001-1e287f
$15.00
Active
Edit
VK EDT001-b1fafb
$15.00
Active
Edit
VK EDT001-bcd43d-upd
$15.00
Active
Edit
Page
of
1
Results per page
100
Showing 1 - 25 of 25

[gw1] [ 55%] FAILED tests/admin_portal/gift_cards/test_gift_cards_positive.py::test_create_customer_gift_card_from_template 
tests/admin_portal/gift_cards/test_gift_cards_positive.py::test_customer_gift_card_persists_after_page_reload 2026-07-28 03:57:04,163 ERROR nxtwash: Test FAILED: tests/admin_portal/gift_cards/test_gift_cards_edit.py::test_toggle_active_customer_gift_card (url: https://staging.nxtwash.com/services/giftCards)
2026-07-28 03:57:07,071 ERROR nxtwash: Visible page text at failure:
Gift cards
Filter by
+ Add new gift card
Gift cards
Customer gift cards
Gift card name
Gift card amount
Expiration date
Status
VK EDT001-8b4941-upd
$15.00
Active
Edit
VK EDT001-43bdde-upd
$15.00
Active
Edit
VK EDT001-69b15e-upd
$15.00
Active
Edit
VK EDT001-ece255-upd
$15.00
Active
Edit
VK AGC002
$15.00
Active
Edit
VK EDT001-a514a8-upd
$15.00
Active
Edit
VK EDT001-9c6437-upd
$15.00
Active
Edit
VK EDT001-95e264
$15.00
Active
Edit
VK EDT001-841c69-upd
$15.00
Active
Edit
VK EDT001-2a9464-upd
$15.00
Active
Edit
VK EDT001-fed9fb-upd
$15.00
Active
Edit
VK EDT001-1e287f
$15.00
Active
Edit
VK EDT001-b1fafb
$15.00
Active
Edit
VK EDT001-bcd43d-upd
$15.00
Active
Edit
Page
of
1
Results per page
100
Showing 1 - 25 of 25

[gw0] [ 56%] FAILED tests/admin_portal/gift_cards/test_gift_cards_edit.py::test_toggle_active_customer_gift_card 
tests/admin_portal/gift_cards/test_gift_cards_filter.py::test_filter_by_site_narrows_gift_card_list 2026-07-28 03:58:51,604 ERROR nxtwash: Test FAILED: tests/admin_portal/gift_cards/test_gift_cards_filter.py::test_filter_by_site_narrows_gift_card_list (url: https://staging.nxtwash.com/services/giftCards)
2026-07-28 03:58:57,462 ERROR nxtwash: Visible page text at failure:
Gift cards
Filter by
+ Add new gift card
Gift cards
Customer gift cards
Gift card name
Gift card amount
Expiration date
Status
VK EDT001-8b4941-upd
$15.00
Active
Edit
VK EDT001-43bdde-upd
$15.00
Active
Edit
VK EDT001-69b15e-upd
$15.00
Active
Edit
VK EDT001-ece255-upd
$15.00
Active
Edit
VK AGC002
$15.00
Active
Edit
VK EDT001-a514a8-upd
$15.00
Active
Edit
VK EDT001-9c6437-upd
$15.00
Active
Edit
VK EDT001-95e264
$15.00
Active
Edit
VK EDT001-841c69-upd
$15.00
Active
Edit
VK EDT001-2a9464-upd
$15.00
Active
Edit
VK EDT001-fed9fb-upd
$15.00
Active
Edit
VK EDT001-1e287f
$15.00
Active
Edit
VK EDT001-b1fafb
$15.00
Active
Edit
VK EDT001-bcd43d-upd
$15.00
Active
Edit
Page
of
1
Results per page
100
Showing 1 - 25 of 25

[gw0] [ 57%] FAILED tests/admin_portal/gift_cards/test_gift_cards_filter.py::test_filter_by_site_narrows_gift_card_list 
tests/admin_portal/gift_cards/test_gift_cards_filter.py::test_active_toggle_shows_active_gift_cards_only 
[gw0] [ 58%] PASSED tests/admin_portal/gift_cards/test_gift_cards_filter.py::test_active_toggle_shows_active_gift_cards_only 
tests/admin_portal/gift_cards/test_gift_cards_filter.py::test_reset_all_clears_gift_card_filters 2026-07-28 04:04:04,649 ERROR nxtwash: Test FAILED: tests/admin_portal/gift_cards/test_gift_cards_positive.py::test_customer_gift_card_persists_after_page_reload (url: https://staging.nxtwash.com/services/customerGiftCards)
2026-07-28 04:04:19,263 ERROR nxtwash: Visible page text at failure:
Customer gift cards
Filter by
+ Add customer gift card
Gift cards
Customer gift cards
Gift card number
Gift card name
Gift card amount
Expiration date
VKAGC1010
VK AGC002
$11.00
Edit
VKAGC1009
VK AGC001
$11.00
Edit
VKAGC1001
VK AGC1
$5.00
Edit
PGCN25
Prime Gift card
$25.00
Edit
Page
of
1
Results per page
100
Showing 1 - 4 of 4

[gw0] [ 59%] PASSED tests/admin_portal/gift_cards/test_gift_cards_filter.py::test_reset_all_clears_gift_card_filters 
[gw1] [ 59%] FAILED tests/admin_portal/gift_cards/test_gift_cards_positive.py::test_customer_gift_card_persists_after_page_reload 
tests/admin_portal/gift_cards/test_gift_cards_filter.py::test_filter_by_site_narrows_customer_gift_card_list 
tests/admin_portal/gift_cards/test_gift_cards_positive.py::test_customer_gift_card_linked_to_correct_template 
[gw1] [ 60%] PASSED tests/admin_portal/gift_cards/test_gift_cards_positive.py::test_customer_gift_card_linked_to_correct_template 
tests/admin_portal/gift_cards/test_gift_cards_search_filter.py::test_search_exact_gift_card_name_returns_match 
[gw0] [ 61%] PASSED tests/admin_portal/gift_cards/test_gift_cards_filter.py::test_filter_by_site_narrows_customer_gift_card_list 
tests/admin_portal/gift_cards/test_gift_cards_negative.py::test_opening_missing_gift_card_does_not_show_edit_form 
[gw1] [ 62%] PASSED tests/admin_portal/gift_cards/test_gift_cards_search_filter.py::test_search_exact_gift_card_name_returns_match 
tests/admin_portal/gift_cards/test_gift_cards_search_filter.py::test_gift_cards_search_accepts_partial_text_without_breaking_grid 
[gw0] [ 63%] PASSED tests/admin_portal/gift_cards/test_gift_cards_negative.py::test_opening_missing_gift_card_does_not_show_edit_form 
tests/admin_portal/gift_cards/test_gift_cards_negative.py::test_missing_customer_gift_card_search_does_not_show_match 
[gw1] [ 63%] PASSED tests/admin_portal/gift_cards/test_gift_cards_search_filter.py::test_gift_cards_search_accepts_partial_text_without_breaking_grid 
tests/admin_portal/gift_cards/test_gift_cards_search_filter.py::test_customer_gift_card_search_partial_number 
[gw0] [ 64%] PASSED tests/admin_portal/gift_cards/test_gift_cards_negative.py::test_missing_customer_gift_card_search_does_not_show_match 
tests/admin_portal/gift_cards/test_gift_cards_positive.py::test_create_gift_card_with_required_settings 
[gw1] [ 65%] PASSED tests/admin_portal/gift_cards/test_gift_cards_search_filter.py::test_customer_gift_card_search_partial_number 
[gw0] [ 66%] PASSED tests/admin_portal/gift_cards/test_gift_cards_positive.py::test_create_gift_card_with_required_settings 
tests/admin_portal/gift_cards/test_gift_cards_ui.py::test_gift_cards_page_loads 
tests/admin_portal/gift_cards/test_gift_cards_positive.py::test_create_inactive_gift_card 2026-07-28 04:19:10,271 ERROR nxtwash: Test FAILED: tests/admin_portal/gift_cards/test_gift_cards_positive.py::test_create_inactive_gift_card (url: about:blank)
2026-07-28 04:19:11,772 ERROR nxtwash: Test FAILED: tests/admin_portal/gift_cards/test_gift_cards_ui.py::test_gift_cards_page_loads (url: about:blank)
2026-07-28 04:20:12,570 WARNING nxtwash: Could not capture screenshot 'failure-tests_admin_portal_gift_cards_test_gift_cards_positive.py_test_create_inactive_gift_card': Message: timeout: Timed out receiving message from renderer: 10.000
  (Session info: chrome=150.0.7871.182)
Stacktrace:
0   chromedriver                        0x000000010294da84 cxxbridge1$str$ptr + 3195292
1   chromedriver                        0x0000000102945b4c cxxbridge1$str$ptr + 3162724
2   chromedriver                        0x00000001023ef2a4 _RNvCs9NA52FrZ4pF_7___rustc35___rust_no_alloc_shim_is_unstable_v2 + 73836
3   chromedriver                        0x00000001023d9d20 cxxbridge1$string$len + 3628
4   chromedriver                        0x00000001023d9a80 cxxbridge1$string$len + 2956
5   chromedriver                        0x00000001023d7818 chromedriver + 227352
6   chromedriver                        0x00000001023d840c chromedriver + 230412
7   chromedriver                        0x00000001023fc7bc _RNvCs9NA52FrZ4pF_7___rustc35___rust_no_alloc_shim_is_unstable_v2 + 128388
8   chromedriver                        0x0000000102482268 _RNvCs9NA52FrZ4pF_7___rustc35___rust_no_alloc_shim_is_unstable_v2 + 675888
9   chromedriver                        0x0000000102477030 _RNvCs9NA52FrZ4pF_7___rustc35___rust_no_alloc_shim_is_unstable_v2 + 630264
10  chromedriver                        0x000000010242d434 _RNvCs9NA52FrZ4pF_7___rustc35___rust_no_alloc_shim_is_unstable_v2 + 328188
11  chromedriver                        0x000000010290ac40 cxxbridge1$str$ptr + 2921304
12  chromedriver                        0x000000010290e3b8 cxxbridge1$str$ptr + 2935504
13  chromedriver                        0x00000001028f10f8 cxxbridge1$str$ptr + 2816016
14  chromedriver                        0x000000010290ec4c cxxbridge1$str$ptr + 2937700
15  chromedriver                        0x00000001028e23b0 cxxbridge1$str$ptr + 2755272
16  chromedriver                        0x00000001029341f4 cxxbridge1$str$ptr + 3090700
17  chromedriver                        0x0000000102934354 cxxbridge1$str$ptr + 3091052
18  chromedriver                        0x00000001029457a4 cxxbridge1$str$ptr + 3161788
19  libsystem_pthread.dylib             0x0000000199325c08 _pthread_start + 136
20  libsystem_pthread.dylib             0x0000000199320ba8 thread_start + 8

2026-07-28 04:20:14,508 ERROR nxtwash: Visible page text at failure:

2026-07-28 04:20:14,625 WARNING nxtwash: Could not capture screenshot 'failure-tests_admin_portal_gift_cards_test_gift_cards_ui.py_test_gift_cards_page_loads': Message: timeout: Timed out receiving message from renderer: 10.000
  (Session info: chrome=150.0.7871.182)
Stacktrace:
0   chromedriver                        0x00000001032d5a84 cxxbridge1$str$ptr + 3195292
1   chromedriver                        0x00000001032cdb4c cxxbridge1$str$ptr + 3162724
2   chromedriver                        0x0000000102d772a4 _RNvCs9NA52FrZ4pF_7___rustc35___rust_no_alloc_shim_is_unstable_v2 + 73836
3   chromedriver                        0x0000000102d61d20 cxxbridge1$string$len + 3628
4   chromedriver                        0x0000000102d61a80 cxxbridge1$string$len + 2956
5   chromedriver                        0x0000000102d5f818 chromedriver + 227352
6   chromedriver                        0x0000000102d6040c chromedriver + 230412
7   chromedriver                        0x0000000102d847bc _RNvCs9NA52FrZ4pF_7___rustc35___rust_no_alloc_shim_is_unstable_v2 + 128388
8   chromedriver                        0x0000000102e0a268 _RNvCs9NA52FrZ4pF_7___rustc35___rust_no_alloc_shim_is_unstable_v2 + 675888
9   chromedriver                        0x0000000102dff030 _RNvCs9NA52FrZ4pF_7___rustc35___rust_no_alloc_shim_is_unstable_v2 + 630264
10  chromedriver                        0x0000000102db5434 _RNvCs9NA52FrZ4pF_7___rustc35___rust_no_alloc_shim_is_unstable_v2 + 328188
11  chromedriver                        0x0000000103292c40 cxxbridge1$str$ptr + 2921304
12  chromedriver                        0x00000001032963b8 cxxbridge1$str$ptr + 2935504
13  chromedriver                        0x00000001032790f8 cxxbridge1$str$ptr + 2816016
14  chromedriver                        0x0000000103296c4c cxxbridge1$str$ptr + 2937700
15  chromedriver                        0x000000010326a3b0 cxxbridge1$str$ptr + 2755272
16  chromedriver                        0x00000001032bc1f4 cxxbridge1$str$ptr + 3090700
17  chromedriver                        0x00000001032bc354 cxxbridge1$str$ptr + 3091052
18  chromedriver                        0x00000001032cd7a4 cxxbridge1$str$ptr + 3161788
19  libsystem_pthread.dylib             0x0000000199325c08 _pthread_start + 136
20  libsystem_pthread.dylib             0x0000000199320ba8 thread_start + 8

2026-07-28 04:20:16,021 ERROR nxtwash: Visible page text at failure:


[gw0] [ 67%] FAILED tests/admin_portal/gift_cards/test_gift_cards_positive.py::test_create_inactive_gift_card 
[gw1] [ 68%] FAILED tests/admin_portal/gift_cards/test_gift_cards_ui.py::test_gift_cards_page_loads 
tests/admin_portal/gift_cards/test_gift_cards_ui.py::test_gift_cards_primary_actions_are_available 
tests/admin_portal/gift_cards/test_gift_cards_positive.py::test_created_gift_card_settings_persist 
[gw1] [ 68%] PASSED tests/admin_portal/gift_cards/test_gift_cards_ui.py::test_gift_cards_primary_actions_are_available 
tests/admin_portal/gift_cards/test_gift_cards_ui.py::test_customer_gift_cards_tab_loads 
[gw1] [ 69%] PASSED tests/admin_portal/gift_cards/test_gift_cards_ui.py::test_customer_gift_cards_tab_loads 
tests/admin_portal/gift_cards/test_gift_cards_validation.py::test_non_numeric_customer_gift_card_amount_rejected 
[gw0] [ 70%] PASSED tests/admin_portal/gift_cards/test_gift_cards_positive.py::test_created_gift_card_settings_persist 
tests/admin_portal/gift_cards/test_gift_cards_validation.py::test_create_gift_card_requires_name 
[gw1] [ 71%] PASSED tests/admin_portal/gift_cards/test_gift_cards_validation.py::test_non_numeric_customer_gift_card_amount_rejected 
tests/admin_portal/bank_drop/test_bank_drop_edge_cases.py::test_negative_order_documents_behavior 
[gw0] [ 72%] PASSED tests/admin_portal/gift_cards/test_gift_cards_validation.py::test_create_gift_card_requires_name 
[gw1] [ 72%] PASSED tests/admin_portal/bank_drop/test_bank_drop_edge_cases.py::test_negative_order_documents_behavior 
tests/admin_portal/bank_drop/test_bank_drop_edge_cases.py::test_zero_order_documents_behavior 
tests/admin_portal/gift_cards/test_gift_cards_validation.py::test_create_gift_card_requires_amount 
[gw1] [ 73%] PASSED tests/admin_portal/bank_drop/test_bank_drop_edge_cases.py::test_zero_order_documents_behavior 
[gw0] [ 74%] PASSED tests/admin_portal/gift_cards/test_gift_cards_validation.py::test_create_gift_card_requires_amount 
tests/admin_portal/bank_drop/test_bank_drop_edge_cases.py::test_duplicate_name_documents_behavior 
tests/admin_portal/gift_cards/test_gift_cards_validation.py::test_negative_gift_card_amount_rejected 2026-07-28 04:29:22,422 ERROR nxtwash: Test FAILED: tests/admin_portal/bank_drop/test_bank_drop_edge_cases.py::test_duplicate_name_documents_behavior (url: about:blank)

[gw0] [ 75%] PASSED tests/admin_portal/gift_cards/test_gift_cards_validation.py::test_negative_gift_card_amount_rejected 
tests/admin_portal/gift_cards/test_gift_cards_validation.py::test_non_numeric_gift_card_amount_rejected 
[gw0] [ 76%] SKIPPED tests/admin_portal/gift_cards/test_gift_cards_validation.py::test_non_numeric_gift_card_amount_rejected 
tests/admin_portal/gift_cards/test_gift_cards_validation.py::test_create_customer_gift_card_requires_gift_card_selection 2026-07-28 04:30:27,031 WARNING nxtwash: Could not capture screenshot 'failure-tests_admin_portal_bank_drop_test_bank_drop_edge_cases.py_test_duplicate_name_documents_behavior': Message: timeout: Timed out receiving message from renderer: 10.000
  (Session info: chrome=150.0.7871.182)
Stacktrace:
0   chromedriver                        0x0000000104cc1a84 cxxbridge1$str$ptr + 3195292
1   chromedriver                        0x0000000104cb9b4c cxxbridge1$str$ptr + 3162724
2   chromedriver                        0x00000001047632a4 _RNvCs9NA52FrZ4pF_7___rustc35___rust_no_alloc_shim_is_unstable_v2 + 73836
3   chromedriver                        0x000000010474dd20 cxxbridge1$string$len + 3628
4   chromedriver                        0x000000010474da80 cxxbridge1$string$len + 2956
5   chromedriver                        0x000000010474b818 chromedriver + 227352
6   chromedriver                        0x000000010474c40c chromedriver + 230412
7   chromedriver                        0x00000001047707bc _RNvCs9NA52FrZ4pF_7___rustc35___rust_no_alloc_shim_is_unstable_v2 + 128388
8   chromedriver                        0x00000001047f6268 _RNvCs9NA52FrZ4pF_7___rustc35___rust_no_alloc_shim_is_unstable_v2 + 675888
9   chromedriver                        0x00000001047eb030 _RNvCs9NA52FrZ4pF_7___rustc35___rust_no_alloc_shim_is_unstable_v2 + 630264
10  chromedriver                        0x00000001047a1434 _RNvCs9NA52FrZ4pF_7___rustc35___rust_no_alloc_shim_is_unstable_v2 + 328188
11  chromedriver                        0x0000000104c7ec40 cxxbridge1$str$ptr + 2921304
12  chromedriver                        0x0000000104c823b8 cxxbridge1$str$ptr + 2935504
13  chromedriver                        0x0000000104c650f8 cxxbridge1$str$ptr + 2816016
14  chromedriver                        0x0000000104c82c4c cxxbridge1$str$ptr + 2937700
15  chromedriver                        0x0000000104c563b0 cxxbridge1$str$ptr + 2755272
16  chromedriver                        0x0000000104ca81f4 cxxbridge1$str$ptr + 3090700
17  chromedriver                        0x0000000104ca8354 cxxbridge1$str$ptr + 3091052
18  chromedriver                        0x0000000104cb97a4 cxxbridge1$str$ptr + 3161788
19  libsystem_pthread.dylib             0x0000000199325c08 _pthread_start + 136
20  libsystem_pthread.dylib             0x0000000199320ba8 thread_start + 8

2026-07-28 04:30:33,760 ERROR nxtwash: Visible page text at failure:


[gw1] [ 77%] FAILED tests/admin_portal/bank_drop/test_bank_drop_edge_cases.py::test_duplicate_name_documents_behavior 
tests/admin_portal/bank_drop/test_bank_drop_edge_cases.py::test_duplicate_order_documents_behavior 
[gw0] [ 77%] PASSED tests/admin_portal/gift_cards/test_gift_cards_validation.py::test_create_customer_gift_card_requires_gift_card_selection 
tests/admin_portal/gift_cards/test_gift_cards_validation.py::test_create_customer_gift_card_requires_number 
[gw1] [ 78%] PASSED tests/admin_portal/bank_drop/test_bank_drop_edge_cases.py::test_duplicate_order_documents_behavior 
tests/admin_portal/bank_drop/test_bank_drop_edge_cases.py::test_changing_order_resequences_list 
[gw1] [ 79%] SKIPPED tests/admin_portal/bank_drop/test_bank_drop_edge_cases.py::test_changing_order_resequences_list 
tests/admin_portal/bank_drop/test_bank_drop_edge_cases.py::test_download_button_is_visible 
[gw1] [ 80%] PASSED tests/admin_portal/bank_drop/test_bank_drop_edge_cases.py::test_download_button_is_visible 
tests/admin_portal/bank_drop/test_bank_drop_edge_cases.py::test_save_button_has_human_readable_label 
[gw0] [ 81%] PASSED tests/admin_portal/gift_cards/test_gift_cards_validation.py::test_create_customer_gift_card_requires_number 
tests/admin_portal/gift_cards/test_gift_cards_validation.py::test_create_customer_gift_card_requires_amount 
[gw1] [ 81%] XFAIL tests/admin_portal/bank_drop/test_bank_drop_edge_cases.py::test_save_button_has_human_readable_label 
tests/admin_portal/bank_drop/test_bank_drop_edge_cases.py::test_pagination_footer_shows_record_count 
[gw0] [ 82%] PASSED tests/admin_portal/gift_cards/test_gift_cards_validation.py::test_create_customer_gift_card_requires_amount 
tests/admin_portal/gift_cards/test_gift_cards_validation.py::test_negative_customer_gift_card_amount_rejected 
[gw1] [ 83%] XFAIL tests/admin_portal/bank_drop/test_bank_drop_edge_cases.py::test_pagination_footer_shows_record_count 
tests/admin_portal/bank_drop/test_bank_drop_edit.py::test_edit_bank_drop_name_persists 2026-07-28 04:36:24,425 ERROR nxtwash: Test FAILED: tests/admin_portal/gift_cards/test_gift_cards_validation.py::test_negative_customer_gift_card_amount_rejected (url: about:blank)

[gw1] [ 84%] PASSED tests/admin_portal/bank_drop/test_bank_drop_edit.py::test_edit_bank_drop_name_persists 
tests/admin_portal/bank_drop/test_bank_drop_edit.py::test_edit_form_prepopulates_existing_values 2026-07-28 04:37:25,726 WARNING nxtwash: Could not capture screenshot 'failure-tests_admin_portal_gift_cards_test_gift_cards_validation.py_test_negative_customer_gift_card_amount_rejected': Message: timeout: Timed out receiving message from renderer: 10.000
  (Session info: chrome=150.0.7871.182)
Stacktrace:
0   chromedriver                        0x0000000105179a84 cxxbridge1$str$ptr + 3195292
1   chromedriver                        0x0000000105171b4c cxxbridge1$str$ptr + 3162724
2   chromedriver                        0x0000000104c1b2a4 _RNvCs9NA52FrZ4pF_7___rustc35___rust_no_alloc_shim_is_unstable_v2 + 73836
3   chromedriver                        0x0000000104c05d20 cxxbridge1$string$len + 3628
4   chromedriver                        0x0000000104c05a80 cxxbridge1$string$len + 2956
5   chromedriver                        0x0000000104c03818 chromedriver + 227352
6   chromedriver                        0x0000000104c0440c chromedriver + 230412
7   chromedriver                        0x0000000104c287bc _RNvCs9NA52FrZ4pF_7___rustc35___rust_no_alloc_shim_is_unstable_v2 + 128388
8   chromedriver                        0x0000000104cae268 _RNvCs9NA52FrZ4pF_7___rustc35___rust_no_alloc_shim_is_unstable_v2 + 675888
9   chromedriver                        0x0000000104ca3030 _RNvCs9NA52FrZ4pF_7___rustc35___rust_no_alloc_shim_is_unstable_v2 + 630264
10  chromedriver                        0x0000000104c59434 _RNvCs9NA52FrZ4pF_7___rustc35___rust_no_alloc_shim_is_unstable_v2 + 328188
11  chromedriver                        0x0000000105136c40 cxxbridge1$str$ptr + 2921304
12  chromedriver                        0x000000010513a3b8 cxxbridge1$str$ptr + 2935504
13  chromedriver                        0x000000010511d0f8 cxxbridge1$str$ptr + 2816016
14  chromedriver                        0x000000010513ac4c cxxbridge1$str$ptr + 2937700
15  chromedriver                        0x000000010510e3b0 cxxbridge1$str$ptr + 2755272
16  chromedriver                        0x00000001051601f4 cxxbridge1$str$ptr + 3090700
17  chromedriver                        0x0000000105160354 cxxbridge1$str$ptr + 3091052
18  chromedriver                        0x00000001051717a4 cxxbridge1$str$ptr + 3161788
19  libsystem_pthread.dylib             0x0000000199325c08 _pthread_start + 136
20  libsystem_pthread.dylib             0x0000000199320ba8 thread_start + 8

2026-07-28 04:37:26,633 ERROR nxtwash: Visible page text at failure:


[gw0] [ 85%] FAILED tests/admin_portal/gift_cards/test_gift_cards_validation.py::test_negative_customer_gift_card_amount_rejected 
tests/admin_portal/bank_drop/test_bank_drop_edit.py::test_edit_bank_drop_order_persists 
[gw1] [ 86%] PASSED tests/admin_portal/bank_drop/test_bank_drop_edit.py::test_edit_form_prepopulates_existing_values 
tests/admin_portal/bank_drop/test_bank_drop_edit.py::test_cancel_out_of_edit_form 
[gw0] [ 86%] PASSED tests/admin_portal/bank_drop/test_bank_drop_edit.py::test_edit_bank_drop_order_persists 
tests/admin_portal/bank_drop/test_bank_drop_edit.py::test_activate_inactive_bank_drop 
[gw1] [ 87%] PASSED tests/admin_portal/bank_drop/test_bank_drop_edit.py::test_cancel_out_of_edit_form 
tests/admin_portal/bank_drop/test_bank_drop_edit.py::test_edited_bank_drop_persists_after_reload 
[gw0] [ 88%] PASSED tests/admin_portal/bank_drop/test_bank_drop_edit.py::test_activate_inactive_bank_drop 
[gw1] [ 89%] PASSED tests/admin_portal/bank_drop/test_bank_drop_edit.py::test_edited_bank_drop_persists_after_reload 
tests/admin_portal/bank_drop/test_bank_drop_edit.py::test_bank_drop_list_sorted_by_order 
[gw1] [ 90%] SKIPPED tests/admin_portal/bank_drop/test_bank_drop_edit.py::test_bank_drop_list_sorted_by_order 
tests/admin_portal/bank_drop/test_bank_drop_positive.py::test_create_active_bank_drop 
tests/admin_portal/bank_drop/test_bank_drop_edit.py::test_deactivate_active_bank_drop 
[gw1] [ 90%] PASSED tests/admin_portal/bank_drop/test_bank_drop_positive.py::test_create_active_bank_drop 
tests/admin_portal/bank_drop/test_bank_drop_positive.py::test_cancel_out_of_add_form 
[gw0] [ 91%] PASSED tests/admin_portal/bank_drop/test_bank_drop_edit.py::test_deactivate_active_bank_drop 
tests/admin_portal/bank_drop/test_bank_drop_positive.py::test_create_inactive_bank_drop 
[gw0] [ 92%] SKIPPED tests/admin_portal/bank_drop/test_bank_drop_positive.py::test_create_inactive_bank_drop 
tests/admin_portal/bank_drop/test_bank_drop_ui.py::test_bank_drop_page_loads_with_primary_controls 
[gw1] [ 93%] PASSED tests/admin_portal/bank_drop/test_bank_drop_positive.py::test_cancel_out_of_add_form 
tests/admin_portal/bank_drop/test_bank_drop_positive.py::test_created_bank_drop_persists_after_reload 
[gw0] [ 94%] PASSED tests/admin_portal/bank_drop/test_bank_drop_ui.py::test_bank_drop_page_loads_with_primary_controls 
tests/admin_portal/bank_drop/test_bank_drop_ui.py::test_bank_drop_grid_columns_are_visible 
[gw1] [ 95%] PASSED tests/admin_portal/bank_drop/test_bank_drop_positive.py::test_created_bank_drop_persists_after_reload 
tests/admin_portal/bank_drop/test_bank_drop_ui.py::test_bank_drop_pagination_controls_visible 
[gw0] [ 95%] PASSED tests/admin_portal/bank_drop/test_bank_drop_ui.py::test_bank_drop_grid_columns_are_visible 
tests/admin_portal/bank_drop/test_bank_drop_ui.py::test_add_bank_drop_form_loads 
[gw1] [ 96%] PASSED tests/admin_portal/bank_drop/test_bank_drop_ui.py::test_bank_drop_pagination_controls_visible 
tests/admin_portal/bank_drop/test_bank_drop_validation.py::test_blank_name_is_blocked 
[gw0] [ 97%] PASSED tests/admin_portal/bank_drop/test_bank_drop_ui.py::test_add_bank_drop_form_loads 
tests/admin_portal/bank_drop/test_bank_drop_validation.py::test_blank_order_is_blocked 
[gw1] [ 98%] PASSED tests/admin_portal/bank_drop/test_bank_drop_validation.py::test_blank_name_is_blocked 
tests/admin_portal/bank_drop/test_bank_drop_validation.py::test_non_numeric_order_rejected 
[gw0] [ 99%] PASSED tests/admin_portal/bank_drop/test_bank_drop_validation.py::test_blank_order_is_blocked 
[gw1] [100%] PASSED tests/admin_portal/bank_drop/test_bank_drop_validation.py::test_non_numeric_order_rejected 

==================================== ERRORS ====================================
___________ ERROR at setup of test_edit_site_price_override_persists ___________
[gw1] darwin -- Python 3.11.2 /Users/vk/Documents/NxtWash Automation/nxtwash-automation/venv/bin/python3.11
tests/admin_portal/custom_services/conftest.py:83: in managed_service
    page = create_service_if_missing(browser)
           ^^^^^^^^^^^^^^^^^^^^^^^^^^^^^^^^^^
tests/admin_portal/custom_services/conftest.py:49: in create_service_if_missing
    page.open_edit_service(service_name)
pages/admin_portal/custom_services_page.py:410: in open_edit_service
    edit_button.click()
venv/lib/python3.11/site-packages/selenium/webdriver/remote/webelement.py:114: in click
    self._execute(Command.CLICK_ELEMENT)
venv/lib/python3.11/site-packages/selenium/webdriver/remote/webelement.py:508: in _execute
    return self._parent.execute(command, params)
           ^^^^^^^^^^^^^^^^^^^^^^^^^^^^^^^^^^^^^
venv/lib/python3.11/site-packages/selenium/webdriver/remote/webdriver.py:468: in execute
    self.error_handler.check_response(response)
venv/lib/python3.11/site-packages/selenium/webdriver/remote/errorhandler.py:232: in check_response
    raise exception_class(message, screen, stacktrace)
E   selenium.common.exceptions.StaleElementReferenceException: Message: stale element reference: stale element not found in the current frame
E     (Session info: chrome=150.0.7871.182); For documentation on this error, please visit: https://www.selenium.dev/documentation/webdriver/troubleshooting/errors#staleelementreferenceexception
E   Stacktrace:
E   0   chromedriver                        0x0000000104a69a84 cxxbridge1$str$ptr + 3195292
E   1   chromedriver                        0x0000000104a61b4c cxxbridge1$str$ptr + 3162724
E   2   chromedriver                        0x000000010450b2a4 _RNvCs9NA52FrZ4pF_7___rustc35___rust_no_alloc_shim_is_unstable_v2 + 73836
E   3   chromedriver                        0x0000000104511464 _RNvCs9NA52FrZ4pF_7___rustc35___rust_no_alloc_shim_is_unstable_v2 + 98860
E   4   chromedriver                        0x0000000104513678 _RNvCs9NA52FrZ4pF_7___rustc35___rust_no_alloc_shim_is_unstable_v2 + 107584
E   5   chromedriver                        0x0000000104513730 _RNvCs9NA52FrZ4pF_7___rustc35___rust_no_alloc_shim_is_unstable_v2 + 107768
E   6   chromedriver                        0x000000010455908c _RNvCs9NA52FrZ4pF_7___rustc35___rust_no_alloc_shim_is_unstable_v2 + 392788
E   7   chromedriver                        0x00000001045579c0 _RNvCs9NA52FrZ4pF_7___rustc35___rust_no_alloc_shim_is_unstable_v2 + 386952
E   8   chromedriver                        0x0000000104555a6c _RNvCs9NA52FrZ4pF_7___rustc35___rust_no_alloc_shim_is_unstable_v2 + 378932
E   9   chromedriver                        0x0000000104554e14 _RNvCs9NA52FrZ4pF_7___rustc35___rust_no_alloc_shim_is_unstable_v2 + 375772
E   10  chromedriver                        0x000000010454b25c _RNvCs9NA52FrZ4pF_7___rustc35___rust_no_alloc_shim_is_unstable_v2 + 335908
E   11  chromedriver                        0x000000010454a934 _RNvCs9NA52FrZ4pF_7___rustc35___rust_no_alloc_shim_is_unstable_v2 + 333564
E   12  chromedriver                        0x0000000104593030 _RNvCs9NA52FrZ4pF_7___rustc35___rust_no_alloc_shim_is_unstable_v2 + 630264
E   13  chromedriver                        0x0000000104549434 _RNvCs9NA52FrZ4pF_7___rustc35___rust_no_alloc_shim_is_unstable_v2 + 328188
E   14  chromedriver                        0x0000000104a26c40 cxxbridge1$str$ptr + 2921304
E   15  chromedriver                        0x0000000104a2a3b8 cxxbridge1$str$ptr + 2935504
E   16  chromedriver                        0x0000000104a0d0f8 cxxbridge1$str$ptr + 2816016
E   17  chromedriver                        0x0000000104a2ac4c cxxbridge1$str$ptr + 2937700
E   18  chromedriver                        0x00000001049fe3b0 cxxbridge1$str$ptr + 2755272
E   19  chromedriver                        0x0000000104a501f4 cxxbridge1$str$ptr + 3090700
E   20  chromedriver                        0x0000000104a50354 cxxbridge1$str$ptr + 3091052
E   21  chromedriver                        0x0000000104a617a4 cxxbridge1$str$ptr + 3161788
E   22  libsystem_pthread.dylib             0x0000000199325c08 _pthread_start + 136
E   23  libsystem_pthread.dylib             0x0000000199320ba8 thread_start + 8
_________ ERROR at setup of test_created_service_persists_after_reload _________
[gw1] darwin -- Python 3.11.2 /Users/vk/Documents/NxtWash Automation/nxtwash-automation/venv/bin/python3.11
fixtures/browser.py:62: in browser
    driver = DriverFactory.get_driver(
core/driver_factory.py:72: in get_driver
    driver = webdriver.Chrome(
venv/lib/python3.11/site-packages/selenium/webdriver/chrome/webdriver.py:45: in __init__
    super().__init__(
venv/lib/python3.11/site-packages/selenium/webdriver/chromium/webdriver.py:66: in __init__
    super().__init__(command_executor=executor, options=self.options)
venv/lib/python3.11/site-packages/selenium/webdriver/common/webdriver.py:25: in __init__
    super().__init__(*args, **kwargs)
venv/lib/python3.11/site-packages/selenium/webdriver/remote/webdriver.py:276: in __init__
    self.start_session(capabilities)
venv/lib/python3.11/site-packages/selenium/webdriver/remote/webdriver.py:372: in start_session
    response = self.execute(Command.NEW_SESSION, caps)["value"]
               ^^^^^^^^^^^^^^^^^^^^^^^^^^^^^^^^^^^^^^^
venv/lib/python3.11/site-packages/selenium/webdriver/remote/webdriver.py:468: in execute
    self.error_handler.check_response(response)
venv/lib/python3.11/site-packages/selenium/webdriver/remote/errorhandler.py:232: in check_response
    raise exception_class(message, screen, stacktrace)
E   selenium.common.exceptions.SessionNotCreatedException: Message: session not created
E   from chrome not reachable; For documentation on this error, please visit: https://www.selenium.dev/documentation/webdriver/troubleshooting/errors#sessionnotcreatedexception
E   Stacktrace:
E   0   chromedriver                        0x0000000105261a84 cxxbridge1$str$ptr + 3195292
E   1   chromedriver                        0x0000000105259b4c cxxbridge1$str$ptr + 3162724
E   2   chromedriver                        0x0000000104d030a8 _RNvCs9NA52FrZ4pF_7___rustc35___rust_no_alloc_shim_is_unstable_v2 + 73328
E   3   chromedriver                        0x0000000104cf1484 _RNvCs9NA52FrZ4pF_7___rustc35___rust_no_alloc_shim_is_unstable_v2 + 588
E   4   chromedriver                        0x0000000104d3d854 _RNvCs9NA52FrZ4pF_7___rustc35___rust_no_alloc_shim_is_unstable_v2 + 312860
E   5   chromedriver                        0x0000000104d39924 _RNvCs9NA52FrZ4pF_7___rustc35___rust_no_alloc_shim_is_unstable_v2 + 296684
E   6   chromedriver                        0x0000000104d35e8c _RNvCs9NA52FrZ4pF_7___rustc35___rust_no_alloc_shim_is_unstable_v2 + 281684
E   7   chromedriver                        0x0000000104d79294 _RNvCs9NA52FrZ4pF_7___rustc35___rust_no_alloc_shim_is_unstable_v2 + 557148
E   8   chromedriver                        0x0000000104d78c94 _RNvCs9NA52FrZ4pF_7___rustc35___rust_no_alloc_shim_is_unstable_v2 + 555612
E   9   chromedriver                        0x0000000104d41434 _RNvCs9NA52FrZ4pF_7___rustc35___rust_no_alloc_shim_is_unstable_v2 + 328188
E   10  chromedriver                        0x000000010521ec40 cxxbridge1$str$ptr + 2921304
E   11  chromedriver                        0x00000001052223b8 cxxbridge1$str$ptr + 2935504
E   12  chromedriver                        0x00000001052050f8 cxxbridge1$str$ptr + 2816016
E   13  chromedriver                        0x0000000105222c4c cxxbridge1$str$ptr + 2937700
E   14  chromedriver                        0x00000001051f63b0 cxxbridge1$str$ptr + 2755272
E   15  chromedriver                        0x00000001052481f4 cxxbridge1$str$ptr + 3090700
E   16  chromedriver                        0x0000000105248354 cxxbridge1$str$ptr + 3091052
E   17  chromedriver                        0x00000001052597a4 cxxbridge1$str$ptr + 3161788
E   18  libsystem_pthread.dylib             0x0000000199325c08 _pthread_start + 136
E   19  libsystem_pthread.dylib             0x0000000199320ba8 thread_start + 8
_____ ERROR at setup of test_multiple_applicable_discounts_can_be_selected _____
[gw0] darwin -- Python 3.11.2 /Users/vk/Documents/NxtWash Automation/nxtwash-automation/venv/bin/python3.11
tests/admin_portal/custom_services/conftest.py:83: in managed_service
    page = create_service_if_missing(browser)
           ^^^^^^^^^^^^^^^^^^^^^^^^^^^^^^^^^^
tests/admin_portal/custom_services/conftest.py:46: in create_service_if_missing
    page = open_custom_services_page(browser)
           ^^^^^^^^^^^^^^^^^^^^^^^^^^^^^^^^^^
tests/admin_portal/custom_services/conftest.py:36: in open_custom_services_page
    open_admin_path(browser, "/services/customServices")
tests/admin_portal/admin_session.py:100: in open_admin_path
    ensure_admin_logged_in(browser)
tests/admin_portal/admin_session.py:53: in ensure_admin_logged_in
    if host not in browser.current_url:
                   ^^^^^^^^^^^^^^^^^^^
venv/lib/python3.11/site-packages/selenium/webdriver/remote/webdriver.py:602: in current_url
    return self.execute(Command.GET_CURRENT_URL)["value"]
           ^^^^^^^^^^^^^^^^^^^^^^^^^^^^^^^^^^^^^
venv/lib/python3.11/site-packages/selenium/webdriver/remote/webdriver.py:468: in execute
    self.error_handler.check_response(response)
venv/lib/python3.11/site-packages/selenium/webdriver/remote/errorhandler.py:232: in check_response
    raise exception_class(message, screen, stacktrace)
E   selenium.common.exceptions.TimeoutException: Message: timeout: Timed out receiving message from renderer: 60.000
E     (Session info: chrome=150.0.7871.182)
E   Stacktrace:
E   0   chromedriver                        0x0000000104c91a84 cxxbridge1$str$ptr + 3195292
E   1   chromedriver                        0x0000000104c89b4c cxxbridge1$str$ptr + 3162724
E   2   chromedriver                        0x00000001047332a4 _RNvCs9NA52FrZ4pF_7___rustc35___rust_no_alloc_shim_is_unstable_v2 + 73836
E   3   chromedriver                        0x000000010471dd20 cxxbridge1$string$len + 3628
E   4   chromedriver                        0x000000010471da80 cxxbridge1$string$len + 2956
E   5   chromedriver                        0x000000010471b818 chromedriver + 227352
E   6   chromedriver                        0x000000010471c40c chromedriver + 230412
E   7   chromedriver                        0x00000001047297a4 _RNvCs9NA52FrZ4pF_7___rustc35___rust_no_alloc_shim_is_unstable_v2 + 34156
E   8   chromedriver                        0x000000010473fe1c _RNvCs9NA52FrZ4pF_7___rustc35___rust_no_alloc_shim_is_unstable_v2 + 125924
E   9   chromedriver                        0x000000010471ca78 chromedriver + 232056
E   10  chromedriver                        0x000000010473fc18 _RNvCs9NA52FrZ4pF_7___rustc35___rust_no_alloc_shim_is_unstable_v2 + 125408
E   11  chromedriver                        0x00000001047baf70 _RNvCs9NA52FrZ4pF_7___rustc35___rust_no_alloc_shim_is_unstable_v2 + 630072
E   12  chromedriver                        0x0000000104771434 _RNvCs9NA52FrZ4pF_7___rustc35___rust_no_alloc_shim_is_unstable_v2 + 328188
E   13  chromedriver                        0x0000000104c4ec40 cxxbridge1$str$ptr + 2921304
E   14  chromedriver                        0x0000000104c523b8 cxxbridge1$str$ptr + 2935504
E   15  chromedriver                        0x0000000104c350f8 cxxbridge1$str$ptr + 2816016
E   16  chromedriver                        0x0000000104c52c4c cxxbridge1$str$ptr + 2937700
E   17  chromedriver                        0x0000000104c263b0 cxxbridge1$str$ptr + 2755272
E   18  chromedriver                        0x0000000104c781f4 cxxbridge1$str$ptr + 3090700
E   19  chromedriver                        0x0000000104c78354 cxxbridge1$str$ptr + 3091052
E   20  chromedriver                        0x0000000104c897a4 cxxbridge1$str$ptr + 3161788
E   21  libsystem_pthread.dylib             0x0000000199325c08 _pthread_start + 136
E   22  libsystem_pthread.dylib             0x0000000199320ba8 thread_start + 8
---------------------------- Captured stderr setup -----------------------------
Python(99442) MallocStackLogging: can't turn off malloc stack logging because it was not enabled.
__________ ERROR at setup of test_remove_applicable_discount_persists __________
[gw0] darwin -- Python 3.11.2 /Users/vk/Documents/NxtWash Automation/nxtwash-automation/venv/bin/python3.11
tests/admin_portal/custom_services/conftest.py:83: in managed_service
    page = create_service_if_missing(browser)
           ^^^^^^^^^^^^^^^^^^^^^^^^^^^^^^^^^^
tests/admin_portal/custom_services/conftest.py:46: in create_service_if_missing
    page = open_custom_services_page(browser)
           ^^^^^^^^^^^^^^^^^^^^^^^^^^^^^^^^^^
tests/admin_portal/custom_services/conftest.py:36: in open_custom_services_page
    open_admin_path(browser, "/services/customServices")
tests/admin_portal/admin_session.py:100: in open_admin_path
    ensure_admin_logged_in(browser)
tests/admin_portal/admin_session.py:53: in ensure_admin_logged_in
    if host not in browser.current_url:
                   ^^^^^^^^^^^^^^^^^^^
venv/lib/python3.11/site-packages/selenium/webdriver/remote/webdriver.py:602: in current_url
    return self.execute(Command.GET_CURRENT_URL)["value"]
           ^^^^^^^^^^^^^^^^^^^^^^^^^^^^^^^^^^^^^
venv/lib/python3.11/site-packages/selenium/webdriver/remote/webdriver.py:468: in execute
    self.error_handler.check_response(response)
venv/lib/python3.11/site-packages/selenium/webdriver/remote/errorhandler.py:232: in check_response
    raise exception_class(message, screen, stacktrace)
E   selenium.common.exceptions.TimeoutException: Message: timeout: Timed out receiving message from renderer: 60.000
E     (Session info: chrome=150.0.7871.182)
E   Stacktrace:
E   0   chromedriver                        0x0000000104b7da84 cxxbridge1$str$ptr + 3195292
E   1   chromedriver                        0x0000000104b75b4c cxxbridge1$str$ptr + 3162724
E   2   chromedriver                        0x000000010461f2a4 _RNvCs9NA52FrZ4pF_7___rustc35___rust_no_alloc_shim_is_unstable_v2 + 73836
E   3   chromedriver                        0x0000000104609d20 cxxbridge1$string$len + 3628
E   4   chromedriver                        0x0000000104609a80 cxxbridge1$string$len + 2956
E   5   chromedriver                        0x0000000104607818 chromedriver + 227352
E   6   chromedriver                        0x000000010460840c chromedriver + 230412
E   7   chromedriver                        0x00000001046157a4 _RNvCs9NA52FrZ4pF_7___rustc35___rust_no_alloc_shim_is_unstable_v2 + 34156
E   8   chromedriver                        0x000000010462be1c _RNvCs9NA52FrZ4pF_7___rustc35___rust_no_alloc_shim_is_unstable_v2 + 125924
E   9   chromedriver                        0x0000000104608a78 chromedriver + 232056
E   10  chromedriver                        0x000000010462bc18 _RNvCs9NA52FrZ4pF_7___rustc35___rust_no_alloc_shim_is_unstable_v2 + 125408
E   11  chromedriver                        0x00000001046a6f70 _RNvCs9NA52FrZ4pF_7___rustc35___rust_no_alloc_shim_is_unstable_v2 + 630072
E   12  chromedriver                        0x000000010465d434 _RNvCs9NA52FrZ4pF_7___rustc35___rust_no_alloc_shim_is_unstable_v2 + 328188
E   13  chromedriver                        0x0000000104b3ac40 cxxbridge1$str$ptr + 2921304
E   14  chromedriver                        0x0000000104b3e3b8 cxxbridge1$str$ptr + 2935504
E   15  chromedriver                        0x0000000104b210f8 cxxbridge1$str$ptr + 2816016
E   16  chromedriver                        0x0000000104b3ec4c cxxbridge1$str$ptr + 2937700
E   17  chromedriver                        0x0000000104b123b0 cxxbridge1$str$ptr + 2755272
E   18  chromedriver                        0x0000000104b641f4 cxxbridge1$str$ptr + 3090700
E   19  chromedriver                        0x0000000104b64354 cxxbridge1$str$ptr + 3091052
E   20  chromedriver                        0x0000000104b757a4 cxxbridge1$str$ptr + 3161788
E   21  libsystem_pthread.dylib             0x0000000199325c08 _pthread_start + 136
E   22  libsystem_pthread.dylib             0x0000000199320ba8 thread_start + 8
---------------------------- Captured stderr setup -----------------------------
Python(257) MallocStackLogging: can't turn off malloc stack logging because it was not enabled.
________ ERROR at teardown of test_edited_service_persists_after_reload ________
[gw1] darwin -- Python 3.11.2 /Users/vk/Documents/NxtWash Automation/nxtwash-automation/venv/bin/python3.11
venv/lib/python3.11/site-packages/allure_commons/_allure.py:274: in __call__
    return self._fixture_function(*args, **kwargs)
           ^^^^^^^^^^^^^^^^^^^^^^^^^^^^^^^^^^^^^^^
tests/admin_portal/custom_services/conftest.py:85: in managed_service
    create_service_if_missing(browser)
tests/admin_portal/custom_services/conftest.py:48: in create_service_if_missing
    if page.service_exists(service_name):
       ^^^^^^^^^^^^^^^^^^^^^^^^^^^^^^^^^
pages/admin_portal/custom_services_page.py:251: in service_exists
    self.search_service(service_name)
pages/admin_portal/custom_services_page.py:208: in search_service
    element.click()
venv/lib/python3.11/site-packages/selenium/webdriver/remote/webelement.py:114: in click
    self._execute(Command.CLICK_ELEMENT)
venv/lib/python3.11/site-packages/selenium/webdriver/remote/webelement.py:508: in _execute
    return self._parent.execute(command, params)
           ^^^^^^^^^^^^^^^^^^^^^^^^^^^^^^^^^^^^^
venv/lib/python3.11/site-packages/selenium/webdriver/remote/webdriver.py:465: in execute
    response = cast(RemoteConnection, self.command_executor).execute(driver_command, params)
               ^^^^^^^^^^^^^^^^^^^^^^^^^^^^^^^^^^^^^^^^^^^^^^^^^^^^^^^^^^^^^^^^^^^^^^^^^^^^^
venv/lib/python3.11/site-packages/selenium/webdriver/remote/remote_connection.py:407: in execute
    return self._request(command_info[0], url, body=data)
           ^^^^^^^^^^^^^^^^^^^^^^^^^^^^^^^^^^^^^^^^^^^^^^
venv/lib/python3.11/site-packages/selenium/webdriver/remote/remote_connection.py:431: in _request
    response = self._conn.request(method, url, body=body, headers=headers, timeout=self._client_config.timeout)
               ^^^^^^^^^^^^^^^^^^^^^^^^^^^^^^^^^^^^^^^^^^^^^^^^^^^^^^^^^^^^^^^^^^^^^^^^^^^^^^^^^^^^^^^^^^^^^^^^
venv/lib/python3.11/site-packages/urllib3/_request_methods.py:143: in request
    return self.request_encode_body(
venv/lib/python3.11/site-packages/urllib3/_request_methods.py:278: in request_encode_body
    return self.urlopen(method, url, **extra_kw)
           ^^^^^^^^^^^^^^^^^^^^^^^^^^^^^^^^^^^^^
venv/lib/python3.11/site-packages/urllib3/poolmanager.py:457: in urlopen
    response = conn.urlopen(method, u.request_uri, **kw)
               ^^^^^^^^^^^^^^^^^^^^^^^^^^^^^^^^^^^^^^^^^
venv/lib/python3.11/site-packages/urllib3/connectionpool.py:788: in urlopen
    response = self._make_request(
venv/lib/python3.11/site-packages/urllib3/connectionpool.py:534: in _make_request
    response = conn.getresponse()
               ^^^^^^^^^^^^^^^^^^
venv/lib/python3.11/site-packages/urllib3/connection.py:571: in getresponse
    httplib_response = super().getresponse()
                       ^^^^^^^^^^^^^^^^^^^^^
/Library/Frameworks/Python.framework/Versions/3.11/lib/python3.11/http/client.py:1374: in getresponse
    response.begin()
/Library/Frameworks/Python.framework/Versions/3.11/lib/python3.11/http/client.py:318: in begin
    version, status, reason = self._read_status()
                              ^^^^^^^^^^^^^^^^^^^
/Library/Frameworks/Python.framework/Versions/3.11/lib/python3.11/http/client.py:279: in _read_status
    line = str(self.fp.readline(_MAXLINE + 1), "iso-8859-1")
               ^^^^^^^^^^^^^^^^^^^^^^^^^^^^^^
/Library/Frameworks/Python.framework/Versions/3.11/lib/python3.11/socket.py:706: in readinto
    return self._sock.recv_into(b)
           ^^^^^^^^^^^^^^^^^^^^^^^
E   Failed: Timeout (>420.0s) from pytest-timeout.
---------------------------- Captured stderr setup -----------------------------
Python(99572) MallocStackLogging: can't turn off malloc stack logging because it was not enabled.
--------------------------- Captured stdout teardown ---------------------------
~~~~~~~~~~~~~~~~~~~~~~~ Stack of <unknown> (6152368128) ~~~~~~~~~~~~~~~~~~~~~~~~
  File "/Users/vk/Documents/NxtWash Automation/nxtwash-automation/venv/lib/python3.11/site-packages/execnet/gateway_base.py", line 411, in _perform_spawn
    reply.run()
  File "/Users/vk/Documents/NxtWash Automation/nxtwash-automation/venv/lib/python3.11/site-packages/execnet/gateway_base.py", line 341, in run
    self._result = func(*args, **kwargs)
  File "/Users/vk/Documents/NxtWash Automation/nxtwash-automation/venv/lib/python3.11/site-packages/execnet/gateway_base.py", line 1160, in _thread_receiver
    msg = Message.from_io(io)
  File "/Users/vk/Documents/NxtWash Automation/nxtwash-automation/venv/lib/python3.11/site-packages/execnet/gateway_base.py", line 567, in from_io
    header = io.read(9)  # type 1, channel 4, payload 4
  File "/Users/vk/Documents/NxtWash Automation/nxtwash-automation/venv/lib/python3.11/site-packages/execnet/gateway_base.py", line 534, in read
    data = self._read(numbytes - len(buf))
=================================== FAILURES ===================================
_____________________ test_service_category_can_be_changed _____________________
[gw0] darwin -- Python 3.11.2 /Users/vk/Documents/NxtWash Automation/nxtwash-automation/venv/bin/python3.11
tests/admin_portal/custom_services/test_custom_services_category.py:66: in test_service_category_can_be_changed
    page.open_edit_service(name)
pages/admin_portal/custom_services_page.py:411: in open_edit_service
    self.wait_for_edit_loaded()
pages/admin_portal/custom_services_page.py:170: in wait_for_edit_loaded
    self.wait.until(
venv/lib/python3.11/site-packages/selenium/webdriver/support/wait.py:121: in until
    raise TimeoutException(message, screen, stacktrace)
E   selenium.common.exceptions.TimeoutException: Message: 
E   Stacktrace:
E   0   chromedriver                        0x00000001032d1a84 cxxbridge1$str$ptr + 3195292
E   1   chromedriver                        0x00000001032c9b4c cxxbridge1$str$ptr + 3162724
E   2   chromedriver                        0x0000000102d732a4 _RNvCs9NA52FrZ4pF_7___rustc35___rust_no_alloc_shim_is_unstable_v2 + 73836
E   3   chromedriver                        0x0000000102dbba44 _RNvCs9NA52FrZ4pF_7___rustc35___rust_no_alloc_shim_is_unstable_v2 + 370700
E   4   chromedriver                        0x0000000102dfb030 _RNvCs9NA52FrZ4pF_7___rustc35___rust_no_alloc_shim_is_unstable_v2 + 630264
E   5   chromedriver                        0x0000000102db1434 _RNvCs9NA52FrZ4pF_7___rustc35___rust_no_alloc_shim_is_unstable_v2 + 328188
E   6   chromedriver                        0x000000010328ec40 cxxbridge1$str$ptr + 2921304
E   7   chromedriver                        0x00000001032923b8 cxxbridge1$str$ptr + 2935504
E   8   chromedriver                        0x00000001032750f8 cxxbridge1$str$ptr + 2816016
E   9   chromedriver                        0x0000000103292c4c cxxbridge1$str$ptr + 2937700
E   10  chromedriver                        0x00000001032663b0 cxxbridge1$str$ptr + 2755272
E   11  chromedriver                        0x00000001032b81f4 cxxbridge1$str$ptr + 3090700
E   12  chromedriver                        0x00000001032b8354 cxxbridge1$str$ptr + 3091052
E   13  chromedriver                        0x00000001032c97a4 cxxbridge1$str$ptr + 3161788
E   14  libsystem_pthread.dylib             0x0000000199325c08 _pthread_start + 136
E   15  libsystem_pthread.dylib             0x0000000199320ba8 thread_start + 8
______________ test_assigned_site_appears_in_site_grid_after_save ______________
[gw0] darwin -- Python 3.11.2 /Users/vk/Documents/NxtWash Automation/nxtwash-automation/venv/bin/python3.11
tests/admin_portal/custom_services/test_custom_services_dependency.py:27: in test_assigned_site_appears_in_site_grid_after_save
    create_service_if_missing(browser)
tests/admin_portal/custom_services/conftest.py:49: in create_service_if_missing
    page.open_edit_service(service_name)
pages/admin_portal/custom_services_page.py:410: in open_edit_service
    edit_button.click()
venv/lib/python3.11/site-packages/selenium/webdriver/remote/webelement.py:114: in click
    self._execute(Command.CLICK_ELEMENT)
venv/lib/python3.11/site-packages/selenium/webdriver/remote/webelement.py:508: in _execute
    return self._parent.execute(command, params)
           ^^^^^^^^^^^^^^^^^^^^^^^^^^^^^^^^^^^^^
venv/lib/python3.11/site-packages/selenium/webdriver/remote/webdriver.py:468: in execute
    self.error_handler.check_response(response)
venv/lib/python3.11/site-packages/selenium/webdriver/remote/errorhandler.py:232: in check_response
    raise exception_class(message, screen, stacktrace)
E   selenium.common.exceptions.ElementClickInterceptedException: Message: element click intercepted: Element <a role="button" aria-disabled="false" class="sites-locations__content__table__edit table-page__page-content__table__edit" style="opacity: 1;">...</a> is not clickable at point (1556, 645). Other element would receive the click: <div class="inovua-react-toolkit-load-mask__background-layer" style="opacity: 0.6;"></div>
E     (Session info: chrome=150.0.7871.182); For documentation on this error, please visit: https://www.selenium.dev/documentation/webdriver/troubleshooting/errors#elementclickinterceptedexception
E   Stacktrace:
E   0   chromedriver                        0x0000000102e29a84 cxxbridge1$str$ptr + 3195292
E   1   chromedriver                        0x0000000102e21b4c cxxbridge1$str$ptr + 3162724
E   2   chromedriver                        0x00000001028cb2a4 _RNvCs9NA52FrZ4pF_7___rustc35___rust_no_alloc_shim_is_unstable_v2 + 73836
E   3   chromedriver                        0x0000000102919154 _RNvCs9NA52FrZ4pF_7___rustc35___rust_no_alloc_shim_is_unstable_v2 + 392988
E   4   chromedriver                        0x00000001029179c0 _RNvCs9NA52FrZ4pF_7___rustc35___rust_no_alloc_shim_is_unstable_v2 + 386952
E   5   chromedriver                        0x0000000102915a6c _RNvCs9NA52FrZ4pF_7___rustc35___rust_no_alloc_shim_is_unstable_v2 + 378932
E   6   chromedriver                        0x0000000102914e14 _RNvCs9NA52FrZ4pF_7___rustc35___rust_no_alloc_shim_is_unstable_v2 + 375772
E   7   chromedriver                        0x000000010290b25c _RNvCs9NA52FrZ4pF_7___rustc35___rust_no_alloc_shim_is_unstable_v2 + 335908
E   8   chromedriver                        0x000000010290a934 _RNvCs9NA52FrZ4pF_7___rustc35___rust_no_alloc_shim_is_unstable_v2 + 333564
E   9   chromedriver                        0x0000000102953030 _RNvCs9NA52FrZ4pF_7___rustc35___rust_no_alloc_shim_is_unstable_v2 + 630264
E   10  chromedriver                        0x0000000102909434 _RNvCs9NA52FrZ4pF_7___rustc35___rust_no_alloc_shim_is_unstable_v2 + 328188
E   11  chromedriver                        0x0000000102de6c40 cxxbridge1$str$ptr + 2921304
E   12  chromedriver                        0x0000000102dea3b8 cxxbridge1$str$ptr + 2935504
E   13  chromedriver                        0x0000000102dcd0f8 cxxbridge1$str$ptr + 2816016
E   14  chromedriver                        0x0000000102deac4c cxxbridge1$str$ptr + 2937700
E   15  chromedriver                        0x0000000102dbe3b0 cxxbridge1$str$ptr + 2755272
E   16  chromedriver                        0x0000000102e101f4 cxxbridge1$str$ptr + 3090700
E   17  chromedriver                        0x0000000102e10354 cxxbridge1$str$ptr + 3091052
E   18  chromedriver                        0x0000000102e217a4 cxxbridge1$str$ptr + 3161788
E   19  libsystem_pthread.dylib             0x0000000199325c08 _pthread_start + 136
E   20  libsystem_pthread.dylib             0x0000000199320ba8 thread_start + 8
_________________ test_applicable_discount_persists_after_save _________________
[gw0] darwin -- Python 3.11.2 /Users/vk/Documents/NxtWash Automation/nxtwash-automation/venv/bin/python3.11
tests/admin_portal/custom_services/test_custom_services_discount.py:51: in test_applicable_discount_persists_after_save
    assert page.discount_is_selected(APPLICABLE_DISCOUNT)
E   AssertionError: assert False
E    +  where False = discount_is_selected('Basic Discount')
E    +    where discount_is_selected = <pages.admin_portal.custom_services_page.CustomServicesPage object at 0x104673fd0>.discount_is_selected
_______________________ test_edit_service_name_persists ________________________
[gw0] darwin -- Python 3.11.2 /Users/vk/Documents/NxtWash Automation/nxtwash-automation/venv/bin/python3.11
tests/admin_portal/custom_services/test_custom_services_edit.py:39: in test_edit_service_name_persists
    page = open_custom_services_page(browser)
           ^^^^^^^^^^^^^^^^^^^^^^^^^^^^^^^^^^
tests/admin_portal/custom_services/conftest.py:36: in open_custom_services_page
    open_admin_path(browser, "/services/customServices")
tests/admin_portal/admin_session.py:100: in open_admin_path
    ensure_admin_logged_in(browser)
tests/admin_portal/admin_session.py:53: in ensure_admin_logged_in
    if host not in browser.current_url:
                   ^^^^^^^^^^^^^^^^^^^
venv/lib/python3.11/site-packages/selenium/webdriver/remote/webdriver.py:602: in current_url
    return self.execute(Command.GET_CURRENT_URL)["value"]
           ^^^^^^^^^^^^^^^^^^^^^^^^^^^^^^^^^^^^^
venv/lib/python3.11/site-packages/selenium/webdriver/remote/webdriver.py:468: in execute
    self.error_handler.check_response(response)
venv/lib/python3.11/site-packages/selenium/webdriver/remote/errorhandler.py:232: in check_response
    raise exception_class(message, screen, stacktrace)
E   selenium.common.exceptions.TimeoutException: Message: timeout: Timed out receiving message from renderer: 60.000
E     (Session info: chrome=150.0.7871.182)
E   Stacktrace:
E   0   chromedriver                        0x0000000105069a84 cxxbridge1$str$ptr + 3195292
E   1   chromedriver                        0x0000000105061b4c cxxbridge1$str$ptr + 3162724
E   2   chromedriver                        0x0000000104b0b2a4 _RNvCs9NA52FrZ4pF_7___rustc35___rust_no_alloc_shim_is_unstable_v2 + 73836
E   3   chromedriver                        0x0000000104af5d20 cxxbridge1$string$len + 3628
E   4   chromedriver                        0x0000000104af5a80 cxxbridge1$string$len + 2956
E   5   chromedriver                        0x0000000104af3818 chromedriver + 227352
E   6   chromedriver                        0x0000000104af440c chromedriver + 230412
E   7   chromedriver                        0x0000000104b017a4 _RNvCs9NA52FrZ4pF_7___rustc35___rust_no_alloc_shim_is_unstable_v2 + 34156
E   8   chromedriver                        0x0000000104b17e1c _RNvCs9NA52FrZ4pF_7___rustc35___rust_no_alloc_shim_is_unstable_v2 + 125924
E   9   chromedriver                        0x0000000104af4a78 chromedriver + 232056
E   10  chromedriver                        0x0000000104b17c18 _RNvCs9NA52FrZ4pF_7___rustc35___rust_no_alloc_shim_is_unstable_v2 + 125408
E   11  chromedriver                        0x0000000104b92f70 _RNvCs9NA52FrZ4pF_7___rustc35___rust_no_alloc_shim_is_unstable_v2 + 630072
E   12  chromedriver                        0x0000000104b49434 _RNvCs9NA52FrZ4pF_7___rustc35___rust_no_alloc_shim_is_unstable_v2 + 328188
E   13  chromedriver                        0x0000000105026c40 cxxbridge1$str$ptr + 2921304
E   14  chromedriver                        0x000000010502a3b8 cxxbridge1$str$ptr + 2935504
E   15  chromedriver                        0x000000010500d0f8 cxxbridge1$str$ptr + 2816016
E   16  chromedriver                        0x000000010502ac4c cxxbridge1$str$ptr + 2937700
E   17  chromedriver                        0x0000000104ffe3b0 cxxbridge1$str$ptr + 2755272
E   18  chromedriver                        0x00000001050501f4 cxxbridge1$str$ptr + 3090700
E   19  chromedriver                        0x0000000105050354 cxxbridge1$str$ptr + 3091052
E   20  chromedriver                        0x00000001050617a4 cxxbridge1$str$ptr + 3161788
E   21  libsystem_pthread.dylib             0x0000000199325c08 _pthread_start + 136
E   22  libsystem_pthread.dylib             0x0000000199320ba8 thread_start + 8
---------------------------- Captured stderr setup -----------------------------
Python(2574) MallocStackLogging: can't turn off malloc stack logging because it was not enabled.
_____________________ test_create_service_with_description _____________________
[gw0] darwin -- Python 3.11.2 /Users/vk/Documents/NxtWash Automation/nxtwash-automation/venv/bin/python3.11
tests/admin_portal/custom_services/test_custom_services_positive.py:126: in test_create_service_with_description
    page.open_create_service()
pages/admin_portal/custom_services_page.py:400: in open_create_service
    self.wait_for_create_loaded()
pages/admin_portal/custom_services_page.py:164: in wait_for_create_loaded
    self.wait.until(EC.visibility_of_element_located(self.SERVICE_NAME_INPUT))
venv/lib/python3.11/site-packages/selenium/webdriver/support/wait.py:121: in until
    raise TimeoutException(message, screen, stacktrace)
E   selenium.common.exceptions.TimeoutException: Message: 
E   Stacktrace:
E   0   chromedriver                        0x0000000100f91a84 cxxbridge1$str$ptr + 3195292
E   1   chromedriver                        0x0000000100f89b4c cxxbridge1$str$ptr + 3162724
E   2   chromedriver                        0x0000000100a332a4 _RNvCs9NA52FrZ4pF_7___rustc35___rust_no_alloc_shim_is_unstable_v2 + 73836
E   3   chromedriver                        0x0000000100a7ba44 _RNvCs9NA52FrZ4pF_7___rustc35___rust_no_alloc_shim_is_unstable_v2 + 370700
E   4   chromedriver                        0x0000000100abb030 _RNvCs9NA52FrZ4pF_7___rustc35___rust_no_alloc_shim_is_unstable_v2 + 630264
E   5   chromedriver                        0x0000000100a71434 _RNvCs9NA52FrZ4pF_7___rustc35___rust_no_alloc_shim_is_unstable_v2 + 328188
E   6   chromedriver                        0x0000000100f4ec40 cxxbridge1$str$ptr + 2921304
E   7   chromedriver                        0x0000000100f523b8 cxxbridge1$str$ptr + 2935504
E   8   chromedriver                        0x0000000100f350f8 cxxbridge1$str$ptr + 2816016
E   9   chromedriver                        0x0000000100f52c4c cxxbridge1$str$ptr + 2937700
E   10  chromedriver                        0x0000000100f263b0 cxxbridge1$str$ptr + 2755272
E   11  chromedriver                        0x0000000100f781f4 cxxbridge1$str$ptr + 3090700
E   12  chromedriver                        0x0000000100f78354 cxxbridge1$str$ptr + 3091052
E   13  chromedriver                        0x0000000100f897a4 cxxbridge1$str$ptr + 3161788
E   14  libsystem_pthread.dylib             0x0000000199325c08 _pthread_start + 136
E   15  libsystem_pthread.dylib             0x0000000199320ba8 thread_start + 8
---------------------------- Captured stderr setup -----------------------------
Python(3314) MallocStackLogging: can't turn off malloc stack logging because it was not enabled.
________________________ test_cancel_out_of_create_form ________________________
[gw1] darwin -- Python 3.11.2 /Users/vk/Documents/NxtWash Automation/nxtwash-automation/venv/bin/python3.11
tests/admin_portal/custom_services/test_custom_services_positive.py:65: in test_cancel_out_of_create_form
    page = open_custom_services_page(browser)
           ^^^^^^^^^^^^^^^^^^^^^^^^^^^^^^^^^^
tests/admin_portal/custom_services/conftest.py:36: in open_custom_services_page
    open_admin_path(browser, "/services/customServices")
tests/admin_portal/admin_session.py:100: in open_admin_path
    ensure_admin_logged_in(browser)
tests/admin_portal/admin_session.py:53: in ensure_admin_logged_in
    if host not in browser.current_url:
                   ^^^^^^^^^^^^^^^^^^^
venv/lib/python3.11/site-packages/selenium/webdriver/remote/webdriver.py:602: in current_url
    return self.execute(Command.GET_CURRENT_URL)["value"]
           ^^^^^^^^^^^^^^^^^^^^^^^^^^^^^^^^^^^^^
venv/lib/python3.11/site-packages/selenium/webdriver/remote/webdriver.py:468: in execute
    self.error_handler.check_response(response)
venv/lib/python3.11/site-packages/selenium/webdriver/remote/errorhandler.py:232: in check_response
    raise exception_class(message, screen, stacktrace)
E   selenium.common.exceptions.TimeoutException: Message: timeout: Timed out receiving message from renderer: 60.000
E     (Session info: chrome=150.0.7871.182)
E   Stacktrace:
E   0   chromedriver                        0x0000000100a39a84 cxxbridge1$str$ptr + 3195292
E   1   chromedriver                        0x0000000100a31b4c cxxbridge1$str$ptr + 3162724
E   2   chromedriver                        0x00000001004db2a4 _RNvCs9NA52FrZ4pF_7___rustc35___rust_no_alloc_shim_is_unstable_v2 + 73836
E   3   chromedriver                        0x00000001004c5d20 cxxbridge1$string$len + 3628
E   4   chromedriver                        0x00000001004c5a80 cxxbridge1$string$len + 2956
E   5   chromedriver                        0x00000001004c3818 chromedriver + 227352
E   6   chromedriver                        0x00000001004c440c chromedriver + 230412
E   7   chromedriver                        0x00000001004d17a4 _RNvCs9NA52FrZ4pF_7___rustc35___rust_no_alloc_shim_is_unstable_v2 + 34156
E   8   chromedriver                        0x00000001004e7e1c _RNvCs9NA52FrZ4pF_7___rustc35___rust_no_alloc_shim_is_unstable_v2 + 125924
E   9   chromedriver                        0x00000001004c4a78 chromedriver + 232056
E   10  chromedriver                        0x00000001004e7c18 _RNvCs9NA52FrZ4pF_7___rustc35___rust_no_alloc_shim_is_unstable_v2 + 125408
E   11  chromedriver                        0x0000000100562f70 _RNvCs9NA52FrZ4pF_7___rustc35___rust_no_alloc_shim_is_unstable_v2 + 630072
E   12  chromedriver                        0x0000000100519434 _RNvCs9NA52FrZ4pF_7___rustc35___rust_no_alloc_shim_is_unstable_v2 + 328188
E   13  chromedriver                        0x00000001009f6c40 cxxbridge1$str$ptr + 2921304
E   14  chromedriver                        0x00000001009fa3b8 cxxbridge1$str$ptr + 2935504
E   15  chromedriver                        0x00000001009dd0f8 cxxbridge1$str$ptr + 2816016
E   16  chromedriver                        0x00000001009fac4c cxxbridge1$str$ptr + 2937700
E   17  chromedriver                        0x00000001009ce3b0 cxxbridge1$str$ptr + 2755272
E   18  chromedriver                        0x0000000100a201f4 cxxbridge1$str$ptr + 3090700
E   19  chromedriver                        0x0000000100a20354 cxxbridge1$str$ptr + 3091052
E   20  chromedriver                        0x0000000100a317a4 cxxbridge1$str$ptr + 3161788
E   21  libsystem_pthread.dylib             0x0000000199325c08 _pthread_start + 136
E   22  libsystem_pthread.dylib             0x0000000199320ba8 thread_start + 8
---------------------------- Captured stderr setup -----------------------------
Python(3157) MallocStackLogging: can't turn off malloc stack logging because it was not enabled.
_________________ test_create_form_has_save_and_cancel_buttons _________________
[gw1] darwin -- Python 3.11.2 /Users/vk/Documents/NxtWash Automation/nxtwash-automation/venv/bin/python3.11
tests/admin_portal/custom_services/test_custom_services_positive.py:79: in test_create_form_has_save_and_cancel_buttons
    page = open_custom_services_page(browser)
           ^^^^^^^^^^^^^^^^^^^^^^^^^^^^^^^^^^
tests/admin_portal/custom_services/conftest.py:36: in open_custom_services_page
    open_admin_path(browser, "/services/customServices")
tests/admin_portal/admin_session.py:100: in open_admin_path
    ensure_admin_logged_in(browser)
tests/admin_portal/admin_session.py:53: in ensure_admin_logged_in
    if host not in browser.current_url:
                   ^^^^^^^^^^^^^^^^^^^
venv/lib/python3.11/site-packages/selenium/webdriver/remote/webdriver.py:602: in current_url
    return self.execute(Command.GET_CURRENT_URL)["value"]
           ^^^^^^^^^^^^^^^^^^^^^^^^^^^^^^^^^^^^^
venv/lib/python3.11/site-packages/selenium/webdriver/remote/webdriver.py:468: in execute
    self.error_handler.check_response(response)
venv/lib/python3.11/site-packages/selenium/webdriver/remote/errorhandler.py:232: in check_response
    raise exception_class(message, screen, stacktrace)
E   selenium.common.exceptions.TimeoutException: Message: timeout: Timed out receiving message from renderer: 60.000
E     (Session info: chrome=150.0.7871.182)
E   Stacktrace:
E   0   chromedriver                        0x00000001048dda84 cxxbridge1$str$ptr + 3195292
E   1   chromedriver                        0x00000001048d5b4c cxxbridge1$str$ptr + 3162724
E   2   chromedriver                        0x000000010437f2a4 _RNvCs9NA52FrZ4pF_7___rustc35___rust_no_alloc_shim_is_unstable_v2 + 73836
E   3   chromedriver                        0x0000000104369d20 cxxbridge1$string$len + 3628
E   4   chromedriver                        0x0000000104369a80 cxxbridge1$string$len + 2956
E   5   chromedriver                        0x0000000104367818 chromedriver + 227352
E   6   chromedriver                        0x000000010436840c chromedriver + 230412
E   7   chromedriver                        0x00000001043757a4 _RNvCs9NA52FrZ4pF_7___rustc35___rust_no_alloc_shim_is_unstable_v2 + 34156
E   8   chromedriver                        0x000000010438be1c _RNvCs9NA52FrZ4pF_7___rustc35___rust_no_alloc_shim_is_unstable_v2 + 125924
E   9   chromedriver                        0x0000000104368a78 chromedriver + 232056
E   10  chromedriver                        0x000000010438bc18 _RNvCs9NA52FrZ4pF_7___rustc35___rust_no_alloc_shim_is_unstable_v2 + 125408
E   11  chromedriver                        0x0000000104406f70 _RNvCs9NA52FrZ4pF_7___rustc35___rust_no_alloc_shim_is_unstable_v2 + 630072
E   12  chromedriver                        0x00000001043bd434 _RNvCs9NA52FrZ4pF_7___rustc35___rust_no_alloc_shim_is_unstable_v2 + 328188
E   13  chromedriver                        0x000000010489ac40 cxxbridge1$str$ptr + 2921304
E   14  chromedriver                        0x000000010489e3b8 cxxbridge1$str$ptr + 2935504
E   15  chromedriver                        0x00000001048810f8 cxxbridge1$str$ptr + 2816016
E   16  chromedriver                        0x000000010489ec4c cxxbridge1$str$ptr + 2937700
E   17  chromedriver                        0x00000001048723b0 cxxbridge1$str$ptr + 2755272
E   18  chromedriver                        0x00000001048c41f4 cxxbridge1$str$ptr + 3090700
E   19  chromedriver                        0x00000001048c4354 cxxbridge1$str$ptr + 3091052
E   20  chromedriver                        0x00000001048d57a4 cxxbridge1$str$ptr + 3161788
E   21  libsystem_pthread.dylib             0x0000000199325c08 _pthread_start + 136
E   22  libsystem_pthread.dylib             0x0000000199320ba8 thread_start + 8
---------------------------- Captured stderr setup -----------------------------
Python(4027) MallocStackLogging: can't turn off malloc stack logging because it was not enabled.
_____________________ test_site_and_active_filter_combined _____________________
[gw1] darwin -- Python 3.11.2 /Users/vk/Documents/NxtWash Automation/nxtwash-automation/venv/bin/python3.11
tests/admin_portal/custom_services/test_custom_services_search_filter.py:144: in test_site_and_active_filter_combined
    names = page.get_visible_service_names()
            ^^^^^^^^^^^^^^^^^^^^^^^^^^^^^^^^
pages/admin_portal/custom_services_page.py:262: in get_visible_service_names
    if not row.is_displayed():
           ^^^^^^^^^^^^^^^^^^
venv/lib/python3.11/site-packages/selenium/webdriver/remote/webelement.py:308: in is_displayed
    return self.parent.execute_script(f"/* isDisplayed */return ({isDisplayed_js}).apply(null, arguments);", self)
           ^^^^^^^^^^^^^^^^^^^^^^^^^^^^^^^^^^^^^^^^^^^^^^^^^^^^^^^^^^^^^^^^^^^^^^^^^^^^^^^^^^^^^^^^^^^^^^^^^^^^^^^
venv/lib/python3.11/site-packages/selenium/webdriver/remote/webdriver.py:578: in execute_script
    return self.execute(command, {"script": script, "args": converted_args})["value"]
           ^^^^^^^^^^^^^^^^^^^^^^^^^^^^^^^^^^^^^^^^^^^^^^^^^^^^^^^^^^^^^^^^^
venv/lib/python3.11/site-packages/selenium/webdriver/remote/webdriver.py:468: in execute
    self.error_handler.check_response(response)
venv/lib/python3.11/site-packages/selenium/webdriver/remote/errorhandler.py:232: in check_response
    raise exception_class(message, screen, stacktrace)
E   selenium.common.exceptions.StaleElementReferenceException: Message: stale element reference: stale element not found in the current frame
E     (Session info: chrome=150.0.7871.182); For documentation on this error, please visit: https://www.selenium.dev/documentation/webdriver/troubleshooting/errors#staleelementreferenceexception
E   Stacktrace:
E   0   chromedriver                        0x0000000101071a84 cxxbridge1$str$ptr + 3195292
E   1   chromedriver                        0x0000000101069b4c cxxbridge1$str$ptr + 3162724
E   2   chromedriver                        0x0000000100b132a4 _RNvCs9NA52FrZ4pF_7___rustc35___rust_no_alloc_shim_is_unstable_v2 + 73836
E   3   chromedriver                        0x0000000100b19464 _RNvCs9NA52FrZ4pF_7___rustc35___rust_no_alloc_shim_is_unstable_v2 + 98860
E   4   chromedriver                        0x0000000100b1b92c _RNvCs9NA52FrZ4pF_7___rustc35___rust_no_alloc_shim_is_unstable_v2 + 108276
E   5   chromedriver                        0x0000000100b9bd54 _RNvCs9NA52FrZ4pF_7___rustc35___rust_no_alloc_shim_is_unstable_v2 + 633628
E   6   chromedriver                        0x0000000100b9b030 _RNvCs9NA52FrZ4pF_7___rustc35___rust_no_alloc_shim_is_unstable_v2 + 630264
E   7   chromedriver                        0x0000000100b51434 _RNvCs9NA52FrZ4pF_7___rustc35___rust_no_alloc_shim_is_unstable_v2 + 328188
E   8   chromedriver                        0x000000010102ec40 cxxbridge1$str$ptr + 2921304
E   9   chromedriver                        0x00000001010323b8 cxxbridge1$str$ptr + 2935504
E   10  chromedriver                        0x00000001010150f8 cxxbridge1$str$ptr + 2816016
E   11  chromedriver                        0x0000000101032c4c cxxbridge1$str$ptr + 2937700
E   12  chromedriver                        0x00000001010063b0 cxxbridge1$str$ptr + 2755272
E   13  chromedriver                        0x00000001010581f4 cxxbridge1$str$ptr + 3090700
E   14  chromedriver                        0x0000000101058354 cxxbridge1$str$ptr + 3091052
E   15  chromedriver                        0x00000001010697a4 cxxbridge1$str$ptr + 3161788
E   16  libsystem_pthread.dylib             0x0000000199325c08 _pthread_start + 136
E   17  libsystem_pthread.dylib             0x0000000199320ba8 thread_start + 8
---------------------------- Captured stderr setup -----------------------------
Python(6075) MallocStackLogging: can't turn off malloc stack logging because it was not enabled.
______________________ test_reset_filters_clears_filters _______________________
[gw1] darwin -- Python 3.11.2 /Users/vk/Documents/NxtWash Automation/nxtwash-automation/venv/bin/python3.11
tests/admin_portal/custom_services/test_custom_services_search_filter.py:160: in test_reset_filters_clears_filters
    assert SERVICE_NAME in names
E   AssertionError: assert 'VK ACS3' in ['VK discount-7e522c', 'VK discount-7e522c', 'VK barcode-e7de85', 'VK barcode-e7de85', 'VK taxex-00df13', 'VK taxex-00df13', ...]
---------------------------- Captured stderr setup -----------------------------
Python(7061) MallocStackLogging: can't turn off malloc stack logging because it was not enabled.
__________________ test_created_service_persists_after_reload __________________
[gw0] darwin -- Python 3.11.2 /Users/vk/Documents/NxtWash Automation/nxtwash-automation/venv/bin/python3.11
tests/admin_portal/custom_services/test_custom_services_positive.py:262: in test_created_service_persists_after_reload
    create_service_if_missing(browser)
tests/admin_portal/custom_services/conftest.py:46: in create_service_if_missing
    page = open_custom_services_page(browser)
           ^^^^^^^^^^^^^^^^^^^^^^^^^^^^^^^^^^
tests/admin_portal/custom_services/conftest.py:36: in open_custom_services_page
    open_admin_path(browser, "/services/customServices")
tests/admin_portal/admin_session.py:100: in open_admin_path
    ensure_admin_logged_in(browser)
tests/admin_portal/admin_session.py:53: in ensure_admin_logged_in
    if host not in browser.current_url:
                   ^^^^^^^^^^^^^^^^^^^
venv/lib/python3.11/site-packages/selenium/webdriver/remote/webdriver.py:602: in current_url
    return self.execute(Command.GET_CURRENT_URL)["value"]
           ^^^^^^^^^^^^^^^^^^^^^^^^^^^^^^^^^^^^^
venv/lib/python3.11/site-packages/selenium/webdriver/remote/webdriver.py:468: in execute
    self.error_handler.check_response(response)
venv/lib/python3.11/site-packages/selenium/webdriver/remote/errorhandler.py:232: in check_response
    raise exception_class(message, screen, stacktrace)
E   selenium.common.exceptions.TimeoutException: Message: timeout: Timed out receiving message from renderer: 60.000
E     (Session info: chrome=150.0.7871.182)
E   Stacktrace:
E   0   chromedriver                        0x0000000104a11a84 cxxbridge1$str$ptr + 3195292
E   1   chromedriver                        0x0000000104a09b4c cxxbridge1$str$ptr + 3162724
E   2   chromedriver                        0x00000001044b32a4 _RNvCs9NA52FrZ4pF_7___rustc35___rust_no_alloc_shim_is_unstable_v2 + 73836
E   3   chromedriver                        0x000000010449dd20 cxxbridge1$string$len + 3628
E   4   chromedriver                        0x000000010449da80 cxxbridge1$string$len + 2956
E   5   chromedriver                        0x000000010449b818 chromedriver + 227352
E   6   chromedriver                        0x000000010449c40c chromedriver + 230412
E   7   chromedriver                        0x00000001044a97a4 _RNvCs9NA52FrZ4pF_7___rustc35___rust_no_alloc_shim_is_unstable_v2 + 34156
E   8   chromedriver                        0x00000001044bfe1c _RNvCs9NA52FrZ4pF_7___rustc35___rust_no_alloc_shim_is_unstable_v2 + 125924
E   9   chromedriver                        0x000000010449ca78 chromedriver + 232056
E   10  chromedriver                        0x00000001044bfc18 _RNvCs9NA52FrZ4pF_7___rustc35___rust_no_alloc_shim_is_unstable_v2 + 125408
E   11  chromedriver                        0x000000010453af70 _RNvCs9NA52FrZ4pF_7___rustc35___rust_no_alloc_shim_is_unstable_v2 + 630072
E   12  chromedriver                        0x00000001044f1434 _RNvCs9NA52FrZ4pF_7___rustc35___rust_no_alloc_shim_is_unstable_v2 + 328188
E   13  chromedriver                        0x00000001049cec40 cxxbridge1$str$ptr + 2921304
E   14  chromedriver                        0x00000001049d23b8 cxxbridge1$str$ptr + 2935504
E   15  chromedriver                        0x00000001049b50f8 cxxbridge1$str$ptr + 2816016
E   16  chromedriver                        0x00000001049d2c4c cxxbridge1$str$ptr + 2937700
E   17  chromedriver                        0x00000001049a63b0 cxxbridge1$str$ptr + 2755272
E   18  chromedriver                        0x00000001049f81f4 cxxbridge1$str$ptr + 3090700
E   19  chromedriver                        0x00000001049f8354 cxxbridge1$str$ptr + 3091052
E   20  chromedriver                        0x0000000104a097a4 cxxbridge1$str$ptr + 3161788
E   21  libsystem_pthread.dylib             0x0000000199325c08 _pthread_start + 136
E   22  libsystem_pthread.dylib             0x0000000199320ba8 thread_start + 8
---------------------------- Captured stderr setup -----------------------------
Python(7253) MallocStackLogging: can't turn off malloc stack logging because it was not enabled.
_______________________ test_search_partial_service_name _______________________
[gw0] darwin -- Python 3.11.2 /Users/vk/Documents/NxtWash Automation/nxtwash-automation/venv/bin/python3.11
tests/admin_portal/custom_services/test_custom_services_search_filter.py:43: in test_search_partial_service_name
    create_service_if_missing(browser)
tests/admin_portal/custom_services/conftest.py:46: in create_service_if_missing
    page = open_custom_services_page(browser)
           ^^^^^^^^^^^^^^^^^^^^^^^^^^^^^^^^^^
tests/admin_portal/custom_services/conftest.py:36: in open_custom_services_page
    open_admin_path(browser, "/services/customServices")
tests/admin_portal/admin_session.py:100: in open_admin_path
    ensure_admin_logged_in(browser)
tests/admin_portal/admin_session.py:53: in ensure_admin_logged_in
    if host not in browser.current_url:
                   ^^^^^^^^^^^^^^^^^^^
venv/lib/python3.11/site-packages/selenium/webdriver/remote/webdriver.py:602: in current_url
    return self.execute(Command.GET_CURRENT_URL)["value"]
           ^^^^^^^^^^^^^^^^^^^^^^^^^^^^^^^^^^^^^
venv/lib/python3.11/site-packages/selenium/webdriver/remote/webdriver.py:468: in execute
    self.error_handler.check_response(response)
venv/lib/python3.11/site-packages/selenium/webdriver/remote/errorhandler.py:232: in check_response
    raise exception_class(message, screen, stacktrace)
E   selenium.common.exceptions.TimeoutException: Message: timeout: Timed out receiving message from renderer: 60.000
E     (Session info: chrome=150.0.7871.182)
E   Stacktrace:
E   0   chromedriver                        0x00000001010ada84 cxxbridge1$str$ptr + 3195292
E   1   chromedriver                        0x00000001010a5b4c cxxbridge1$str$ptr + 3162724
E   2   chromedriver                        0x0000000100b4f2a4 _RNvCs9NA52FrZ4pF_7___rustc35___rust_no_alloc_shim_is_unstable_v2 + 73836
E   3   chromedriver                        0x0000000100b39d20 cxxbridge1$string$len + 3628
E   4   chromedriver                        0x0000000100b39a80 cxxbridge1$string$len + 2956
E   5   chromedriver                        0x0000000100b37818 chromedriver + 227352
E   6   chromedriver                        0x0000000100b3840c chromedriver + 230412
E   7   chromedriver                        0x0000000100b457a4 _RNvCs9NA52FrZ4pF_7___rustc35___rust_no_alloc_shim_is_unstable_v2 + 34156
E   8   chromedriver                        0x0000000100b5be1c _RNvCs9NA52FrZ4pF_7___rustc35___rust_no_alloc_shim_is_unstable_v2 + 125924
E   9   chromedriver                        0x0000000100b38a78 chromedriver + 232056
E   10  chromedriver                        0x0000000100b5bc18 _RNvCs9NA52FrZ4pF_7___rustc35___rust_no_alloc_shim_is_unstable_v2 + 125408
E   11  chromedriver                        0x0000000100bd6f70 _RNvCs9NA52FrZ4pF_7___rustc35___rust_no_alloc_shim_is_unstable_v2 + 630072
E   12  chromedriver                        0x0000000100b8d434 _RNvCs9NA52FrZ4pF_7___rustc35___rust_no_alloc_shim_is_unstable_v2 + 328188
E   13  chromedriver                        0x000000010106ac40 cxxbridge1$str$ptr + 2921304
E   14  chromedriver                        0x000000010106e3b8 cxxbridge1$str$ptr + 2935504
E   15  chromedriver                        0x00000001010510f8 cxxbridge1$str$ptr + 2816016
E   16  chromedriver                        0x000000010106ec4c cxxbridge1$str$ptr + 2937700
E   17  chromedriver                        0x00000001010423b0 cxxbridge1$str$ptr + 2755272
E   18  chromedriver                        0x00000001010941f4 cxxbridge1$str$ptr + 3090700
E   19  chromedriver                        0x0000000101094354 cxxbridge1$str$ptr + 3091052
E   20  chromedriver                        0x00000001010a57a4 cxxbridge1$str$ptr + 3161788
E   21  libsystem_pthread.dylib             0x0000000199325c08 _pthread_start + 136
E   22  libsystem_pthread.dylib             0x0000000199320ba8 thread_start + 8
---------------------------- Captured stderr setup -----------------------------
Python(8976) MallocStackLogging: can't turn off malloc stack logging because it was not enabled.
________________ test_search_non_existing_service_returns_empty ________________
[gw0] darwin -- Python 3.11.2 /Users/vk/Documents/NxtWash Automation/nxtwash-automation/venv/bin/python3.11
tests/admin_portal/custom_services/test_custom_services_search_filter.py:57: in test_search_non_existing_service_returns_empty
    page = open_custom_services_page(browser)
           ^^^^^^^^^^^^^^^^^^^^^^^^^^^^^^^^^^
tests/admin_portal/custom_services/conftest.py:36: in open_custom_services_page
    open_admin_path(browser, "/services/customServices")
tests/admin_portal/admin_session.py:100: in open_admin_path
    ensure_admin_logged_in(browser)
tests/admin_portal/admin_session.py:53: in ensure_admin_logged_in
    if host not in browser.current_url:
                   ^^^^^^^^^^^^^^^^^^^
venv/lib/python3.11/site-packages/selenium/webdriver/remote/webdriver.py:602: in current_url
    return self.execute(Command.GET_CURRENT_URL)["value"]
           ^^^^^^^^^^^^^^^^^^^^^^^^^^^^^^^^^^^^^
venv/lib/python3.11/site-packages/selenium/webdriver/remote/webdriver.py:468: in execute
    self.error_handler.check_response(response)
venv/lib/python3.11/site-packages/selenium/webdriver/remote/errorhandler.py:232: in check_response
    raise exception_class(message, screen, stacktrace)
E   selenium.common.exceptions.TimeoutException: Message: timeout: Timed out receiving message from renderer: 60.000
E     (Session info: chrome=150.0.7871.182)
E   Stacktrace:
E   0   chromedriver                        0x0000000100cf1a84 cxxbridge1$str$ptr + 3195292
E   1   chromedriver                        0x0000000100ce9b4c cxxbridge1$str$ptr + 3162724
E   2   chromedriver                        0x00000001007932a4 _RNvCs9NA52FrZ4pF_7___rustc35___rust_no_alloc_shim_is_unstable_v2 + 73836
E   3   chromedriver                        0x000000010077dd20 cxxbridge1$string$len + 3628
E   4   chromedriver                        0x000000010077da80 cxxbridge1$string$len + 2956
E   5   chromedriver                        0x000000010077b818 chromedriver + 227352
E   6   chromedriver                        0x000000010077c40c chromedriver + 230412
E   7   chromedriver                        0x00000001007897a4 _RNvCs9NA52FrZ4pF_7___rustc35___rust_no_alloc_shim_is_unstable_v2 + 34156
E   8   chromedriver                        0x000000010079fe1c _RNvCs9NA52FrZ4pF_7___rustc35___rust_no_alloc_shim_is_unstable_v2 + 125924
E   9   chromedriver                        0x000000010077ca78 chromedriver + 232056
E   10  chromedriver                        0x000000010079fc18 _RNvCs9NA52FrZ4pF_7___rustc35___rust_no_alloc_shim_is_unstable_v2 + 125408
E   11  chromedriver                        0x000000010081af70 _RNvCs9NA52FrZ4pF_7___rustc35___rust_no_alloc_shim_is_unstable_v2 + 630072
E   12  chromedriver                        0x00000001007d1434 _RNvCs9NA52FrZ4pF_7___rustc35___rust_no_alloc_shim_is_unstable_v2 + 328188
E   13  chromedriver                        0x0000000100caec40 cxxbridge1$str$ptr + 2921304
E   14  chromedriver                        0x0000000100cb23b8 cxxbridge1$str$ptr + 2935504
E   15  chromedriver                        0x0000000100c950f8 cxxbridge1$str$ptr + 2816016
E   16  chromedriver                        0x0000000100cb2c4c cxxbridge1$str$ptr + 2937700
E   17  chromedriver                        0x0000000100c863b0 cxxbridge1$str$ptr + 2755272
E   18  chromedriver                        0x0000000100cd81f4 cxxbridge1$str$ptr + 3090700
E   19  chromedriver                        0x0000000100cd8354 cxxbridge1$str$ptr + 3091052
E   20  chromedriver                        0x0000000100ce97a4 cxxbridge1$str$ptr + 3161788
E   21  libsystem_pthread.dylib             0x0000000199325c08 _pthread_start + 136
E   22  libsystem_pthread.dylib             0x0000000199320ba8 thread_start + 8
---------------------------- Captured stderr setup -----------------------------
Python(9755) MallocStackLogging: can't turn off malloc stack logging because it was not enabled.
_________________ test_submit_without_global_price_shows_error _________________
[gw1] darwin -- Python 3.11.2 /Users/vk/Documents/NxtWash Automation/nxtwash-automation/venv/bin/python3.11
tests/admin_portal/custom_services/test_custom_services_validation.py:58: in test_submit_without_global_price_shows_error
    page = open_custom_services_page(browser)
           ^^^^^^^^^^^^^^^^^^^^^^^^^^^^^^^^^^
tests/admin_portal/custom_services/conftest.py:36: in open_custom_services_page
    open_admin_path(browser, "/services/customServices")
tests/admin_portal/admin_session.py:100: in open_admin_path
    ensure_admin_logged_in(browser)
tests/admin_portal/admin_session.py:53: in ensure_admin_logged_in
    if host not in browser.current_url:
                   ^^^^^^^^^^^^^^^^^^^
venv/lib/python3.11/site-packages/selenium/webdriver/remote/webdriver.py:602: in current_url
    return self.execute(Command.GET_CURRENT_URL)["value"]
           ^^^^^^^^^^^^^^^^^^^^^^^^^^^^^^^^^^^^^
venv/lib/python3.11/site-packages/selenium/webdriver/remote/webdriver.py:468: in execute
    self.error_handler.check_response(response)
venv/lib/python3.11/site-packages/selenium/webdriver/remote/errorhandler.py:232: in check_response
    raise exception_class(message, screen, stacktrace)
E   selenium.common.exceptions.TimeoutException: Message: timeout: Timed out receiving message from renderer: 60.000
E     (Session info: chrome=150.0.7871.182)
E   Stacktrace:
E   0   chromedriver                        0x0000000104ad1a84 cxxbridge1$str$ptr + 3195292
E   1   chromedriver                        0x0000000104ac9b4c cxxbridge1$str$ptr + 3162724
E   2   chromedriver                        0x00000001045732a4 _RNvCs9NA52FrZ4pF_7___rustc35___rust_no_alloc_shim_is_unstable_v2 + 73836
E   3   chromedriver                        0x000000010455dd20 cxxbridge1$string$len + 3628
E   4   chromedriver                        0x000000010455da80 cxxbridge1$string$len + 2956
E   5   chromedriver                        0x000000010455b818 chromedriver + 227352
E   6   chromedriver                        0x000000010455c40c chromedriver + 230412
E   7   chromedriver                        0x00000001045697a4 _RNvCs9NA52FrZ4pF_7___rustc35___rust_no_alloc_shim_is_unstable_v2 + 34156
E   8   chromedriver                        0x000000010457fe1c _RNvCs9NA52FrZ4pF_7___rustc35___rust_no_alloc_shim_is_unstable_v2 + 125924
E   9   chromedriver                        0x000000010455ca78 chromedriver + 232056
E   10  chromedriver                        0x000000010457fc18 _RNvCs9NA52FrZ4pF_7___rustc35___rust_no_alloc_shim_is_unstable_v2 + 125408
E   11  chromedriver                        0x00000001045faf70 _RNvCs9NA52FrZ4pF_7___rustc35___rust_no_alloc_shim_is_unstable_v2 + 630072
E   12  chromedriver                        0x00000001045b1434 _RNvCs9NA52FrZ4pF_7___rustc35___rust_no_alloc_shim_is_unstable_v2 + 328188
E   13  chromedriver                        0x0000000104a8ec40 cxxbridge1$str$ptr + 2921304
E   14  chromedriver                        0x0000000104a923b8 cxxbridge1$str$ptr + 2935504
E   15  chromedriver                        0x0000000104a750f8 cxxbridge1$str$ptr + 2816016
E   16  chromedriver                        0x0000000104a92c4c cxxbridge1$str$ptr + 2937700
E   17  chromedriver                        0x0000000104a663b0 cxxbridge1$str$ptr + 2755272
E   18  chromedriver                        0x0000000104ab81f4 cxxbridge1$str$ptr + 3090700
E   19  chromedriver                        0x0000000104ab8354 cxxbridge1$str$ptr + 3091052
E   20  chromedriver                        0x0000000104ac97a4 cxxbridge1$str$ptr + 3161788
E   21  libsystem_pthread.dylib             0x0000000199325c08 _pthread_start + 136
E   22  libsystem_pthread.dylib             0x0000000199320ba8 thread_start + 8
---------------------------- Captured stderr setup -----------------------------
Python(10256) MallocStackLogging: can't turn off malloc stack logging because it was not enabled.
_____________________ test_clear_search_restores_full_list _____________________
[gw0] darwin -- Python 3.11.2 /Users/vk/Documents/NxtWash Automation/nxtwash-automation/venv/bin/python3.11
tests/admin_portal/custom_services/test_custom_services_search_filter.py:75: in test_clear_search_restores_full_list
    assert SERVICE_NAME in names
E   AssertionError: assert 'VK ACS3' in []
---------------------------- Captured stderr setup -----------------------------
Python(10587) MallocStackLogging: can't turn off malloc stack logging because it was not enabled.
_________________ test_active_service_filter_shows_active_only _________________
[gw0] darwin -- Python 3.11.2 /Users/vk/Documents/NxtWash Automation/nxtwash-automation/venv/bin/python3.11
tests/admin_portal/custom_services/test_custom_services_search_filter.py:104: in test_active_service_filter_shows_active_only
    assert SERVICE_NAME in body
E   AssertionError: assert 'VK ACS3' in 'Custom services\nFilter by (1)\n+ Add new custom service\nService name\nCategory\nPrice\nStatus\nNo records available\nPage\nof\n0\nResults per page\n100\nShowing 0 - 0 of 0'
---------------------------- Captured stderr setup -----------------------------
Python(12292) MallocStackLogging: can't turn off malloc stack logging because it was not enabled.
____________ test_gift_card_appears_in_customer_gift_card_dropdown _____________
[gw1] darwin -- Python 3.11.2 /Users/vk/Documents/NxtWash Automation/nxtwash-automation/venv/bin/python3.11
tests/admin_portal/gift_cards/test_gift_cards_positive.py:84: in test_gift_card_appears_in_customer_gift_card_dropdown
    page = open_gift_cards_page(browser)
           ^^^^^^^^^^^^^^^^^^^^^^^^^^^^^
tests/admin_portal/gift_cards/conftest.py:36: in open_gift_cards_page
    page.reset_all_filters()
pages/admin_portal/gift_cards_page.py:986: in reset_all_filters
    self.wait.until(
venv/lib/python3.11/site-packages/selenium/webdriver/support/wait.py:112: in until
    value = method(self._driver)
            ^^^^^^^^^^^^^^^^^^^^
pages/admin_portal/gift_cards_page.py:987: in <lambda>
    lambda d: not any(
pages/admin_portal/gift_cards_page.py:988: in <genexpr>
    el.is_displayed()
venv/lib/python3.11/site-packages/selenium/webdriver/remote/webelement.py:308: in is_displayed
    return self.parent.execute_script(f"/* isDisplayed */return ({isDisplayed_js}).apply(null, arguments);", self)
           ^^^^^^^^^^^^^^^^^^^^^^^^^^^^^^^^^^^^^^^^^^^^^^^^^^^^^^^^^^^^^^^^^^^^^^^^^^^^^^^^^^^^^^^^^^^^^^^^^^^^^^^
venv/lib/python3.11/site-packages/selenium/webdriver/remote/webdriver.py:578: in execute_script
    return self.execute(command, {"script": script, "args": converted_args})["value"]
           ^^^^^^^^^^^^^^^^^^^^^^^^^^^^^^^^^^^^^^^^^^^^^^^^^^^^^^^^^^^^^^^^^
venv/lib/python3.11/site-packages/selenium/webdriver/remote/webdriver.py:468: in execute
    self.error_handler.check_response(response)
venv/lib/python3.11/site-packages/selenium/webdriver/remote/errorhandler.py:232: in check_response
    raise exception_class(message, screen, stacktrace)
E   selenium.common.exceptions.StaleElementReferenceException: Message: stale element reference: stale element not found in the current frame
E     (Session info: chrome=150.0.7871.182); For documentation on this error, please visit: https://www.selenium.dev/documentation/webdriver/troubleshooting/errors#staleelementreferenceexception
E   Stacktrace:
E   0   chromedriver                        0x0000000102c2da84 cxxbridge1$str$ptr + 3195292
E   1   chromedriver                        0x0000000102c25b4c cxxbridge1$str$ptr + 3162724
E   2   chromedriver                        0x00000001026cf2a4 _RNvCs9NA52FrZ4pF_7___rustc35___rust_no_alloc_shim_is_unstable_v2 + 73836
E   3   chromedriver                        0x00000001026d5464 _RNvCs9NA52FrZ4pF_7___rustc35___rust_no_alloc_shim_is_unstable_v2 + 98860
E   4   chromedriver                        0x00000001026d792c _RNvCs9NA52FrZ4pF_7___rustc35___rust_no_alloc_shim_is_unstable_v2 + 108276
E   5   chromedriver                        0x0000000102757d54 _RNvCs9NA52FrZ4pF_7___rustc35___rust_no_alloc_shim_is_unstable_v2 + 633628
E   6   chromedriver                        0x0000000102757030 _RNvCs9NA52FrZ4pF_7___rustc35___rust_no_alloc_shim_is_unstable_v2 + 630264
E   7   chromedriver                        0x000000010270d434 _RNvCs9NA52FrZ4pF_7___rustc35___rust_no_alloc_shim_is_unstable_v2 + 328188
E   8   chromedriver                        0x0000000102beac40 cxxbridge1$str$ptr + 2921304
E   9   chromedriver                        0x0000000102bee3b8 cxxbridge1$str$ptr + 2935504
E   10  chromedriver                        0x0000000102bd10f8 cxxbridge1$str$ptr + 2816016
E   11  chromedriver                        0x0000000102beec4c cxxbridge1$str$ptr + 2937700
E   12  chromedriver                        0x0000000102bc23b0 cxxbridge1$str$ptr + 2755272
E   13  chromedriver                        0x0000000102c141f4 cxxbridge1$str$ptr + 3090700
E   14  chromedriver                        0x0000000102c14354 cxxbridge1$str$ptr + 3091052
E   15  chromedriver                        0x0000000102c257a4 cxxbridge1$str$ptr + 3161788
E   16  libsystem_pthread.dylib             0x0000000199325c08 _pthread_start + 136
E   17  libsystem_pthread.dylib             0x0000000199320ba8 thread_start + 8
---------------------------- Captured stderr setup -----------------------------
Python(15284) MallocStackLogging: can't turn off malloc stack logging because it was not enabled.
_____________________ test_edit_customer_gift_card_amount ______________________
[gw0] darwin -- Python 3.11.2 /Users/vk/Documents/NxtWash Automation/nxtwash-automation/venv/bin/python3.11
tests/admin_portal/gift_cards/test_gift_cards_edit.py:102: in test_edit_customer_gift_card_amount
    page = create_customer_gift_card_if_missing(browser)
           ^^^^^^^^^^^^^^^^^^^^^^^^^^^^^^^^^^^^^^^^^^^^^
tests/admin_portal/gift_cards/conftest.py:87: in create_customer_gift_card_if_missing
    page.open_edit_customer_gift_card(CUSTOMER_GIFT_CARD_NUMBER)
pages/admin_portal/gift_cards_page.py:1036: in open_edit_customer_gift_card
    self.wait_for_customer_edit_loaded()
pages/admin_portal/gift_cards_page.py:1003: in wait_for_customer_edit_loaded
    self.wait.until(
venv/lib/python3.11/site-packages/selenium/webdriver/support/wait.py:121: in until
    raise TimeoutException(message, screen, stacktrace)
E   selenium.common.exceptions.TimeoutException: Message: 
E   Stacktrace:
E   0   chromedriver                        0x00000001009a5a84 cxxbridge1$str$ptr + 3195292
E   1   chromedriver                        0x000000010099db4c cxxbridge1$str$ptr + 3162724
E   2   chromedriver                        0x00000001004472a4 _RNvCs9NA52FrZ4pF_7___rustc35___rust_no_alloc_shim_is_unstable_v2 + 73836
E   3   chromedriver                        0x000000010048fa44 _RNvCs9NA52FrZ4pF_7___rustc35___rust_no_alloc_shim_is_unstable_v2 + 370700
E   4   chromedriver                        0x00000001004cf030 _RNvCs9NA52FrZ4pF_7___rustc35___rust_no_alloc_shim_is_unstable_v2 + 630264
E   5   chromedriver                        0x0000000100485434 _RNvCs9NA52FrZ4pF_7___rustc35___rust_no_alloc_shim_is_unstable_v2 + 328188
E   6   chromedriver                        0x0000000100962c40 cxxbridge1$str$ptr + 2921304
E   7   chromedriver                        0x00000001009663b8 cxxbridge1$str$ptr + 2935504
E   8   chromedriver                        0x00000001009490f8 cxxbridge1$str$ptr + 2816016
E   9   chromedriver                        0x0000000100966c4c cxxbridge1$str$ptr + 2937700
E   10  chromedriver                        0x000000010093a3b0 cxxbridge1$str$ptr + 2755272
E   11  chromedriver                        0x000000010098c1f4 cxxbridge1$str$ptr + 3090700
E   12  chromedriver                        0x000000010098c354 cxxbridge1$str$ptr + 3091052
E   13  chromedriver                        0x000000010099d7a4 cxxbridge1$str$ptr + 3161788
E   14  libsystem_pthread.dylib             0x0000000199325c08 _pthread_start + 136
E   15  libsystem_pthread.dylib             0x0000000199320ba8 thread_start + 8
---------------------------- Captured stderr setup -----------------------------
Python(15281) MallocStackLogging: can't turn off malloc stack logging because it was not enabled.
_________________ test_create_customer_gift_card_from_template _________________
[gw1] darwin -- Python 3.11.2 /Users/vk/Documents/NxtWash Automation/nxtwash-automation/venv/bin/python3.11
tests/admin_portal/gift_cards/test_gift_cards_positive.py:96: in test_create_customer_gift_card_from_template
    page = create_customer_gift_card_if_missing(browser)
           ^^^^^^^^^^^^^^^^^^^^^^^^^^^^^^^^^^^^^^^^^^^^^
tests/admin_portal/gift_cards/conftest.py:86: in create_customer_gift_card_if_missing
    page = open_customer_gift_cards_page(browser)
           ^^^^^^^^^^^^^^^^^^^^^^^^^^^^^^^^^^^^^^
tests/admin_portal/gift_cards/conftest.py:75: in open_customer_gift_cards_page
    page = create_gift_card_if_missing(browser)
           ^^^^^^^^^^^^^^^^^^^^^^^^^^^^^^^^^^^^
tests/admin_portal/gift_cards/conftest.py:55: in create_gift_card_if_missing
    page = open_gift_cards_page(browser)
           ^^^^^^^^^^^^^^^^^^^^^^^^^^^^^
tests/admin_portal/gift_cards/conftest.py:36: in open_gift_cards_page
    page.reset_all_filters()
pages/admin_portal/gift_cards_page.py:986: in reset_all_filters
    self.wait.until(
venv/lib/python3.11/site-packages/selenium/webdriver/support/wait.py:112: in until
    value = method(self._driver)
            ^^^^^^^^^^^^^^^^^^^^
pages/admin_portal/gift_cards_page.py:987: in <lambda>
    lambda d: not any(
pages/admin_portal/gift_cards_page.py:988: in <genexpr>
    el.is_displayed()
venv/lib/python3.11/site-packages/selenium/webdriver/remote/webelement.py:308: in is_displayed
    return self.parent.execute_script(f"/* isDisplayed */return ({isDisplayed_js}).apply(null, arguments);", self)
           ^^^^^^^^^^^^^^^^^^^^^^^^^^^^^^^^^^^^^^^^^^^^^^^^^^^^^^^^^^^^^^^^^^^^^^^^^^^^^^^^^^^^^^^^^^^^^^^^^^^^^^^
venv/lib/python3.11/site-packages/selenium/webdriver/remote/webdriver.py:578: in execute_script
    return self.execute(command, {"script": script, "args": converted_args})["value"]
           ^^^^^^^^^^^^^^^^^^^^^^^^^^^^^^^^^^^^^^^^^^^^^^^^^^^^^^^^^^^^^^^^^
venv/lib/python3.11/site-packages/selenium/webdriver/remote/webdriver.py:468: in execute
    self.error_handler.check_response(response)
venv/lib/python3.11/site-packages/selenium/webdriver/remote/errorhandler.py:232: in check_response
    raise exception_class(message, screen, stacktrace)
E   selenium.common.exceptions.StaleElementReferenceException: Message: stale element reference: stale element not found in the current frame
E     (Session info: chrome=150.0.7871.182); For documentation on this error, please visit: https://www.selenium.dev/documentation/webdriver/troubleshooting/errors#staleelementreferenceexception
E   Stacktrace:
E   0   chromedriver                        0x0000000103429a84 cxxbridge1$str$ptr + 3195292
E   1   chromedriver                        0x0000000103421b4c cxxbridge1$str$ptr + 3162724
E   2   chromedriver                        0x0000000102ecb2a4 _RNvCs9NA52FrZ4pF_7___rustc35___rust_no_alloc_shim_is_unstable_v2 + 73836
E   3   chromedriver                        0x0000000102ed1464 _RNvCs9NA52FrZ4pF_7___rustc35___rust_no_alloc_shim_is_unstable_v2 + 98860
E   4   chromedriver                        0x0000000102ed392c _RNvCs9NA52FrZ4pF_7___rustc35___rust_no_alloc_shim_is_unstable_v2 + 108276
E   5   chromedriver                        0x0000000102f53d54 _RNvCs9NA52FrZ4pF_7___rustc35___rust_no_alloc_shim_is_unstable_v2 + 633628
E   6   chromedriver                        0x0000000102f53030 _RNvCs9NA52FrZ4pF_7___rustc35___rust_no_alloc_shim_is_unstable_v2 + 630264
E   7   chromedriver                        0x0000000102f09434 _RNvCs9NA52FrZ4pF_7___rustc35___rust_no_alloc_shim_is_unstable_v2 + 328188
E   8   chromedriver                        0x00000001033e6c40 cxxbridge1$str$ptr + 2921304
E   9   chromedriver                        0x00000001033ea3b8 cxxbridge1$str$ptr + 2935504
E   10  chromedriver                        0x00000001033cd0f8 cxxbridge1$str$ptr + 2816016
E   11  chromedriver                        0x00000001033eac4c cxxbridge1$str$ptr + 2937700
E   12  chromedriver                        0x00000001033be3b0 cxxbridge1$str$ptr + 2755272
E   13  chromedriver                        0x00000001034101f4 cxxbridge1$str$ptr + 3090700
E   14  chromedriver                        0x0000000103410354 cxxbridge1$str$ptr + 3091052
E   15  chromedriver                        0x00000001034217a4 cxxbridge1$str$ptr + 3161788
E   16  libsystem_pthread.dylib             0x0000000199325c08 _pthread_start + 136
E   17  libsystem_pthread.dylib             0x0000000199320ba8 thread_start + 8
---------------------------- Captured stderr setup -----------------------------
Python(15859) MallocStackLogging: can't turn off malloc stack logging because it was not enabled.
____________________ test_toggle_active_customer_gift_card _____________________
[gw0] darwin -- Python 3.11.2 /Users/vk/Documents/NxtWash Automation/nxtwash-automation/venv/bin/python3.11
tests/admin_portal/gift_cards/test_gift_cards_edit.py:121: in test_toggle_active_customer_gift_card
    page = create_customer_gift_card_if_missing(browser)
           ^^^^^^^^^^^^^^^^^^^^^^^^^^^^^^^^^^^^^^^^^^^^^
tests/admin_portal/gift_cards/conftest.py:83: in create_customer_gift_card_if_missing
    page = open_customer_gift_cards_page(browser)
           ^^^^^^^^^^^^^^^^^^^^^^^^^^^^^^^^^^^^^^
tests/admin_portal/gift_cards/conftest.py:75: in open_customer_gift_cards_page
    page = create_gift_card_if_missing(browser)
           ^^^^^^^^^^^^^^^^^^^^^^^^^^^^^^^^^^^^
tests/admin_portal/gift_cards/conftest.py:55: in create_gift_card_if_missing
    page = open_gift_cards_page(browser)
           ^^^^^^^^^^^^^^^^^^^^^^^^^^^^^
tests/admin_portal/gift_cards/conftest.py:36: in open_gift_cards_page
    page.reset_all_filters()
pages/admin_portal/gift_cards_page.py:986: in reset_all_filters
    self.wait.until(
venv/lib/python3.11/site-packages/selenium/webdriver/support/wait.py:112: in until
    value = method(self._driver)
            ^^^^^^^^^^^^^^^^^^^^
pages/admin_portal/gift_cards_page.py:987: in <lambda>
    lambda d: not any(
pages/admin_portal/gift_cards_page.py:988: in <genexpr>
    el.is_displayed()
venv/lib/python3.11/site-packages/selenium/webdriver/remote/webelement.py:308: in is_displayed
    return self.parent.execute_script(f"/* isDisplayed */return ({isDisplayed_js}).apply(null, arguments);", self)
           ^^^^^^^^^^^^^^^^^^^^^^^^^^^^^^^^^^^^^^^^^^^^^^^^^^^^^^^^^^^^^^^^^^^^^^^^^^^^^^^^^^^^^^^^^^^^^^^^^^^^^^^
venv/lib/python3.11/site-packages/selenium/webdriver/remote/webdriver.py:578: in execute_script
    return self.execute(command, {"script": script, "args": converted_args})["value"]
           ^^^^^^^^^^^^^^^^^^^^^^^^^^^^^^^^^^^^^^^^^^^^^^^^^^^^^^^^^^^^^^^^^
venv/lib/python3.11/site-packages/selenium/webdriver/remote/webdriver.py:468: in execute
    self.error_handler.check_response(response)
venv/lib/python3.11/site-packages/selenium/webdriver/remote/errorhandler.py:232: in check_response
    raise exception_class(message, screen, stacktrace)
E   selenium.common.exceptions.StaleElementReferenceException: Message: stale element reference: stale element not found in the current frame
E     (Session info: chrome=150.0.7871.182); For documentation on this error, please visit: https://www.selenium.dev/documentation/webdriver/troubleshooting/errors#staleelementreferenceexception
E   Stacktrace:
E   0   chromedriver                        0x0000000103311a84 cxxbridge1$str$ptr + 3195292
E   1   chromedriver                        0x0000000103309b4c cxxbridge1$str$ptr + 3162724
E   2   chromedriver                        0x0000000102db32a4 _RNvCs9NA52FrZ4pF_7___rustc35___rust_no_alloc_shim_is_unstable_v2 + 73836
E   3   chromedriver                        0x0000000102db9464 _RNvCs9NA52FrZ4pF_7___rustc35___rust_no_alloc_shim_is_unstable_v2 + 98860
E   4   chromedriver                        0x0000000102dbb92c _RNvCs9NA52FrZ4pF_7___rustc35___rust_no_alloc_shim_is_unstable_v2 + 108276
E   5   chromedriver                        0x0000000102e3bd54 _RNvCs9NA52FrZ4pF_7___rustc35___rust_no_alloc_shim_is_unstable_v2 + 633628
E   6   chromedriver                        0x0000000102e3b030 _RNvCs9NA52FrZ4pF_7___rustc35___rust_no_alloc_shim_is_unstable_v2 + 630264
E   7   chromedriver                        0x0000000102df1434 _RNvCs9NA52FrZ4pF_7___rustc35___rust_no_alloc_shim_is_unstable_v2 + 328188
E   8   chromedriver                        0x00000001032cec40 cxxbridge1$str$ptr + 2921304
E   9   chromedriver                        0x00000001032d23b8 cxxbridge1$str$ptr + 2935504
E   10  chromedriver                        0x00000001032b50f8 cxxbridge1$str$ptr + 2816016
E   11  chromedriver                        0x00000001032d2c4c cxxbridge1$str$ptr + 2937700
E   12  chromedriver                        0x00000001032a63b0 cxxbridge1$str$ptr + 2755272
E   13  chromedriver                        0x00000001032f81f4 cxxbridge1$str$ptr + 3090700
E   14  chromedriver                        0x00000001032f8354 cxxbridge1$str$ptr + 3091052
E   15  chromedriver                        0x00000001033097a4 cxxbridge1$str$ptr + 3161788
E   16  libsystem_pthread.dylib             0x0000000199325c08 _pthread_start + 136
E   17  libsystem_pthread.dylib             0x0000000199320ba8 thread_start + 8
---------------------------- Captured stderr setup -----------------------------
Python(16239) MallocStackLogging: can't turn off malloc stack logging because it was not enabled.
__________________ test_filter_by_site_narrows_gift_card_list __________________
[gw0] darwin -- Python 3.11.2 /Users/vk/Documents/NxtWash Automation/nxtwash-automation/venv/bin/python3.11
tests/admin_portal/gift_cards/test_gift_cards_filter.py:25: in test_filter_by_site_narrows_gift_card_list
    create_gift_card_if_missing(browser)
tests/admin_portal/gift_cards/conftest.py:55: in create_gift_card_if_missing
    page = open_gift_cards_page(browser)
           ^^^^^^^^^^^^^^^^^^^^^^^^^^^^^
tests/admin_portal/gift_cards/conftest.py:36: in open_gift_cards_page
    page.reset_all_filters()
pages/admin_portal/gift_cards_page.py:986: in reset_all_filters
    self.wait.until(
venv/lib/python3.11/site-packages/selenium/webdriver/support/wait.py:112: in until
    value = method(self._driver)
            ^^^^^^^^^^^^^^^^^^^^
pages/admin_portal/gift_cards_page.py:987: in <lambda>
    lambda d: not any(
pages/admin_portal/gift_cards_page.py:988: in <genexpr>
    el.is_displayed()
venv/lib/python3.11/site-packages/selenium/webdriver/remote/webelement.py:308: in is_displayed
    return self.parent.execute_script(f"/* isDisplayed */return ({isDisplayed_js}).apply(null, arguments);", self)
           ^^^^^^^^^^^^^^^^^^^^^^^^^^^^^^^^^^^^^^^^^^^^^^^^^^^^^^^^^^^^^^^^^^^^^^^^^^^^^^^^^^^^^^^^^^^^^^^^^^^^^^^
venv/lib/python3.11/site-packages/selenium/webdriver/remote/webdriver.py:578: in execute_script
    return self.execute(command, {"script": script, "args": converted_args})["value"]
           ^^^^^^^^^^^^^^^^^^^^^^^^^^^^^^^^^^^^^^^^^^^^^^^^^^^^^^^^^^^^^^^^^
venv/lib/python3.11/site-packages/selenium/webdriver/remote/webdriver.py:468: in execute
    self.error_handler.check_response(response)
venv/lib/python3.11/site-packages/selenium/webdriver/remote/errorhandler.py:232: in check_response
    raise exception_class(message, screen, stacktrace)
E   selenium.common.exceptions.StaleElementReferenceException: Message: stale element reference: stale element not found in the current frame
E     (Session info: chrome=150.0.7871.182); For documentation on this error, please visit: https://www.selenium.dev/documentation/webdriver/troubleshooting/errors#staleelementreferenceexception
E   Stacktrace:
E   0   chromedriver                        0x0000000105241a84 cxxbridge1$str$ptr + 3195292
E   1   chromedriver                        0x0000000105239b4c cxxbridge1$str$ptr + 3162724
E   2   chromedriver                        0x0000000104ce32a4 _RNvCs9NA52FrZ4pF_7___rustc35___rust_no_alloc_shim_is_unstable_v2 + 73836
E   3   chromedriver                        0x0000000104ce9464 _RNvCs9NA52FrZ4pF_7___rustc35___rust_no_alloc_shim_is_unstable_v2 + 98860
E   4   chromedriver                        0x0000000104ceb92c _RNvCs9NA52FrZ4pF_7___rustc35___rust_no_alloc_shim_is_unstable_v2 + 108276
E   5   chromedriver                        0x0000000104d6bd54 _RNvCs9NA52FrZ4pF_7___rustc35___rust_no_alloc_shim_is_unstable_v2 + 633628
E   6   chromedriver                        0x0000000104d6b030 _RNvCs9NA52FrZ4pF_7___rustc35___rust_no_alloc_shim_is_unstable_v2 + 630264
E   7   chromedriver                        0x0000000104d21434 _RNvCs9NA52FrZ4pF_7___rustc35___rust_no_alloc_shim_is_unstable_v2 + 328188
E   8   chromedriver                        0x00000001051fec40 cxxbridge1$str$ptr + 2921304
E   9   chromedriver                        0x00000001052023b8 cxxbridge1$str$ptr + 2935504
E   10  chromedriver                        0x00000001051e50f8 cxxbridge1$str$ptr + 2816016
E   11  chromedriver                        0x0000000105202c4c cxxbridge1$str$ptr + 2937700
E   12  chromedriver                        0x00000001051d63b0 cxxbridge1$str$ptr + 2755272
E   13  chromedriver                        0x00000001052281f4 cxxbridge1$str$ptr + 3090700
E   14  chromedriver                        0x0000000105228354 cxxbridge1$str$ptr + 3091052
E   15  chromedriver                        0x00000001052397a4 cxxbridge1$str$ptr + 3161788
E   16  libsystem_pthread.dylib             0x0000000199325c08 _pthread_start + 136
E   17  libsystem_pthread.dylib             0x0000000199320ba8 thread_start + 8
---------------------------- Captured stderr setup -----------------------------
Python(16780) MallocStackLogging: can't turn off malloc stack logging because it was not enabled.
______________ test_customer_gift_card_persists_after_page_reload ______________
[gw1] darwin -- Python 3.11.2 /Users/vk/Documents/NxtWash Automation/nxtwash-automation/venv/bin/python3.11
tests/admin_portal/gift_cards/test_gift_cards_positive.py:117: in test_customer_gift_card_persists_after_page_reload
    page = open_customer_gift_cards_page(browser)
           ^^^^^^^^^^^^^^^^^^^^^^^^^^^^^^^^^^^^^^
tests/admin_portal/gift_cards/conftest.py:76: in open_customer_gift_cards_page
    page.open_customer_gift_cards()
pages/admin_portal/gift_cards_page.py:368: in open_customer_gift_cards
    self.wait_for_customer_list_loaded()
pages/admin_portal/gift_cards_page.py:190: in wait_for_customer_list_loaded
    self.wait.until(
venv/lib/python3.11/site-packages/selenium/webdriver/support/wait.py:112: in until
    value = method(self._driver)
            ^^^^^^^^^^^^^^^^^^^^
venv/lib/python3.11/site-packages/selenium/webdriver/support/expected_conditions.py:184: in _predicate
    return _element_if_visible(driver.find_element(*locator))
           ^^^^^^^^^^^^^^^^^^^^^^^^^^^^^^^^^^^^^^^^^^^^^^^^^^
venv/lib/python3.11/site-packages/selenium/webdriver/support/expected_conditions.py:223: in _element_if_visible
    return element if element.is_displayed() == visibility else False
                      ^^^^^^^^^^^^^^^^^^^^^^
venv/lib/python3.11/site-packages/selenium/webdriver/remote/webelement.py:308: in is_displayed
    return self.parent.execute_script(f"/* isDisplayed */return ({isDisplayed_js}).apply(null, arguments);", self)
           ^^^^^^^^^^^^^^^^^^^^^^^^^^^^^^^^^^^^^^^^^^^^^^^^^^^^^^^^^^^^^^^^^^^^^^^^^^^^^^^^^^^^^^^^^^^^^^^^^^^^^^^
venv/lib/python3.11/site-packages/selenium/webdriver/remote/webdriver.py:578: in execute_script
    return self.execute(command, {"script": script, "args": converted_args})["value"]
           ^^^^^^^^^^^^^^^^^^^^^^^^^^^^^^^^^^^^^^^^^^^^^^^^^^^^^^^^^^^^^^^^^
venv/lib/python3.11/site-packages/selenium/webdriver/remote/webdriver.py:465: in execute
    response = cast(RemoteConnection, self.command_executor).execute(driver_command, params)
               ^^^^^^^^^^^^^^^^^^^^^^^^^^^^^^^^^^^^^^^^^^^^^^^^^^^^^^^^^^^^^^^^^^^^^^^^^^^^^
venv/lib/python3.11/site-packages/selenium/webdriver/remote/remote_connection.py:407: in execute
    return self._request(command_info[0], url, body=data)
           ^^^^^^^^^^^^^^^^^^^^^^^^^^^^^^^^^^^^^^^^^^^^^^
venv/lib/python3.11/site-packages/selenium/webdriver/remote/remote_connection.py:431: in _request
    response = self._conn.request(method, url, body=body, headers=headers, timeout=self._client_config.timeout)
               ^^^^^^^^^^^^^^^^^^^^^^^^^^^^^^^^^^^^^^^^^^^^^^^^^^^^^^^^^^^^^^^^^^^^^^^^^^^^^^^^^^^^^^^^^^^^^^^^
venv/lib/python3.11/site-packages/urllib3/_request_methods.py:143: in request
    return self.request_encode_body(
venv/lib/python3.11/site-packages/urllib3/_request_methods.py:278: in request_encode_body
    return self.urlopen(method, url, **extra_kw)
           ^^^^^^^^^^^^^^^^^^^^^^^^^^^^^^^^^^^^^
venv/lib/python3.11/site-packages/urllib3/poolmanager.py:457: in urlopen
    response = conn.urlopen(method, u.request_uri, **kw)
               ^^^^^^^^^^^^^^^^^^^^^^^^^^^^^^^^^^^^^^^^^
venv/lib/python3.11/site-packages/urllib3/connectionpool.py:788: in urlopen
    response = self._make_request(
venv/lib/python3.11/site-packages/urllib3/connectionpool.py:534: in _make_request
    response = conn.getresponse()
               ^^^^^^^^^^^^^^^^^^
venv/lib/python3.11/site-packages/urllib3/connection.py:571: in getresponse
    httplib_response = super().getresponse()
                       ^^^^^^^^^^^^^^^^^^^^^
/Library/Frameworks/Python.framework/Versions/3.11/lib/python3.11/http/client.py:1374: in getresponse
    response.begin()
/Library/Frameworks/Python.framework/Versions/3.11/lib/python3.11/http/client.py:318: in begin
    version, status, reason = self._read_status()
                              ^^^^^^^^^^^^^^^^^^^
/Library/Frameworks/Python.framework/Versions/3.11/lib/python3.11/http/client.py:279: in _read_status
    line = str(self.fp.readline(_MAXLINE + 1), "iso-8859-1")
               ^^^^^^^^^^^^^^^^^^^^^^^^^^^^^^
/Library/Frameworks/Python.framework/Versions/3.11/lib/python3.11/socket.py:706: in readinto
    return self._sock.recv_into(b)
           ^^^^^^^^^^^^^^^^^^^^^^^
E   Failed: Timeout (>420.0s) from pytest-timeout.
---------------------------- Captured stderr setup -----------------------------
Python(16620) MallocStackLogging: can't turn off malloc stack logging because it was not enabled.
----------------------------- Captured stdout call -----------------------------
~~~~~~~~~~~~~~~~~~~~~~~ Stack of <unknown> (6152368128) ~~~~~~~~~~~~~~~~~~~~~~~~
  File "/Users/vk/Documents/NxtWash Automation/nxtwash-automation/venv/lib/python3.11/site-packages/execnet/gateway_base.py", line 411, in _perform_spawn
    reply.run()
  File "/Users/vk/Documents/NxtWash Automation/nxtwash-automation/venv/lib/python3.11/site-packages/execnet/gateway_base.py", line 341, in run
    self._result = func(*args, **kwargs)
  File "/Users/vk/Documents/NxtWash Automation/nxtwash-automation/venv/lib/python3.11/site-packages/execnet/gateway_base.py", line 1160, in _thread_receiver
    msg = Message.from_io(io)
  File "/Users/vk/Documents/NxtWash Automation/nxtwash-automation/venv/lib/python3.11/site-packages/execnet/gateway_base.py", line 567, in from_io
    header = io.read(9)  # type 1, channel 4, payload 4
  File "/Users/vk/Documents/NxtWash Automation/nxtwash-automation/venv/lib/python3.11/site-packages/execnet/gateway_base.py", line 534, in read
    data = self._read(numbytes - len(buf))
________________________ test_create_inactive_gift_card ________________________
[gw0] darwin -- Python 3.11.2 /Users/vk/Documents/NxtWash Automation/nxtwash-automation/venv/bin/python3.11
tests/admin_portal/gift_cards/test_gift_cards_positive.py:45: in test_create_inactive_gift_card
    page = open_gift_cards_page(browser)
           ^^^^^^^^^^^^^^^^^^^^^^^^^^^^^
tests/admin_portal/gift_cards/conftest.py:30: in open_gift_cards_page
    open_admin_path(browser, "/services/giftCards")
tests/admin_portal/admin_session.py:100: in open_admin_path
    ensure_admin_logged_in(browser)
tests/admin_portal/admin_session.py:53: in ensure_admin_logged_in
    if host not in browser.current_url:
                   ^^^^^^^^^^^^^^^^^^^
venv/lib/python3.11/site-packages/selenium/webdriver/remote/webdriver.py:602: in current_url
    return self.execute(Command.GET_CURRENT_URL)["value"]
           ^^^^^^^^^^^^^^^^^^^^^^^^^^^^^^^^^^^^^
venv/lib/python3.11/site-packages/selenium/webdriver/remote/webdriver.py:468: in execute
    self.error_handler.check_response(response)
venv/lib/python3.11/site-packages/selenium/webdriver/remote/errorhandler.py:232: in check_response
    raise exception_class(message, screen, stacktrace)
E   selenium.common.exceptions.TimeoutException: Message: timeout: Timed out receiving message from renderer: 60.000
E     (Session info: chrome=150.0.7871.182)
E   Stacktrace:
E   0   chromedriver                        0x000000010294da84 cxxbridge1$str$ptr + 3195292
E   1   chromedriver                        0x0000000102945b4c cxxbridge1$str$ptr + 3162724
E   2   chromedriver                        0x00000001023ef2a4 _RNvCs9NA52FrZ4pF_7___rustc35___rust_no_alloc_shim_is_unstable_v2 + 73836
E   3   chromedriver                        0x00000001023d9d20 cxxbridge1$string$len + 3628
E   4   chromedriver                        0x00000001023d9a80 cxxbridge1$string$len + 2956
E   5   chromedriver                        0x00000001023d7818 chromedriver + 227352
E   6   chromedriver                        0x00000001023d840c chromedriver + 230412
E   7   chromedriver                        0x00000001023e57a4 _RNvCs9NA52FrZ4pF_7___rustc35___rust_no_alloc_shim_is_unstable_v2 + 34156
E   8   chromedriver                        0x00000001023fbe1c _RNvCs9NA52FrZ4pF_7___rustc35___rust_no_alloc_shim_is_unstable_v2 + 125924
E   9   chromedriver                        0x00000001023d8a78 chromedriver + 232056
E   10  chromedriver                        0x00000001023fbc18 _RNvCs9NA52FrZ4pF_7___rustc35___rust_no_alloc_shim_is_unstable_v2 + 125408
E   11  chromedriver                        0x0000000102476f70 _RNvCs9NA52FrZ4pF_7___rustc35___rust_no_alloc_shim_is_unstable_v2 + 630072
E   12  chromedriver                        0x000000010242d434 _RNvCs9NA52FrZ4pF_7___rustc35___rust_no_alloc_shim_is_unstable_v2 + 328188
E   13  chromedriver                        0x000000010290ac40 cxxbridge1$str$ptr + 2921304
E   14  chromedriver                        0x000000010290e3b8 cxxbridge1$str$ptr + 2935504
E   15  chromedriver                        0x00000001028f10f8 cxxbridge1$str$ptr + 2816016
E   16  chromedriver                        0x000000010290ec4c cxxbridge1$str$ptr + 2937700
E   17  chromedriver                        0x00000001028e23b0 cxxbridge1$str$ptr + 2755272
E   18  chromedriver                        0x00000001029341f4 cxxbridge1$str$ptr + 3090700
E   19  chromedriver                        0x0000000102934354 cxxbridge1$str$ptr + 3091052
E   20  chromedriver                        0x00000001029457a4 cxxbridge1$str$ptr + 3161788
E   21  libsystem_pthread.dylib             0x0000000199325c08 _pthread_start + 136
E   22  libsystem_pthread.dylib             0x0000000199320ba8 thread_start + 8
---------------------------- Captured stderr setup -----------------------------
Python(21264) MallocStackLogging: can't turn off malloc stack logging because it was not enabled.
__________________________ test_gift_cards_page_loads __________________________
[gw1] darwin -- Python 3.11.2 /Users/vk/Documents/NxtWash Automation/nxtwash-automation/venv/bin/python3.11
tests/admin_portal/gift_cards/test_gift_cards_ui.py:21: in test_gift_cards_page_loads
    page = open_gift_cards_page(browser)
           ^^^^^^^^^^^^^^^^^^^^^^^^^^^^^
tests/admin_portal/gift_cards/conftest.py:30: in open_gift_cards_page
    open_admin_path(browser, "/services/giftCards")
tests/admin_portal/admin_session.py:100: in open_admin_path
    ensure_admin_logged_in(browser)
tests/admin_portal/admin_session.py:53: in ensure_admin_logged_in
    if host not in browser.current_url:
                   ^^^^^^^^^^^^^^^^^^^
venv/lib/python3.11/site-packages/selenium/webdriver/remote/webdriver.py:602: in current_url
    return self.execute(Command.GET_CURRENT_URL)["value"]
           ^^^^^^^^^^^^^^^^^^^^^^^^^^^^^^^^^^^^^
venv/lib/python3.11/site-packages/selenium/webdriver/remote/webdriver.py:468: in execute
    self.error_handler.check_response(response)
venv/lib/python3.11/site-packages/selenium/webdriver/remote/errorhandler.py:232: in check_response
    raise exception_class(message, screen, stacktrace)
E   selenium.common.exceptions.TimeoutException: Message: timeout: Timed out receiving message from renderer: 60.000
E     (Session info: chrome=150.0.7871.182)
E   Stacktrace:
E   0   chromedriver                        0x00000001032d5a84 cxxbridge1$str$ptr + 3195292
E   1   chromedriver                        0x00000001032cdb4c cxxbridge1$str$ptr + 3162724
E   2   chromedriver                        0x0000000102d772a4 _RNvCs9NA52FrZ4pF_7___rustc35___rust_no_alloc_shim_is_unstable_v2 + 73836
E   3   chromedriver                        0x0000000102d61d20 cxxbridge1$string$len + 3628
E   4   chromedriver                        0x0000000102d61a80 cxxbridge1$string$len + 2956
E   5   chromedriver                        0x0000000102d5f818 chromedriver + 227352
E   6   chromedriver                        0x0000000102d6040c chromedriver + 230412
E   7   chromedriver                        0x0000000102d6d7a4 _RNvCs9NA52FrZ4pF_7___rustc35___rust_no_alloc_shim_is_unstable_v2 + 34156
E   8   chromedriver                        0x0000000102d83e1c _RNvCs9NA52FrZ4pF_7___rustc35___rust_no_alloc_shim_is_unstable_v2 + 125924
E   9   chromedriver                        0x0000000102d60a78 chromedriver + 232056
E   10  chromedriver                        0x0000000102d83c18 _RNvCs9NA52FrZ4pF_7___rustc35___rust_no_alloc_shim_is_unstable_v2 + 125408
/Users/vk/Documents/NxtWash Automation/nxtwash-automation/venv/lib/python3.11/site-packages/_pytest/threadexception.py:58: PytestUnhandledThreadExceptionWarning: Exception in thread Thread-3 (run_connection)

Traceback (most recent call last):
  File "/Library/Frameworks/Python.framework/Versions/3.11/lib/python3.11/threading.py", line 1038, in _bootstrap_inner
    self.run()
  File "/Library/Frameworks/Python.framework/Versions/3.11/lib/python3.11/threading.py", line 975, in run
    self._target(*self._args, **self._kwargs)
  File "/Users/vk/Documents/NxtWash Automation/nxtwash-automation/venv/lib/python3.11/site-packages/pytest_rerunfailures.py", line 445, in run_connection
    op, i, k, v = self._sock_recv(conn).split("|")
                  ^^^^^^^^^^^^^^^^^^^^^
  File "/Users/vk/Documents/NxtWash Automation/nxtwash-automation/venv/lib/python3.11/site-packages/pytest_rerunfailures.py", line 410, in _sock_recv
    b = conn.recv(1)
        ^^^^^^^^^^^^
TimeoutError: timed out

Enable tracemalloc to get traceback where the object was allocated.
See https://docs.pytest.org/en/stable/how-to/capture-warnings.html#resource-warnings for more info.
  warnings.warn(pytest.PytestUnhandledThreadExceptionWarning(msg))
/Users/vk/Documents/NxtWash Automation/nxtwash-automation/venv/lib/python3.11/site-packages/_pytest/threadexception.py:58: PytestUnhandledThreadExceptionWarning: Exception in thread Thread-2 (run_connection)

Traceback (most recent call last):
  File "/Library/Frameworks/Python.framework/Versions/3.11/lib/python3.11/threading.py", line 1038, in _bootstrap_inner
    self.run()
  File "/Library/Frameworks/Python.framework/Versions/3.11/lib/python3.11/threading.py", line 975, in run
    self._target(*self._args, **self._kwargs)
  File "/Users/vk/Documents/NxtWash Automation/nxtwash-automation/venv/lib/python3.11/site-packages/pytest_rerunfailures.py", line 445, in run_connection
    op, i, k, v = self._sock_recv(conn).split("|")
                  ^^^^^^^^^^^^^^^^^^^^^
  File "/Users/vk/Documents/NxtWash Automation/nxtwash-automation/venv/lib/python3.11/site-packages/pytest_rerunfailures.py", line 410, in _sock_recv
    b = conn.recv(1)
        ^^^^^^^^^^^^
TimeoutError: timed out

Enable tracemalloc to get traceback where the object was allocated.
See https://docs.pytest.org/en/stable/how-to/capture-warnings.html#resource-warnings for more info.
  warnings.warn(pytest.PytestUnhandledThreadExceptionWarning(msg))
E   11  chromedriver                        0x0000000102dfef70 _RNvCs9NA52FrZ4pF_7___rustc35___rust_no_alloc_shim_is_unstable_v2 + 630072
E   12  chromedriver                        0x0000000102db5434 _RNvCs9NA52FrZ4pF_7___rustc35___rust_no_alloc_shim_is_unstable_v2 + 328188
E   13  chromedriver                        0x0000000103292c40 cxxbridge1$str$ptr + 2921304
E   14  chromedriver                        0x00000001032963b8 cxxbridge1$str$ptr + 2935504
E   15  chromedriver                        0x00000001032790f8 cxxbridge1$str$ptr + 2816016
E   16  chromedriver                        0x0000000103296c4c cxxbridge1$str$ptr + 2937700
E   17  chromedriver                        0x000000010326a3b0 cxxbridge1$str$ptr + 2755272
E   18  chromedriver                        0x00000001032bc1f4 cxxbridge1$str$ptr + 3090700
E   19  chromedriver                        0x00000001032bc354 cxxbridge1$str$ptr + 3091052
E   20  chromedriver                        0x00000001032cd7a4 cxxbridge1$str$ptr + 3161788
E   21  libsystem_pthread.dylib             0x0000000199325c08 _pthread_start + 136
E   22  libsystem_pthread.dylib             0x0000000199320ba8 thread_start + 8
---------------------------- Captured stderr setup -----------------------------
Python(21225) MallocStackLogging: can't turn off malloc stack logging because it was not enabled.
____________________ test_duplicate_name_documents_behavior ____________________
[gw1] darwin -- Python 3.11.2 /Users/vk/Documents/NxtWash Automation/nxtwash-automation/venv/bin/python3.11
tests/admin_portal/bank_drop/test_bank_drop_edge_cases.py:50: in test_duplicate_name_documents_behavior
    create_bank_drop_if_missing(browser)
tests/admin_portal/bank_drop/conftest.py:40: in create_bank_drop_if_missing
    page = open_bank_drop_page(browser)
           ^^^^^^^^^^^^^^^^^^^^^^^^^^^^
tests/admin_portal/bank_drop/conftest.py:30: in open_bank_drop_page
    open_admin_path(browser, "/services/bankDrop")
tests/admin_portal/admin_session.py:100: in open_admin_path
    ensure_admin_logged_in(browser)
tests/admin_portal/admin_session.py:53: in ensure_admin_logged_in
    if host not in browser.current_url:
                   ^^^^^^^^^^^^^^^^^^^
venv/lib/python3.11/site-packages/selenium/webdriver/remote/webdriver.py:602: in current_url
    return self.execute(Command.GET_CURRENT_URL)["value"]
           ^^^^^^^^^^^^^^^^^^^^^^^^^^^^^^^^^^^^^
venv/lib/python3.11/site-packages/selenium/webdriver/remote/webdriver.py:468: in execute
    self.error_handler.check_response(response)
venv/lib/python3.11/site-packages/selenium/webdriver/remote/errorhandler.py:232: in check_response
    raise exception_class(message, screen, stacktrace)
E   selenium.common.exceptions.TimeoutException: Message: timeout: Timed out receiving message from renderer: 60.000
E     (Session info: chrome=150.0.7871.182)
E   Stacktrace:
E   0   chromedriver                        0x0000000104cc1a84 cxxbridge1$str$ptr + 3195292
E   1   chromedriver                        0x0000000104cb9b4c cxxbridge1$str$ptr + 3162724
E   2   chromedriver                        0x00000001047632a4 _RNvCs9NA52FrZ4pF_7___rustc35___rust_no_alloc_shim_is_unstable_v2 + 73836
E   3   chromedriver                        0x000000010474dd20 cxxbridge1$string$len + 3628
E   4   chromedriver                        0x000000010474da80 cxxbridge1$string$len + 2956
E   5   chromedriver                        0x000000010474b818 chromedriver + 227352
E   6   chromedriver                        0x000000010474c40c chromedriver + 230412
E   7   chromedriver                        0x00000001047597a4 _RNvCs9NA52FrZ4pF_7___rustc35___rust_no_alloc_shim_is_unstable_v2 + 34156
E   8   chromedriver                        0x000000010476fe1c _RNvCs9NA52FrZ4pF_7___rustc35___rust_no_alloc_shim_is_unstable_v2 + 125924
E   9   chromedriver                        0x000000010474ca78 chromedriver + 232056
E   10  chromedriver                        0x000000010476fc18 _RNvCs9NA52FrZ4pF_7___rustc35___rust_no_alloc_shim_is_unstable_v2 + 125408
E   11  chromedriver                        0x00000001047eaf70 _RNvCs9NA52FrZ4pF_7___rustc35___rust_no_alloc_shim_is_unstable_v2 + 630072
E   12  chromedriver                        0x00000001047a1434 _RNvCs9NA52FrZ4pF_7___rustc35___rust_no_alloc_shim_is_unstable_v2 + 328188
E   13  chromedriver                        0x0000000104c7ec40 cxxbridge1$str$ptr + 2921304
E   14  chromedriver                        0x0000000104c823b8 cxxbridge1$str$ptr + 2935504
E   15  chromedriver                        0x0000000104c650f8 cxxbridge1$str$ptr + 2816016
E   16  chromedriver                        0x0000000104c82c4c cxxbridge1$str$ptr + 2937700
E   17  chromedriver                        0x0000000104c563b0 cxxbridge1$str$ptr + 2755272
E   18  chromedriver                        0x0000000104ca81f4 cxxbridge1$str$ptr + 3090700
E   19  chromedriver                        0x0000000104ca8354 cxxbridge1$str$ptr + 3091052
E   20  chromedriver                        0x0000000104cb97a4 cxxbridge1$str$ptr + 3161788
E   21  libsystem_pthread.dylib             0x0000000199325c08 _pthread_start + 136
E   22  libsystem_pthread.dylib             0x0000000199320ba8 thread_start + 8
---------------------------- Captured stderr setup -----------------------------
Python(23426) MallocStackLogging: can't turn off malloc stack logging because it was not enabled.
_______________ test_negative_customer_gift_card_amount_rejected _______________
[gw0] darwin -- Python 3.11.2 /Users/vk/Documents/NxtWash Automation/nxtwash-automation/venv/bin/python3.11
tests/admin_portal/gift_cards/test_gift_cards_validation.py:129: in test_negative_customer_gift_card_amount_rejected
    page = open_customer_gift_cards_page(browser)
           ^^^^^^^^^^^^^^^^^^^^^^^^^^^^^^^^^^^^^^
tests/admin_portal/gift_cards/conftest.py:75: in open_customer_gift_cards_page
    page = create_gift_card_if_missing(browser)
           ^^^^^^^^^^^^^^^^^^^^^^^^^^^^^^^^^^^^
tests/admin_portal/gift_cards/conftest.py:43: in create_gift_card_if_missing
    page = open_gift_cards_page(browser)
           ^^^^^^^^^^^^^^^^^^^^^^^^^^^^^
tests/admin_portal/gift_cards/conftest.py:30: in open_gift_cards_page
    open_admin_path(browser, "/services/giftCards")
tests/admin_portal/admin_session.py:100: in open_admin_path
    ensure_admin_logged_in(browser)
tests/admin_portal/admin_session.py:53: in ensure_admin_logged_in
    if host not in browser.current_url:
                   ^^^^^^^^^^^^^^^^^^^
venv/lib/python3.11/site-packages/selenium/webdriver/remote/webdriver.py:602: in current_url
    return self.execute(Command.GET_CURRENT_URL)["value"]
           ^^^^^^^^^^^^^^^^^^^^^^^^^^^^^^^^^^^^^
venv/lib/python3.11/site-packages/selenium/webdriver/remote/webdriver.py:468: in execute
    self.error_handler.check_response(response)
venv/lib/python3.11/site-packages/selenium/webdriver/remote/errorhandler.py:232: in check_response
    raise exception_class(message, screen, stacktrace)
E   selenium.common.exceptions.TimeoutException: Message: timeout: Timed out receiving message from renderer: 60.000
E     (Session info: chrome=150.0.7871.182)
E   Stacktrace:
E   0   chromedriver                        0x0000000105179a84 cxxbridge1$str$ptr + 3195292
E   1   chromedriver                        0x0000000105171b4c cxxbridge1$str$ptr + 3162724
E   2   chromedriver                        0x0000000104c1b2a4 _RNvCs9NA52FrZ4pF_7___rustc35___rust_no_alloc_shim_is_unstable_v2 + 73836
E   3   chromedriver                        0x0000000104c05d20 cxxbridge1$string$len + 3628
E   4   chromedriver                        0x0000000104c05a80 cxxbridge1$string$len + 2956
E   5   chromedriver                        0x0000000104c03818 chromedriver + 227352
E   6   chromedriver                        0x0000000104c0440c chromedriver + 230412
E   7   chromedriver                        0x0000000104c117a4 _RNvCs9NA52FrZ4pF_7___rustc35___rust_no_alloc_shim_is_unstable_v2 + 34156
E   8   chromedriver                        0x0000000104c27e1c _RNvCs9NA52FrZ4pF_7___rustc35___rust_no_alloc_shim_is_unstable_v2 + 125924
E   9   chromedriver                        0x0000000104c04a78 chromedriver + 232056
E   10  chromedriver                        0x0000000104c27c18 _RNvCs9NA52FrZ4pF_7___rustc35___rust_no_alloc_shim_is_unstable_v2 + 125408
E   11  chromedriver                        0x0000000104ca2f70 _RNvCs9NA52FrZ4pF_7___rustc35___rust_no_alloc_shim_is_unstable_v2 + 630072
E   12  chromedriver                        0x0000000104c59434 _RNvCs9NA52FrZ4pF_7___rustc35___rust_no_alloc_shim_is_unstable_v2 + 328188
E   13  chromedriver                        0x0000000105136c40 cxxbridge1$str$ptr + 2921304
E   14  chromedriver                        0x000000010513a3b8 cxxbridge1$str$ptr + 2935504
E   15  chromedriver                        0x000000010511d0f8 cxxbridge1$str$ptr + 2816016
E   16  chromedriver                        0x000000010513ac4c cxxbridge1$str$ptr + 2937700
E   17  chromedriver                        0x000000010510e3b0 cxxbridge1$str$ptr + 2755272
E   18  chromedriver                        0x00000001051601f4 cxxbridge1$str$ptr + 3090700
E   19  chromedriver                        0x0000000105160354 cxxbridge1$str$ptr + 3091052
E   20  chromedriver                        0x00000001051717a4 cxxbridge1$str$ptr + 3161788
E   21  libsystem_pthread.dylib             0x0000000199325c08 _pthread_start + 136
E   22  libsystem_pthread.dylib             0x0000000199320ba8 thread_start + 8
---------------------------- Captured stderr setup -----------------------------
Python(24600) MallocStackLogging: can't turn off malloc stack logging because it was not enabled.
=========================== short test summary info ============================
FAILED tests/admin_portal/custom_services/test_custom_services_category.py::test_service_category_can_be_changed
FAILED tests/admin_portal/custom_services/test_custom_services_dependency.py::test_assigned_site_appears_in_site_grid_after_save
FAILED tests/admin_portal/custom_services/test_custom_services_discount.py::test_applicable_discount_persists_after_save
FAILED tests/admin_portal/custom_services/test_custom_services_edit.py::test_edit_service_name_persists
FAILED tests/admin_portal/custom_services/test_custom_services_positive.py::test_create_service_with_description
FAILED tests/admin_portal/custom_services/test_custom_services_positive.py::test_cancel_out_of_create_form
FAILED tests/admin_portal/custom_services/test_custom_services_positive.py::test_create_form_has_save_and_cancel_buttons
FAILED tests/admin_portal/custom_services/test_custom_services_search_filter.py::test_site_and_active_filter_combined
FAILED tests/admin_portal/custom_services/test_custom_services_search_filter.py::test_reset_filters_clears_filters
FAILED tests/admin_portal/custom_services/test_custom_services_positive.py::test_created_service_persists_after_reload
FAILED tests/admin_portal/custom_services/test_custom_services_search_filter.py::test_search_partial_service_name
FAILED tests/admin_portal/custom_services/test_custom_services_search_filter.py::test_search_non_existing_service_returns_empty
FAILED tests/admin_portal/custom_services/test_custom_services_validation.py::test_submit_without_global_price_shows_error
FAILED tests/admin_portal/custom_services/test_custom_services_search_filter.py::test_clear_search_restores_full_list
FAILED tests/admin_portal/custom_services/test_custom_services_search_filter.py::test_active_service_filter_shows_active_only
FAILED tests/admin_portal/gift_cards/test_gift_cards_positive.py::test_gift_card_appears_in_customer_gift_card_dropdown
FAILED tests/admin_portal/gift_cards/test_gift_cards_edit.py::test_edit_customer_gift_card_amount
FAILED tests/admin_portal/gift_cards/test_gift_cards_positive.py::test_create_customer_gift_card_from_template
FAILED tests/admin_portal/gift_cards/test_gift_cards_edit.py::test_toggle_active_customer_gift_card
FAILED tests/admin_portal/gift_cards/test_gift_cards_filter.py::test_filter_by_site_narrows_gift_card_list
FAILED tests/admin_portal/gift_cards/test_gift_cards_positive.py::test_customer_gift_card_persists_after_page_reload
FAILED tests/admin_portal/gift_cards/test_gift_cards_positive.py::test_create_inactive_gift_card
FAILED tests/admin_portal/gift_cards/test_gift_cards_ui.py::test_gift_cards_page_loads
FAILED tests/admin_portal/bank_drop/test_bank_drop_edge_cases.py::test_duplicate_name_documents_behavior
FAILED tests/admin_portal/gift_cards/test_gift_cards_validation.py::test_negative_customer_gift_card_amount_rejected
ERROR tests/admin_portal/custom_services/test_custom_services_edit.py::test_edit_site_price_override_persists
ERROR tests/admin_portal/custom_services/test_custom_services_edit.py::test_created_service_persists_after_reload
ERROR tests/admin_portal/custom_services/test_custom_services_discount.py::test_multiple_applicable_discounts_can_be_selected
ERROR tests/admin_portal/custom_services/test_custom_services_discount.py::test_remove_applicable_discount_persists
ERROR tests/admin_portal/custom_services/test_custom_services_edit.py::test_edited_service_persists_after_reload
= 25 failed, 79 passed, 12 skipped, 2 xfailed, 5 errors in 7993.59s (2:13:13) ==
EXIT:0
