2026-07-29 10:43:16,076 INFO nxtwash: Test run starting against 'staging' environment
============================= test session starts ==============================
platform darwin -- Python 3.11.2, pytest-9.0.3, pluggy-1.6.0 -- /Users/vk/Documents/NxtWash Automation/nxtwash-automation/venv/bin/python
cachedir: .pytest_cache
metadata: {'Python': '3.11.2', 'Platform': 'macOS-26.2-arm64-arm-64bit', 'Packages': {'pytest': '9.0.3', 'pluggy': '1.6.0'}, 'Plugins': {'html': '4.1.1', 'allure-pytest': '2.16.0', 'xdist': '3.8.0', 'Faker': '40.19.1', 'timeout': '2.4.0', 'metadata': '3.1.1', 'rerunfailures': '15.1'}}
rootdir: /Users/vk/Documents/NxtWash Automation/nxtwash-automation
configfile: pytest.ini
plugins: html-4.1.1, allure-pytest-2.16.0, xdist-3.8.0, Faker-40.19.1, timeout-2.4.0, metadata-3.1.1, rerunfailures-15.1
timeout: 420.0s
timeout method: signal
timeout func_only: False
collecting ... collected 212 items

tests/admin_portal/wash_books/test_customer_wash_books_dependency.py::test_only_active_wash_books_in_cwb_dropdown PASSED [  0%]
tests/admin_portal/wash_books/test_customer_wash_books_dependency.py::test_cwb_washes_reflect_template_wash_book PASSED [  0%]
tests/admin_portal/wash_books/test_customer_wash_books_edge_cases.py::test_cwb_customer_search_requires_two_characters PASSED [  1%]
tests/admin_portal/wash_books/test_customer_wash_books_edge_cases.py::test_cwb_past_expiration_date_behaviour SKIPPEDuire additional page
object support. Deferred.)                                               [  1%]
tests/admin_portal/wash_books/test_customer_wash_books_edit.py::test_edit_cwb_number_of_washes_persists PASSED [  2%]
tests/admin_portal/wash_books/test_customer_wash_books_edit.py::test_edit_cwb_expiration_date_persists SKIPPEDect support. Deferred.) [  2%]
tests/admin_portal/wash_books/test_customer_wash_books_edit.py::test_activate_customer_wash_book PASSED [  3%]
tests/admin_portal/wash_books/test_customer_wash_books_edit.py::test_deactivate_customer_wash_book PASSED [  3%]
tests/admin_portal/wash_books/test_customer_wash_books_negative.py::test_create_cwb_blank_wash_book_selection_blocked PASSED [  4%]
tests/admin_portal/wash_books/test_customer_wash_books_negative.py::test_create_cwb_blank_wash_book_number_blocked PASSED [  4%]
tests/admin_portal/wash_books/test_customer_wash_books_negative.py::test_create_cwb_blank_number_of_washes_blocked PASSED [  5%]
tests/admin_portal/wash_books/test_customer_wash_books_negative.py::test_create_cwb_duplicate_number_rejected PASSED [  5%]
tests/admin_portal/wash_books/test_customer_wash_books_positive.py::test_create_customer_wash_book PASSED [  6%]
tests/admin_portal/wash_books/test_customer_wash_books_positive.py::test_create_cwb_with_site_selection SKIPPEDe data. Deferred until site
fixtures for CWB form are established.)                                  [  6%]
tests/admin_portal/wash_books/test_customer_wash_books_positive.py::test_create_cwb_with_expiration_date SKIPPEDect support. Deferred.) [  7%]
tests/admin_portal/wash_books/test_customer_wash_books_positive.py::test_create_cwb_is_active_by_default SKIPPEDid — check Customer Wash Books
grid HTML for the Active/status column's new data-props-id value)        [  7%]
tests/admin_portal/wash_books/test_customer_wash_books_search_filter.py::test_cwb_search_by_exact_number PASSED [  8%]
tests/admin_portal/wash_books/test_customer_wash_books_search_filter.py::test_cwb_search_by_partial_number PASSED [  8%]
tests/admin_portal/wash_books/test_customer_wash_books_search_filter.py::test_cwb_search_non_existing_number_shows_empty_state PASSED [  8%]
tests/admin_portal/wash_books/test_customer_wash_books_search_filter.py::test_cwb_filter_by_site_narrows_results PASSED [  9%]
tests/admin_portal/wash_books/test_customer_wash_books_search_filter.py::test_cwb_filter_reset_all_restores_list PASSED [  9%]
tests/admin_portal/wash_books/test_customer_wash_books_ui.py::test_customer_wash_books_tab_loads_with_controls PASSED [ 10%]
tests/admin_portal/wash_books/test_customer_wash_books_ui.py::test_customer_wash_books_grid_columns_are_visible PASSED [ 10%]
tests/admin_portal/wash_books/test_customer_wash_books_ui.py::test_customer_wash_books_export_file_validation XFAILry configuration and CSV/XLS
parser utilities. Deferred.)                                             [ 11%]
tests/admin_portal/wash_books/test_wash_books_dependency.py::test_active_wash_book_available_for_cwb_creation SKIPPEDars in the Select
wash book dropdown during customer wash book creation. Deferred.)        [ 11%]
tests/admin_portal/wash_books/test_wash_books_dependency.py::test_deactivated_wash_book_not_available_for_cwb_creation SKIPPEDars in the Select
wash book dropdown during customer wash book creation. Deferred.)        [ 12%]
tests/admin_portal/wash_books/test_wash_books_dependency.py::test_valid_points_awarded_saves SKIPPEDle integration. Deferred.) [ 12%]
tests/admin_portal/wash_books/test_wash_books_dependency.py::test_duplicate_barcode_rejected SKIPPEDbook. Deferred until barcode fixtures
are established.)                                                        [ 13%]
tests/admin_portal/wash_books/test_wash_books_dependency.py::test_description_shows_on_customer_portal SKIPPED display. Deferred.) [ 13%]
tests/admin_portal/wash_books/test_wash_books_dependency.py::test_customer_portal_enabled_wash_book_visible SKIPPEDbility. Deferred.) [ 14%]
tests/admin_portal/wash_books/test_wash_books_edge_cases.py::test_wash_book_long_description_does_not_break_form PASSED [ 14%]
tests/admin_portal/wash_books/test_wash_books_edit.py::test_edit_wash_book_description PASSED [ 15%]
tests/admin_portal/wash_books/test_wash_books_edit.py::test_edit_wash_book_name_persists PASSED [ 15%]
tests/admin_portal/wash_books/test_wash_books_edit.py::test_edit_wash_book_global_price_persists PASSED [ 16%]
tests/admin_portal/wash_books/test_wash_books_edit.py::test_edit_wash_book_number_of_washes_persists PASSED [ 16%]
tests/admin_portal/wash_books/test_wash_books_edit.py::test_edit_wash_book_site_assignment_persists XFAILnments. The iframe src pattern after
this navigation path needs DevTools verification.)                       [ 16%]
tests/admin_portal/wash_books/test_wash_books_edit.py::test_edit_wash_book_global_commission_persists PASSED [ 17%]
tests/admin_portal/wash_books/test_wash_books_edit.py::test_activate_wash_book PASSED [ 17%]
tests/admin_portal/wash_books/test_wash_books_edit.py::test_deactivate_wash_book PASSED [ 18%]
tests/admin_portal/wash_books/test_wash_books_negative.py::test_wash_books_special_character_search_stays_usable PASSED [ 18%]
tests/admin_portal/wash_books/test_wash_books_negative.py::test_duplicate_wash_book_name_is_blocked PASSED [ 19%]
tests/admin_portal/wash_books/test_wash_books_negative.py::test_whitespace_only_wash_book_name_is_rejected PASSED [ 19%]
tests/admin_portal/wash_books/test_wash_books_negative.py::test_negative_number_of_washes_is_rejected PASSED [ 20%]
tests/admin_portal/wash_books/test_wash_books_negative.py::test_negative_global_price_is_rejected PASSED [ 20%]
tests/admin_portal/wash_books/test_wash_books_negative.py::test_negative_global_commission_is_rejected PASSED [ 21%]
tests/admin_portal/wash_books/test_wash_books_positive.py::test_create_wash_book PASSED [ 21%]
tests/admin_portal/wash_books/test_wash_books_positive.py::test_wash_book_settings_persist PASSED [ 22%]
tests/admin_portal/wash_books/test_wash_books_positive.py::test_create_inactive_wash_book PASSED [ 22%]
tests/admin_portal/wash_books/test_wash_books_positive.py::test_wash_book_decimal_price_accepted PASSED [ 23%]
tests/admin_portal/wash_books/test_wash_books_positive.py::test_customer_portal_switch_is_off_by_default PASSED [ 23%]
tests/admin_portal/wash_books/test_wash_books_positive.py::test_wash_book_zero_loyalty_points_accepted PASSED [ 24%]
tests/admin_portal/wash_books/test_wash_books_positive.py::test_wash_book_save_without_loyalty_points_succeeds PASSED [ 24%]
tests/admin_portal/wash_books/test_wash_books_redemption.py::test_redemption_at_site_with_wash_package_persists PASSED [ 25%]
tests/admin_portal/wash_books/test_wash_books_redemption.py::test_redemption_site_without_wash_package_behaviour PASSED [ 25%]
tests/admin_portal/wash_books/test_wash_books_search_filter.py::test_wash_books_existing_search PASSED [ 25%]
tests/admin_portal/wash_books/test_wash_books_search_filter.py::test_wash_books_partial_search_returns_matches PASSED [ 26%]
tests/admin_portal/wash_books/test_wash_books_search_filter.py::test_wash_books_missing_search PASSED [ 26%]
tests/admin_portal/wash_books/test_wash_books_search_filter.py::test_wash_books_clear_search_restores_list PASSED [ 27%]
tests/admin_portal/wash_books/test_wash_books_search_filter.py::test_wash_books_filter_panel_shows_controls PASSED [ 27%]
tests/admin_portal/wash_books/test_wash_books_search_filter.py::test_wash_books_filter_by_site_narrows_results PASSED [ 28%]
tests/admin_portal/wash_books/test_wash_books_search_filter.py::test_wash_books_filter_reset_all_restores_list PASSED [ 28%]
tests/admin_portal/wash_books/test_wash_books_search_filter.py::test_wash_books_search_payloads_do_not_break_grid PASSED [ 29%]
tests/admin_portal/wash_books/test_wash_books_site_assignment.py::test_assign_single_site_persists XPASSafter saving with location
assignment. Needs DevTools inspection of iframe src.)                    [ 29%]
tests/admin_portal/wash_books/test_wash_books_site_assignment.py::test_assign_multiple_sites_persists XFAILafter saving with location
assignments. Needs DevTools inspection of iframe src.)                   [ 30%]
tests/admin_portal/wash_books/test_wash_books_site_assignment.py::test_location_price_override_persists PASSED [ 30%]
tests/admin_portal/wash_books/test_wash_books_site_assignment.py::test_save_wash_book_with_no_site_assigned PASSED [ 31%]
tests/admin_portal/wash_books/test_wash_books_site_assignment.py::test_per_site_customer_portal_toggle_persists SKIPPEDintegration to verify
visibility. Deferred.)                                                   [ 31%]
tests/admin_portal/wash_books/test_wash_books_ui.py::test_wash_books_page_loads_with_primary_controls PASSED [ 32%]
tests/admin_portal/wash_books/test_wash_books_ui.py::test_wash_books_grid_columns_are_visible PASSED [ 32%]
tests/admin_portal/wash_books/test_wash_books_ui.py::test_customer_wash_books_tab_is_accessible PASSED [ 33%]
tests/admin_portal/wash_books/test_wash_books_ui.py::test_add_wash_book_form_loads PASSED [ 33%]
tests/admin_portal/wash_books/test_wash_books_ui.py::test_wash_books_export_file_validation XFAILy configuration and CSV/XLS parser utilities.
Deferred.)                                                               [ 33%]
tests/admin_portal/wash_books/test_wash_books_validation.py::test_wash_book_required_name_validation PASSED [ 34%]
tests/admin_portal/wash_books/test_wash_books_validation.py::test_wash_book_blank_required_form_stays_on_form PASSED [ 34%]
tests/admin_portal/wash_books/test_wash_books_validation.py::test_wash_book_blank_global_price_is_blocked PASSED [ 35%]
tests/admin_portal/wash_books/test_wash_books_validation.py::test_wash_book_valid_number_of_washes_saves PASSED [ 35%]
tests/admin_portal/wash_books/test_wash_books_validation.py::test_wash_book_zero_washes_boundary_behaviour PASSED [ 36%]
tests/admin_portal/wash_books/test_wash_books_validation.py::test_wash_book_zero_price_boundary_behaviour PASSED [ 36%]
tests/admin_portal/wash_books/test_wash_books_validation.py::test_wash_book_valid_commission_saves PASSED [ 37%]
tests/admin_portal/wash_books/test_wash_books_validation.py::test_wash_book_save_without_commission_succeeds PASSED [ 37%]
tests/admin_portal/wash_books/test_wash_books_validation.py::test_wash_book_max_length_name_handled PASSED [ 38%]
tests/admin_portal/wash_books/test_wash_books_validation.py::test_wash_book_invalid_numeric_values_do_not_break_form PASSED [ 38%]
tests/admin_portal/coupon_packages/test_coupon_packages_customer_tab.py::test_customer_coupon_packages_tab_loads PASSED [ 39%]
tests/admin_portal/coupon_packages/test_coupon_packages_customer_tab.py::test_customer_coupon_packages_grid_columns_visible PASSED [ 39%]
tests/admin_portal/coupon_packages/test_coupon_packages_customer_tab.py::test_customer_coupon_exact_search SKIPPEDy is available) [ 40%]
tests/admin_portal/coupon_packages/test_coupon_packages_customer_tab.py::test_customer_coupon_partial_search SKIPPEDy is available) [ 40%]
tests/admin_portal/coupon_packages/test_coupon_packages_customer_tab.py::test_customer_coupon_missing_search SKIPPEDy is available) [ 41%]
tests/admin_portal/coupon_packages/test_coupon_packages_customer_tab.py::test_customer_coupon_filter_used SKIPPEDy is available) [ 41%]
tests/admin_portal/coupon_packages/test_coupon_packages_customer_tab.py::test_customer_coupon_filter_not_used SKIPPEDy is available) [ 41%]
tests/admin_portal/coupon_packages/test_coupon_packages_customer_tab.py::test_customer_coupon_filter_all SKIPPEDy is available) [ 42%]
tests/admin_portal/coupon_packages/test_coupon_packages_customer_tab.py::test_customer_coupon_filter_active SKIPPEDy is available) [ 42%]
tests/admin_portal/coupon_packages/test_coupon_packages_customer_tab.py::test_customer_coupon_combined_filter SKIPPEDy is available) [ 43%]
tests/admin_portal/coupon_packages/test_coupon_packages_customer_tab.py::test_customer_coupon_reset_filters SKIPPEDy is available) [ 43%]
tests/admin_portal/coupon_packages/test_coupon_packages_customer_tab.py::test_customer_coupon_code_is_unique SKIPPED [ 44%]
tests/admin_portal/coupon_packages/test_coupon_packages_customer_tab.py::test_expired_coupon_code_is_inactive SKIPPED [ 44%]
tests/admin_portal/coupon_packages/test_coupon_packages_edge_cases.py::test_coupon_package_long_name_does_not_break_form PASSED [ 45%]
tests/admin_portal/coupon_packages/test_coupon_packages_edge_cases.py::test_coupon_package_valid_expiration_days PASSED [ 45%]
tests/admin_portal/coupon_packages/test_coupon_packages_edge_cases.py::test_coupon_package_zero_expiration_days PASSED [ 46%]
tests/admin_portal/coupon_packages/test_coupon_packages_edge_cases.py::test_coupon_package_negative_expiration_days_rejected SKIPPED) [ 46%]
tests/admin_portal/coupon_packages/test_coupon_packages_edge_cases.py::test_coupon_package_save_without_giveaway PASSED [ 47%]
tests/admin_portal/coupon_packages/test_coupon_packages_edge_cases.py::test_coupon_package_remove_giveaway_service SKIPPED [ 47%]
tests/admin_portal/coupon_packages/test_coupon_packages_edit.py::test_edit_coupon_package_name PASSED [ 48%]
tests/admin_portal/coupon_packages/test_coupon_packages_edit.py::test_edit_coupon_package_discount PASSED [ 48%]
tests/admin_portal/coupon_packages/test_coupon_packages_edit.py::test_edit_coupon_package_expiration_days PASSED [ 49%]
tests/admin_portal/coupon_packages/test_coupon_packages_edit.py::test_edit_coupon_package_giveaway_services PASSED [ 49%]
tests/admin_portal/coupon_packages/test_coupon_packages_edit.py::test_activate_inactive_coupon_package SKIPPEDion - needs investigation
of legacy iframe form submit behaviour)                                  [ 50%]
tests/admin_portal/coupon_packages/test_coupon_packages_edit.py::test_deactivate_active_coupon_package PASSED [ 50%]
tests/admin_portal/coupon_packages/test_coupon_packages_negative.py::test_coupon_package_duplicate_name_is_blocked SKIPPED [ 50%]
tests/admin_portal/coupon_packages/test_coupon_packages_negative.py::test_coupon_packages_special_character_search_stays_usable PASSED [ 51%]
tests/admin_portal/coupon_packages/test_coupon_packages_positive.py::test_create_coupon_package PASSED [ 51%]
tests/admin_portal/coupon_packages/test_coupon_packages_positive.py::test_coupon_package_settings_persist PASSED [ 52%]
tests/admin_portal/coupon_packages/test_coupon_packages_positive.py::test_create_inactive_coupon_package SKIPPED [ 52%]
tests/admin_portal/coupon_packages/test_coupon_packages_search_filter.py::test_coupon_packages_exact_search PASSED [ 53%]
tests/admin_portal/coupon_packages/test_coupon_packages_search_filter.py::test_coupon_packages_partial_search PASSED [ 53%]
tests/admin_portal/coupon_packages/test_coupon_packages_search_filter.py::test_coupon_packages_missing_search PASSED [ 54%]
tests/admin_portal/coupon_packages/test_coupon_packages_search_filter.py::test_coupon_packages_clear_search_restores_list PASSED [ 54%]
tests/admin_portal/coupon_packages/test_coupon_packages_search_filter.py::test_active_coupon_package_filter_shows_active_only PASSED [ 55%]
tests/admin_portal/coupon_packages/test_coupon_packages_search_filter.py::test_active_toggle_off_shows_all_packages PASSED [ 55%]
tests/admin_portal/coupon_packages/test_coupon_packages_search_filter.py::test_reset_all_restores_unfiltered_list PASSED [ 56%]
tests/admin_portal/coupon_packages/test_coupon_packages_search_filter.py::test_coupon_packages_search_payloads_do_not_break_grid PASSED [ 56%]
tests/admin_portal/coupon_packages/test_coupon_packages_ui.py::test_coupon_packages_page_loads_with_primary_controls PASSED [ 57%]
tests/admin_portal/coupon_packages/test_coupon_packages_ui.py::test_coupon_packages_grid_columns_are_visible PASSED [ 57%]
tests/admin_portal/coupon_packages/test_coupon_packages_ui.py::test_customer_coupon_packages_tab_is_accessible PASSED [ 58%]
tests/admin_portal/coupon_packages/test_coupon_packages_ui.py::test_add_coupon_package_form_loads PASSED [ 58%]
tests/admin_portal/coupon_packages/test_coupon_packages_validation.py::test_coupon_package_blank_name_is_blocked PASSED [ 58%]
tests/admin_portal/coupon_packages/test_coupon_packages_validation.py::test_coupon_package_whitespace_name_is_rejected PASSED [ 59%]
tests/admin_portal/coupon_packages/test_coupon_packages_validation.py::test_coupon_package_blank_discount_is_blocked PASSED [ 59%]
tests/admin_portal/custom_services/test_custom_services_category.py::test_service_category_dropdown_lists_active_categories_only PASSED [ 60%]
tests/admin_portal/custom_services/test_custom_services_category.py::test_selected_category_persists_after_save PASSED [ 60%]
tests/admin_portal/custom_services/test_custom_services_category.py::test_service_category_can_be_changed 2026-07-29 12:07:46,403 ERROR nxtwash: Test FAILED: tests/admin_portal/custom_services/test_custom_services_category.py::test_service_category_can_be_changed (url: https://staging.nxtwash.com/services/customServices)

-------------------------------- live log call ---------------------------------
ERROR    nxtwash:conftest.py:241 Test FAILED: tests/admin_portal/custom_services/test_custom_services_category.py::test_service_category_can_be_changed (url: https://staging.nxtwash.com/services/customServices)
2026-07-29 12:07:47,151 ERROR nxtwash: Visible page text at failure:
Custom services
Filter by (1)
+ Add new custom service
Service name
Category
Price
Status
No records available
Page
of
0
Results per page
100
Showing 0 - 0 of 0
ERROR    nxtwash:conftest.py:256 Visible page text at failure:
Custom services
Filter by (1)
+ Add new custom service
Service name
Category
Price
Status
No records available
Page
of
0
Results per page
100
Showing 0 - 0 of 0
FAILED                                                                   [ 61%]
tests/admin_portal/custom_services/test_custom_services_dependency.py::test_assigned_site_appears_in_site_grid_after_save PASSED [ 61%]
tests/admin_portal/custom_services/test_custom_services_dependency.py::test_service_appears_in_pos_after_assignment SKIPPEDysical or emulated
POS device that is not available in the automation environment.)         [ 62%]
tests/admin_portal/custom_services/test_custom_services_dependency.py::test_inactive_service_hidden_from_pos SKIPPEDdevice and is not
automatable in the current test setup.)                                  [ 62%]
tests/admin_portal/custom_services/test_custom_services_dependency.py::test_delete_service_removes_from_pos SKIPPEDimpact must be
verified manually against a live terminal.)                              [ 63%]
tests/admin_portal/custom_services/test_custom_services_dependency.py::test_export_download_button_triggers_download SKIPPEDres download-
directory interception which is out of scope for this test suite.)       [ 63%]
tests/admin_portal/custom_services/test_custom_services_discount.py::test_discount_settings_tab_is_visible_on_create PASSED [ 64%]
tests/admin_portal/custom_services/test_custom_services_discount.py::test_applicable_discount_persists_after_save 2026-07-29 12:09:44,236 ERROR nxtwash: Test FAILED: tests/admin_portal/custom_services/test_custom_services_discount.py::test_applicable_discount_persists_after_save (url: https://staging.nxtwash.com/services/customServices/edit/30785)

-------------------------------- live log call ---------------------------------
ERROR    nxtwash:conftest.py:241 Test FAILED: tests/admin_portal/custom_services/test_custom_services_discount.py::test_applicable_discount_persists_after_save (url: https://staging.nxtwash.com/services/customServices/edit/30785)
2026-07-29 12:09:44,907 ERROR nxtwash: Visible page text at failure:
Custom services
Edit custom service
Cancel
Save custom service
Service settings
Discount settings
Applicable discounts
Discounts applied to this service
ERROR    nxtwash:conftest.py:256 Visible page text at failure:
Custom services
Edit custom service
Cancel
Save custom service
Service settings
Discount settings
Applicable discounts
Discounts applied to this service
FAILED                                                                   [ 64%]
tests/admin_portal/custom_services/test_custom_services_discount.py::test_multiple_applicable_discounts_can_be_selected SKIPPED [ 65%]
tests/admin_portal/custom_services/test_custom_services_discount.py::test_remove_applicable_discount_persists ERROR [ 65%]
tests/admin_portal/custom_services/test_custom_services_discount.py::test_discount_tab_accessible_on_edit_form PASSED [ 66%]
tests/admin_portal/custom_services/test_custom_services_discount.py::test_discount_combobox_filters_by_typing SKIPPED [ 66%]
tests/admin_portal/custom_services/test_custom_services_edit.py::test_edit_service_name_persists SKIPPED [ 66%]
tests/admin_portal/custom_services/test_custom_services_edit.py::test_edit_global_price_persists PASSED [ 67%]
tests/admin_portal/custom_services/test_custom_services_edit.py::test_edit_site_price_override_persists PASSED [ 67%]
tests/admin_portal/custom_services/test_custom_services_edit.py::test_edit_site_price_override_persists ERROR [ 67%]
tests/admin_portal/custom_services/test_custom_services_edit.py::test_activate_inactive_service SKIPPEDed in save payload. Needs app-level
investigation.)                                                          [ 68%]
tests/admin_portal/custom_services/test_custom_services_edit.py::test_deactivate_active_service PASSED [ 68%]
tests/admin_portal/custom_services/test_custom_services_edit.py::test_edit_form_prepopulates_existing_values PASSED [ 69%]
tests/admin_portal/custom_services/test_custom_services_edit.py::test_cancel_out_of_edit_form PASSED [ 69%]
tests/admin_portal/custom_services/test_custom_services_edit.py::test_edit_barcode_and_description_persist SKIPPEDkely covered by
tooltip/overlay. Needs browser inspection.)                              [ 70%]
tests/admin_portal/custom_services/test_custom_services_edit.py::test_created_service_persists_after_reload 2026-07-29 12:16:57,080 ERROR nxtwash: Test FAILED: tests/admin_portal/custom_services/test_custom_services_edit.py::test_created_service_persists_after_reload (url: https://staging.nxtwash.com/services/customServices/edit/30785)

-------------------------------- live log call ---------------------------------
ERROR    nxtwash:conftest.py:241 Test FAILED: tests/admin_portal/custom_services/test_custom_services_edit.py::test_created_service_persists_after_reload (url: https://staging.nxtwash.com/services/customServices/edit/30785)
2026-07-29 12:16:57,932 ERROR nxtwash: Visible page text at failure:
Custom services
Edit custom service
Cancel
Save custom service
Service settings
Discount settings
Service name
Select service category
VK ASC3
Barcode
Loyalty points
Points awarded
Points to redeem
Service description
Force receipt printing
Active service
Open price
Global price
Global commission
Assign to
Location price
Exempt tax
State sales tax rate
City sales tax rate
Commission
VK AL27
Los angeles
5%
3%
VK AL28
Los angeles
5%
3%
VK AL36
Los angeles
5%
3%
VK AL35
Los angeles
5%
3%
VK ZT 9344b0
Los angeles
0%
0%
VK AL34
Los angeles
5%
3%
VK AL92
5%
3%
VK AL33
Los angeles
5%
3%
VK AL32
Los angeles
5%
3%
VK AL31
Los angeles
5%
3%
VK ZT c6d556
Los angeles
0%
0%
VK AL30
Los angeles
5%
3%
VK AL29
Los angeles
5%
3%
VK ZT 9e7bdf
Los angeles
0%
0%
ERROR    nxtwash:conftest.py:256 Visible page text at failure:
Custom services
Edit custom service
Cancel
Save custom service
Service settings
Discount settings
Service name
Select service category
VK ASC3
Barcode
Loyalty points
Points awarded
Points to redeem
Service description
Force receipt printing
Active service
Open price
Global price
Global commission
Assign to
Location price
Exempt tax
State sales tax rate
City sales tax rate
Commission
VK AL27
Los angeles
5%
3%
VK AL28
Los angeles
5%
3%
VK AL36
Los angeles
5%
3%
VK AL35
Los angeles
5%
3%
VK ZT 9344b0
Los angeles
0%
0%
VK AL34
Los angeles
5%
3%
VK AL92
5%
3%
VK AL33
Los angeles
5%
3%
VK AL32
Los angeles
5%
3%
VK AL31
Los angeles
5%
3%
VK ZT c6d556
Los angeles
0%
0%
VK AL30
Los angeles
5%
3%
VK AL29
Los angeles
5%
3%
VK ZT 9e7bdf
Los angeles
0%
0%
FAILED                                                                   [ 70%]
tests/admin_portal/custom_services/test_custom_services_edit.py::test_edited_service_persists_after_reload PASSED [ 71%]
tests/admin_portal/custom_services/test_custom_services_positive.py::test_create_active_custom_service PASSED [ 71%]
tests/admin_portal/custom_services/test_custom_services_positive.py::test_create_inactive_custom_service_hidden PASSED [ 72%]
tests/admin_portal/custom_services/test_custom_services_positive.py::test_cancel_out_of_create_form PASSED [ 72%]
tests/admin_portal/custom_services/test_custom_services_positive.py::test_create_form_has_save_and_cancel_buttons PASSED [ 73%]
tests/admin_portal/custom_services/test_custom_services_positive.py::test_new_service_global_price_visible_in_list PASSED [ 73%]
tests/admin_portal/custom_services/test_custom_services_positive.py::test_create_service_with_barcode PASSED [ 74%]
tests/admin_portal/custom_services/test_custom_services_positive.py::test_create_service_with_description PASSED [ 74%]
tests/admin_portal/custom_services/test_custom_services_positive.py::test_create_service_with_force_receipt_enabled PASSED [ 75%]
tests/admin_portal/custom_services/test_custom_services_positive.py::test_create_service_with_open_price_enabled PASSED [ 75%]
tests/admin_portal/custom_services/test_custom_services_positive.py::test_site_level_price_override_saved PASSED [ 75%]
tests/admin_portal/custom_services/test_custom_services_positive.py::test_enable_tax_exemption_per_site PASSED [ 76%]
tests/admin_portal/custom_services/test_custom_services_positive.py::test_create_service_with_applicable_discount PASSED [ 76%]
tests/admin_portal/custom_services/test_custom_services_positive.py::test_state_city_sales_tax_columns_are_read_only PASSED [ 77%]
tests/admin_portal/custom_services/test_custom_services_positive.py::test_created_service_persists_after_reload PASSED [ 77%]
tests/admin_portal/custom_services/test_custom_services_search_filter.py::test_search_exact_service_name 2026-07-29 12:27:14,403 ERROR nxtwash: Test FAILED: tests/admin_portal/custom_services/test_custom_services_search_filter.py::test_search_exact_service_name (url: https://staging.nxtwash.com/services/customServices/edit/30785)

-------------------------------- live log call ---------------------------------
ERROR    nxtwash:conftest.py:241 Test FAILED: tests/admin_portal/custom_services/test_custom_services_search_filter.py::test_search_exact_service_name (url: https://staging.nxtwash.com/services/customServices/edit/30785)
2026-07-29 12:27:15,645 ERROR nxtwash: Visible page text at failure:
Custom services
Edit custom service
Cancel
Save custom service
Service settings
Discount settings
Service name
Select service category
VK ASC3
Barcode
Loyalty points
Points awarded
Points to redeem
Service description
Force receipt printing
Active service
Open price
Global price
Global commission
Assign to
Location price
Exempt tax
State sales tax rate
City sales tax rate
Commission
VK AL27
Los angeles
5%
3%
VK AL28
Los angeles
5%
3%
VK AL36
Los angeles
5%
3%
VK AL35
Los angeles
5%
3%
VK ZT 9344b0
Los angeles
0%
0%
VK AL34
Los angeles
5%
3%
VK AL92
5%
3%
VK AL33
Los angeles
5%
3%
VK AL32
Los angeles
5%
3%
VK AL31
Los angeles
5%
3%
VK ZT c6d556
Los angeles
0%
0%
VK AL30
Los angeles
5%
3%
VK AL29
Los angeles
5%
3%
VK ZT 9e7bdf
Los angeles
0%
0%
ERROR    nxtwash:conftest.py:256 Visible page text at failure:
Custom services
Edit custom service
Cancel
Save custom service
Service settings
Discount settings
Service name
Select service category
VK ASC3
Barcode
Loyalty points
Points awarded
Points to redeem
Service description
Force receipt printing
Active service
Open price
Global price
Global commission
Assign to
Location price
Exempt tax
State sales tax rate
City sales tax rate
Commission
VK AL27
Los angeles
5%
3%
VK AL28
Los angeles
5%
3%
VK AL36
Los angeles
5%
3%
VK AL35
Los angeles
5%
3%
VK ZT 9344b0
Los angeles
0%
0%
VK AL34
Los angeles
5%
3%
VK AL92
5%
3%
VK AL33
Los angeles
5%
3%
VK AL32
Los angeles
5%
3%
VK AL31
Los angeles
5%
3%
VK ZT c6d556
Los angeles
0%
0%
VK AL30
Los angeles
5%
3%
VK AL29
Los angeles
5%
3%
VK ZT 9e7bdf
Los angeles
0%
0%
FAILED                                                                   [ 78%]
tests/admin_portal/custom_services/test_custom_services_search_filter.py::test_search_partial_service_name PASSED [ 78%]
tests/admin_portal/custom_services/test_custom_services_search_filter.py::test_search_non_existing_service_returns_empty PASSED [ 79%]
tests/admin_portal/custom_services/test_custom_services_search_filter.py::test_clear_search_restores_full_list PASSED [ 79%]
tests/admin_portal/custom_services/test_custom_services_search_filter.py::test_filter_by_site_narrows_results PASSED [ 80%]
tests/admin_portal/custom_services/test_custom_services_search_filter.py::test_active_service_filter_shows_active_only 2026-07-29 12:29:57,722 ERROR nxtwash: Test FAILED: tests/admin_portal/custom_services/test_custom_services_search_filter.py::test_active_service_filter_shows_active_only (url: https://staging.nxtwash.com/services/customServices/edit/30785)

-------------------------------- live log call ---------------------------------
ERROR    nxtwash:conftest.py:241 Test FAILED: tests/admin_portal/custom_services/test_custom_services_search_filter.py::test_active_service_filter_shows_active_only (url: https://staging.nxtwash.com/services/customServices/edit/30785)
2026-07-29 12:29:58,533 ERROR nxtwash: Visible page text at failure:
Custom services
Edit custom service
Cancel
Save custom service
Service settings
Discount settings
Service name
Select service category
VK ASC3
Barcode
Loyalty points
Points awarded
Points to redeem
Service description
Force receipt printing
Active service
Open price
Global price
Global commission
Assign to
Location price
Exempt tax
State sales tax rate
City sales tax rate
Commission
VK AL27
Los angeles
5%
3%
VK AL28
Los angeles
5%
3%
VK AL36
Los angeles
5%
3%
VK AL35
Los angeles
5%
3%
VK ZT 9344b0
Los angeles
0%
0%
VK AL34
Los angeles
5%
3%
VK AL92
5%
3%
VK AL33
Los angeles
5%
3%
VK AL32
Los angeles
5%
3%
VK AL31
Los angeles
5%
3%
VK ZT c6d556
Los angeles
0%
0%
VK AL30
Los angeles
5%
3%
VK AL29
Los angeles
5%
3%
VK ZT 9e7bdf
Los angeles
0%
0%
ERROR    nxtwash:conftest.py:256 Visible page text at failure:
Custom services
Edit custom service
Cancel
Save custom service
Service settings
Discount settings
Service name
Select service category
VK ASC3
Barcode
Loyalty points
Points awarded
Points to redeem
Service description
Force receipt printing
Active service
Open price
Global price
Global commission
Assign to
Location price
Exempt tax
State sales tax rate
City sales tax rate
Commission
VK AL27
Los angeles
5%
3%
VK AL28
Los angeles
5%
3%
VK AL36
Los angeles
5%
3%
VK AL35
Los angeles
5%
3%
VK ZT 9344b0
Los angeles
0%
0%
VK AL34
Los angeles
5%
3%
VK AL92
5%
3%
VK AL33
Los angeles
5%
3%
VK AL32
Los angeles
5%
3%
VK AL31
Los angeles
5%
3%
VK ZT c6d556
Los angeles
0%
0%
VK AL30
Los angeles
5%
3%
VK AL29
Los angeles
5%
3%
VK ZT 9e7bdf
Los angeles
0%
0%
FAILED                                                                   [ 80%]
tests/admin_portal/custom_services/test_custom_services_search_filter.py::test_active_service_filter_off_shows_all SKIPPEDnot change — same
root cause as CS-EDT-004. Needs app-level investigation.)                [ 81%]
tests/admin_portal/custom_services/test_custom_services_search_filter.py::test_site_and_active_filter_combined PASSED [ 81%]
tests/admin_portal/custom_services/test_custom_services_search_filter.py::test_reset_filters_clears_filters 2026-07-29 12:31:39,715 ERROR nxtwash: Test FAILED: tests/admin_portal/custom_services/test_custom_services_search_filter.py::test_reset_filters_clears_filters (url: https://staging.nxtwash.com/services/customServices)

-------------------------------- live log call ---------------------------------
ERROR    nxtwash:conftest.py:241 Test FAILED: tests/admin_portal/custom_services/test_custom_services_search_filter.py::test_reset_filters_clears_filters (url: https://staging.nxtwash.com/services/customServices)
2026-07-29 12:31:40,551 ERROR nxtwash: Visible page text at failure:
Custom services
Filter by
+ Add new custom service
Service name
Category
Price
Status
VK discount-dd3724
VK ASC3
$15.00
Active
Edit
VK taxex-a246d0
VK ASC3
$15.00
Active
Edit
VK siteprice-1c3ef8
VK ASC3
$15.00
Active
Edit
VK openprice-ffe919
VK ASC3
$15.00
Active
Edit
VK receipt-1f980b
VK ASC3
$15.00
Active
Edit
VK desc-69e4fc
VK ASC3
$15.00
Active
Edit
VK barcode-3dff16
VK ASC3
$15.00
Active
Edit
VK discount-9df659
VK ASC3
$15.00
Active
Edit
VK taxex-803dde
VK ASC3
$15.00
Active
Edit
VK siteprice-1c1dec
VK ASC3
$15.00
Active
Edit
VK openprice-fff77e
VK ASC3
$15.00
Active
Edit
VK receipt-b4e6e9
VK ASC3
$15.00
Active
Edit
VK desc-6ab1f6
VK ASC3
$15.00
Active
Edit
VK barcode-865734
VK ASC3
$15.00
Active
Edit
VK EDT001-3b32e0
VK ASC3
$15.00
Active
Edit
Page
of
2
Results per page
100
Showing 1 - 100 of 132
ERROR    nxtwash:conftest.py:256 Visible page text at failure:
Custom services
Filter by
+ Add new custom service
Service name
Category
Price
Status
VK discount-dd3724
VK ASC3
$15.00
Active
Edit
VK taxex-a246d0
VK ASC3
$15.00
Active
Edit
VK siteprice-1c3ef8
VK ASC3
$15.00
Active
Edit
VK openprice-ffe919
VK ASC3
$15.00
Active
Edit
VK receipt-1f980b
VK ASC3
$15.00
Active
Edit
VK desc-69e4fc
VK ASC3
$15.00
Active
Edit
VK barcode-3dff16
VK ASC3
$15.00
Active
Edit
VK discount-9df659
VK ASC3
$15.00
Active
Edit
VK taxex-803dde
VK ASC3
$15.00
Active
Edit
VK siteprice-1c1dec
VK ASC3
$15.00
Active
Edit
VK openprice-fff77e
VK ASC3
$15.00
Active
Edit
VK receipt-b4e6e9
VK ASC3
$15.00
Active
Edit
VK desc-6ab1f6
VK ASC3
$15.00
Active
Edit
VK barcode-865734
VK ASC3
$15.00
Active
Edit
VK EDT001-3b32e0
VK ASC3
$15.00
Active
Edit
Page
of
2
Results per page
100
Showing 1 - 100 of 132
FAILED                                                                   [ 82%]
tests/admin_portal/custom_services/test_custom_services_ui.py::test_custom_services_page_loads_with_primary_controls PASSED [ 82%]
tests/admin_portal/custom_services/test_custom_services_ui.py::test_grid_displays_expected_columns 2026-07-29 12:32:36,567 ERROR nxtwash: Test FAILED: tests/admin_portal/custom_services/test_custom_services_ui.py::test_grid_displays_expected_columns (url: https://staging.nxtwash.com/services/customServices/edit/30785)

-------------------------------- live log call ---------------------------------
ERROR    nxtwash:conftest.py:241 Test FAILED: tests/admin_portal/custom_services/test_custom_services_ui.py::test_grid_displays_expected_columns (url: https://staging.nxtwash.com/services/customServices/edit/30785)
2026-07-29 12:32:37,369 ERROR nxtwash: Visible page text at failure:
Custom services
Edit custom service
Cancel
Save custom service
Service settings
Discount settings
Service name
Select service category
VK ASC3
Barcode
Loyalty points
Points awarded
Points to redeem
Service description
Force receipt printing
Active service
Open price
Global price
Global commission
Assign to
Location price
Exempt tax
State sales tax rate
City sales tax rate
Commission
VK AL27
Los angeles
5%
3%
VK AL28
Los angeles
5%
3%
VK AL36
Los angeles
5%
3%
VK AL35
Los angeles
5%
3%
VK ZT 9344b0
Los angeles
0%
0%
VK AL34
Los angeles
5%
3%
VK AL92
5%
3%
VK AL33
Los angeles
5%
3%
VK AL32
Los angeles
5%
3%
VK AL31
Los angeles
5%
3%
VK ZT c6d556
Los angeles
0%
0%
VK AL30
Los angeles
5%
3%
VK AL29
Los angeles
5%
3%
VK ZT 9e7bdf
Los angeles
0%
0%
ERROR    nxtwash:conftest.py:256 Visible page text at failure:
Custom services
Edit custom service
Cancel
Save custom service
Service settings
Discount settings
Service name
Select service category
VK ASC3
Barcode
Loyalty points
Points awarded
Points to redeem
Service description
Force receipt printing
Active service
Open price
Global price
Global commission
Assign to
Location price
Exempt tax
State sales tax rate
City sales tax rate
Commission
VK AL27
Los angeles
5%
3%
VK AL28
Los angeles
5%
3%
VK AL36
Los angeles
5%
3%
VK AL35
Los angeles
5%
3%
VK ZT 9344b0
Los angeles
0%
0%
VK AL34
Los angeles
5%
3%
VK AL92
5%
3%
VK AL33
Los angeles
5%
3%
VK AL32
Los angeles
5%
3%
VK AL31
Los angeles
5%
3%
VK ZT c6d556
Los angeles
0%
0%
VK AL30
Los angeles
5%
3%
VK AL29
Los angeles
5%
3%
VK ZT 9e7bdf
Los angeles
0%
0%
FAILED                                                                   [ 83%]
tests/admin_portal/custom_services/test_custom_services_ui.py::test_pagination_controls_are_visible PASSED [ 83%]
tests/admin_portal/custom_services/test_custom_services_validation.py::test_submit_without_service_name_shows_error PASSED [ 83%]
tests/admin_portal/custom_services/test_custom_services_validation.py::test_submit_without_category_shows_error PASSED [ 84%]
tests/admin_portal/custom_services/test_custom_services_validation.py::test_submit_without_global_price_shows_error PASSED [ 84%]
tests/admin_portal/custom_services/test_custom_services_validation.py::test_negative_global_price_documents_behaviour PASSED [ 85%]
tests/admin_portal/custom_services/test_custom_services_validation.py::test_zero_global_price_documents_behaviour PASSED [ 85%]
tests/admin_portal/custom_services/test_custom_services_validation.py::test_duplicate_service_name_documents_behaviour PASSED [ 86%]
tests/admin_portal/custom_services/test_custom_services_validation.py::test_non_numeric_price_rejected PASSED [ 86%]
tests/admin_portal/custom_services/test_custom_services_validation.py::test_long_service_name_documents_behaviour PASSED [ 87%]
tests/admin_portal/bank_drop/test_bank_drop_edge_cases.py::test_negative_order_documents_behavior PASSED [ 87%]
tests/admin_portal/bank_drop/test_bank_drop_edge_cases.py::test_zero_order_documents_behavior PASSED [ 88%]
tests/admin_portal/bank_drop/test_bank_drop_edge_cases.py::test_duplicate_name_documents_behavior PASSED [ 88%]
tests/admin_portal/bank_drop/test_bank_drop_edge_cases.py::test_duplicate_order_documents_behavior PASSED [ 89%]
tests/admin_portal/bank_drop/test_bank_drop_edge_cases.py::test_changing_order_resequences_list SKIPPEDsequencing on the customer portal
must be verified manually.)                                              [ 89%]
tests/admin_portal/bank_drop/test_bank_drop_edge_cases.py::test_download_button_is_visible PASSED [ 90%]
tests/admin_portal/bank_drop/test_bank_drop_edge_cases.py::test_save_button_has_human_readable_label XFAILead of 'Save bank drop'. Remove xfail
once the translation is wired up.)                                       [ 90%]
tests/admin_portal/bank_drop/test_bank_drop_edge_cases.py::test_pagination_footer_shows_record_count XFAILresent. Remove xfail once the
count is rendered correctly.)                                            [ 91%]
tests/admin_portal/bank_drop/test_bank_drop_edit.py::test_edit_bank_drop_name_persists PASSED [ 91%]
tests/admin_portal/bank_drop/test_bank_drop_edit.py::test_edit_bank_drop_order_persists PASSED [ 91%]
tests/admin_portal/bank_drop/test_bank_drop_edit.py::test_activate_inactive_bank_drop PASSED [ 92%]
tests/admin_portal/bank_drop/test_bank_drop_edit.py::test_deactivate_active_bank_drop PASSED [ 92%]
tests/admin_portal/bank_drop/test_bank_drop_edit.py::test_edit_form_prepopulates_existing_values PASSED [ 93%]
tests/admin_portal/bank_drop/test_bank_drop_edit.py::test_cancel_out_of_edit_form PASSED [ 93%]
tests/admin_portal/bank_drop/test_bank_drop_edit.py::test_edited_bank_drop_persists_after_reload PASSED [ 94%]
tests/admin_portal/bank_drop/test_bank_drop_edit.py::test_bank_drop_list_sorted_by_order SKIPPEDder field controls display sequence on the
customer portal, not admin list order.)                                  [ 94%]
tests/admin_portal/bank_drop/test_bank_drop_positive.py::test_create_active_bank_drop PASSED [ 95%]
tests/admin_portal/bank_drop/test_bank_drop_positive.py::test_create_inactive_bank_drop SKIPPED deactivation behaviour is covered by BD-
EDT-004.)                                                                [ 95%]
tests/admin_portal/bank_drop/test_bank_drop_positive.py::test_cancel_out_of_add_form PASSED [ 96%]
tests/admin_portal/bank_drop/test_bank_drop_positive.py::test_created_bank_drop_persists_after_reload PASSED [ 96%]
tests/admin_portal/bank_drop/test_bank_drop_ui.py::test_bank_drop_page_loads_with_primary_controls PASSED [ 97%]
tests/admin_portal/bank_drop/test_bank_drop_ui.py::test_bank_drop_grid_columns_are_visible PASSED [ 97%]
tests/admin_portal/bank_drop/test_bank_drop_ui.py::test_bank_drop_pagination_controls_visible PASSED [ 98%]
tests/admin_portal/bank_drop/test_bank_drop_ui.py::test_add_bank_drop_form_loads PASSED [ 98%]
tests/admin_portal/bank_drop/test_bank_drop_validation.py::test_blank_name_is_blocked PASSED [ 99%]
tests/admin_portal/bank_drop/test_bank_drop_validation.py::test_blank_order_is_blocked PASSED [ 99%]
tests/admin_portal/bank_drop/test_bank_drop_validation.py::test_non_numeric_order_rejected PASSED [100%]

==================================== ERRORS ====================================
__________ ERROR at setup of test_remove_applicable_discount_persists __________

browser = <selenium.webdriver.chrome.webdriver.WebDriver (session="14afb0132ad1afc5fbf547d294769a81")>

    @pytest.fixture
    def managed_service(browser):
        """Ensure SERVICE_NAME exists at baseline before the test and restore after."""
>       page = create_service_if_missing(browser)
               ^^^^^^^^^^^^^^^^^^^^^^^^^^^^^^^^^^

tests/admin_portal/custom_services/conftest.py:83: 
_ _ _ _ _ _ _ _ _ _ _ _ _ _ _ _ _ _ _ _ _ _ _ _ _ _ _ _ _ _ _ _ _ _ _ _ _ _ _ _ 
tests/admin_portal/custom_services/conftest.py:50: in create_service_if_missing
    page.fill_service_form(
pages/admin_portal/custom_services_page.py:771: in fill_service_form
    self.assign_site_with_price_and_commission(site_name, global_price, global_commission)
pages/admin_portal/custom_services_page.py:622: in assign_site_with_price_and_commission
    price_input.click()
venv/lib/python3.11/site-packages/selenium/webdriver/remote/webelement.py:114: in click
    self._execute(Command.CLICK_ELEMENT)
venv/lib/python3.11/site-packages/selenium/webdriver/remote/webelement.py:508: in _execute
    return self._parent.execute(command, params)
           ^^^^^^^^^^^^^^^^^^^^^^^^^^^^^^^^^^^^^
venv/lib/python3.11/site-packages/selenium/webdriver/remote/webdriver.py:468: in execute
    self.error_handler.check_response(response)
_ _ _ _ _ _ _ _ _ _ _ _ _ _ _ _ _ _ _ _ _ _ _ _ _ _ _ _ _ _ _ _ _ _ _ _ _ _ _ _ 

self = <selenium.webdriver.remote.errorhandler.ErrorHandler object at 0x105fb0690>
response = {'status': 400, 'value': '{"value":{"error":"element click intercepted","message":"element click intercepted: Element ...000199325c08 _pthread_start + 136\\n20  libsystem_pthread.dylib             0x0000000199320ba8 thread_start + 8\\n"}}'}

    def check_response(self, response: dict[str, Any]) -> None:
        """Check that a JSON response from the WebDriver does not have an error.
    
        Args:
            response: The JSON response from the WebDriver server as a dictionary
                object.
    
        Raises:
            WebDriverException: If the response contains an error message.
        """
        status = response.get("status", None)
        if not status or status == ErrorCode.SUCCESS:
            return
        value = None
        message = response.get("message", "")
        screen: str = response.get("screen", "")
        stacktrace = None
        if isinstance(status, int):
            value_json = response.get("value", None)
            if value_json and isinstance(value_json, str):
                try:
                    value = json.loads(value_json)
                    if isinstance(value, dict):
                        if len(value) == 1:
                            value = value["value"]
                        status = value.get("error", None)
                        if not status:
                            status = value.get("status", ErrorCode.UNKNOWN_ERROR)
                            message = value.get("value") or value.get("message")
                            if not isinstance(message, str):
                                value = message
                                message = message.get("message") if isinstance(message, dict) else None
                        else:
                            message = value.get("message", None)
                except ValueError:
                    pass
    
        exception_class: type[WebDriverException]
        e = ErrorCode()
        error_codes = [item for item in dir(e) if not item.startswith("__")]
        for error_code in error_codes:
            error_info = getattr(ErrorCode, error_code)
            if isinstance(error_info, list) and status in error_info:
                exception_class = getattr(ExceptionMapping, error_code, WebDriverException)
                break
        else:
            exception_class = WebDriverException
    
        if not value:
            value = response["value"]
        if isinstance(value, str):
            raise exception_class(value)
        if message == "" and "message" in value:
            message = value["message"]
    
        screen = None  # type: ignore[assignment]
        if "screen" in value:
            screen = value["screen"]
    
        stacktrace = None
        st_value = value.get("stackTrace") or value.get("stacktrace")
        if st_value:
            if isinstance(st_value, str):
                stacktrace = st_value.split("\n")
            else:
                stacktrace = []
                try:
                    for frame in st_value:
                        line = frame.get("lineNumber", "")
                        file = frame.get("fileName", "<anonymous>")
                        if line:
                            file = f"{file}:{line}"
                        meth = frame.get("methodName", "<anonymous>")
                        if "className" in frame:
                            meth = f"{frame['className']}.{meth}"
                        msg = "    at %s (%s)"
                        msg = msg % (meth, file)
                        stacktrace.append(msg)
                except TypeError:
                    pass
        if exception_class == UnexpectedAlertPresentException:
            alert_text = None
            if "data" in value:
                alert_text = value["data"].get("text")
            elif "alert" in value:
                alert_text = value["alert"].get("text")
            raise exception_class(message, screen, stacktrace, alert_text)
>       raise exception_class(message, screen, stacktrace)
E       selenium.common.exceptions.ElementClickInterceptedException: Message: element click intercepted: Element is not clickable at point (853, 887)
E         (Session info: chrome=150.0.7871.187); For documentation on this error, please visit: https://www.selenium.dev/documentation/webdriver/troubleshooting/errors#elementclickinterceptedexception
E       Stacktrace:
E       0   chromedriver                        0x0000000104b69a84 cxxbridge1$str$ptr + 3195292
E       1   chromedriver                        0x0000000104b61b4c cxxbridge1$str$ptr + 3162724
E       2   chromedriver                        0x000000010460b2a4 _RNvCs9NA52FrZ4pF_7___rustc35___rust_no_alloc_shim_is_unstable_v2 + 73836
E       3   chromedriver                        0x0000000104659154 _RNvCs9NA52FrZ4pF_7___rustc35___rust_no_alloc_shim_is_unstable_v2 + 392988
E       4   chromedriver                        0x00000001046579c0 _RNvCs9NA52FrZ4pF_7___rustc35___rust_no_alloc_shim_is_unstable_v2 + 386952
E       5   chromedriver                        0x0000000104655a6c _RNvCs9NA52FrZ4pF_7___rustc35___rust_no_alloc_shim_is_unstable_v2 + 378932
E       6   chromedriver                        0x0000000104654e14 _RNvCs9NA52FrZ4pF_7___rustc35___rust_no_alloc_shim_is_unstable_v2 + 375772
E       7   chromedriver                        0x000000010464aeac _RNvCs9NA52FrZ4pF_7___rustc35___rust_no_alloc_shim_is_unstable_v2 + 334964
E       8   chromedriver                        0x000000010464a934 _RNvCs9NA52FrZ4pF_7___rustc35___rust_no_alloc_shim_is_unstable_v2 + 333564
E       9   chromedriver                        0x0000000104693030 _RNvCs9NA52FrZ4pF_7___rustc35___rust_no_alloc_shim_is_unstable_v2 + 630264
E       10  chromedriver                        0x0000000104649434 _RNvCs9NA52FrZ4pF_7___rustc35___rust_no_alloc_shim_is_unstable_v2 + 328188
E       11  chromedriver                        0x0000000104b26c40 cxxbridge1$str$ptr + 2921304
E       12  chromedriver                        0x0000000104b2a3b8 cxxbridge1$str$ptr + 2935504
E       13  chromedriver                        0x0000000104b0d0f8 cxxbridge1$str$ptr + 2816016
E       14  chromedriver                        0x0000000104b2ac4c cxxbridge1$str$ptr + 2937700
E       15  chromedriver                        0x0000000104afe3b0 cxxbridge1$str$ptr + 2755272
E       16  chromedriver                        0x0000000104b501f4 cxxbridge1$str$ptr + 3090700
E       17  chromedriver                        0x0000000104b50354 cxxbridge1$str$ptr + 3091052
E       18  chromedriver                        0x0000000104b617a4 cxxbridge1$str$ptr + 3161788
E       19  libsystem_pthread.dylib             0x0000000199325c08 _pthread_start + 136
E       20  libsystem_pthread.dylib             0x0000000199320ba8 thread_start + 8

venv/lib/python3.11/site-packages/selenium/webdriver/remote/errorhandler.py:232: ElementClickInterceptedException
_________ ERROR at teardown of test_edit_site_price_override_persists __________

self = <allure_commons._allure.fixture object at 0x105f7f210>, args = ()
kwargs = {}

    def __call__(self, *args, **kwargs):
        self.parameters = func_parameters(self._fixture_function, *args, **kwargs)
    
        with self:
>           return self._fixture_function(*args, **kwargs)
                   ^^^^^^^^^^^^^^^^^^^^^^^^^^^^^^^^^^^^^^^

venv/lib/python3.11/site-packages/allure_commons/_allure.py:274: 
_ _ _ _ _ _ _ _ _ _ _ _ _ _ _ _ _ _ _ _ _ _ _ _ _ _ _ _ _ _ _ _ _ _ _ _ _ _ _ _ 
tests/admin_portal/custom_services/conftest.py:85: in managed_service
    create_service_if_missing(browser)
tests/admin_portal/custom_services/conftest.py:50: in create_service_if_missing
    page.fill_service_form(
pages/admin_portal/custom_services_page.py:771: in fill_service_form
    self.assign_site_with_price_and_commission(site_name, global_price, global_commission)
pages/admin_portal/custom_services_page.py:622: in assign_site_with_price_and_commission
    price_input.click()
venv/lib/python3.11/site-packages/selenium/webdriver/remote/webelement.py:114: in click
    self._execute(Command.CLICK_ELEMENT)
venv/lib/python3.11/site-packages/selenium/webdriver/remote/webelement.py:508: in _execute
    return self._parent.execute(command, params)
           ^^^^^^^^^^^^^^^^^^^^^^^^^^^^^^^^^^^^^
venv/lib/python3.11/site-packages/selenium/webdriver/remote/webdriver.py:468: in execute
    self.error_handler.check_response(response)
_ _ _ _ _ _ _ _ _ _ _ _ _ _ _ _ _ _ _ _ _ _ _ _ _ _ _ _ _ _ _ _ _ _ _ _ _ _ _ _ 

self = <selenium.webdriver.remote.errorhandler.ErrorHandler object at 0x105f06850>
response = {'status': 400, 'value': '{"value":{"error":"element click intercepted","message":"element click intercepted: Element ...000199325c08 _pthread_start + 136\\n20  libsystem_pthread.dylib             0x0000000199320ba8 thread_start + 8\\n"}}'}

    def check_response(self, response: dict[str, Any]) -> None:
        """Check that a JSON response from the WebDriver does not have an error.
    
        Args:
            response: The JSON response from the WebDriver server as a dictionary
                object.
    
        Raises:
            WebDriverException: If the response contains an error message.
        """
        status = response.get("status", None)
        if not status or status == ErrorCode.SUCCESS:
            return
        value = None
        message = response.get("message", "")
        screen: str = response.get("screen", "")
        stacktrace = None
        if isinstance(status, int):
            value_json = response.get("value", None)
            if value_json and isinstance(value_json, str):
                try:
                    value = json.loads(value_json)
                    if isinstance(value, dict):
                        if len(value) == 1:
                            value = value["value"]
                        status = value.get("error", None)
                        if not status:
                            status = value.get("status", ErrorCode.UNKNOWN_ERROR)
                            message = value.get("value") or value.get("message")
                            if not isinstance(message, str):
                                value = message
                                message = message.get("message") if isinstance(message, dict) else None
                        else:
                            message = value.get("message", None)
                except ValueError:
                    pass
    
        exception_class: type[WebDriverException]
        e = ErrorCode()
        error_codes = [item for item in dir(e) if not item.startswith("__")]
        for error_code in error_codes:
            error_info = getattr(ErrorCode, error_code)
            if isinstance(error_info, list) and status in error_info:
                exception_class = getattr(ExceptionMapping, error_code, WebDriverException)
                break
        else:
            exception_class = WebDriverException
    
        if not value:
            value = response["value"]
        if isinstance(value, str):
            raise exception_class(value)
        if message == "" and "message" in value:
            message = value["message"]
    
        screen = None  # type: ignore[assignment]
        if "screen" in value:
            screen = value["screen"]
    
        stacktrace = None
        st_value = value.get("stackTrace") or value.get("stacktrace")
        if st_value:
            if isinstance(st_value, str):
                stacktrace = st_value.split("\n")
            else:
                stacktrace = []
                try:
                    for frame in st_value:
                        line = frame.get("lineNumber", "")
                        file = frame.get("fileName", "<anonymous>")
                        if line:
                            file = f"{file}:{line}"
                        meth = frame.get("methodName", "<anonymous>")
                        if "className" in frame:
                            meth = f"{frame['className']}.{meth}"
                        msg = "    at %s (%s)"
                        msg = msg % (meth, file)
                        stacktrace.append(msg)
                except TypeError:
                    pass
        if exception_class == UnexpectedAlertPresentException:
            alert_text = None
            if "data" in value:
                alert_text = value["data"].get("text")
            elif "alert" in value:
                alert_text = value["alert"].get("text")
            raise exception_class(message, screen, stacktrace, alert_text)
>       raise exception_class(message, screen, stacktrace)
E       selenium.common.exceptions.ElementClickInterceptedException: Message: element click intercepted: Element is not clickable at point (853, 887)
E         (Session info: chrome=150.0.7871.187); For documentation on this error, please visit: https://www.selenium.dev/documentation/webdriver/troubleshooting/errors#elementclickinterceptedexception
E       Stacktrace:
E       0   chromedriver                        0x0000000103289a84 cxxbridge1$str$ptr + 3195292
E       1   chromedriver                        0x0000000103281b4c cxxbridge1$str$ptr + 3162724
E       2   chromedriver                        0x0000000102d2b2a4 _RNvCs9NA52FrZ4pF_7___rustc35___rust_no_alloc_shim_is_unstable_v2 + 73836
E       3   chromedriver                        0x0000000102d79154 _RNvCs9NA52FrZ4pF_7___rustc35___rust_no_alloc_shim_is_unstable_v2 + 392988
E       4   chromedriver                        0x0000000102d779c0 _RNvCs9NA52FrZ4pF_7___rustc35___rust_no_alloc_shim_is_unstable_v2 + 386952
E       5   chromedriver                        0x0000000102d75a6c _RNvCs9NA52FrZ4pF_7___rustc35___rust_no_alloc_shim_is_unstable_v2 + 378932
E       6   chromedriver                        0x0000000102d74e14 _RNvCs9NA52FrZ4pF_7___rustc35___rust_no_alloc_shim_is_unstable_v2 + 375772
E       7   chromedriver                        0x0000000102d6aeac _RNvCs9NA52FrZ4pF_7___rustc35___rust_no_alloc_shim_is_unstable_v2 + 334964
E       8   chromedriver                        0x0000000102d6a934 _RNvCs9NA52FrZ4pF_7___rustc35___rust_no_alloc_shim_is_unstable_v2 + 333564
E       9   chromedriver                        0x0000000102db3030 _RNvCs9NA52FrZ4pF_7___rustc35___rust_no_alloc_shim_is_unstable_v2 + 630264
E       10  chromedriver                        0x0000000102d69434 _RNvCs9NA52FrZ4pF_7___rustc35___rust_no_alloc_shim_is_unstable_v2 + 328188
E       11  chromedriver                        0x0000000103246c40 cxxbridge1$str$ptr + 2921304
E       12  chromedriver                        0x000000010324a3b8 cxxbridge1$str$ptr + 2935504
E       13  chromedriver                        0x000000010322d0f8 cxxbridge1$str$ptr + 2816016
E       14  chromedriver                        0x000000010324ac4c cxxbridge1$str$ptr + 2937700
E       15  chromedriver                        0x000000010321e3b0 cxxbridge1$str$ptr + 2755272
E       16  chromedriver                        0x00000001032701f4 cxxbridge1$str$ptr + 3090700
E       17  chromedriver                        0x0000000103270354 cxxbridge1$str$ptr + 3091052
E       18  chromedriver                        0x00000001032817a4 cxxbridge1$str$ptr + 3161788
E       19  libsystem_pthread.dylib             0x0000000199325c08 _pthread_start + 136
E       20  libsystem_pthread.dylib             0x0000000199320ba8 thread_start + 8

venv/lib/python3.11/site-packages/selenium/webdriver/remote/errorhandler.py:232: ElementClickInterceptedException
=================================== FAILURES ===================================
_____________________ test_service_category_can_be_changed _____________________

browser = <selenium.webdriver.chrome.webdriver.WebDriver (session="853f3fd23d802d28f6706d7c6131943e")>

    @allure.title("CS-CAT-003 Service category field can be re-selected and persists after save")
    @pytest.mark.regression
    def test_service_category_can_be_changed(browser):
    
        name = "VK cat-%s" % uuid.uuid4().hex[:6]
        page = open_custom_services_page(browser)
        page.create_service(name, SERVICE_CATEGORY, GLOBAL_PRICE, GLOBAL_COMMISSION, ASSIGNMENT_SITE)
    
>       page.open_edit_service(name)

tests/admin_portal/custom_services/test_custom_services_category.py:66: 
_ _ _ _ _ _ _ _ _ _ _ _ _ _ _ _ _ _ _ _ _ _ _ _ _ _ _ _ _ _ _ _ _ _ _ _ _ _ _ _ 
pages/admin_portal/custom_services_page.py:406: in open_edit_service
    row = self.wait_for_service_row(service_name)
          ^^^^^^^^^^^^^^^^^^^^^^^^^^^^^^^^^^^^^^^
pages/admin_portal/custom_services_page.py:244: in wait_for_service_row
    return self.wait.until(
_ _ _ _ _ _ _ _ _ _ _ _ _ _ _ _ _ _ _ _ _ _ _ _ _ _ _ _ _ _ _ _ _ _ _ _ _ _ _ _ 

self = <selenium.webdriver.support.wait.WebDriverWait (session="853f3fd23d802d28f6706d7c6131943e")>
method = <function visibility_of_element_located.<locals>._predicate at 0x105f71300>
message = ''

    def until(self, method: Callable[[D], Literal[False] | T], message: str = "") -> T:
        """Wait until the method returns a value that is not False.
    
        Calls the method provided with the driver as an argument until the
        return value does not evaluate to ``False``.
    
        Args:
            method: A callable object that takes a WebDriver instance as an
                argument.
            message: Optional message for TimeoutException.
    
        Returns:
            The result of the last call to `method`.
    
        Raises:
            TimeoutException: If 'method' does not return a truthy value within
                the WebDriverWait object's timeout.
    
        Example:
            >>> from selenium.webdriver.common.by import By
            >>> from selenium.webdriver.support.ui import WebDriverWait
            >>> from selenium.webdriver.support import expected_conditions as EC
            >>>
            >>> # Wait until an element is visible on the page
            >>> wait = WebDriverWait(driver, 10)
            >>> element = wait.until(EC.visibility_of_element_located((By.ID, "exampleId")))
            >>> print(element.text)
        """
        screen = None
        stacktrace = None
    
        end_time = time.monotonic() + self._timeout
        while True:
            try:
                value = method(self._driver)
                if value:
                    return value
            except self._ignored_exceptions as exc:
                screen = getattr(exc, "screen", None)
                stacktrace = getattr(exc, "stacktrace", None)
            if time.monotonic() > end_time:
                break
            time.sleep(self._poll)
>       raise TimeoutException(message, screen, stacktrace)
E       selenium.common.exceptions.TimeoutException: Message: 
E       Stacktrace:
E       0   chromedriver                        0x0000000100f99a84 cxxbridge1$str$ptr + 3195292
E       1   chromedriver                        0x0000000100f91b4c cxxbridge1$str$ptr + 3162724
E       2   chromedriver                        0x0000000100a3b2a4 _RNvCs9NA52FrZ4pF_7___rustc35___rust_no_alloc_shim_is_unstable_v2 + 73836
E       3   chromedriver                        0x0000000100a83a44 _RNvCs9NA52FrZ4pF_7___rustc35___rust_no_alloc_shim_is_unstable_v2 + 370700
E       4   chromedriver                        0x0000000100ac3030 _RNvCs9NA52FrZ4pF_7___rustc35___rust_no_alloc_shim_is_unstable_v2 + 630264
E       5   chromedriver                        0x0000000100a79434 _RNvCs9NA52FrZ4pF_7___rustc35___rust_no_alloc_shim_is_unstable_v2 + 328188
E       6   chromedriver                        0x0000000100f56c40 cxxbridge1$str$ptr + 2921304
E       7   chromedriver                        0x0000000100f5a3b8 cxxbridge1$str$ptr + 2935504
E       8   chromedriver                        0x0000000100f3d0f8 cxxbridge1$str$ptr + 2816016
E       9   chromedriver                        0x0000000100f5ac4c cxxbridge1$str$ptr + 2937700
E       10  chromedriver                        0x0000000100f2e3b0 cxxbridge1$str$ptr + 2755272
E       11  chromedriver                        0x0000000100f801f4 cxxbridge1$str$ptr + 3090700
E       12  chromedriver                        0x0000000100f80354 cxxbridge1$str$ptr + 3091052
E       13  chromedriver                        0x0000000100f917a4 cxxbridge1$str$ptr + 3161788
E       14  libsystem_pthread.dylib             0x0000000199325c08 _pthread_start + 136
E       15  libsystem_pthread.dylib             0x0000000199320ba8 thread_start + 8

venv/lib/python3.11/site-packages/selenium/webdriver/support/wait.py:121: TimeoutException
_________________ test_applicable_discount_persists_after_save _________________

managed_service = <pages.admin_portal.custom_services_page.CustomServicesPage object at 0x105d66a50>

    @allure.title("CS-DSC-002 Applicable discount can be selected and persists after save")
    @pytest.mark.regression
    def test_applicable_discount_persists_after_save(managed_service):
    
        page = managed_service
        page.open_edit_service(SERVICE_NAME)
        page.open_discount_settings()
        page.select_applicable_discount(APPLICABLE_DISCOUNT)
        page.click_save_service()
        page.wait_for_list_loaded()
    
        page.open_edit_service(SERVICE_NAME)
        page.open_discount_settings()
>       assert page.discount_is_selected(APPLICABLE_DISCOUNT)
E       AssertionError: assert False
E        +  where False = discount_is_selected('Basic Discount')
E        +    where discount_is_selected = <pages.admin_portal.custom_services_page.CustomServicesPage object at 0x105d66a50>.discount_is_selected

tests/admin_portal/custom_services/test_custom_services_discount.py:51: AssertionError
__________________ test_created_service_persists_after_reload __________________

browser = <selenium.webdriver.chrome.webdriver.WebDriver (session="a3991d17900aa917e89bc77aec14a595")>

    @allure.title("CS-PER-001 Created service data persists after page reload")
    @pytest.mark.regression
    def test_created_service_persists_after_reload(browser):
    
>       create_service_if_missing(browser)

tests/admin_portal/custom_services/test_custom_services_edit.py:189: 
_ _ _ _ _ _ _ _ _ _ _ _ _ _ _ _ _ _ _ _ _ _ _ _ _ _ _ _ _ _ _ _ _ _ _ _ _ _ _ _ 
tests/admin_portal/custom_services/conftest.py:50: in create_service_if_missing
    page.fill_service_form(
pages/admin_portal/custom_services_page.py:771: in fill_service_form
    self.assign_site_with_price_and_commission(site_name, global_price, global_commission)
pages/admin_portal/custom_services_page.py:622: in assign_site_with_price_and_commission
    price_input.click()
venv/lib/python3.11/site-packages/selenium/webdriver/remote/webelement.py:114: in click
    self._execute(Command.CLICK_ELEMENT)
venv/lib/python3.11/site-packages/selenium/webdriver/remote/webelement.py:508: in _execute
    return self._parent.execute(command, params)
           ^^^^^^^^^^^^^^^^^^^^^^^^^^^^^^^^^^^^^
venv/lib/python3.11/site-packages/selenium/webdriver/remote/webdriver.py:468: in execute
    self.error_handler.check_response(response)
_ _ _ _ _ _ _ _ _ _ _ _ _ _ _ _ _ _ _ _ _ _ _ _ _ _ _ _ _ _ _ _ _ _ _ _ _ _ _ _ 

self = <selenium.webdriver.remote.errorhandler.ErrorHandler object at 0x105f10110>
response = {'status': 400, 'value': '{"value":{"error":"element click intercepted","message":"element click intercepted: Element ...000199325c08 _pthread_start + 136\\n20  libsystem_pthread.dylib             0x0000000199320ba8 thread_start + 8\\n"}}'}

    def check_response(self, response: dict[str, Any]) -> None:
        """Check that a JSON response from the WebDriver does not have an error.
    
        Args:
            response: The JSON response from the WebDriver server as a dictionary
                object.
    
        Raises:
            WebDriverException: If the response contains an error message.
        """
        status = response.get("status", None)
        if not status or status == ErrorCode.SUCCESS:
            return
        value = None
        message = response.get("message", "")
        screen: str = response.get("screen", "")
        stacktrace = None
        if isinstance(status, int):
            value_json = response.get("value", None)
            if value_json and isinstance(value_json, str):
                try:
                    value = json.loads(value_json)
                    if isinstance(value, dict):
                        if len(value) == 1:
                            value = value["value"]
                        status = value.get("error", None)
                        if not status:
                            status = value.get("status", ErrorCode.UNKNOWN_ERROR)
                            message = value.get("value") or value.get("message")
                            if not isinstance(message, str):
                                value = message
                                message = message.get("message") if isinstance(message, dict) else None
                        else:
                            message = value.get("message", None)
                except ValueError:
                    pass
    
        exception_class: type[WebDriverException]
        e = ErrorCode()
        error_codes = [item for item in dir(e) if not item.startswith("__")]
        for error_code in error_codes:
            error_info = getattr(ErrorCode, error_code)
            if isinstance(error_info, list) and status in error_info:
                exception_class = getattr(ExceptionMapping, error_code, WebDriverException)
                break
        else:
            exception_class = WebDriverException
    
        if not value:
            value = response["value"]
        if isinstance(value, str):
            raise exception_class(value)
        if message == "" and "message" in value:
            message = value["message"]
    
        screen = None  # type: ignore[assignment]
        if "screen" in value:
            screen = value["screen"]
    
        stacktrace = None
        st_value = value.get("stackTrace") or value.get("stacktrace")
        if st_value:
            if isinstance(st_value, str):
                stacktrace = st_value.split("\n")
            else:
                stacktrace = []
                try:
                    for frame in st_value:
                        line = frame.get("lineNumber", "")
                        file = frame.get("fileName", "<anonymous>")
                        if line:
                            file = f"{file}:{line}"
                        meth = frame.get("methodName", "<anonymous>")
                        if "className" in frame:
                            meth = f"{frame['className']}.{meth}"
                        msg = "    at %s (%s)"
                        msg = msg % (meth, file)
                        stacktrace.append(msg)
                except TypeError:
                    pass
        if exception_class == UnexpectedAlertPresentException:
            alert_text = None
            if "data" in value:
                alert_text = value["data"].get("text")
            elif "alert" in value:
                alert_text = value["alert"].get("text")
            raise exception_class(message, screen, stacktrace, alert_text)
>       raise exception_class(message, screen, stacktrace)
E       selenium.common.exceptions.ElementClickInterceptedException: Message: element click intercepted: Element is not clickable at point (853, 887)
E         (Session info: chrome=150.0.7871.187); For documentation on this error, please visit: https://www.selenium.dev/documentation/webdriver/troubleshooting/errors#elementclickinterceptedexception
E       Stacktrace:
E       0   chromedriver                        0x0000000100a59a84 cxxbridge1$str$ptr + 3195292
E       1   chromedriver                        0x0000000100a51b4c cxxbridge1$str$ptr + 3162724
E       2   chromedriver                        0x00000001004fb2a4 _RNvCs9NA52FrZ4pF_7___rustc35___rust_no_alloc_shim_is_unstable_v2 + 73836
E       3   chromedriver                        0x0000000100549154 _RNvCs9NA52FrZ4pF_7___rustc35___rust_no_alloc_shim_is_unstable_v2 + 392988
E       4   chromedriver                        0x00000001005479c0 _RNvCs9NA52FrZ4pF_7___rustc35___rust_no_alloc_shim_is_unstable_v2 + 386952
E       5   chromedriver                        0x0000000100545a6c _RNvCs9NA52FrZ4pF_7___rustc35___rust_no_alloc_shim_is_unstable_v2 + 378932
E       6   chromedriver                        0x0000000100544e14 _RNvCs9NA52FrZ4pF_7___rustc35___rust_no_alloc_shim_is_unstable_v2 + 375772
E       7   chromedriver                        0x000000010053aeac _RNvCs9NA52FrZ4pF_7___rustc35___rust_no_alloc_shim_is_unstable_v2 + 334964
E       8   chromedriver                        0x000000010053a934 _RNvCs9NA52FrZ4pF_7___rustc35___rust_no_alloc_shim_is_unstable_v2 + 333564
E       9   chromedriver                        0x0000000100583030 _RNvCs9NA52FrZ4pF_7___rustc35___rust_no_alloc_shim_is_unstable_v2 + 630264
E       10  chromedriver                        0x0000000100539434 _RNvCs9NA52FrZ4pF_7___rustc35___rust_no_alloc_shim_is_unstable_v2 + 328188
E       11  chromedriver                        0x0000000100a16c40 cxxbridge1$str$ptr + 2921304
E       12  chromedriver                        0x0000000100a1a3b8 cxxbridge1$str$ptr + 2935504
E       13  chromedriver                        0x00000001009fd0f8 cxxbridge1$str$ptr + 2816016
E       14  chromedriver                        0x0000000100a1ac4c cxxbridge1$str$ptr + 2937700
E       15  chromedriver                        0x00000001009ee3b0 cxxbridge1$str$ptr + 2755272
E       16  chromedriver                        0x0000000100a401f4 cxxbridge1$str$ptr + 3090700
E       17  chromedriver                        0x0000000100a40354 cxxbridge1$str$ptr + 3091052
E       18  chromedriver                        0x0000000100a517a4 cxxbridge1$str$ptr + 3161788
E       19  libsystem_pthread.dylib             0x0000000199325c08 _pthread_start + 136
E       20  libsystem_pthread.dylib             0x0000000199320ba8 thread_start + 8

venv/lib/python3.11/site-packages/selenium/webdriver/remote/errorhandler.py:232: ElementClickInterceptedException
________________________ test_search_exact_service_name ________________________

browser = <selenium.webdriver.chrome.webdriver.WebDriver (session="650554fb7b8ddce591b4517225e67895")>

    @allure.title("CS-SRH-001 Search by exact service name returns the correct service")
    @pytest.mark.regression
    def test_search_exact_service_name(browser):
    
>       create_service_if_missing(browser)

tests/admin_portal/custom_services/test_custom_services_search_filter.py:30: 
_ _ _ _ _ _ _ _ _ _ _ _ _ _ _ _ _ _ _ _ _ _ _ _ _ _ _ _ _ _ _ _ _ _ _ _ _ _ _ _ 
tests/admin_portal/custom_services/conftest.py:50: in create_service_if_missing
    page.fill_service_form(
pages/admin_portal/custom_services_page.py:771: in fill_service_form
    self.assign_site_with_price_and_commission(site_name, global_price, global_commission)
pages/admin_portal/custom_services_page.py:622: in assign_site_with_price_and_commission
    price_input.click()
venv/lib/python3.11/site-packages/selenium/webdriver/remote/webelement.py:114: in click
    self._execute(Command.CLICK_ELEMENT)
venv/lib/python3.11/site-packages/selenium/webdriver/remote/webelement.py:508: in _execute
    return self._parent.execute(command, params)
           ^^^^^^^^^^^^^^^^^^^^^^^^^^^^^^^^^^^^^
venv/lib/python3.11/site-packages/selenium/webdriver/remote/webdriver.py:468: in execute
    self.error_handler.check_response(response)
_ _ _ _ _ _ _ _ _ _ _ _ _ _ _ _ _ _ _ _ _ _ _ _ _ _ _ _ _ _ _ _ _ _ _ _ _ _ _ _ 

self = <selenium.webdriver.remote.errorhandler.ErrorHandler object at 0x106289c10>
response = {'status': 400, 'value': '{"value":{"error":"element click intercepted","message":"element click intercepted: Element ...000199325c08 _pthread_start + 136\\n20  libsystem_pthread.dylib             0x0000000199320ba8 thread_start + 8\\n"}}'}

    def check_response(self, response: dict[str, Any]) -> None:
        """Check that a JSON response from the WebDriver does not have an error.
    
        Args:
            response: The JSON response from the WebDriver server as a dictionary
                object.
    
        Raises:
            WebDriverException: If the response contains an error message.
        """
        status = response.get("status", None)
        if not status or status == ErrorCode.SUCCESS:
            return
        value = None
        message = response.get("message", "")
        screen: str = response.get("screen", "")
        stacktrace = None
        if isinstance(status, int):
            value_json = response.get("value", None)
            if value_json and isinstance(value_json, str):
                try:
                    value = json.loads(value_json)
                    if isinstance(value, dict):
                        if len(value) == 1:
                            value = value["value"]
                        status = value.get("error", None)
                        if not status:
                            status = value.get("status", ErrorCode.UNKNOWN_ERROR)
                            message = value.get("value") or value.get("message")
                            if not isinstance(message, str):
                                value = message
                                message = message.get("message") if isinstance(message, dict) else None
                        else:
                            message = value.get("message", None)
                except ValueError:
                    pass
    
        exception_class: type[WebDriverException]
        e = ErrorCode()
        error_codes = [item for item in dir(e) if not item.startswith("__")]
        for error_code in error_codes:
            error_info = getattr(ErrorCode, error_code)
            if isinstance(error_info, list) and status in error_info:
                exception_class = getattr(ExceptionMapping, error_code, WebDriverException)
                break
        else:
            exception_class = WebDriverException
    
        if not value:
            value = response["value"]
        if isinstance(value, str):
            raise exception_class(value)
        if message == "" and "message" in value:
            message = value["message"]
    
        screen = None  # type: ignore[assignment]
        if "screen" in value:
            screen = value["screen"]
    
        stacktrace = None
        st_value = value.get("stackTrace") or value.get("stacktrace")
        if st_value:
            if isinstance(st_value, str):
                stacktrace = st_value.split("\n")
            else:
                stacktrace = []
                try:
                    for frame in st_value:
                        line = frame.get("lineNumber", "")
                        file = frame.get("fileName", "<anonymous>")
                        if line:
                            file = f"{file}:{line}"
                        meth = frame.get("methodName", "<anonymous>")
                        if "className" in frame:
                            meth = f"{frame['className']}.{meth}"
                        msg = "    at %s (%s)"
                        msg = msg % (meth, file)
                        stacktrace.append(msg)
                except TypeError:
                    pass
        if exception_class == UnexpectedAlertPresentException:
            alert_text = None
            if "data" in value:
                alert_text = value["data"].get("text")
            elif "alert" in value:
                alert_text = value["alert"].get("text")
            raise exception_class(message, screen, stacktrace, alert_text)
>       raise exception_class(message, screen, stacktrace)
E       selenium.common.exceptions.ElementClickInterceptedException: Message: element click intercepted: Element is not clickable at point (853, 887)
E         (Session info: chrome=150.0.7871.187); For documentation on this error, please visit: https://www.selenium.dev/documentation/webdriver/troubleshooting/errors#elementclickinterceptedexception
E       Stacktrace:
E       0   chromedriver                        0x00000001012b9a84 cxxbridge1$str$ptr + 3195292
E       1   chromedriver                        0x00000001012b1b4c cxxbridge1$str$ptr + 3162724
E       2   chromedriver                        0x0000000100d5b2a4 _RNvCs9NA52FrZ4pF_7___rustc35___rust_no_alloc_shim_is_unstable_v2 + 73836
E       3   chromedriver                        0x0000000100da9154 _RNvCs9NA52FrZ4pF_7___rustc35___rust_no_alloc_shim_is_unstable_v2 + 392988
E       4   chromedriver                        0x0000000100da79c0 _RNvCs9NA52FrZ4pF_7___rustc35___rust_no_alloc_shim_is_unstable_v2 + 386952
E       5   chromedriver                        0x0000000100da5a6c _RNvCs9NA52FrZ4pF_7___rustc35___rust_no_alloc_shim_is_unstable_v2 + 378932
E       6   chromedriver                        0x0000000100da4e14 _RNvCs9NA52FrZ4pF_7___rustc35___rust_no_alloc_shim_is_unstable_v2 + 375772
E       7   chromedriver                        0x0000000100d9aeac _RNvCs9NA52FrZ4pF_7___rustc35___rust_no_alloc_shim_is_unstable_v2 + 334964
E       8   chromedriver                        0x0000000100d9a934 _RNvCs9NA52FrZ4pF_7___rustc35___rust_no_alloc_shim_is_unstable_v2 + 333564
E       9   chromedriver                        0x0000000100de3030 _RNvCs9NA52FrZ4pF_7___rustc35___rust_no_alloc_shim_is_unstable_v2 + 630264
E       10  chromedriver                        0x0000000100d99434 _RNvCs9NA52FrZ4pF_7___rustc35___rust_no_alloc_shim_is_unstable_v2 + 328188
E       11  chromedriver                        0x0000000101276c40 cxxbridge1$str$ptr + 2921304
E       12  chromedriver                        0x000000010127a3b8 cxxbridge1$str$ptr + 2935504
E       13  chromedriver                        0x000000010125d0f8 cxxbridge1$str$ptr + 2816016
E       14  chromedriver                        0x000000010127ac4c cxxbridge1$str$ptr + 2937700
E       15  chromedriver                        0x000000010124e3b0 cxxbridge1$str$ptr + 2755272
E       16  chromedriver                        0x00000001012a01f4 cxxbridge1$str$ptr + 3090700
E       17  chromedriver                        0x00000001012a0354 cxxbridge1$str$ptr + 3091052
E       18  chromedriver                        0x00000001012b17a4 cxxbridge1$str$ptr + 3161788
E       19  libsystem_pthread.dylib             0x0000000199325c08 _pthread_start + 136
E       20  libsystem_pthread.dylib             0x0000000199320ba8 thread_start + 8

venv/lib/python3.11/site-packages/selenium/webdriver/remote/errorhandler.py:232: ElementClickInterceptedException
_________________ test_active_service_filter_shows_active_only _________________

browser = <selenium.webdriver.chrome.webdriver.WebDriver (session="b59638ff18d4e3759bc51dd3a3072806")>

    @allure.title("CS-FLT-002 Active service toggle shows active services only")
    @pytest.mark.regression
    def test_active_service_filter_shows_active_only(browser):
    
>       create_service_if_missing(browser)

tests/admin_portal/custom_services/test_custom_services_search_filter.py:97: 
_ _ _ _ _ _ _ _ _ _ _ _ _ _ _ _ _ _ _ _ _ _ _ _ _ _ _ _ _ _ _ _ _ _ _ _ _ _ _ _ 
tests/admin_portal/custom_services/conftest.py:50: in create_service_if_missing
    page.fill_service_form(
pages/admin_portal/custom_services_page.py:771: in fill_service_form
    self.assign_site_with_price_and_commission(site_name, global_price, global_commission)
pages/admin_portal/custom_services_page.py:622: in assign_site_with_price_and_commission
    price_input.click()
venv/lib/python3.11/site-packages/selenium/webdriver/remote/webelement.py:114: in click
    self._execute(Command.CLICK_ELEMENT)
venv/lib/python3.11/site-packages/selenium/webdriver/remote/webelement.py:508: in _execute
    return self._parent.execute(command, params)
           ^^^^^^^^^^^^^^^^^^^^^^^^^^^^^^^^^^^^^
venv/lib/python3.11/site-packages/selenium/webdriver/remote/webdriver.py:468: in execute
    self.error_handler.check_response(response)
_ _ _ _ _ _ _ _ _ _ _ _ _ _ _ _ _ _ _ _ _ _ _ _ _ _ _ _ _ _ _ _ _ _ _ _ _ _ _ _ 

self = <selenium.webdriver.remote.errorhandler.ErrorHandler object at 0x1061c8510>
response = {'status': 400, 'value': '{"value":{"error":"element click intercepted","message":"element click intercepted: Element ...000199325c08 _pthread_start + 136\\n20  libsystem_pthread.dylib             0x0000000199320ba8 thread_start + 8\\n"}}'}

    def check_response(self, response: dict[str, Any]) -> None:
        """Check that a JSON response from the WebDriver does not have an error.
    
        Args:
            response: The JSON response from the WebDriver server as a dictionary
                object.
    
        Raises:
            WebDriverException: If the response contains an error message.
        """
        status = response.get("status", None)
        if not status or status == ErrorCode.SUCCESS:
            return
        value = None
        message = response.get("message", "")
        screen: str = response.get("screen", "")
        stacktrace = None
        if isinstance(status, int):
            value_json = response.get("value", None)
            if value_json and isinstance(value_json, str):
                try:
                    value = json.loads(value_json)
                    if isinstance(value, dict):
                        if len(value) == 1:
                            value = value["value"]
                        status = value.get("error", None)
                        if not status:
                            status = value.get("status", ErrorCode.UNKNOWN_ERROR)
                            message = value.get("value") or value.get("message")
                            if not isinstance(message, str):
                                value = message
                                message = message.get("message") if isinstance(message, dict) else None
                        else:
                            message = value.get("message", None)
                except ValueError:
                    pass
    
        exception_class: type[WebDriverException]
        e = ErrorCode()
        error_codes = [item for item in dir(e) if not item.startswith("__")]
        for error_code in error_codes:
            error_info = getattr(ErrorCode, error_code)
            if isinstance(error_info, list) and status in error_info:
                exception_class = getattr(ExceptionMapping, error_code, WebDriverException)
                break
        else:
            exception_class = WebDriverException
    
        if not value:
            value = response["value"]
        if isinstance(value, str):
            raise exception_class(value)
        if message == "" and "message" in value:
            message = value["message"]
    
        screen = None  # type: ignore[assignment]
        if "screen" in value:
            screen = value["screen"]
    
        stacktrace = None
        st_value = value.get("stackTrace") or value.get("stacktrace")
        if st_value:
            if isinstance(st_value, str):
                stacktrace = st_value.split("\n")
            else:
                stacktrace = []
                try:
                    for frame in st_value:
                        line = frame.get("lineNumber", "")
                        file = frame.get("fileName", "<anonymous>")
                        if line:
                            file = f"{file}:{line}"
                        meth = frame.get("methodName", "<anonymous>")
                        if "className" in frame:
                            meth = f"{frame['className']}.{meth}"
                        msg = "    at %s (%s)"
                        msg = msg % (meth, file)
                        stacktrace.append(msg)
                except TypeError:
                    pass
        if exception_class == UnexpectedAlertPresentException:
            alert_text = None
            if "data" in value:
                alert_text = value["data"].get("text")
            elif "alert" in value:
                alert_text = value["alert"].get("text")
            raise exception_class(message, screen, stacktrace, alert_text)
>       raise exception_class(message, screen, stacktrace)
E       selenium.common.exceptions.ElementClickInterceptedException: Message: element click intercepted: Element is not clickable at point (853, 887)
E         (Session info: chrome=150.0.7871.187); For documentation on this error, please visit: https://www.selenium.dev/documentation/webdriver/troubleshooting/errors#elementclickinterceptedexception
E       Stacktrace:
E       0   chromedriver                        0x00000001026eda84 cxxbridge1$str$ptr + 3195292
E       1   chromedriver                        0x00000001026e5b4c cxxbridge1$str$ptr + 3162724
E       2   chromedriver                        0x000000010218f2a4 _RNvCs9NA52FrZ4pF_7___rustc35___rust_no_alloc_shim_is_unstable_v2 + 73836
E       3   chromedriver                        0x00000001021dd154 _RNvCs9NA52FrZ4pF_7___rustc35___rust_no_alloc_shim_is_unstable_v2 + 392988
E       4   chromedriver                        0x00000001021db9c0 _RNvCs9NA52FrZ4pF_7___rustc35___rust_no_alloc_shim_is_unstable_v2 + 386952
E       5   chromedriver                        0x00000001021d9a6c _RNvCs9NA52FrZ4pF_7___rustc35___rust_no_alloc_shim_is_unstable_v2 + 378932
E       6   chromedriver                        0x00000001021d8e14 _RNvCs9NA52FrZ4pF_7___rustc35___rust_no_alloc_shim_is_unstable_v2 + 375772
E       7   chromedriver                        0x00000001021ceeac _RNvCs9NA52FrZ4pF_7___rustc35___rust_no_alloc_shim_is_unstable_v2 + 334964
E       8   chromedriver                        0x00000001021ce934 _RNvCs9NA52FrZ4pF_7___rustc35___rust_no_alloc_shim_is_unstable_v2 + 333564
E       9   chromedriver                        0x0000000102217030 _RNvCs9NA52FrZ4pF_7___rustc35___rust_no_alloc_shim_is_unstable_v2 + 630264
E       10  chromedriver                        0x00000001021cd434 _RNvCs9NA52FrZ4pF_7___rustc35___rust_no_alloc_shim_is_unstable_v2 + 328188
E       11  chromedriver                        0x00000001026aac40 cxxbridge1$str$ptr + 2921304
E       12  chromedriver                        0x00000001026ae3b8 cxxbridge1$str$ptr + 2935504
E       13  chromedriver                        0x00000001026910f8 cxxbridge1$str$ptr + 2816016
E       14  chromedriver                        0x00000001026aec4c cxxbridge1$str$ptr + 2937700
E       15  chromedriver                        0x00000001026823b0 cxxbridge1$str$ptr + 2755272
E       16  chromedriver                        0x00000001026d41f4 cxxbridge1$str$ptr + 3090700
E       17  chromedriver                        0x00000001026d4354 cxxbridge1$str$ptr + 3091052
E       18  chromedriver                        0x00000001026e57a4 cxxbridge1$str$ptr + 3161788
E       19  libsystem_pthread.dylib             0x0000000199325c08 _pthread_start + 136
E       20  libsystem_pthread.dylib             0x0000000199320ba8 thread_start + 8

venv/lib/python3.11/site-packages/selenium/webdriver/remote/errorhandler.py:232: ElementClickInterceptedException
______________________ test_reset_filters_clears_filters _______________________

browser = <selenium.webdriver.chrome.webdriver.WebDriver (session="b10398585ad86d6e130b1acdddd6430c")>

    @allure.title("CS-FLT-005 Reset all clears applied filters and restores full list")
    @pytest.mark.regression
    def test_reset_filters_clears_filters(browser):
    
        create_service_if_missing(browser)
        page = open_custom_services_page(browser)
        page.select_site_filter(ASSIGNMENT_SITE)
        page.apply_filters()
        page.reset_filters()
    
        names = page.get_visible_service_names()
>       assert SERVICE_NAME in names
E       AssertionError: assert 'VK ACS4' in ['VK discount-dd3724', 'VK discount-dd3724', 'VK taxex-a246d0', 'VK taxex-a246d0', 'VK siteprice-1c3ef8', 'VK siteprice-1c3ef8', 'VK openprice-ffe919', 'VK openprice-ffe919', 'VK receipt-1f980b', 'VK receipt-1f980b', 'VK desc-69e4fc', 'VK desc-69e4fc', 'VK barcode-3dff16', 'VK barcode-3dff16', 'VK discount-9df659', 'VK discount-9df659', 'VK taxex-803dde', 'VK taxex-803dde', 'VK siteprice-1c1dec', 'VK siteprice-1c1dec', 'VK openprice-fff77e', 'VK openprice-fff77e', 'VK receipt-b4e6e9', 'VK receipt-b4e6e9', 'VK desc-6ab1f6', 'VK desc-6ab1f6', 'VK barcode-865734', 'VK barcode-865734', 'VK EDT001-3b32e0', 'VK EDT001-3b32e0']

tests/admin_portal/custom_services/test_custom_services_search_filter.py:160: AssertionError
_____________________ test_grid_displays_expected_columns ______________________

browser = <selenium.webdriver.chrome.webdriver.WebDriver (session="fde88de1c0c5f262d734514fe898e9a4")>

    @allure.title("CS-LST-002 Grid displays service name, category, price, and status columns")
    @pytest.mark.regression
    def test_grid_displays_expected_columns(browser):
    
>       create_service_if_missing(browser)

tests/admin_portal/custom_services/test_custom_services_ui.py:36: 
_ _ _ _ _ _ _ _ _ _ _ _ _ _ _ _ _ _ _ _ _ _ _ _ _ _ _ _ _ _ _ _ _ _ _ _ _ _ _ _ 
tests/admin_portal/custom_services/conftest.py:50: in create_service_if_missing
    page.fill_service_form(
pages/admin_portal/custom_services_page.py:771: in fill_service_form
    self.assign_site_with_price_and_commission(site_name, global_price, global_commission)
pages/admin_portal/custom_services_page.py:622: in assign_site_with_price_and_commission
    price_input.click()
venv/lib/python3.11/site-packages/selenium/webdriver/remote/webelement.py:114: in click
    self._execute(Command.CLICK_ELEMENT)
venv/lib/python3.11/site-packages/selenium/webdriver/remote/webelement.py:508: in _execute
    return self._parent.execute(command, params)
           ^^^^^^^^^^^^^^^^^^^^^^^^^^^^^^^^^^^^^
venv/lib/python3.11/site-packages/selenium/webdriver/remote/webdriver.py:468: in execute
    self.error_handler.check_response(response)
_ _ _ _ _ _ _ _ _ _ _ _ _ _ _ _ _ _ _ _ _ _ _ _ _ _ _ _ _ _ _ _ _ _ _ _ _ _ _ _ 

self = <selenium.webdriver.remote.errorhandler.ErrorHandler object at 0x106c37fd0>
response = {'status': 400, 'value': '{"value":{"error":"element click intercepted","message":"element click intercepted: Element ...000199325c08 _pthread_start + 136\\n20  libsystem_pthread.dylib             0x0000000199320ba8 thread_start + 8\\n"}}'}

    def check_response(self, response: dict[str, Any]) -> None:
        """Check that a JSON response from the WebDriver does not have an error.
    
        Args:
            response: The JSON response from the WebDriver server as a dictionary
                object.
    
        Raises:
            WebDriverException: If the response contains an error message.
        """
        status = response.get("status", None)
        if not status or status == ErrorCode.SUCCESS:
            return
        value = None
        message = response.get("message", "")
        screen: str = response.get("screen", "")
        stacktrace = None
        if isinstance(status, int):
            value_json = response.get("value", None)
            if value_json and isinstance(value_json, str):
                try:
                    value = json.loads(value_json)
                    if isinstance(value, dict):
                        if len(value) == 1:
                            value = value["value"]
                        status = value.get("error", None)
                        if not status:
                            status = value.get("status", ErrorCode.UNKNOWN_ERROR)
                            message = value.get("value") or value.get("message")
                            if not isinstance(message, str):
                                value = message
                                message = message.get("message") if isinstance(message, dict) else None
                        else:
                            message = value.get("message", None)
                except ValueError:
                    pass
    
        exception_class: type[WebDriverException]
        e = ErrorCode()
        error_codes = [item for item in dir(e) if not item.startswith("__")]
        for error_code in error_codes:
            error_info = getattr(ErrorCode, error_code)
            if isinstance(error_info, list) and status in error_info:
                exception_class = getattr(ExceptionMapping, error_code, WebDriverException)
                break
        else:
            exception_class = WebDriverException
    
        if not value:
            value = response["value"]
        if isinstance(value, str):
            raise exception_class(value)
        if message == "" and "message" in value:
            message = value["message"]
    
        screen = None  # type: ignore[assignment]
        if "screen" in value:
            screen = value["screen"]
    
        stacktrace = None
        st_value = value.get("stackTrace") or value.get("stacktrace")
        if st_value:
            if isinstance(st_value, str):
                stacktrace = st_value.split("\n")
            else:
                stacktrace = []
                try:
                    for frame in st_value:
                        line = frame.get("lineNumber", "")
                        file = frame.get("fileName", "<anonymous>")
                        if line:
                            file = f"{file}:{line}"
                        meth = frame.get("methodName", "<anonymous>")
                        if "className" in frame:
                            meth = f"{frame['className']}.{meth}"
                        msg = "    at %s (%s)"
                        msg = msg % (meth, file)
                        stacktrace.append(msg)
                except TypeError:
                    pass
        if exception_class == UnexpectedAlertPresentException:
            alert_text = None
            if "data" in value:
                alert_text = value["data"].get("text")
            elif "alert" in value:
                alert_text = value["alert"].get("text")
            raise exception_class(message, screen, stacktrace, alert_text)
>       raise exception_class(message, screen, stacktrace)
E       selenium.common.exceptions.ElementClickInterceptedException: Message: element click intercepted: Element is not clickable at point (853, 887)
E         (Session info: chrome=150.0.7871.187); For documentation on this error, please visit: https://www.selenium.dev/documentation/webdriver/troubleshooting/errors#elementclickinterceptedexception
E       Stacktrace:
E       0   chromedriver                        0x0000000104a55a84 cxxbridge1$str$ptr + 3195292
E       1   chromedriver                        0x0000000104a4db4c cxxbridge1$str$ptr + 3162724
E       2   chromedriver                        0x00000001044f72a4 _RNvCs9NA52FrZ4pF_7___rustc35___rust_no_alloc_shim_is_unstable_v2 + 73836
E       3   chromedriver                        0x0000000104545154 _RNvCs9NA52FrZ4pF_7___rustc35___rust_no_alloc_shim_is_unstable_v2 + 392988
E       4   chromedriver                        0x00000001045439c0 _RNvCs9NA52FrZ4pF_7___rustc35___rust_no_alloc_shim_is_unstable_v2 + 386952
E       5   chromedriver                        0x0000000104541a6c _RNvCs9NA52FrZ4pF_7___rustc35___rust_no_alloc_shim_is_unstable_v2 + 378932
E       6   chromedriver                        0x0000000104540e14 _RNvCs9NA52FrZ4pF_7___rustc35___rust_no_alloc_shim_is_unstable_v2 + 375772
E       7   chromedriver                        0x0000000104536eac _RNvCs9NA52FrZ4pF_7___rustc35___rust_no_alloc_shim_is_unstable_v2 + 334964
E       8   chromedriver                        0x0000000104536934 _RNvCs9NA52FrZ4pF_7___rustc35___rust_no_alloc_shim_is_unstable_v2 + 333564
E       9   chromedriver                        0x000000010457f030 _RNvCs9NA52FrZ4pF_7___rustc35___rust_no_alloc_shim_is_unstable_v2 + 630264
E       10  chromedriver                        0x0000000104535434 _RNvCs9NA52FrZ4pF_7___rustc35___rust_no_alloc_shim_is_unstable_v2 + 328188
E       11  chromedriver                        0x0000000104a12c40 cxxbridge1$str$ptr + 2921304
E       12  chromedriver                        0x0000000104a163b8 cxxbridge1$str$ptr + 2935504
E       13  chromedriver                        0x00000001049f90f8 cxxbridge1$str$ptr + 2816016
E       14  chromedriver                        0x0000000104a16c4c cxxbridge1$str$ptr + 2937700
E       15  chromedriver                        0x00000001049ea3b0 cxxbridge1$str$ptr + 2755272
E       16  chromedriver                        0x0000000104a3c1f4 cxxbridge1$str$ptr + 3090700
E       17  chromedriver                        0x0000000104a3c354 cxxbridge1$str$ptr + 3091052
E       18  chromedriver                        0x0000000104a4d7a4 cxxbridge1$str$ptr + 3161788
E       19  libsystem_pthread.dylib             0x0000000199325c08 _pthread_start + 136
E       20  libsystem_pthread.dylib             0x0000000199320ba8 thread_start + 8

venv/lib/python3.11/site-packages/selenium/webdriver/remote/errorhandler.py:232: ElementClickInterceptedException
=========================== short test summary info ============================
FAILED tests/admin_portal/custom_services/test_custom_services_category.py::test_service_category_can_be_changed - selenium.common.exceptions.TimeoutException: Message: 
Stacktrace:
0   chromedriver                        0x0000000100f99a84 cxxbridge1$str$ptr + 3195292
1   chromedriver                        0x0000000100f91b4c cxxbridge1$str$ptr + 3162724
2   chromedriver                        0x0000000100a3b2a4 _RNvCs9NA52FrZ4pF_7___rustc35___rust_no_alloc_shim_is_unstable_v2 + 73836
3   chromedriver                        0x0000000100a83a44 _RNvCs9NA52FrZ4pF_7___rustc35___rust_no_alloc_shim_is_unstable_v2 + 370700
4   chromedriver                        0x0000000100ac3030 _RNvCs9NA52FrZ4pF_7___rustc35___rust_no_alloc_shim_is_unstable_v2 + 630264
5   chromedriver                        0x0000000100a79434 _RNvCs9NA52FrZ4pF_7___rustc35___rust_no_alloc_shim_is_unstable_v2 + 328188
6   chromedriver                        0x0000000100f56c40 cxxbridge1$str$ptr + 2921304
7   chromedriver                        0x0000000100f5a3b8 cxxbridge1$str$ptr + 2935504
8   chromedriver                        0x0000000100f3d0f8 cxxbridge1$str$ptr + 2816016
9   chromedriver                        0x0000000100f5ac4c cxxbridge1$str$ptr + 2937700
10  chromedriver                        0x0000000100f2e3b0 cxxbridge1$str$ptr + 2755272
11  chromedriver                        0x0000000100f801f4 cxxbridge1$str$ptr + 3090700
12  chromedriver                        0x0000000100f80354 cxxbridge1$str$ptr + 3091052
13  chromedriver                        0x0000000100f917a4 cxxbridge1$str$ptr + 3161788
14  libsystem_pthread.dylib             0x0000000199325c08 _pthread_start + 136
15  libsystem_pthread.dylib             0x0000000199320ba8 thread_start + 8
FAILED tests/admin_portal/custom_services/test_custom_services_discount.py::test_applicable_discount_persists_after_save - AssertionError: assert False
 +  where False = discount_is_selected('Basic Discount')
 +    where discount_is_selected = <pages.admin_portal.custom_services_page.CustomServicesPage object at 0x105d66a50>.discount_is_selected
FAILED tests/admin_portal/custom_services/test_custom_services_edit.py::test_created_service_persists_after_reload - selenium.common.exceptions.ElementClickInterceptedException: Message: element click intercepted: Element is not clickable at point (853, 887)
  (Session info: chrome=150.0.7871.187); For documentation on this error, please visit: https://www.selenium.dev/documentation/webdriver/troubleshooting/errors#elementclickinterceptedexception
Stacktrace:
0   chromedriver                        0x0000000100a59a84 cxxbridge1$str$ptr + 3195292
1   chromedriver                        0x0000000100a51b4c cxxbridge1$str$ptr + 3162724
2   chromedriver                        0x00000001004fb2a4 _RNvCs9NA52FrZ4pF_7___rustc35___rust_no_alloc_shim_is_unstable_v2 + 73836
3   chromedriver                        0x0000000100549154 _RNvCs9NA52FrZ4pF_7___rustc35___rust_no_alloc_shim_is_unstable_v2 + 392988
4   chromedriver                        0x00000001005479c0 _RNvCs9NA52FrZ4pF_7___rustc35___rust_no_alloc_shim_is_unstable_v2 + 386952
5   chromedriver                        0x0000000100545a6c _RNvCs9NA52FrZ4pF_7___rustc35___rust_no_alloc_shim_is_unstable_v2 + 378932
6   chromedriver                        0x0000000100544e14 _RNvCs9NA52FrZ4pF_7___rustc35___rust_no_alloc_shim_is_unstable_v2 + 375772
7   chromedriver                        0x000000010053aeac _RNvCs9NA52FrZ4pF_7___rustc35___rust_no_alloc_shim_is_unstable_v2 + 334964
8   chromedriver                        0x000000010053a934 _RNvCs9NA52FrZ4pF_7___rustc35___rust_no_alloc_shim_is_unstable_v2 + 333564
9   chromedriver                        0x0000000100583030 _RNvCs9NA52FrZ4pF_7___rustc35___rust_no_alloc_shim_is_unstable_v2 + 630264
10  chromedriver                        0x0000000100539434 _RNvCs9NA52FrZ4pF_7___rustc35___rust_no_alloc_shim_is_unstable_v2 + 328188
11  chromedriver                        0x0000000100a16c40 cxxbridge1$str$ptr + 2921304
12  chromedriver                        0x0000000100a1a3b8 cxxbridge1$str$ptr + 2935504
13  chromedriver                        0x00000001009fd0f8 cxxbridge1$str$ptr + 2816016
14  chromedriver                        0x0000000100a1ac4c cxxbridge1$str$ptr + 2937700
15  chromedriver                        0x00000001009ee3b0 cxxbridge1$str$ptr + 2755272
16  chromedriver                        0x0000000100a401f4 cxxbridge1$str$ptr + 3090700
17  chromedriver                        0x0000000100a40354 cxxbridge1$str$ptr + 3091052
18  chromedriver                        0x0000000100a517a4 cxxbridge1$str$ptr + 3161788
19  libsystem_pthread.dylib             0x0000000199325c08 _pthread_start + 136
20  libsystem_pthread.dylib             0x0000000199320ba8 thread_start + 8
FAILED tests/admin_portal/custom_services/test_custom_services_search_filter.py::test_search_exact_service_name - selenium.common.exceptions.ElementClickInterceptedException: Message: element click intercepted: Element is not clickable at point (853, 887)
  (Session info: chrome=150.0.7871.187); For documentation on this error, please visit: https://www.selenium.dev/documentation/webdriver/troubleshooting/errors#elementclickinterceptedexception
Stacktrace:
0   chromedriver                        0x00000001012b9a84 cxxbridge1$str$ptr + 3195292
1   chromedriver                        0x00000001012b1b4c cxxbridge1$str$ptr + 3162724
2   chromedriver                        0x0000000100d5b2a4 _RNvCs9NA52FrZ4pF_7___rustc35___rust_no_alloc_shim_is_unstable_v2 + 73836
3   chromedriver                        0x0000000100da9154 _RNvCs9NA52FrZ4pF_7___rustc35___rust_no_alloc_shim_is_unstable_v2 + 392988
4   chromedriver                        0x0000000100da79c0 _RNvCs9NA52FrZ4pF_7___rustc35___rust_no_alloc_shim_is_unstable_v2 + 386952
5   chromedriver                        0x0000000100da5a6c _RNvCs9NA52FrZ4pF_7___rustc35___rust_no_alloc_shim_is_unstable_v2 + 378932
6   chromedriver                        0x0000000100da4e14 _RNvCs9NA52FrZ4pF_7___rustc35___rust_no_alloc_shim_is_unstable_v2 + 375772
7   chromedriver                        0x0000000100d9aeac _RNvCs9NA52FrZ4pF_7___rustc35___rust_no_alloc_shim_is_unstable_v2 + 334964
8   chromedriver                        0x0000000100d9a934 _RNvCs9NA52FrZ4pF_7___rustc35___rust_no_alloc_shim_is_unstable_v2 + 333564
9   chromedriver                        0x0000000100de3030 _RNvCs9NA52FrZ4pF_7___rustc35___rust_no_alloc_shim_is_unstable_v2 + 630264
10  chromedriver                        0x0000000100d99434 _RNvCs9NA52FrZ4pF_7___rustc35___rust_no_alloc_shim_is_unstable_v2 + 328188
11  chromedriver                        0x0000000101276c40 cxxbridge1$str$ptr + 2921304
12  chromedriver                        0x000000010127a3b8 cxxbridge1$str$ptr + 2935504
13  chromedriver                        0x000000010125d0f8 cxxbridge1$str$ptr + 2816016
14  chromedriver                        0x000000010127ac4c cxxbridge1$str$ptr + 2937700
15  chromedriver                        0x000000010124e3b0 cxxbridge1$str$ptr + 2755272
16  chromedriver                        0x00000001012a01f4 cxxbridge1$str$ptr + 3090700
17  chromedriver                        0x00000001012a0354 cxxbridge1$str$ptr + 3091052
18  chromedriver                        0x00000001012b17a4 cxxbridge1$str$ptr + 3161788
19  libsystem_pthread.dylib             0x0000000199325c08 _pthread_start + 136
20  libsystem_pthread.dylib             0x0000000199320ba8 thread_start + 8
FAILED tests/admin_portal/custom_services/test_custom_services_search_filter.py::test_active_service_filter_shows_active_only - selenium.common.exceptions.ElementClickInterceptedException: Message: element click intercepted: Element is not clickable at point (853, 887)
  (Session info: chrome=150.0.7871.187); For documentation on this error, please visit: https://www.selenium.dev/documentation/webdriver/troubleshooting/errors#elementclickinterceptedexception
Stacktrace:
0   chromedriver                        0x00000001026eda84 cxxbridge1$str$ptr + 3195292
1   chromedriver                        0x00000001026e5b4c cxxbridge1$str$ptr + 3162724
2   chromedriver                        0x000000010218f2a4 _RNvCs9NA52FrZ4pF_7___rustc35___rust_no_alloc_shim_is_unstable_v2 + 73836
3   chromedriver                        0x00000001021dd154 _RNvCs9NA52FrZ4pF_7___rustc35___rust_no_alloc_shim_is_unstable_v2 + 392988
4   chromedriver                        0x00000001021db9c0 _RNvCs9NA52FrZ4pF_7___rustc35___rust_no_alloc_shim_is_unstable_v2 + 386952
5   chromedriver                        0x00000001021d9a6c _RNvCs9NA52FrZ4pF_7___rustc35___rust_no_alloc_shim_is_unstable_v2 + 378932
6   chromedriver                        0x00000001021d8e14 _RNvCs9NA52FrZ4pF_7___rustc35___rust_no_alloc_shim_is_unstable_v2 + 375772
7   chromedriver                        0x00000001021ceeac _RNvCs9NA52FrZ4pF_7___rustc35___rust_no_alloc_shim_is_unstable_v2 + 334964
8   chromedriver                        0x00000001021ce934 _RNvCs9NA52FrZ4pF_7___rustc35___rust_no_alloc_shim_is_unstable_v2 + 333564
9   chromedriver                        0x0000000102217030 _RNvCs9NA52FrZ4pF_7___rustc35___rust_no_alloc_shim_is_unstable_v2 + 630264
10  chromedriver                        0x00000001021cd434 _RNvCs9NA52FrZ4pF_7___rustc35___rust_no_alloc_shim_is_unstable_v2 + 328188
11  chromedriver                        0x00000001026aac40 cxxbridge1$str$ptr + 2921304
12  chromedriver                        0x00000001026ae3b8 cxxbridge1$str$ptr + 2935504
13  chromedriver                        0x00000001026910f8 cxxbridge1$str$ptr + 2816016
14  chromedriver                        0x00000001026aec4c cxxbridge1$str$ptr + 2937700
15  chromedriver                        0x00000001026823b0 cxxbridge1$str$ptr + 2755272
16  chromedriver                        0x00000001026d41f4 cxxbridge1$str$ptr + 3090700
17  chromedriver                        0x00000001026d4354 cxxbridge1$str$ptr + 3091052
18  chromedriver                        0x00000001026e57a4 cxxbridge1$str$ptr + 3161788
19  libsystem_pthread.dylib             0x0000000199325c08 _pthread_start + 136
20  libsystem_pthread.dylib             0x0000000199320ba8 thread_start + 8
FAILED tests/admin_portal/custom_services/test_custom_services_search_filter.py::test_reset_filters_clears_filters - AssertionError: assert 'VK ACS4' in ['VK discount-dd3724', 'VK discount-dd3724', 'VK taxex-a246d0', 'VK taxex-a246d0', 'VK siteprice-1c3ef8', 'VK siteprice-1c3ef8', 'VK openprice-ffe919', 'VK openprice-ffe919', 'VK receipt-1f980b', 'VK receipt-1f980b', 'VK desc-69e4fc', 'VK desc-69e4fc', 'VK barcode-3dff16', 'VK barcode-3dff16', 'VK discount-9df659', 'VK discount-9df659', 'VK taxex-803dde', 'VK taxex-803dde', 'VK siteprice-1c1dec', 'VK siteprice-1c1dec', 'VK openprice-fff77e', 'VK openprice-fff77e', 'VK receipt-b4e6e9', 'VK receipt-b4e6e9', 'VK desc-6ab1f6', 'VK desc-6ab1f6', 'VK barcode-865734', 'VK barcode-865734', 'VK EDT001-3b32e0', 'VK EDT001-3b32e0']
FAILED tests/admin_portal/custom_services/test_custom_services_ui.py::test_grid_displays_expected_columns - selenium.common.exceptions.ElementClickInterceptedException: Message: element click intercepted: Element is not clickable at point (853, 887)
  (Session info: chrome=150.0.7871.187); For documentation on this error, please visit: https://www.selenium.dev/documentation/webdriver/troubleshooting/errors#elementclickinterceptedexception
Stacktrace:
0   chromedriver                        0x0000000104a55a84 cxxbridge1$str$ptr + 3195292
1   chromedriver                        0x0000000104a4db4c cxxbridge1$str$ptr + 3162724
2   chromedriver                        0x00000001044f72a4 _RNvCs9NA52FrZ4pF_7___rustc35___rust_no_alloc_shim_is_unstable_v2 + 73836
3   chromedriver                        0x0000000104545154 _RNvCs9NA52FrZ4pF_7___rustc35___rust_no_alloc_shim_is_unstable_v2 + 392988
4   chromedriver                        0x00000001045439c0 _RNvCs9NA52FrZ4pF_7___rustc35___rust_no_alloc_shim_is_unstable_v2 + 386952
5   chromedriver                        0x0000000104541a6c _RNvCs9NA52FrZ4pF_7___rustc35___rust_no_alloc_shim_is_unstable_v2 + 378932
6   chromedriver                        0x0000000104540e14 _RNvCs9NA52FrZ4pF_7___rustc35___rust_no_alloc_shim_is_unstable_v2 + 375772
7   chromedriver                        0x0000000104536eac _RNvCs9NA52FrZ4pF_7___rustc35___rust_no_alloc_shim_is_unstable_v2 + 334964
8   chromedriver                        0x0000000104536934 _RNvCs9NA52FrZ4pF_7___rustc35___rust_no_alloc_shim_is_unstable_v2 + 333564
9   chromedriver                        0x000000010457f030 _RNvCs9NA52FrZ4pF_7___rustc35___rust_no_alloc_shim_is_unstable_v2 + 630264
10  chromedriver                        0x0000000104535434 _RNvCs9NA52FrZ4pF_7___rustc35___rust_no_alloc_shim_is_unstable_v2 + 328188
11  chromedriver                        0x0000000104a12c40 cxxbridge1$str$ptr + 2921304
12  chromedriver                        0x0000000104a163b8 cxxbridge1$str$ptr + 2935504
13  chromedriver                        0x00000001049f90f8 cxxbridge1$str$ptr + 2816016
14  chromedriver                        0x0000000104a16c4c cxxbridge1$str$ptr + 2937700
15  chromedriver                        0x00000001049ea3b0 cxxbridge1$str$ptr + 2755272
16  chromedriver                        0x0000000104a3c1f4 cxxbridge1$str$ptr + 3090700
17  chromedriver                        0x0000000104a3c354 cxxbridge1$str$ptr + 3091052
18  chromedriver                        0x0000000104a4d7a4 cxxbridge1$str$ptr + 3161788
19  libsystem_pthread.dylib             0x0000000199325c08 _pthread_start + 136
20  libsystem_pthread.dylib             0x0000000199320ba8 thread_start + 8
ERROR tests/admin_portal/custom_services/test_custom_services_discount.py::test_remove_applicable_discount_persists - selenium.common.exceptions.ElementClickInterceptedException: Message: element click intercepted: Element is not clickable at point (853, 887)
  (Session info: chrome=150.0.7871.187); For documentation on this error, please visit: https://www.selenium.dev/documentation/webdriver/troubleshooting/errors#elementclickinterceptedexception
Stacktrace:
0   chromedriver                        0x0000000104b69a84 cxxbridge1$str$ptr + 3195292
1   chromedriver                        0x0000000104b61b4c cxxbridge1$str$ptr + 3162724
2   chromedriver                        0x000000010460b2a4 _RNvCs9NA52FrZ4pF_7___rustc35___rust_no_alloc_shim_is_unstable_v2 + 73836
3   chromedriver                        0x0000000104659154 _RNvCs9NA52FrZ4pF_7___rustc35___rust_no_alloc_shim_is_unstable_v2 + 392988
4   chromedriver                        0x00000001046579c0 _RNvCs9NA52FrZ4pF_7___rustc35___rust_no_alloc_shim_is_unstable_v2 + 386952
5   chromedriver                        0x0000000104655a6c _RNvCs9NA52FrZ4pF_7___rustc35___rust_no_alloc_shim_is_unstable_v2 + 378932
6   chromedriver                        0x0000000104654e14 _RNvCs9NA52FrZ4pF_7___rustc35___rust_no_alloc_shim_is_unstable_v2 + 375772
7   chromedriver                        0x000000010464aeac _RNvCs9NA52FrZ4pF_7___rustc35___rust_no_alloc_shim_is_unstable_v2 + 334964
8   chromedriver                        0x000000010464a934 _RNvCs9NA52FrZ4pF_7___rustc35___rust_no_alloc_shim_is_unstable_v2 + 333564
9   chromedriver                        0x0000000104693030 _RNvCs9NA52FrZ4pF_7___rustc35___rust_no_alloc_shim_is_unstable_v2 + 630264
10  chromedriver                        0x0000000104649434 _RNvCs9NA52FrZ4pF_7___rustc35___rust_no_alloc_shim_is_unstable_v2 + 328188
11  chromedriver                        0x0000000104b26c40 cxxbridge1$str$ptr + 2921304
12  chromedriver                        0x0000000104b2a3b8 cxxbridge1$str$ptr + 2935504
13  chromedriver                        0x0000000104b0d0f8 cxxbridge1$str$ptr + 2816016
14  chromedriver                        0x0000000104b2ac4c cxxbridge1$str$ptr + 2937700
15  chromedriver                        0x0000000104afe3b0 cxxbridge1$str$ptr + 2755272
16  chromedriver                        0x0000000104b501f4 cxxbridge1$str$ptr + 3090700
17  chromedriver                        0x0000000104b50354 cxxbridge1$str$ptr + 3091052
18  chromedriver                        0x0000000104b617a4 cxxbridge1$str$ptr + 3161788
19  libsystem_pthread.dylib             0x0000000199325c08 _pthread_start + 136
20  libsystem_pthread.dylib             0x0000000199320ba8 thread_start + 8
ERROR tests/admin_portal/custom_services/test_custom_services_edit.py::test_edit_site_price_override_persists - selenium.common.exceptions.ElementClickInterceptedException: Message: element click intercepted: Element is not clickable at point (853, 887)
  (Session info: chrome=150.0.7871.187); For documentation on this error, please visit: https://www.selenium.dev/documentation/webdriver/troubleshooting/errors#elementclickinterceptedexception
Stacktrace:
0   chromedriver                        0x0000000103289a84 cxxbridge1$str$ptr + 3195292
1   chromedriver                        0x0000000103281b4c cxxbridge1$str$ptr + 3162724
2   chromedriver                        0x0000000102d2b2a4 _RNvCs9NA52FrZ4pF_7___rustc35___rust_no_alloc_shim_is_unstable_v2 + 73836
3   chromedriver                        0x0000000102d79154 _RNvCs9NA52FrZ4pF_7___rustc35___rust_no_alloc_shim_is_unstable_v2 + 392988
4   chromedriver                        0x0000000102d779c0 _RNvCs9NA52FrZ4pF_7___rustc35___rust_no_alloc_shim_is_unstable_v2 + 386952
5   chromedriver                        0x0000000102d75a6c _RNvCs9NA52FrZ4pF_7___rustc35___rust_no_alloc_shim_is_unstable_v2 + 378932
6   chromedriver                        0x0000000102d74e14 _RNvCs9NA52FrZ4pF_7___rustc35___rust_no_alloc_shim_is_unstable_v2 + 375772
7   chromedriver                        0x0000000102d6aeac _RNvCs9NA52FrZ4pF_7___rustc35___rust_no_alloc_shim_is_unstable_v2 + 334964
8   chromedriver                        0x0000000102d6a934 _RNvCs9NA52FrZ4pF_7___rustc35___rust_no_alloc_shim_is_unstable_v2 + 333564
9   chromedriver                        0x0000000102db3030 _RNvCs9NA52FrZ4pF_7___rustc35___rust_no_alloc_shim_is_unstable_v2 + 630264
10  chromedriver                        0x0000000102d69434 _RNvCs9NA52FrZ4pF_7___rustc35___rust_no_alloc_shim_is_unstable_v2 + 328188
11  chromedriver                        0x0000000103246c40 cxxbridge1$str$ptr + 2921304
12  chromedriver                        0x000000010324a3b8 cxxbridge1$str$ptr + 2935504
13  chromedriver                        0x000000010322d0f8 cxxbridge1$str$ptr + 2816016
14  chromedriver                        0x000000010324ac4c cxxbridge1$str$ptr + 2937700
15  chromedriver                        0x000000010321e3b0 cxxbridge1$str$ptr + 2755272
16  chromedriver                        0x00000001032701f4 cxxbridge1$str$ptr + 3090700
17  chromedriver                        0x0000000103270354 cxxbridge1$str$ptr + 3091052
18  chromedriver                        0x00000001032817a4 cxxbridge1$str$ptr + 3161788
19  libsystem_pthread.dylib             0x0000000199325c08 _pthread_start + 136
20  libsystem_pthread.dylib             0x0000000199320ba8 thread_start + 8
= 7 failed, 156 passed, 41 skipped, 6 xfailed, 1 xpassed, 2 errors in 7359.58s (2:02:39) =
